6,1,[785]
8,4,[8, 137, 167, 217]
9,2,[1423, 2579]
10,2772,[391, 423, 431, 449, 563, 676, 766, 1014, 1024, 1086, 1526, 1535, 1687, 1694, 2268, 2675, 2707, 2723, 2762, 2799, 2836, 2875, 2914, 2954, 3006, 3073, 3109, 3123, 3158, 3188, 3769, 3790, 3802, 3944, 3973, 3978, 3990, 4061, 4074, 4129, 4158, 4193, 4228, 4243, 4272, 4329, 4373, 4955, 5039, 5117, 5140, 5182, 5355, 5420, 5456, 5508, 5555, 6084, 6812, 6972, 7003, 7193, 7288, 8612, 8619, 8700, 8923, 9674, 10279, 10513, 11023, 11912, 12234, 12238, 12244, 12293, 12530, 13044, 13522, 13708, 13826, 13847, 14215, 14219, 15116, 15134, 15384, 15548, 16007, 16630, 16653, 17940, 17950, 18129, 18136, 18340, 18526, 20462, 20475, 20503, 20507, 20653, 20869, 21067, 21119, 21127, 21152, 21179, 21478, 21526, 21554, 21645, 21700, 21713, 21765, 21786, 21805, 21813, 21835, 21873, 21925, 21988, 22001, 22041, 22442, 22908, 23671, 24203, 24242, 24385, 24403, 24410, 24466, 25155, 25679, 25722, 25785, 26422, 26583, 27033, 27037, 27427, 27487, 27497, 28168, 28935, 28981, 29056, 29074, 29097, 29103, 29142, 29165, 29174, 29178, 29191, 29284, 30270, 30384, 31075, 31334, 31363, 31789, 31909, 31932, 32047, 34380, 34421, 34519, 34700, 34972, 35004, 35047, 35689, 35705, 35708, 35803, 36241, 37213, 37340, 37345, 37392, 37600, 37650, 37739, 37836, 37841, 39257, 39355, 39393, 40394, 40413, 40700, 40719, 40915, 41112, 41123, 41441, 41479, 41547, 42677, 42711, 43431, 43449, 43454, 43785, 44519, 44977, 45532, 45852, 46623, 46629, 49549, 52189, 52504, 52509, 52520, 52526, 52741, 53583, 54281, 54787, 54873, 55262, 55330, 55451, 55654, 55674, 55680, 55793, 55839, 56020, 56093, 56102, 56132, 56174, 56238, 56281, 56339, 56457, 56586, 56594, 56608, 56617, 56622, 56642, 56676, 56699, 56717, 56727, 56749, 56794, 56824, 56936, 56999, 57340, 57349, 58602, 63449, 64479, 64626, 68106, 71178, 71200, 71237, 71911, 77059, 78043, 78189, 78294, 78300, 78307, 78329, 78349, 78355, 78362, 78395, 78401, 78408, 78442, 78448, 78455, 78488, 78494, 78501, 78534, 78540, 78547, 78584, 78590, 78597, 78628, 78634, 78641, 78674, 78680, 78687, 78720, 78726, 78733, 78766, 78772, 78779, 78813, 78819, 78826, 78838, 78860, 78864, 78881, 78890, 78892, 78912, 79152, 79155, 79190, 79193, 79221, 79224, 79234, 79239, 79288, 79291, 79325, 79328, 79357, 79360, 79372, 79377, 79459, 79462, 79491, 79494, 79523, 79526, 79536, 79541, 79587, 79590, 79624, 79627, 79656, 79659, 79670, 79675, 79696, 79708, 79715, 79730, 79815, 80083, 80158, 80175, 80178, 80304, 80418, 80432, 80559, 80583, 80675, 80678, 80793, 80799, 80831, 81710, 81715, 81723, 81726, 81757, 81798, 81808, 81820, 81849, 81891, 81897, 81906, 81929, 81982, 81985, 81999, 82014, 83042, 83437, 83443, 83447, 83670, 84858, 84888, 84923, 85445, 85589, 85671, 85675, 85925, 86084, 86662, 86879, 87506, 87509, 87574, 87617, 87623, 87634, 87788, 87898, 88109, 88116, 88350, 88623, 88629, 88699, 88746, 89244, 89441, 90109, 90236, 91183, 91298, 91304, 91520, 92594, 93145, 94604, 94725, 95192, 95361, 95635, 96103, 96408, 96883, 96914, 96982, 97283, 97286, 97316, 97467, 97478, 97495, 97515, 97534, 97578, 97618, 97632, 97708, 97724, 97778, 97831, 97857, 97860, 97897, 97900, 97960, 97964, 98009, 98012, 98021, 98079, 98115, 98222, 98225, 98239, 98260, 100744, 100814, 101431, 101447, 101464, 101583, 102758, 103051, 104910, 104919, 105865, 106189, 106261, 106279, 106308, 106317, 106912, 108280, 108651, 108671, 108795, 109341, 109906, 110197, 110204, 111068, 111656, 112042, 112434, 120792, 121487, 121505, 124191, 124344, 124353, 124767, 126369, 126519, 127050, 127094, 127652, 128399, 129064, 129139, 129149, 129218, 129540, 129970, 129983, 130037, 130078, 130090, 130234, 130251, 130384, 130508, 130520, 130623, 130639, 130675, 130687, 130705, 130774, 130798, 130805, 130835, 130842, 130893, 130923, 131768, 132247, 132960, 133074, 133089, 133104, 133105, 133117, 133288, 133343, 133352, 133379, 133667, 133679, 133894, 133968, 134044, 134069, 134255, 134366, 134392, 134607, 134629, 134842, 135013, 135091, 135147, 135207, 135271, 135323, 135342, 135383, 135515, 135597, 135752, 136920, 136944, 137130, 137270, 137498, 137504, 137670, 137767, 137903, 138094, 138613, 138634, 138744, 138841, 138935, 139033, 139532, 139593, 139725, 139775, 139927, 140157, 140349, 140862, 140994, 141148, 141295, 141400, 141529, 141635, 141641, 141657, 141667, 141677, 142031, 142643, 143705, 145174, 145237, 145326, 145619, 145945, 146081, 146097, 146556, 146982, 147162, 147181, 147201, 147227, 147289, 147621, 148375, 148570, 148586, 148769, 148922, 148948, 149141, 149173, 149459, 149584, 149597, 149777, 149787, 149798, 149866, 149945, 150000, 150873, 150993, 151027, 151063, 151143, 151209, 151252, 151317, 151331, 151359, 151742, 151925, 152031, 152764, 153014, 153111, 153856, 154845, 155035, 155180, 155212, 155279, 155307, 155693, 155765, 155769, 155872, 155880, 155943, 156038, 156298, 156395, 156424, 156625, 156677, 156789, 156799, 156805, 156908, 156941, 157037, 157372, 157387, 157472, 157531, 157665, 157869, 158029, 158203, 158289, 158309, 158320, 158342, 158353, 158670, 158821, 158961, 159034, 159078, 159090, 159342, 159347, 159443, 160041, 160186, 161623, 161926, 162569, 162580, 162732, 163105, 163884, 163954, 164023, 164137, 164230, 164364, 164538, 164793, 165150, 165221, 165591, 165609, 165694, 165740, 165773, 165877, 166365, 166411, 166428, 166683, 166825, 166901, 166904, 166978, 167037, 167453, 167480, 167978, 168023, 168083, 168088, 168847, 168856, 168924, 168971, 168976, 169038, 169097, 169231, 169249, 169393, 169470, 169473, 169774, 169839, 169859, 169920, 169949, 169976, 170025, 170074, 170132, 170162, 170228, 170511, 170694, 170706, 171737, 172163, 172183, 172385, 172440, 172544, 172666, 172858, 174165, 174635, 175072, 176006, 176317, 176412, 176431, 176568, 177163, 177433, 178112, 178140, 178266, 178282, 178469, 178474, 178482, 178487, 178491, 178501, 179188, 179263, 179600, 180031, 180171, 181067, 181312, 181341, 181380, 181389, 181407, 181514, 181525, 181542, 181701, 181835, 181863, 182019, 182024, 182030, 182035, 182040, 182045, 182050, 182055, 182063, 182071, 182076, 182081, 182086, 182098, 182241, 182250, 182267, 182678, 182710, 182914, 182924, 182928, 182933, 183054, 183095, 183398, 183567, 183798, 183854, 184201, 184291, 184500, 184557, 184704, 184710, 184719, 184753, 185356, 185369, 185613, 187000, 187200, 187224, 187544, 187701, 187792, 187901, 187924, 187953, 187970, 188052, 188058, 188492, 188646, 188784, 189572, 190063, 190068, 190341, 191301, 191559, 191710, 191775, 191846, 192010, 192054, 192576, 192790, 193536, 193576, 193757, 193779, 193960, 194953, 195143, 195438, 195883, 195983, 196088, 196282, 196314, 196377, 196561, 196619, 196841, 196968, 197197, 197352, 197401, 197438, 197469, 197521, 198144, 198153, 198202, 198855, 198870, 199542, 200322, 200528, 200531, 200800, 200932, 202272, 202318, 202576, 202613, 202842, 203032, 203109, 203214, 203508, 203542, 203612, 204160, 204173, 204291, 204300, 204349, 204358, 204367, 204514, 204531, 204573, 204634, 204680, 204825, 204859, 204875, 204881, 204910, 205002, 205014, 205061, 205122, 205130, 205134, 205153, 205179, 205215, 205227, 205235, 205270, 205275, 205286, 205315, 205452, 205469, 205497, 205542, 205569, 205802, 205823, 205827, 205908, 205919, 205967, 206927, 207979, 207989, 207997, 208008, 208033, 208053, 208059, 208487, 208631, 208675, 208686, 208690, 209562, 209909, 210080, 210120, 210448, 210666, 211759, 211899, 212194, 212304, 212743, 212826, 213616, 213628, 213747, 213854, 213966, 214035, 216335, 216716, 216917, 217010, 217013, 217138, 217761, 217825, 219285, 219371, 220085, 220153, 220246, 220263, 220430, 220616, 221026, 221185, 221194, 221537, 222294, 222361, 222557, 223682, 223711, 224147, 224221, 224424, 225599, 226524, 226619, 227245, 227249, 227457, 227665, 227696, 228086, 228393, 229126, 229321, 229604, 230020, 230290, 230311, 230745, 231295, 231404, 231566, 231745, 232536, 232835, 233687, 233812, 234037, 234041, 234046, 234280, 235142, 236176, 236217, 236337, 236382, 236393, 236486, 236538, 236542, 236650, 236753, 236790, 236885, 236904, 237660, 237853, 237887, 237991, 238010, 238054, 238115, 238236, 238241, 238265, 238445, 238468, 238527, 238745, 238798, 239163, 239221, 239257, 239304, 239369, 239526, 239559, 239569, 239645, 239733, 239841, 239942, 239947, 239993, 240015, 240052, 240117, 240162, 240239, 240286, 240346, 240354, 240488, 240521, 240593, 240604, 240614, 240659, 240682, 240766, 240776, 240792, 240801, 240864, 240934, 240991, 241059, 241113, 241153, 241215, 241286, 241326, 241355, 241362, 241370, 241457, 241724, 242106, 242134, 242319, 242328, 242334, 242383, 242532, 242624, 242648, 242705, 242735, 242784, 242809, 242853, 242949, 243051, 243061, 243085, 243131, 243228, 243403, 243427, 243463, 243529, 243551, 243585, 243697, 243785, 243844, 243854, 243869, 243892, 243898, 243908, 243925, 244043, 244194, 244217, 244244, 244264, 244302, 244307, 244313, 244351, 244365, 244368, 244385, 244390, 244441, 244499, 244511, 244532, 244536, 244548, 244639, 244697, 244829, 244842, 245115, 245285, 245600, 245815, 245824, 245956, 245962, 246003, 246212, 246225, 246231, 246261, 246288, 246330, 246398, 246411, 246425, 246432, 246453, 246546, 246555, 246573, 247125, 247582, 247643, 247677, 248113, 248470, 248473, 248511, 249265, 249459, 249482, 249614, 249623, 249740, 249742, 249847, 249872, 249897, 249912, 249999, 250086, 250110, 250169, 250214, 250245, 250363, 250649, 250974, 251024, 251509, 251535, 251547, 251554, 251588, 251614, 251624, 251633, 251656, 251716, 251724, 251739, 251753, 251826, 251841, 251910, 252116, 252130, 252138, 252158, 252176, 252318, 252350, 252412, 252454, 252614, 252638, 252676, 252685, 252727, 252737, 252747, 252757, 252767, 252777, 252787, 252797, 252807, 252817, 252827, 252837, 252847, 252857, 252867, 252877, 252887, 252897, 252907, 252919, 252931, 252943, 252955, 252976, 253002, 253038, 253050, 253065, 253090, 253142, 253146, 253233, 253304, 253315, 253373, 253458, 253482, 253524, 253529, 253543, 253617, 253638, 253679, 253703, 253749, 253768, 253790, 253812, 253833, 253854, 253875, 253897, 253917, 254007, 254144, 254175, 254209, 255191, 255361, 256654, 256670, 256940, 257016, 257178, 257223, 257400, 257417, 257441, 257526, 257611, 257735, 257755, 257838, 257848, 257891, 257902, 257904, 257916, 257963, 259928, 259945, 259952, 259986, 260001, 260552, 260688, 260697, 260744, 260755, 260759, 260996, 261153, 261193, 261476, 261637, 261925, 261963, 262246, 262623, 262719, 263013, 263120, 263130, 263140, 263300, 263584, 263833, 264232, 264297, 265110, 266095, 266101, 266152, 266201, 266370, 266471, 266475, 266520, 266804, 266861, 267069, 267112, 267290, 267570, 267577, 267608, 267763, 268361, 268672, 269105, 269468, 269830, 269962, 270515, 270771, 270786, 271004, 271888, 271967, 271995, 272005, 272016, 272052, 272066, 272309, 272472, 272507, 272551, 272556, 272652, 272857, 273077, 273240, 273293, 273408, 273421, 273435, 273546, 273724, 273805, 273964, 273993, 275122, 275370, 275401, 275407, 275421, 275976, 276015, 276084, 276206, 276217, 276410, 276439, 276508, 276559, 277279, 277559, 277669, 277685, 278257, 278265, 278289, 278340, 278345, 278349, 278401, 278411, 278423, 278538, 278660, 278776, 278927, 279630, 279664, 279770, 279862, 279988, 280107, 280626, 280631, 280657, 281426, 281758, 282123, 282191, 282295, 282450, 283092, 283130, 283170, 283487, 283680, 284120, 284127, 285268, 285278, 285512, 285699, 285722, 285740, 285854, 286067, 286113, 286121, 286157, 286586, 286592, 286629, 286695, 286772, 286778, 287361, 287369, 287394, 287444, 287452, 287503, 287658, 287760, 288046, 288054, 288185, 288267, 288704, 288969, 288982, 289417, 289448, 290102, 290204, 290351, 290369, 290383, 290401, 290430, 290590, 290636, 290671, 290701, 290759, 290779, 290833, 290843, 291259, 291340, 291641, 291716, 292273, 292284, 292304, 292324, 292973, 292995, 293047, 293130, 293221, 293364, 293423, 293464, 293503, 293512, 293540, 293624, 293781, 293810, 293846, 294793, 295166, 295701, 295808, 296222, 296331, 296362, 296420, 296488, 296948, 297025, 297240, 297259, 297384, 298251, 298810, 299039, 299049, 299886, 299953, 302128, 302818, 303075, 303080, 303085, 303607, 304184, 305596, 305881, 305921, 306212, 306235, 306267, 306271, 306279, 306789, 306880, 307105, 307250, 307571, 308190, 309884, 311082, 313266, 313311, 313336, 313758, 313924, 313942, 313982, 314041, 314048, 314078, 314130, 314331, 314338, 315140, 315146, 317468, 317723, 317728, 318153, 319602, 320910, 321131, 321362, 321373, 321919, 322508, 322552, 322584, 322923, 322964, 322975, 322980, 325509, 325631, 326952, 328121, 328126, 328593, 328603, 328712, 328746, 329009, 329089, 329565, 329574, 329788, 331895, 335182, 336024, 336039, 336080, 336133, 336153, 338843, 341202, 343025, 343029, 344721, 347784, 347791, 347799, 347894, 357197, 357239, 358029, 359101, 359625, 361200, 362202, 362611, 365188, 365359, 366289, 367621, 369074, 373842, 373907, 374232, 375551, 375559, 376990, 378889, 379016, 379232, 379236, 379241, 379468, 380929, 381054, 381997, 383905, 383915, 386355, 386904, 387006, 391226, 392745, 395156, 395170, 395547, 396362, 396372, 397806, 397816, 398065, 399535, 400914, 400934, 401826, 404201, 405594, 405654, 406712, 406777, 408142, 409675, 409720, 410783, 410802, 411067, 411433, 414055, 414107, 414145, 414326, 415579, 415763, 415872, 416032, 416355, 416541, 417842, 417850, 417917, 418029, 418041, 418080, 418194, 418204, 418240, 418270, 418424, 418459, 418470, 418585, 418591, 418660, 418673, 418725, 418771, 418786, 418791, 418843, 418906, 419133, 419328, 419663, 420423, 422860, 424008, 424563, 426624, 426785, 426859, 426961, 427039, 427045, 427058, 427101, 427107, 427131, 427233, 427298, 428083, 428131, 429439, 429469, 429474, 429479, 429546, 429944, 430087, 430203, 430248, 430299, 430305, 430312, 430433, 430458, 430462, 430467, 430489, 430496, 430511, 430539, 430546, 430587, 430726, 433216, 433983, 434276, 434308, 434433, 434718, 434775, 434823, 434873, 434915, 437098, 437136, 437180, 437221, 438680, 438746, 439174, 440690, 440970, 441299, 441310, 442836, 443421, 443439, 443455, 443465, 443474, 443501, 443528, 444396, 446326, 446334, 446336, 446347, 446359, 446370, 446394, 446403, 446446, 446475, 446480, 446528, 446581, 446608, 446618, 446647, 446651, 447962, 448890, 448962, 448971, 449002, 449213, 449289, 450093, 450137, 451217, 451233, 452698, 452990, 453207, 453215, 455484, 455537, 455547, 455602, 455666, 455671, 455691, 455699, 455710, 455722, 455789, 455805, 455835, 455856, 455910, 455935, 455942, 456014, 456037, 456051, 456059, 456099, 456105, 456128, 456136, 456194, 456202, 456225, 456241, 456275, 456288, 456293, 456316, 456353, 456374, 456537, 456588, 456683, 456777, 456809, 456832, 457003, 457087, 457102, 457142, 457188, 457200, 457207, 457218, 457299, 457344, 457349, 457364, 457420, 457431, 457455, 457487, 457501, 457517, 457810, 460630, 460642, 460791, 460804, 460815, 460832, 460869, 462349, 462676, 463498, 463707, 464026, 464453, 464472, 464486, 464668, 464957, 465002, 465293, 465671, 465876, 465963, 466059, 466161, 467159, 467503, 467618, 467639, 467651, 467666, 467731, 467775, 467934, 467956, 468265, 469721, 469754, 469807, 469939, 472556, 472839, 473269, 474089, 474385, 475229, 475448, 475452, 478747, 478789, 478887, 481085, 481575, 481590, 481720, 481990, 482850, 485891, 485900, 485916, 485937, 487077, 489389, 489397, 489414, 489790, 489796, 491178, 491184, 491553, 492002, 492113, 492845, 496316, 496323, 496793, 496852, 496951, 497189, 497383, 497723, 497827, 497837, 497844, 498023, 499875, 500172, 500188, 500459, 501009, 501090, 501106, 501200, 502264, 502283, 502485, 502531, 502556, 502857, 503427, 503500, 504461, 504513, 504858, 504875, 504966, 505056, 505067, 505084, 505117, 505134, 505145, 505310, 505602, 505752, 505771, 505882, 506450, 506577, 506754, 506760, 506941, 506947, 506954, 507459, 507759, 507771, 507795, 508023, 508297, 508594, 508778, 509049, 509718, 509814, 509816, 510091, 510218, 510235, 510313, 511440, 511669, 511681, 511686, 511927, 511931, 511935, 512035, 513041, 513111, 513425, 513556, 513696, 513947, 514296, 514601, 514679, 514777, 514908, 514943, 514955, 514970, 515367, 515387, 515392, 515439, 515604, 515796, 515839, 515883, 515963, 516009, 516073, 516078, 516095, 516137, 516332, 516530, 516602, 516851, 516884, 517615, 518043, 518056, 518099, 518424, 518429, 518483, 518941, 518987, 519039, 519091, 519274, 519633, 519694, 519857, 519877, 519983, 520011, 520051, 520075, 520101, 520111, 520729, 520762, 520917, 520935, 521543, 521580, 521643, 521752, 522074, 522254, 522260, 522813, 522856, 522966, 522978, 522984, 523621, 524276, 524417, 524858, 525353, 525664, 525790, 525983, 526216, 526302, 526517, 527377, 527512, 527597, 527761, 527820, 527831, 528081, 528149, 528175, 528219, 528477, 528858, 529122, 529422, 529426, 529458, 529491, 529574, 529647, 529689, 529721, 529890, 530157, 530169, 530533, 530543, 530652, 531113, 531434, 531437, 531513, 531556, 531582, 531637, 531717, 531931, 531936, 532036, 532080, 532101, 532239, 532247, 532434, 532442, 532753, 532774, 532910, 533038, 533045, 533858, 534044, 534082, 534138, 534449, 534682, 534726, 534730, 535120, 535125, 535303, 535368, 535409, 535422, 535456, 535477, 535538, 535634, 535832, 536006, 536123, 536176, 536197, 536418, 536438, 536441, 536448, 536562, 536672, 538361, 538841, 538886, 539996, 540024, 540059, 540313, 540326, 540792, 541009, 541155, 542191, 542233, 542554, 542560, 542710, 542762, 542798, 542833, 542998, 543313, 543753, 544440, 544454, 544739, 545267, 546254, 546867, 546943, 547005, 547066, 547390, 547415, 547514, 547521, 547672, 547835, 547848, 547959, 548113, 548305, 548318, 548406, 548503, 548622, 548634, 548664, 548781, 548831, 548848, 548878, 548988, 549106, 549145, 549273, 549458, 549460, 549513, 550011, 550712, 550787, 551088, 551626, 552521, 552723, 552865, 552877, 553028, 553081, 553098, 553191, 553820, 553841, 554055, 554066, 555252, 555342, 555389, 555831, 556240, 556347, 556364, 556480, 557001, 557365, 557457, 557878, 557976, 558188, 558262, 558330, 558879, 559505, 560285, 560762, 561174, 562131, 562238, 562544, 562914, 563072, 563583, 563588, 563620, 563737, 563874, 563974, 564027, 564033, 564045, 564090, 564545, 564692, 564763, 564986, 565010, 565028, 565048, 565070, 565084, 565109, 565157, 565161, 565611, 565701, 565708, 565741, 565749, 565973, 566424, 566430, 566560, 566819, 566852, 566914, 566919, 566940, 566995, 567008, 567292, 567303, 567325, 567380, 567387, 567400, 567409, 567476, 567718, 567792, 567822, 567895, 567939, 568066, 568110, 568520, 568763, 569244, 569391, 569438, 569491, 569502, 569504, 569589, 569615, 569622, 569642, 569664, 570081, 570151, 570263, 570500, 570517, 570569, 570620, 570720, 570734, 571191, 571280, 571305, 571345, 571476, 571704, 571823, 571893, 571913, 572041, 572050, 572199, 572228, 572236, 572365, 572472, 572629, 572722, 572796, 573000, 573088, 573813, 573878, 573888, 573957, 573967, 574028, 574146, 574547, 574666, 574670, 574806, 575179, 575231, 575403, 575423, 575449, 575456, 575459, 575481, 575492, 575583, 575640, 575876, 575883, 575889, 575988, 576113, 576374, 576397, 576406, 576443, 576592, 576923, 576943, 577029, 577123, 577470, 577510, 577542, 577570, 577631, 577681, 577809, 577967, 578025, 578062, 578381, 578389, 578472, 578545, 578567, 578880, 578959, 579058, 579109, 579285, 579305, 579439, 579526, 579532, 579631, 579798, 579957, 580019, 580026, 580079, 580575, 580643, 580754, 581393, 582081, 582498, 582561, 582885, 582916, 583020, 583058, 583153, 583276, 583432, 583491, 583616, 583628, 583676, 583678, 583810, 583942, 583999, 584015, 584068, 584146, 584314, 584828, 585559, 585991, 586280, 586467, 586504, 586526, 586528, 586731, 586805, 586810, 587037, 587096, 587100, 587262, 587269, 587292, 588305, 588690, 588822, 589357, 589571, 589581, 590904, 590907, 591537, 591976, 592062, 592681, 593179, 593432, 593792, 594100, 594241, 595224, 595473, 595484, 595535, 595542, 595558, 595596, 595606, 596050, 596529, 596538, 596754, 596757, 596762, 596765, 596785, 596790, 598016, 599215, 600007, 600419, 600634, 601102, 601111, 601116, 601119, 601184, 601192, 601200, 601304, 601419, 602673, 603119, 603134, 603346, 603823, 603889, 603944, 604012, 604139, 604148, 604593, 604736, 604850, 604852, 604881, 605419, 606107, 606293, 606344, 606364, 606468, 606496, 606566, 606572, 607535, 609267, 609365, 609720, 609832, 610146, 610168, 610241, 611540, 611564, 611664, 611669, 611693, 611743, 611756, 611773, 612056, 612124, 613588, 617404, 617800, 618526, 618665, 618927, 619307, 619464, 619474, 619926, 620083, 620122, 620127, 620289, 620628, 620701, 620845, 621598, 621606, 621620, 621739, 621749, 621978, 621988, 622154, 622250, 622260, 622333, 622354, 622379, 622382, 622385, 622387, 624874, 625556, 625828, 625860, 626049, 626112, 626115, 626485, 626506, 627433, 627471, 627531, 627538, 627922, 628055, 628103, 628121, 628977, 629000, 629400, 630904, 631232, 631697, 631706, 633044, 633104, 633141, 633176, 633225, 633322, 633697, 633921, 633963, 633993, 634054, 634221, 634225, 634242, 634249, 634256, 634263, 634270, 634277, 634284, 634291, 634298, 634305, 634312, 634319, 634571, 634649, 634684, 634708, 634734, 634747, 634762, 634800, 634925, 635039, 635049, 635050, 635057, 635071, 635079, 635104, 635194, 635197, 635220, 635254, 635300, 635318, 635391, 635976, 635984, 636010, 636082, 636147, 636359, 636478, 636625, 636653, 637065, 637094, 637103, 637122, 637582, 637776, 637961, 638164, 638180, 638229, 638473, 639070, 639090, 639190, 639311, 639320, 639336, 639453, 639600, 639606, 639636, 639822, 639834, 639855, 639950, 640002, 640177, 640191, 640197, 640211, 640220, 640224, 640235, 640275, 640689, 640738, 640755, 640913]
11,85,[371, 563, 695, 904, 912, 983, 1146, 1648, 1815, 2216, 2342, 3035, 3365, 3396, 3903, 3950, 4647, 4815, 5766, 6194, 6282, 7640, 7781, 8755, 9042, 9713, 9744, 9748, 10419, 10500, 10514, 10545, 11234, 11568, 11595, 11607, 11658, 11841, 11979, 11994, 12015, 12179, 12338, 12342, 12603, 12625, 12646, 12661, 12858, 12868, 12890, 13041, 13140, 13336, 13474, 14088, 14157, 14165, 14852, 15102, 15133, 15159, 15179, 15193, 15585, 15636, 16251, 17024, 17040, 17195, 17531, 17851, 18046, 18050, 18098, 18183, 18192, 19236, 19666, 19708, 20085, 20146, 20161, 20745, 20755]
12,80,[163, 737, 870, 872, 1090, 1188, 1787, 1853, 2346, 2649, 2769, 3447, 3644, 3919, 4320, 4492, 5495, 6973, 7351, 7454, 7505, 7647, 7764, 7803, 7831, 7891, 8133, 8147, 8152, 8160, 8173, 8273, 8280, 8477, 8637, 9667, 9747, 10267, 10277, 10369, 11063, 11151, 11249, 11375, 11532, 11539, 11742, 12193, 12238, 12791, 12928, 13527, 13562, 14484, 15273, 15394, 15397, 15500, 15893, 15930, 16049, 16631, 16900, 16936, 19273, 19778, 20740, 21092, 21217, 21404, 21702, 21709, 21715, 21734, 21740, 22013, 22078, 22657, 23130, 23295]
13,12,[174, 779, 930, 1202, 1305, 1396, 1413, 1471, 1795, 2089, 2325, 3861]
14,24,[4060, 15594, 21436, 32751, 42951, 43614, 55369, 66435, 78833, 80237, 93747, 95866, 101291, 113565, 119659, 136498, 136501, 136523, 138499, 147931, 157830, 166374, 183349, 192394]
15,683,[1122, 1129, 1581, 1892, 2310, 2408, 3096, 3512, 3836, 3895, 3901, 3936, 4012, 4787, 5225, 5414, 5473, 5535, 5787, 5938, 6410, 6506, 6516, 6568, 6580, 7063, 7088, 8751, 9470, 9594, 9811, 9848, 9854, 10033, 10166, 10212, 10708, 10782, 11174, 11250, 11270, 11393, 11500, 11693, 12029, 12284, 12316, 13027, 13201, 13319, 13415, 13536, 13572, 14110, 14171, 14344, 14351, 15744, 17207, 17408, 17977, 18156, 18286, 18337, 18390, 18424, 18522, 18529, 18905, 18978, 19189, 19241, 19247, 19470, 19506, 19785, 19794, 20132, 20226, 20237, 20535, 20728, 20769, 20926, 20957, 20966, 21219, 21269, 21339, 21419, 22380, 22863, 23409, 23582, 23601, 23622, 23734, 25447, 25620, 25817, 27410, 28831, 29043, 29063, 29077, 29205, 29802, 30287, 30326, 30345, 31258, 31267, 31283, 31321, 31345, 32316, 32407, 32572, 32694, 32823, 32831, 32985, 32995, 33525, 33621, 33653, 33705, 33727, 33761, 34461, 34565, 34581, 35137, 35194, 35359, 35685, 36267, 36327, 36710, 37113, 37653, 37685, 37697, 37704, 37768, 37984, 38269, 38301, 38486, 38576, 38668, 39409, 39437, 39587, 39745, 39786, 40552, 40658, 41163, 41197, 41469, 42134, 42209, 42216, 45868, 45912, 45928, 46684, 46812, 46860, 46920, 47144, 47230, 47356, 47802, 48113, 48183, 48199, 48227, 48544, 48676, 48686, 49490, 49855, 50124, 50327, 50337, 50374, 50522, 52299, 52311, 52648, 52878, 53845, 54611, 54771, 54779, 55160, 55169, 55365, 55532, 55539, 55568, 55831, 55992, 56169, 56213, 56501, 56694, 57203, 57357, 57459, 58253, 58560, 58759, 59143, 59337, 59807, 60222, 60534, 60574, 60857, 60869, 60972, 60981, 60985, 61120, 61497, 61566, 61634, 61641, 61665, 61726, 62244, 62953, 63176, 63640, 63824, 63849, 63950, 64248, 64267, 64339, 64371, 64560, 64589, 64646, 65324, 65327, 65393, 65409, 65485, 65553, 65800, 66115, 66131, 66258, 66264, 66448, 66794, 66800, 66899, 66910, 67011, 67061, 67683, 67830, 67931, 68142, 68682, 68817, 68841, 68865, 69168, 69241, 69527, 69578, 69636, 69781, 69785, 69892, 69948, 70075, 70145, 70151, 70596, 70806, 70895, 71490, 71641, 71814, 72020, 72052, 72218, 72265, 72438, 72485, 72492, 72732, 72889, 73034, 73049, 73216, 73313, 73475, 73480, 73509, 73637, 74604, 75083, 75184, 75411, 76176, 76457, 77278, 77284, 77873, 78005, 78390, 78583, 78636, 78703, 78846, 79098, 79111, 79383, 79501, 79507, 79567, 79985, 80118, 80300, 80395, 80741, 81024, 81030, 81558, 81855, 83999, 84733, 84886, 85855, 85876, 86715, 86801, 86827, 86839, 87554, 87656, 87883, 88042, 88290, 88518, 90198, 90228, 90627, 90664, 90843, 91104, 91815, 91838, 92523, 92550, 92631, 92740, 93315, 93745, 94283, 94584, 94750, 95846, 96764, 97013, 97355, 97434, 98220, 98555, 98801, 98925, 99050, 99502, 99726, 99735, 99783, 99988, 100111, 100557, 100566, 101032, 101047, 101293, 101630, 101649, 102000, 102186, 102250, 102492, 102933, 102962, 103320, 103345, 103721, 103932, 104370, 105723, 106397, 107304, 107913, 107976, 107985, 108246, 108292, 108318, 108836, 109112, 109253, 109307, 109550, 109797, 109963, 109968, 110054, 110314, 110334, 110600, 110641, 110653, 110769, 110836, 111121, 111266, 112024, 112112, 112852, 113280, 115204, 115261, 115832, 116176, 117118, 117315, 117649, 117693, 117785, 117944, 117990, 118008, 118042, 118098, 118222, 118430, 118461, 118657, 118676, 118754, 118834, 118865, 118973, 119270, 119715, 119757, 121493, 121781, 121824, 122020, 122123, 123018, 123346, 123636, 124336, 124418, 124910, 125040, 125165, 125184, 125312, 125329, 125539, 125564, 125587, 125938, 127164, 127465, 127478, 127485, 127591, 128600, 128766, 128852, 129156, 129325, 129328, 129431, 129561, 129794, 130321, 130333, 130841, 131080, 132800, 133436, 133441, 133705, 134025, 135423, 135583, 135602, 135687, 135884, 135963, 135967, 136086, 136207, 136227, 136264, 136580, 136757, 136844, 137354, 137359, 137474, 137998, 138525, 138544, 138597, 138901, 140398, 140787, 140821, 140831, 140835, 141251, 141833, 142352, 142585, 142863, 144197, 144563, 144870, 144915, 144920, 144938, 145037, 145045, 145057, 145401, 145569, 145688, 145871, 145983, 146365, 146723, 146736, 146784, 147280, 147587, 148136, 148287, 148407, 148739, 148749, 148849, 149002, 149531, 149645, 149659, 149754, 149897, 149934, 149972, 149983, 150005, 150022, 150274, 150363, 150367, 150386, 150787, 151131, 152083, 152724, 152882, 152984, 153121, 154083, 154169, 154203, 154388, 154495, 154719, 154822, 154855, 154941, 155077, 155324, 155425, 155624, 155839, 156160, 156199, 156214, 156241, 156395, 156487, 157712, 157818, 157820, 157868, 157974, 158167, 158242, 158261, 158606, 159516, 159535, 159645, 159829, 160424, 160452, 160501, 160762, 161120, 161261, 161384, 161409, 161591, 161792, 162095, 162443, 162475, 162560, 162633, 162638, 162647, 162793, 162842, 162868, 162898, 163016, 163551, 164358, 164685, 164850, 165078, 165247, 165315, 165444, 165554, 165570, 165602, 165606, 166215, 166402, 166564, 167137, 167681, 167695, 167752, 167783, 167854, 167859, 167885, 168389, 168407, 168442, 168713, 168995, 169043, 169358, 169957, 170136, 170841, 171094, 171118, 171643, 171977, 171992, 172397, 172404, 172846, 172924, 173007, 173694]
16,247,[420, 423, 448, 466, 481, 777, 818, 973, 1325, 1498, 1844, 1995, 2031, 2135, 2210, 2220, 2312, 2345, 3400, 3629, 3638, 3667, 3674, 3774, 4108, 4214, 4654, 4757, 4796, 4807, 4887, 4952, 5136, 5187, 5510, 5858, 6193, 6460, 6522, 6599, 6848, 7030, 7182, 7396, 7489, 7582, 7867, 7910, 7924, 8145, 8203, 8261, 8318, 8349, 8362, 8454, 8615, 8689, 8800, 9133, 9198, 9385, 9392, 9429, 9461, 9475, 9505, 9659, 9701, 9862, 10274, 10625, 10631, 10638, 10647, 10656, 10663, 10677, 10693, 10727, 11040, 11044, 11054, 11264, 11382, 11952, 12378, 12738, 12762, 13035, 13058, 13077, 13523, 14173, 14192, 14213, 14265, 14404, 14494, 14740, 14813, 14914, 15021, 15056, 15132, 15186, 15323, 15445, 15647, 16004, 16126, 16174, 16421, 16483, 16497, 16534, 16585, 16609, 16719, 16749, 16823, 16838, 16842, 16850, 16855, 16957, 17107, 17417, 17481, 17698, 17791, 17817, 18161, 18191, 18366, 18712, 19036, 19282, 19467, 19615, 19718, 19956, 19967, 20006, 20052, 20475, 20525, 20664, 20744, 20970, 21237, 21274, 21539, 21649, 21657, 21802, 22328, 22701, 23026, 23176, 23413, 23766, 24119, 24136, 24142, 24546, 24702, 24708, 24716, 25023, 25149, 25157, 25226, 25256, 25328, 25437, 25566, 25644, 25835, 26033, 26040, 26133, 26144, 26183, 26286, 26381, 26531, 26575, 26608, 26702, 26708, 26968, 27167, 27940, 27957, 28259, 28483, 28599, 28688, 28874, 29240, 29424, 29584, 29784, 29873, 29881, 29885, 30001, 30964, 31392, 31563, 31765, 31787, 31819, 31837, 31875, 32409, 32451, 32466, 32779, 32837, 32848, 32886, 32919, 32966, 33231, 34025, 34084, 34103, 34508, 34527, 34602, 34928, 34950, 35147, 35190, 35666, 35907, 36475, 36610, 36667, 36772, 36787, 36812, 36885, 37483, 37809]
17,2018,[109, 122, 1448, 1632, 1683, 1918, 1924, 2470, 2537, 2786, 2850, 3111, 3157, 3645, 3653, 3699, 3941, 4303, 4339, 4447, 4521, 4581, 4978, 5254, 5270, 5339, 5360, 5409, 6002, 6065, 6128, 6150, 6179, 6193, 6205, 6210, 6221, 6297, 6305, 6342, 6387, 6840, 7162, 7175, 8103, 8130, 8199, 8203, 8227, 8241, 8309, 8320, 8340, 8473, 8584, 8592, 8599, 8686, 8794, 8875, 9408, 9461, 9467, 9495, 9507, 9544, 9578, 9595, 9927, 9984, 10493, 11155, 11177, 11181, 11197, 11266, 11276, 11308, 11519, 11521, 11764, 11786, 11856, 12379, 12402, 12740, 12992, 12995, 13070, 13193, 13347, 13449, 13520, 13710, 13739, 13825, 14021, 14173, 14245, 14270, 14367, 14414, 14749, 14797, 14817, 14878, 14931, 14935, 15010, 15061, 15067, 15072, 15111, 15127, 15133, 15142, 15209, 15267, 15305, 15310, 15318, 15366, 15544, 15570, 15597, 15730, 15755, 15837, 15841, 16003, 16146, 16460, 16525, 16564, 16665, 16710, 16738, 16762, 16775, 16850, 16870, 16885, 16896, 16915, 16948, 16967, 17116, 17134, 17164, 17330, 17598, 17606, 18067, 18095, 18164, 18394, 19527, 19573, 20837, 21679, 22172, 22767, 22795, 22846, 22875, 22885, 22888, 23274, 24469, 25223, 25247, 25292, 25359, 25415, 25434, 25464, 25482, 25490, 25639, 25678, 26282, 27382, 27909, 29374, 29385, 29390, 32232, 32395, 33329, 34667, 36156, 36835, 36868, 36874, 37029, 37224, 38835, 39280, 39845, 39978, 41870, 43508, 43676, 43958, 44530, 44573, 44597, 44693, 44797, 44809, 44827, 44847, 44850, 44854, 45675, 45744, 45796, 46056, 46331, 46653, 46829, 47226, 48952, 50069, 50256, 50945, 51455, 51584, 51598, 51660, 51772, 52254, 52267, 52429, 52437, 52500, 52543, 52551, 52966, 52971, 52985, 52990, 53022, 53520, 53816, 53824, 53832, 53858, 53928, 54030, 54382, 54413, 54854, 55085, 55105, 55250, 55265, 55277, 55303, 55322, 55368, 55828, 55880, 55891, 55904, 55937, 56010, 56283, 56928, 58061, 58114, 58122, 58677, 58869, 59919, 60435, 60818, 60840, 60850, 60856, 60859, 60862, 60876, 60885, 60894, 60952, 61096, 61929, 62125, 62136, 62184, 62252, 62576, 62773, 62798, 62814, 62822, 62844, 63050, 63057, 63123, 63162, 63244, 63321, 63600, 63604, 63644, 63717, 63724, 63742, 63756, 63764, 63775, 63828, 63841, 63860, 63892, 63911, 64270, 64280, 64316, 64424, 64432, 64646, 64710, 64732, 65004, 65097, 65454, 66819, 66868, 66894, 66918, 66959, 67118, 67805, 67892, 67914, 68428, 68438, 68663, 68671, 68694, 69463, 69477, 69517, 69779, 69841, 69852, 69858, 69866, 69936, 69962, 70103, 70117, 70305, 70343, 70353, 70388, 70410, 70444, 70572, 70701, 70770, 70866, 70915, 70954, 70986, 71002, 71022, 71119, 71361, 71412, 71539, 72053, 72061, 72183, 72319, 72367, 72390, 72667, 72784, 72789, 72829, 72941, 73087, 73129, 73144, 73152, 73263, 73715, 73819, 73828, 73882, 73917, 73986, 74100, 74115, 74119, 74219, 74260, 74270, 74313, 74487, 74531, 74672, 74729, 74819, 74909, 74999, 75156, 75163, 75268, 75292, 75357, 75365, 75498, 75507, 75511, 75530, 75541, 75546, 75556, 75567, 75649, 75673, 75693, 75745, 75754, 75771, 75786, 75822, 75831, 75849, 75883, 75962, 76046, 76107, 76125, 76133, 76144, 76161, 76178, 76191, 76258, 76273, 76304, 76335, 76354, 76366, 76413, 76572, 77039, 77050, 77099, 77135, 77172, 77306, 77383, 77509, 77525, 77529, 77713, 77752, 77770, 77857, 77917, 78269, 78310, 78346, 78353, 78362, 78382, 78428, 78607, 78656, 78816, 78848, 78860, 78877, 78899, 78909, 78915, 78979, 78986, 79005, 79037, 79229, 79258, 79262, 79518, 79707, 79712, 79930, 80308, 80330, 80401, 80601, 80802, 80808, 81176, 81206, 81310, 81341, 81349, 81381, 81443, 81503, 81558, 81563, 81568, 81597, 81689, 81734, 81822, 81825, 81828, 81831, 81849, 81981, 82120, 82169, 82199, 82233, 82242, 82249, 82297, 82308, 82319, 82365, 82376, 82561, 82575, 82679, 82689, 82832, 82845, 83089, 83131, 83141, 83182, 83213, 83232, 83286, 83290, 83314, 83336, 83371, 83375, 83378, 83414, 83448, 83461, 83579, 83592, 83602, 83773, 83790, 83964, 83972, 83986, 84007, 84011, 84079, 84089, 84117, 84127, 84155, 84171, 84177, 84184, 84217, 84231, 84314, 84356, 84444, 84526, 84566, 84571, 84576, 84592, 84679, 84845, 84856, 85012, 85031, 85046, 85062, 85143, 85150, 85159, 85180, 85189, 85194, 85207, 85215, 85281, 85353, 85360, 85788, 87147, 87152, 87181, 87189, 87194, 87200, 87234, 87249, 87470, 87525, 87533, 87541, 87628, 88184, 88691, 88822, 88979, 89445, 89483, 89553, 89640, 89734, 90137, 90646, 90655, 90669, 90675, 90756, 91188, 91195, 91206, 91273, 91276, 91299, 91532, 91556, 91628, 91893, 91908, 91956, 92042, 92252, 93081, 94052, 94229, 94553, 94582, 94689, 94796, 94872, 94875, 94906, 94913, 94918, 94951, 94956, 94962, 95052, 95120, 95182, 95189, 95194, 95643, 95654, 95690, 95768, 96018, 96032, 96187, 96194, 96211, 96267, 96341, 96530, 96535, 96596, 96712, 96763, 96788, 96804, 96831, 96851, 96900, 96942, 97035, 97080, 97308, 97316, 97330, 97336, 97365, 97397, 97409, 97436, 97637, 97661, 97860, 97890, 97895, 97923, 97958, 97973, 97982, 98013, 98018, 98083, 98319, 98429, 98455, 98473, 98556, 98607, 98743, 98762, 98784, 98841, 98934, 98967, 98994, 99210, 99353, 99413, 99488, 99635, 99738, 99747, 99813, 99836, 99848, 99854, 99901, 100176, 100201, 100665, 100869, 101178, 101201, 101245, 101831, 101979, 102054, 102075, 102234, 102274, 102338, 102442, 102499, 102506, 102596, 102607, 102816, 102893, 103155, 103563, 103580, 103585, 103607, 103668, 103686, 103757, 103766, 103828, 104022, 104044, 104153, 104176, 104185, 104194, 104209, 104228, 104281, 104336, 104363, 104366, 104372, 104377, 104401, 104433, 104434, 104483, 104535, 105203, 105235, 105462, 105503, 105510, 105524, 105565, 105570, 105645, 105667, 105710, 105727, 105895, 105990, 106208, 106288, 106296, 106305, 106312, 106328, 106368, 106409, 106419, 106430, 106441, 106452, 106458, 106480, 106503, 106509, 106516, 106567, 106579, 106581, 106632, 106637, 106650, 106685, 106696, 106723, 107052, 107350, 107362, 107458, 107466, 107540, 107566, 107667, 107712, 107735, 107746, 107764, 107774, 107787, 107820, 107828, 107844, 107847, 107851, 107857, 107923, 107972, 107992, 108001, 108003, 108013, 108019, 108104, 108117, 108188, 108283, 108287, 108293, 108297, 108341, 108598, 108964, 109124, 109373, 109376, 109700, 109888, 109968, 109972, 109994, 110492, 110722, 110731, 110739, 110751, 110757, 110771, 110780, 110871, 110892, 110909, 110969, 110988, 111357, 111547, 111834, 111900, 111911, 111919, 111928, 111937, 111996, 112008, 112181, 112215, 112460, 112469, 112743, 113045, 113076, 113654, 113720, 113740, 113885, 113893, 114018, 114225, 114255, 114280, 114648, 114696, 114715, 114775, 114785, 114805, 115152, 115163, 115223, 115297, 115309, 115323, 115327, 115334, 115342, 115365, 115372, 115485, 115509, 115658, 115661, 116765, 117112, 117115, 117344, 118596, 118682, 118694, 118701, 118729, 118736, 118994, 118997, 119047, 119161, 119312, 119400, 119678, 120294, 120850, 121071, 121119, 121457, 121468, 121501, 121527, 121536, 122410, 122679, 123806, 123815, 124300, 124445, 124479, 124543, 124585, 124595, 124599, 124653, 124685, 124689, 124756, 125012, 125280, 125324, 125377, 125386, 125399, 125429, 125556, 125563, 125635, 125643, 125662, 125675, 125678, 125685, 125712, 125795, 125840, 125876, 125879, 125889, 125892, 125900, 125909, 126066, 126171, 126294, 126572, 126580, 126650, 126686, 126694, 126722, 126763, 126769, 126778, 126804, 126868, 126908, 127007, 127020, 127025, 127055, 127082, 127088, 127762, 127779, 127886, 127896, 127928, 127997, 128106, 128882, 128892, 128898, 128907, 128931, 128933, 128942, 128954, 128986, 129009, 129017, 129036, 129291, 129317, 129323, 129336, 129828, 129837, 129851, 129865, 129877, 130049, 130056, 130123, 130224, 130233, 130248, 130259, 130288, 130296, 130401, 130514, 130524, 130553, 130688, 130880, 130894, 131261, 131435, 131531, 131705, 132059, 132070, 132075, 132088, 132092, 132112, 132199, 132254, 132264, 132311, 132319, 132350, 132381, 132403, 132443, 132483, 132528, 132673, 132770, 132786, 132806, 132887, 133090, 133152, 133157, 133181, 133210, 133247, 133256, 133302, 133310, 133324, 133355, 133365, 133382, 133386, 133401, 133416, 133422, 133437, 133731, 133766, 133838, 133847, 133894, 134161, 134308, 134323, 134330, 134460, 134499, 134527, 134540, 134558, 134678, 134812, 134866, 134880, 134897, 134947, 135137, 135183, 135190, 135222, 135232, 135238, 135259, 135358, 135367, 135370, 135380, 135474, 135563, 135572, 135579, 135590, 135625, 135799, 135811, 135817, 135827, 135831, 135864, 135892, 135918, 135989, 136043, 136109, 136131, 136171, 136224, 136301, 136390, 136504, 136601, 136964, 137055, 137090, 137395, 137407, 137492, 137544, 137553, 137605, 137622, 137630, 137704, 137729, 137816, 137843, 137856, 137864, 137870, 137887, 137941, 138005, 138035, 138327, 138346, 138455, 138492, 138497, 138508, 138515, 138525, 138553, 138603, 138660, 138715, 138721, 138739, 138742, 138749, 138753, 138856, 138921, 139024, 139752, 139759, 139786, 139955, 139960, 139973, 139977, 140017, 140032, 140045, 140061, 140073, 140137, 140153, 140163, 140195, 140204, 140282, 140292, 140446, 140482, 140542, 140659, 140758, 141020, 141049, 141096, 141111, 141133, 141136, 141171, 141180, 141218, 141226, 141233, 141253, 141264, 141318, 141352, 141364, 141404, 141424, 141444, 141450, 141456, 141518, 141666, 141669, 141800, 141866, 142006, 142078, 142166, 142200, 142228, 142292, 142352, 142356, 142494, 142554, 142612, 142622, 142645, 142711, 142719, 142791, 142871, 142915, 142931, 142951, 142964, 143037, 143049, 143096, 143172, 143258, 143415, 143583, 143683, 143697, 143706, 143745, 143815, 143929, 143966, 143995, 144032, 144083, 144121, 144181, 144193, 144214, 144240, 144303, 144380, 144387, 144437, 144495, 144542, 144547, 144672, 144991, 145103, 145118, 145186, 145194, 145489, 145664, 145721, 145878, 145913, 145928, 146929, 147149, 147661, 147696, 147722, 147788, 147905, 147972, 148107, 148114, 148193, 148215, 148234, 148239, 148257, 148315, 148320, 148330, 148332, 148347, 148387, 148398, 148474, 148499, 148530, 148537, 148579, 148611, 148630, 148757, 148904, 148934, 148964, 148971, 149118, 149130, 149166, 149174, 149265, 149452, 149530, 149538, 149568, 149656, 149660, 149674, 149688, 149719, 149731, 149761, 149947, 150054, 150112, 150126, 150236, 150238, 150350, 150634, 150637, 150640, 150732, 150773, 150826, 150853, 150955, 150962, 150992, 151013, 151383, 151581, 151599, 151648, 151726, 151830, 151925, 151931, 152304, 152323, 152329, 152335, 152358, 152368, 152384, 152398, 152627, 152655, 152749, 152842, 152865, 152898, 152924, 152948, 153018, 153281, 153292, 153329, 153462, 153501, 153587, 153690, 153776, 153787, 153797, 153814, 153828, 153961, 154245, 154329, 154379, 154456, 154462, 154473, 154500, 154519, 154557, 154582, 154587, 154593, 154602, 154641, 154706, 154721, 154724, 154729, 154736, 154755, 154832, 154910, 154935, 155007, 155210, 155222, 155228, 155233, 155254, 155283, 155306, 155360, 155373, 155419, 155433, 155518, 155726, 155843, 156108, 156124, 156135, 156147, 156173, 156187, 156192, 156431, 156438, 156957, 157025, 157224, 157240, 157341, 157913, 157916, 157927, 158008, 158126, 158212, 158286, 158365, 158496, 158503, 158630, 158635, 158649, 158718, 158920, 158930, 159031, 159224, 159259, 159267, 159288, 159338, 159343, 159347, 159386, 159395, 159517, 159841, 159955, 159997, 160026, 160035, 160046, 160063, 160068, 160081, 160484, 160692, 160743, 160920, 160942, 161488, 161568, 161599, 161654, 161760, 161806, 161814, 162020, 163225, 164337, 164342, 165929, 165985, 165993, 166048, 166266, 166321, 166345, 166383, 166432, 166659, 166665, 166714, 166969, 166984, 167073, 167163, 167296, 167328, 167345, 167415, 167583, 167624, 167627, 167664, 167670, 167716, 167774, 167791, 167834, 167887, 167892, 167906, 168342, 168394, 168419, 168452, 168458, 168567, 168584, 168625, 168629, 168673, 169058, 169152, 169187, 169238, 169332, 169566, 169572, 169669, 169755, 169761, 169789, 169810, 169820, 169849, 169864, 169954, 170031, 170048, 170054, 170163, 170194, 170536, 170563, 170571, 170717, 170733, 170736, 170747, 170753, 170768, 170945, 171116, 171150, 171156, 171176, 171184, 171328, 171420, 171471, 171555, 171860, 171970, 171977, 171984, 172037, 172055, 172083, 172098, 172103, 172131, 172166, 172172, 172186, 172306, 172419, 172424, 172436, 172438, 172456, 172458, 172494, 172507, 172587, 172646, 172701, 172797, 172876, 172904, 172942, 173042, 173051, 173055, 173069, 173073, 173079, 173098, 173132, 173184, 173200, 173227, 173238, 173245, 173278, 173425, 173437, 173499, 173533, 173537, 173544, 173578, 173658, 173661, 173666, 173673, 173713, 173720, 173780, 173918, 173952, 174026, 174032, 174046, 174050, 174054, 174068, 174073, 174078, 174092, 174096, 174100, 174103, 174119, 174149, 174153, 174164, 174228, 174326, 174331, 174369, 174390, 174426, 174478, 174894, 174962, 175177, 175558, 175588, 175607, 175632, 175636, 175639, 175648, 175657, 175662, 175671, 175678, 175753, 175846, 175921, 175940, 175948, 175964, 175986, 176094, 176179, 177385, 178058, 178062, 179335, 179703, 179834, 180687, 180827, 180838, 180856, 181116, 181222, 181238, 181281, 181322, 181374, 181391, 181519, 181533, 182322, 182434, 182519, 182718, 182736, 182748, 182751, 182786, 183047, 183082, 183252, 183297, 183313, 183558, 184090, 184543, 186203, 186245, 186363, 187299, 187538, 187573, 187578, 187636, 187641, 187655, 187658, 187670, 187680, 187684, 187699, 188640, 188959, 188963, 188972, 188976, 189014, 189034, 189088, 189136, 189145, 189165, 189170, 189191, 189211, 189220, 189271, 189277, 189289, 189314, 189609, 189619, 189676, 189718, 189724, 189741, 189752, 190251, 190275, 190293, 190319, 190329, 190361, 190414, 190515, 190562, 190568, 190648, 190708, 190716, 190754, 190790, 190795, 190804, 190818, 190832, 190907, 190998, 191016, 191050, 191125, 191132, 191230, 191269, 191366, 191451, 191457, 191465, 191468, 191490, 191498, 191517, 191574, 191583, 191609, 191630, 191694, 191775, 191778, 191781, 191858, 191875, 192120, 192123, 192177, 192184, 192310, 192383, 192426, 192471, 192693, 193076, 193218, 193226, 193254, 193403, 193664, 193800, 194309, 194319, 194400, 194488, 194802, 194913, 194926, 194960, 195078, 195105, 195110, 195147, 195150, 195161, 195205, 195247, 195662, 195675, 196048, 196087, 196189, 196197, 196226, 196265, 196280, 196352, 196370, 196376, 196885, 196990, 196996, 197298, 197670, 197730, 198050, 198904, 198915, 199570, 199593, 199699, 199931, 199999, 200058, 200918, 201035, 201039, 201055, 201061, 201086, 201095, 201467, 201847, 202004, 202465, 202570, 202578, 203128, 203343, 203476, 203491, 203515, 203527, 203548, 203558, 203596, 203603, 203653, 203686, 203778, 203803, 203830, 203839, 203912, 203926, 203938, 204122, 204213, 204228, 204692, 204712, 204800, 204885, 204925, 205067, 205073, 205116, 205468, 205492, 206043, 206075, 206275, 206336, 206400, 206499, 206514, 206522, 206572, 206965, 206975, 207145, 207444, 207838, 207911, 208066, 208077, 208326, 208595, 208928, 209211, 209292, 209330, 209337, 209385, 209421, 209627, 210535, 210567, 210611, 210621, 210637, 210713, 210718, 210784, 210815, 210819, 210891, 210927, 211032, 211177, 211369, 211717, 212024, 212035, 212083, 212195, 212282, 212293, 212454, 212499, 212502, 212512, 212515, 212523, 212539, 212566, 212631, 212658, 212772, 212828, 212863, 212915, 212945, 212988, 213043, 213412, 213707, 213711, 213722, 213755, 213782, 213793, 213804, 213878, 213913, 213918, 213936, 213941, 214605, 214617, 214629, 214682, 216269, 216509, 216659, 217733]
18,310,[1407, 2333, 2675, 2681, 3028, 3043, 3124, 3252, 4574, 5345, 6176, 6186, 6221, 6231, 6239, 6765, 7930, 7975, 7987, 8097, 8122, 8364, 8376, 8386, 8391, 8405, 8442, 8886, 8977, 9001, 9141, 9433, 9513, 9678, 9842, 10152, 12213, 12223, 12438, 12447, 12494, 12758, 13130, 13142, 13565, 13628, 13644, 16422, 16702, 20678, 21196, 21224, 23196, 23216, 23223, 23227, 23232, 23582, 23593, 24279, 24457, 24597, 24678, 24793, 25521, 25619, 25644, 26649, 26723, 26826, 26868, 27269, 27381, 27406, 27524, 27540, 27663, 27889, 27997, 28059, 28110, 28255, 28384, 28435, 28508, 28554, 28810, 29086, 29892, 29933, 30177, 30287, 32635, 32894, 33453, 33828, 33886, 33944, 33952, 34790, 34856, 34890, 35141, 36459, 39997, 40825, 40899, 40976, 40988, 40998, 41131, 41509, 43492, 43715, 44599, 45200, 45205, 45238, 45729, 46072, 47136, 49254, 49644, 50334, 50398, 50402, 51086, 52335, 53272, 53775, 53781, 54033, 55170, 57422, 59058, 59064, 59357, 59402, 59521, 59707, 59767, 60308, 60707, 60767, 60844, 60848, 61670, 61769, 62533, 62758, 63423, 63457, 63631, 63928, 63957, 63989, 64083, 64409, 65048, 65055, 65124, 65159, 65196, 65435, 65444, 65453, 65466, 65496, 65768, 65869, 65884, 66083, 66635, 66668, 66687, 67932, 68439, 69345, 69764, 70472, 70583, 71501, 74642, 75056, 75994, 76064, 76078, 76358, 76361, 76462, 77858, 78453, 79234, 79690, 79849, 79856, 80362, 80387, 80823, 81570, 82329, 82620, 82774, 82982, 83775, 84143, 85170, 85441, 85586, 85692, 85698, 87313, 87321, 87330, 87346, 87563, 87571, 87781, 87865, 87871, 87908, 88310, 88613, 88805, 89740, 90335, 90401, 90433, 90444, 91306, 91321, 91731, 91905, 91953, 92483, 92500, 92886, 93377, 93641, 94821, 95151, 96834, 97424, 97793, 98597, 100372, 100480, 104797, 104863, 104952, 105659, 105684, 109125, 110248, 110328, 110468, 112382, 112532, 114746, 114757, 114825, 116187, 116212, 116239, 116298, 116305, 117124, 117786, 118580, 118605, 118632, 118691, 118698, 119516, 120178, 121137, 121204, 121442, 122165, 122183, 122591, 123106, 123412, 124876, 124926, 125345, 125611, 128042, 128323, 128496, 129097, 129951, 131391, 135137, 135418, 136753, 137332, 138350, 138925, 141366, 142490, 143948, 144432, 144434, 144710, 144969, 145759, 145994, 148445, 148501]
19,73,[112, 1657, 2190, 2329, 3032, 3280, 3600, 3605, 4276, 4285, 7170, 7651, 8201, 8321, 8327, 8821, 8824, 11386, 11930, 12012, 12074, 12078, 12157, 13022, 13360, 13366, 14292, 14297, 14765, 14768, 14771, 15001, 15011, 15021, 15057, 15061, 15138, 15991, 17498, 17501, 17510, 17513, 17772, 17930, 17932, 17971, 19035, 19038, 19417, 19452, 19462, 19468, 19828, 19987, 20004, 20076, 20614, 21363, 22114, 22119, 22991, 23183, 23608, 23702, 24134, 24566, 24901, 24925, 25338, 25740, 25749, 26174, 26484]
20,88,[739, 743, 1436, 1850, 2067, 2102, 2148, 2332, 2384, 3084, 3092, 3321, 3529, 4167, 4371, 4755, 4847, 5614, 5981, 6142, 7162, 8890, 9698, 10707, 11713, 12209, 14726, 14797, 14841, 14883, 17808, 18163, 18977, 18982, 20004, 20491, 20912, 21009, 22210, 23571, 26583, 26950, 27205, 28021, 28065, 29874, 30344, 31537, 32174, 32228, 32244, 32682, 33093, 33190, 35286, 36131, 39508, 41852, 44164, 44333, 44481, 48183, 48282, 48654, 49739, 50556, 52245, 52515, 52810, 53149, 54042, 54230, 54291, 54553, 54582, 54665, 56097, 59093, 59421, 59871, 59876, 60180, 60220, 60731, 60746, 61251, 61735, 63732]
21,114,[1192, 2168, 2430, 2440, 2550, 2680, 2857, 2880, 2978, 3038, 3102, 3305, 3944, 4033, 4149, 4620, 5119, 5214, 5753, 5810, 6231, 6279, 7120, 7155, 7159, 7338, 7571, 7587, 7856, 8426, 8902, 9322, 9432, 11023, 11052, 11084, 11701, 11707, 11719, 13277, 13790, 14127, 14705, 14958, 14987, 14999, 15099, 15209, 15709, 16027, 16148, 16218, 16613, 16747, 17290, 17703, 17854, 18057, 18895, 19165, 19269, 20420, 20793, 21205, 21342, 21472, 21477, 21535, 22012, 22052, 22153, 22271, 22410, 22989, 23040, 23134, 23286, 23314, 23417, 23729, 24867, 24898, 25327, 25764, 25801, 25809, 25857, 25889, 25998, 26275, 26416, 26426, 26717, 26725, 27556, 27896, 27939, 28000, 28170, 28495, 28943, 28975, 29097, 29611, 29640, 29917, 30597, 31482, 32672, 32739, 32860, 33841, 33888, 35858]
22,11,[366, 368, 385, 2856, 2857, 39002, 45924, 73251, 97391, 139297, 154943]
23,191,[862, 1488, 1498, 1754, 1907, 1913, 1943, 2287, 2572, 2679, 2980, 3722, 4458, 4941, 5167, 5173, 5230, 5237, 5292, 5357, 5547, 5973, 5988, 6028, 6182, 6315, 6389, 6617, 6872, 6952, 6994, 6999, 7029, 7806, 8170, 8179, 8360, 8815, 8932, 9271, 9300, 9406, 9474, 9547, 9976, 10165, 10179, 11035, 11062, 11083, 11210, 11213, 11354, 11586, 12019, 12566, 12827, 13228, 13243, 13251, 13270, 13325, 13350, 13476, 14316, 14518, 14564, 14695, 14708, 14733, 14849, 14971, 14982, 15070, 15317, 15368, 15375, 15377, 15403, 15614, 15938, 16246, 16526, 16535, 16544, 16562, 16571, 16690, 16712, 16753, 16931, 17180, 17212, 17250, 17422, 17538, 17541, 17845, 17979, 17992, 19314, 19667, 19701, 19867, 20132, 20485, 20553, 20634, 21095, 21170, 21285, 21405, 21423, 21530, 21673, 21685, 21754, 21766, 21866, 21941, 21992, 22005, 22020, 22041, 22114, 22128, 22134, 22221, 22244, 22250, 22253, 22263, 22293, 22300, 22462, 22511, 22546, 22560, 22635, 22664, 22700, 22788, 22797, 22813, 22902, 22908, 23024, 23038, 23275, 23281, 23421, 23440, 23475, 23487, 23493, 23539, 23593, 23602, 23616, 23653, 23747, 23819, 23825, 23943, 24132, 24171, 24384, 24417, 24451, 24957, 25051, 25092, 25219, 25486, 25568, 26657, 26803, 27044, 27803, 27829, 27877, 27884, 28040, 28155, 28162, 28183, 28195, 28362, 28634, 28687, 28776]
24,258,[193, 212, 306, 323, 332, 487, 694, 697, 727, 737, 1334, 1341, 1685, 1714, 1885, 1893, 1909, 1920, 1935, 2033, 2058, 2067, 2106, 2167, 2222, 2403, 2829, 2832, 2851, 2857, 2866, 2875, 2938, 3333, 3408, 3470, 3972, 4435, 4458, 4590, 4739, 5452, 5529, 5595, 7002, 7052, 7323, 7393, 7434, 7732, 7841, 8096, 8206, 8502, 8524, 8709, 8847, 9403, 9618, 9650, 9675, 9892, 10552, 10642, 10655, 10700, 10734, 11091, 11437, 11493, 11544, 11577, 11896, 11933, 12185, 12399, 12702, 12722, 12791, 12814, 13334, 13608, 13941, 13957, 14310, 14541, 14602, 14686, 15755, 15811, 15837, 16203, 16274, 16466, 16963, 17214, 17227, 17267, 17305, 17416, 18590, 18595, 19148, 19299, 19361, 19767, 19800, 19812, 19894, 20050, 20057, 20194, 20579, 20740, 20774, 20918, 20925, 22212, 22358, 22643, 22703, 22729, 22954, 23409, 23464, 23612, 23623, 23691, 23700, 23733, 24046, 24092, 24254, 24261, 24345, 24778, 24987, 25108, 25130, 25328, 25342, 25378, 25818, 25833, 26113, 26292, 26433, 26622, 26711, 26720, 27210, 27514, 27520, 28041, 28453, 28888, 28918, 29025, 29034, 29046, 29105, 29153, 29266, 29398, 29769, 29794, 29804, 29827, 29984, 30033, 30040, 30186, 30663, 30795, 30968, 30975, 30984, 30991, 31001, 31013, 31032, 31093, 31251, 31528, 31567, 31675, 31728, 31980, 32312, 32731, 32752, 32976, 33149, 33248, 33358, 33461, 33738, 33832, 34098, 34409, 34630, 34688, 34710, 35277, 35715, 35958, 36161, 36412, 36520, 36536, 36544, 36575, 36963, 36973, 37013, 37305, 37340, 37373, 37737, 37819, 38330, 38446, 38517, 38759, 38868, 39301, 39334, 39367, 39487, 39492, 39547, 39866, 40443, 40702, 40712, 40746, 41487, 41620, 41721, 41787, 41804, 41875, 41987, 42411, 42455, 42541, 42572, 42650, 42750, 43464, 43574, 43695, 43982, 44068, 44477, 44504, 44510, 44530]
25,31,[4409, 5549, 15505, 21007, 31622, 41229, 41852, 53115, 61551, 63442, 68919, 74458, 75264, 76598, 77623, 81722, 89764, 91808, 94576, 95910, 108824, 113260, 114593, 116098, 130717, 132605, 136565, 141906, 159447, 167110, 175871]
26,95,[109, 139, 144, 174, 180, 202, 338, 1105, 1109, 1809, 2229, 2453, 2488, 2538, 2725, 2777, 3552, 3560, 3805, 4015, 4669, 4877, 5273, 5366, 6132, 6499, 6661, 7683, 9438, 10249, 11269, 12287, 12795, 15335, 15411, 15458, 15509, 18486, 18865, 19685, 19690, 20725, 21218, 21648, 21747, 22965, 24340, 27384, 27774, 28030, 28855, 28900, 30720, 31193, 32407, 33047, 33100, 33117, 33558, 33971, 34068, 36181, 37032, 40449, 42787, 45127, 45300, 45451, 49194, 49295, 49677, 50784, 51606, 53330, 53615, 53909, 54262, 55204, 55392, 55453, 55714, 55743, 55826, 57254, 60348, 60684, 61161, 61166, 61474, 61515, 62029, 62044, 62555, 63038, 65111]
27,543,[395, 496, 504, 565, 637, 646, 654, 832, 1150, 1315, 1460, 1546, 1583, 1750, 1782, 1889, 2370, 2702, 3045, 3149, 3374, 3548, 3583, 3686, 3689, 4008, 4035, 4869, 5063, 5981, 5987, 6032, 6038, 6073, 6334, 6361, 6790, 6848, 7156, 7680, 9951, 9983, 10004, 10032, 10067, 10114, 10150, 10277, 10294, 10637, 10726, 10810, 11069, 11100, 11189, 11358, 11366, 11412, 11468, 11498, 11553, 11882, 12089, 12117, 12448, 12455, 12571, 12816, 12945, 12961, 13408, 13827, 14058, 14355, 14429, 14740, 14818, 14823, 14901, 14927, 14933, 15004, 15400, 15536, 15848, 16285, 16296, 16312, 16674, 16756, 16835, 16862, 16975, 16990, 17035, 17105, 17198, 17526, 17566, 17745, 17914, 17936, 17977, 18078, 18176, 18526, 18671, 18687, 18724, 18913, 19126, 19336, 19386, 19865, 20011, 20019, 20133, 20448, 20608, 20869, 20910, 21047, 21218, 22055, 22405, 22479, 22554, 23097, 23151, 23198, 23253, 23395, 23423, 23628, 23843, 24384, 24395, 24533, 24609, 24757, 24941, 25065, 25283, 25483, 25714, 26557, 26861, 27096, 27230, 27363, 27529, 27556, 28030, 28325, 29101, 29196, 29525, 29563, 29675, 30531, 30783, 30860, 30983, 31022, 31401, 31783, 31886, 31993, 32018, 32036, 32243, 32258, 32406, 32413, 32489, 32769, 32945, 33006, 33112, 33160, 33379, 33394, 33417, 33432, 33625, 33672, 33677, 33714, 33771, 33807, 33816, 33870, 34007, 34791, 35035, 35242, 35252, 35258, 35292, 35630, 35695, 36698, 36821, 36917, 36925, 36993, 37097, 37160, 38160, 38361, 38471, 38538, 38642, 38712, 38935, 39088, 39153, 39169, 39195, 39211, 39236, 39281, 39425, 39475, 39834, 40334, 40780, 40839, 40906, 42023, 42090, 42298, 42384, 42450, 42472, 42586, 42731, 43245, 43262, 43380, 43509, 44380, 44810, 45152, 45198, 45215, 45603, 45627, 46280, 46808, 48102, 48141, 48214, 48895, 49335, 49356, 49360, 49364, 49607, 49626, 49796, 50706, 50777, 50789, 50796, 51334, 51344, 52284, 52357, 52492, 52523, 52709, 52739, 53832, 53889, 54105, 54885, 54904, 55775, 55937, 56229, 56302, 56455, 56503, 56750, 56810, 56891, 57019, 57061, 57066, 57144, 57205, 57310, 57378, 57509, 57532, 57709, 57805, 58052, 58383, 58488, 58538, 58609, 59400, 59410, 59473, 59485, 59582, 59628, 59668, 59897, 59994, 60062, 60588, 60622, 60693, 60723, 60778, 61180, 61238, 62161, 63270, 63279, 63286, 63297, 63337, 63358, 63466, 63533, 64100, 64105, 64129, 64284, 64331, 64358, 64366, 64761, 65129, 65187, 65403, 65454, 65465, 65615, 65815, 65851, 65896, 66011, 66145, 66506, 66515, 66524, 66736, 66795, 66940, 67348, 67509, 68163, 68204, 69800, 69822, 69831, 69850, 70090, 70355, 70874, 71125, 71208, 71381, 72458, 72800, 73387, 73863, 73984, 74172, 74901, 75157, 75537, 75582, 75846, 75884, 75954, 76097, 76113, 76233, 76287, 76353, 76429, 77183, 77188, 77330, 77353, 77442, 77712, 78239, 78253, 78497, 79373, 79449, 79508, 79645, 80077, 80199, 80357, 81317, 81634, 81813, 82012, 82021, 82034, 82069, 82079, 82504, 82710, 83137, 83966, 84215, 84262, 84487, 84499, 84541, 84559, 84582, 84817, 84841, 84904, 84945, 85029, 85397, 85511, 85592, 85659, 85992, 86642, 86886, 86916, 87545, 87676, 87903, 87961, 88007, 88178, 88267, 88372, 88384, 88409, 88885, 88955, 89257, 89560, 89795, 90014, 90017, 90078, 90518, 90825, 90851, 90911, 91199, 91210, 91220, 91285, 91365, 91368, 91480, 91503, 91558, 91706, 91720, 91723, 91749, 91830, 92043, 92127, 92151, 92176, 92252, 92973, 92991, 93514, 94010, 94123, 94456, 95074, 95168, 95270, 95444, 95488, 95794, 95814, 95982, 96594, 97345, 97557, 97582, 97616, 97685, 97895, 98731, 98877, 98898, 99651, 100022, 100447, 101180, 101437, 101512, 102643, 102814, 103286, 103439, 103451, 104151, 104209, 104274, 104550, 104572, 104741, 104911, 104941, 104985, 105015, 105114, 105215, 105351, 105354, 105647, 105907, 106170, 106407, 106477, 106846, 107262, 107486, 107613, 107743, 107877, 107900, 107951, 109084, 109179, 109251, 109274, 109602]
28,58,[1164, 1172, 1190, 1285, 1299, 1306, 1327, 1390, 1448, 1587, 1613, 1631, 1640, 1841, 1870, 1882, 1970, 2942, 3037, 3160, 3808, 3861, 3901, 3985, 4142, 4156, 4161, 4254, 4595, 4687, 4822, 4873, 5152, 5285, 5309, 5473, 5573, 5781, 5843, 5864, 6357, 6389, 6405, 7361, 7438, 7675, 7928, 9032, 9347, 9355, 9477, 9779, 10293, 10493, 11098, 11351, 11372, 11448]
30,2773,[24, 298, 330, 338, 356, 470, 583, 673, 921, 931, 993, 1433, 1442, 1594, 1601, 2175, 2582, 2613, 2629, 2668, 2705, 2742, 2781, 2820, 2860, 2912, 2979, 3015, 3029, 3064, 3094, 3675, 3696, 3708, 3850, 3879, 3884, 3896, 3967, 3980, 4035, 4064, 4099, 4134, 4149, 4178, 4235, 4279, 4861, 4945, 5023, 5046, 5088, 5261, 5326, 5362, 5414, 5461, 5990, 6718, 6878, 6909, 7099, 7194, 8518, 8525, 8606, 8829, 9580, 10185, 10419, 10929, 11818, 12140, 12144, 12150, 12199, 12436, 12950, 13428, 13614, 13732, 13753, 14121, 14125, 15022, 15040, 15290, 15454, 15913, 16536, 16559, 17846, 17856, 18035, 18042, 18246, 18432, 20368, 20381, 20409, 20413, 20559, 20775, 20973, 21025, 21033, 21058, 21085, 21384, 21432, 21460, 21551, 21606, 21619, 21671, 21692, 21711, 21719, 21741, 21779, 21831, 21894, 21907, 21947, 22348, 22814, 23577, 24109, 24148, 24291, 24309, 24316, 24372, 25061, 25585, 25628, 25691, 26328, 26489, 26939, 26943, 27333, 27393, 27403, 28074, 28841, 28887, 28962, 28980, 29003, 29009, 29048, 29071, 29080, 29084, 29097, 29190, 30176, 30290, 30981, 31240, 31269, 31695, 31811, 31834, 31949, 34282, 34323, 34421, 34602, 34874, 34906, 34949, 35591, 35607, 35610, 35705, 36143, 37115, 37242, 37247, 37294, 37502, 37552, 37641, 37738, 37743, 39159, 39257, 39295, 40296, 40315, 40602, 40621, 40817, 41014, 41025, 41343, 41381, 41449, 42579, 42613, 43333, 43351, 43356, 43687, 44421, 44879, 45434, 45754, 46525, 46531, 49451, 52091, 52406, 52411, 52422, 52428, 52643, 53484, 54182, 54688, 54774, 55163, 55231, 55352, 55555, 55575, 55581, 55694, 55740, 55921, 55994, 56003, 56033, 56075, 56139, 56182, 56240, 56358, 56487, 56495, 56509, 56518, 56523, 56543, 56577, 56600, 56618, 56628, 56650, 56695, 56725, 56837, 56900, 57241, 57250, 58503, 63346, 64376, 64523, 68003, 71075, 71097, 71134, 71808, 76956, 77936, 78082, 78187, 78193, 78200, 78222, 78242, 78248, 78255, 78288, 78294, 78301, 78335, 78341, 78348, 78381, 78387, 78394, 78427, 78433, 78440, 78477, 78483, 78490, 78521, 78527, 78534, 78567, 78573, 78580, 78613, 78619, 78626, 78659, 78665, 78672, 78706, 78712, 78719, 78731, 78753, 78757, 78774, 78783, 78785, 78805, 79045, 79048, 79083, 79086, 79114, 79117, 79127, 79132, 79181, 79184, 79218, 79221, 79250, 79253, 79265, 79270, 79352, 79355, 79384, 79387, 79416, 79419, 79429, 79434, 79480, 79483, 79517, 79520, 79549, 79552, 79563, 79568, 79589, 79601, 79608, 79623, 79708, 79976, 80051, 80068, 80071, 80197, 80311, 80325, 80452, 80476, 80568, 80571, 80686, 80692, 80724, 81603, 81608, 81616, 81619, 81650, 81691, 81701, 81713, 81742, 81784, 81790, 81799, 81822, 81875, 81878, 81892, 81907, 82935, 83330, 83336, 83340, 83563, 84751, 84781, 84816, 85338, 85482, 85564, 85568, 85818, 85977, 86555, 86772, 87399, 87402, 87467, 87510, 87516, 87527, 87681, 87791, 88002, 88009, 88243, 88516, 88522, 88592, 88639, 89137, 89334, 90002, 90129, 91076, 91191, 91197, 91413, 92487, 93038, 94497, 94618, 95085, 95254, 95528, 95996, 96301, 96776, 96807, 96875, 97176, 97179, 97209, 97360, 97371, 97388, 97408, 97427, 97471, 97511, 97525, 97601, 97617, 97671, 97724, 97750, 97753, 97790, 97793, 97853, 97857, 97902, 97905, 97914, 97972, 98008, 98115, 98118, 98132, 98153, 100637, 100707, 101324, 101340, 101357, 101476, 102651, 102944, 104803, 104812, 105754, 106078, 106150, 106168, 106197, 106206, 106801, 108169, 108540, 108560, 108684, 109230, 109795, 110086, 110093, 110957, 111545, 111931, 112323, 120681, 121376, 121394, 124080, 124233, 124242, 124656, 126258, 126408, 126939, 126983, 127541, 128288, 128952, 129027, 129037, 129106, 129428, 129858, 129871, 129925, 129966, 129978, 130122, 130139, 130272, 130396, 130408, 130511, 130527, 130563, 130575, 130593, 130662, 130686, 130693, 130723, 130730, 130781, 130811, 131656, 132135, 132848, 132962, 132977, 132992, 132993, 133005, 133176, 133231, 133240, 133267, 133555, 133567, 133782, 133856, 133932, 133957, 134143, 134254, 134280, 134495, 134517, 134730, 134901, 134979, 135035, 135095, 135159, 135211, 135230, 135271, 135403, 135485, 135640, 136808, 136832, 137018, 137158, 137386, 137392, 137558, 137655, 137791, 137982, 138501, 138522, 138632, 138729, 138823, 138921, 139420, 139481, 139613, 139663, 139815, 140045, 140237, 140750, 140882, 141036, 141183, 141288, 141417, 141523, 141529, 141545, 141555, 141565, 141919, 142531, 143593, 145061, 145124, 145213, 145506, 145832, 145968, 145984, 146443, 146869, 147049, 147068, 147088, 147114, 147176, 147508, 148262, 148457, 148473, 148656, 148809, 148835, 149028, 149060, 149346, 149471, 149484, 149664, 149674, 149685, 149753, 149832, 149887, 150760, 150880, 150914, 150950, 151030, 151096, 151139, 151204, 151218, 151246, 151629, 151812, 151918, 152651, 152901, 152998, 153743, 154732, 154922, 155067, 155099, 155166, 155194, 155580, 155652, 155656, 155759, 155767, 155830, 155925, 156185, 156282, 156311, 156512, 156564, 156676, 156686, 156692, 156795, 156828, 156924, 157259, 157274, 157359, 157418, 157552, 157756, 157916, 158090, 158176, 158196, 158207, 158229, 158240, 158557, 158708, 158848, 158921, 158965, 158977, 159229, 159234, 159330, 159927, 160072, 161509, 161803, 162446, 162457, 162609, 162982, 163761, 163831, 163900, 164014, 164107, 164241, 164415, 164670, 165027, 165098, 165468, 165486, 165571, 165617, 165650, 165754, 166242, 166288, 166305, 166560, 166702, 166778, 166781, 166855, 166914, 167330, 167357, 167855, 167900, 167960, 167965, 168724, 168733, 168801, 168848, 168853, 168915, 168974, 169108, 169126, 169270, 169347, 169350, 169651, 169716, 169736, 169797, 169826, 169853, 169902, 169951, 170009, 170039, 170105, 170388, 170571, 170583, 171614, 172040, 172060, 172262, 172317, 172421, 172543, 172735, 174042, 174512, 174949, 175883, 176194, 176289, 176308, 176445, 177040, 177310, 177989, 178017, 178143, 178159, 178346, 178351, 178359, 178364, 178368, 178378, 179065, 179140, 179477, 179908, 180048, 180944, 181189, 181218, 181257, 181266, 181284, 181391, 181402, 181419, 181578, 181712, 181740, 181896, 181901, 181907, 181912, 181917, 181922, 181927, 181932, 181940, 181948, 181953, 181958, 181963, 181975, 182118, 182127, 182144, 182546, 182578, 182782, 182792, 182796, 182801, 182922, 182963, 183266, 183435, 183666, 183722, 184069, 184159, 184368, 184425, 184572, 184578, 184587, 184621, 185224, 185237, 185481, 186868, 187068, 187092, 187412, 187569, 187660, 187769, 187792, 187821, 187838, 187920, 187926, 188360, 188514, 188652, 189440, 189931, 189936, 190209, 191169, 191427, 191578, 191643, 191714, 191878, 191922, 192444, 192658, 193404, 193444, 193625, 193647, 193828, 194821, 195011, 195306, 195751, 195851, 195956, 196150, 196182, 196245, 196429, 196487, 196709, 196836, 197065, 197220, 197269, 197306, 197337, 197389, 198012, 198021, 198070, 198723, 198738, 199400, 200180, 200386, 200389, 200658, 200790, 202130, 202176, 202434, 202471, 202700, 202890, 202967, 203072, 203366, 203400, 203470, 204018, 204031, 204149, 204158, 204207, 204216, 204225, 204372, 204389, 204431, 204492, 204538, 204683, 204717, 204733, 204739, 204768, 204860, 204872, 204919, 204980, 204988, 204992, 205011, 205037, 205073, 205085, 205093, 205128, 205133, 205144, 205173, 205310, 205327, 205355, 205400, 205427, 205660, 205681, 205685, 205766, 205777, 205825, 206785, 207837, 207847, 207855, 207866, 207891, 207911, 207917, 208345, 208489, 208533, 208544, 208548, 209420, 209767, 209938, 209978, 210306, 210524, 211617, 211757, 212052, 212162, 212601, 212684, 213474, 213486, 213605, 213712, 213824, 213893, 216193, 216575, 216776, 216869, 216872, 216997, 217621, 217685, 219145, 219231, 219935, 220003, 220096, 220113, 220280, 220466, 220876, 221035, 221044, 221387, 222144, 222211, 222407, 223532, 223561, 223997, 224071, 224274, 225449, 226374, 226469, 227095, 227099, 227307, 227515, 227546, 227936, 228243, 228976, 229171, 229454, 229870, 230140, 230161, 230595, 231145, 231254, 231416, 231595, 232386, 232685, 233537, 233662, 233887, 233891, 233896, 234130, 234992, 236026, 236067, 236187, 236232, 236243, 236336, 236388, 236392, 236500, 236603, 236640, 236735, 236754, 237510, 237703, 237737, 237841, 237860, 237904, 237965, 238086, 238091, 238115, 238295, 238318, 238377, 238592, 238645, 239010, 239068, 239104, 239151, 239216, 239373, 239406, 239416, 239492, 239580, 239688, 239789, 239794, 239840, 239862, 239899, 239964, 240009, 240086, 240133, 240193, 240201, 240335, 240368, 240440, 240451, 240461, 240506, 240529, 240613, 240623, 240639, 240648, 240711, 240781, 240838, 240906, 240960, 241000, 241062, 241133, 241173, 241202, 241209, 241217, 241304, 241571, 241953, 241981, 242166, 242175, 242181, 242230, 242379, 242471, 242495, 242552, 242582, 242631, 242656, 242700, 242796, 242898, 242908, 242932, 242978, 243075, 243250, 243274, 243310, 243376, 243398, 243432, 243544, 243632, 243691, 243701, 243716, 243739, 243745, 243755, 243772, 243890, 244041, 244064, 244091, 244111, 244149, 244154, 244160, 244198, 244212, 244215, 244232, 244237, 244288, 244346, 244358, 244379, 244383, 244395, 244486, 244544, 244676, 244689, 244962, 245132, 245447, 245662, 245671, 245803, 245809, 245850, 246059, 246072, 246078, 246108, 246135, 246177, 246245, 246258, 246272, 246279, 246300, 246393, 246402, 246420, 246972, 247429, 247490, 247524, 247960, 248317, 248320, 248358, 249112, 249306, 249329, 249461, 249470, 249587, 249589, 249694, 249719, 249744, 249759, 249846, 249933, 249957, 250016, 250061, 250092, 250210, 250496, 250821, 250871, 251356, 251382, 251394, 251401, 251435, 251461, 251471, 251480, 251503, 251563, 251571, 251586, 251600, 251673, 251688, 251757, 251963, 251977, 251985, 252005, 252023, 252165, 252197, 252259, 252301, 252461, 252485, 252523, 252532, 252574, 252584, 252594, 252604, 252614, 252624, 252634, 252644, 252654, 252664, 252674, 252684, 252694, 252704, 252714, 252724, 252734, 252744, 252754, 252766, 252778, 252790, 252802, 252823, 252849, 252885, 252897, 252912, 252937, 252989, 252993, 253080, 253151, 253162, 253220, 253305, 253329, 253371, 253376, 253390, 253464, 253485, 253526, 253550, 253596, 253615, 253637, 253659, 253680, 253701, 253722, 253744, 253764, 253854, 253991, 254022, 254056, 255038, 255208, 256498, 256514, 256784, 256860, 257022, 257067, 257244, 257261, 257285, 257370, 257455, 257579, 257599, 257682, 257692, 257735, 257746, 257748, 257760, 257807, 259772, 259789, 259796, 259830, 259845, 260396, 260532, 260541, 260588, 260599, 260603, 260840, 260997, 261037, 261320, 261481, 261769, 261807, 262090, 262467, 262563, 262857, 262964, 262974, 262984, 263144, 263428, 263677, 264076, 264141, 264954, 265939, 265945, 265996, 266045, 266214, 266315, 266319, 266364, 266648, 266705, 266913, 266956, 267134, 267414, 267421, 267452, 267607, 268205, 268516, 268949, 269312, 269674, 269806, 270359, 270615, 270630, 270848, 271732, 271811, 271839, 271849, 271860, 271896, 271910, 272153, 272316, 272351, 272395, 272400, 272496, 272701, 272921, 273084, 273137, 273252, 273265, 273279, 273390, 273568, 273649, 273808, 273837, 274966, 275214, 275245, 275251, 275265, 275820, 275859, 275928, 276050, 276061, 276254, 276283, 276352, 276403, 277123, 277404, 277514, 277530, 278102, 278110, 278134, 278185, 278190, 278194, 278246, 278256, 278268, 278383, 278505, 278621, 278772, 279475, 279509, 279615, 279707, 279833, 279952, 280471, 280476, 280502, 281271, 281603, 281968, 282036, 282140, 282295, 282937, 282975, 283015, 283331, 283524, 283964, 283971, 285112, 285122, 285356, 285543, 285566, 285584, 285698, 285911, 285957, 285965, 286001, 286430, 286436, 286473, 286539, 286616, 286622, 287205, 287213, 287238, 287288, 287296, 287347, 287502, 287604, 287890, 287898, 288029, 288111, 288548, 288813, 288826, 289261, 289292, 289946, 290048, 290195, 290213, 290227, 290245, 290274, 290434, 290480, 290515, 290545, 290603, 290623, 290677, 290687, 291103, 291184, 291485, 291560, 292116, 292127, 292147, 292167, 292816, 292838, 292890, 292973, 293064, 293207, 293266, 293307, 293346, 293355, 293383, 293467, 293624, 293653, 293689, 294636, 295009, 295544, 295651, 296065, 296174, 296205, 296263, 296331, 296790, 296867, 297082, 297101, 297226, 298093, 298652, 298881, 298891, 299728, 299795, 301970, 302660, 302917, 302922, 302927, 303449, 304026, 305438, 305723, 305763, 306054, 306077, 306109, 306113, 306121, 306631, 306722, 306947, 307092, 307413, 308032, 309726, 310924, 313107, 313152, 313177, 313599, 313765, 313783, 313823, 313882, 313889, 313919, 313971, 314172, 314179, 314981, 314987, 317309, 317564, 317569, 317994, 319443, 320751, 320972, 321203, 321214, 321760, 322349, 322393, 322425, 322764, 322805, 322816, 322821, 325350, 325472, 326793, 327962, 327967, 328434, 328444, 328553, 328587, 328850, 328930, 329406, 329415, 329629, 331736, 335023, 335865, 335880, 335921, 335974, 335994, 338684, 341043, 342866, 342870, 344562, 347625, 347632, 347640, 347735, 357037, 357079, 357869, 358941, 359465, 361040, 362042, 362451, 365025, 365196, 366126, 367458, 368911, 373679, 373744, 374069, 375388, 375396, 376827, 378726, 378853, 379069, 379073, 379078, 379305, 380766, 380891, 381834, 383742, 383752, 386192, 386741, 386843, 391063, 392579, 394990, 395004, 395381, 396196, 396206, 397640, 397650, 397899, 399369, 400748, 400768, 401660, 404035, 405428, 405488, 406546, 406611, 407976, 409509, 409554, 410617, 410636, 410901, 411267, 413889, 413941, 413979, 414160, 415413, 415597, 415706, 415866, 416189, 416375, 417676, 417684, 417751, 417863, 417875, 417914, 418028, 418038, 418074, 418104, 418258, 418293, 418304, 418419, 418425, 418494, 418507, 418559, 418605, 418620, 418625, 418677, 418740, 418967, 419162, 419497, 420257, 422694, 423842, 424397, 426458, 426619, 426693, 426795, 426873, 426879, 426892, 426935, 426941, 426965, 427067, 427132, 427916, 427964, 429272, 429302, 429307, 429312, 429379, 429777, 429917, 430033, 430078, 430129, 430135, 430142, 430263, 430288, 430292, 430297, 430319, 430326, 430341, 430369, 430376, 430417, 430556, 433046, 433813, 434106, 434138, 434263, 434548, 434605, 434653, 434703, 434745, 436928, 436966, 437010, 437051, 438510, 438576, 439004, 440520, 440800, 441129, 441140, 442666, 443251, 443269, 443285, 443295, 443304, 443331, 443358, 444226, 446156, 446164, 446166, 446177, 446189, 446200, 446224, 446233, 446276, 446305, 446310, 446358, 446411, 446438, 446448, 446477, 446481, 447792, 448720, 448792, 448801, 448832, 449043, 449119, 449923, 449967, 451047, 451063, 452528, 452820, 453037, 453045, 455314, 455367, 455377, 455432, 455496, 455501, 455521, 455529, 455540, 455552, 455619, 455635, 455665, 455686, 455740, 455765, 455772, 455844, 455867, 455881, 455889, 455929, 455935, 455958, 455966, 456024, 456032, 456055, 456071, 456105, 456118, 456123, 456146, 456183, 456204, 456367, 456418, 456513, 456607, 456639, 456662, 456833, 456917, 456932, 456972, 457018, 457030, 457037, 457048, 457129, 457174, 457179, 457194, 457250, 457261, 457285, 457317, 457331, 457347, 457640, 460460, 460472, 460621, 460634, 460645, 460662, 460699, 462178, 462505, 463327, 463536, 463855, 464282, 464301, 464315, 464497, 464786, 464831, 465122, 465500, 465705, 465792, 465888, 465990, 466988, 467332, 467447, 467468, 467480, 467495, 467560, 467604, 467763, 467785, 468094, 469550, 469583, 469636, 469768, 472386, 472669, 473099, 473919, 474215, 475059, 475278, 475282, 478579, 478621, 478719, 480918, 481409, 481424, 481554, 481824, 482685, 485727, 485736, 485752, 485773, 486914, 489228, 489236, 489253, 489630, 489636, 491018, 491024, 491393, 491842, 491953, 492685, 496147, 496154, 496624, 496683, 496782, 497020, 497214, 497554, 497658, 497668, 497675, 497854, 499706, 500003, 500019, 500290, 500840, 500921, 500937, 501031, 502095, 502114, 502316, 502362, 502387, 502688, 503258, 503331, 504292, 504344, 504689, 504706, 504797, 504887, 504898, 504915, 504948, 504965, 504976, 505141, 505433, 505583, 505602, 505713, 506281, 506408, 506585, 506591, 506772, 506778, 506785, 507290, 507590, 507602, 507626, 507854, 508128, 508425, 508609, 508880, 509549, 509645, 509647, 509922, 510049, 510066, 510144, 511271, 511500, 511512, 511517, 511758, 511762, 511766, 511866, 512872, 512942, 513256, 513387, 513527, 513778, 514127, 514432, 514510, 514608, 514739, 514774, 514786, 514801, 515198, 515218, 515223, 515270, 515432, 515624, 515667, 515711, 515791, 515837, 515901, 515906, 515923, 515965, 516160, 516358, 516430, 516679, 516712, 517443, 517871, 517884, 517927, 518252, 518257, 518311, 518769, 518815, 518867, 518919, 519102, 519461, 519522, 519685, 519705, 519811, 519839, 519879, 519903, 519929, 519939, 520557, 520590, 520745, 520763, 521371, 521408, 521471, 521580, 521902, 522082, 522088, 522641, 522684, 522794, 522806, 522812, 523449, 524104, 524245, 524686, 525181, 525492, 525618, 525811, 526044, 526130, 526345, 527205, 527340, 527425, 527589, 527648, 527659, 527906, 527974, 528000, 528044, 528302, 528683, 528947, 529247, 529251, 529283, 529316, 529399, 529472, 529514, 529546, 529715, 529982, 529994, 530358, 530368, 530477, 530938, 531259, 531262, 531338, 531381, 531407, 531462, 531542, 531756, 531761, 531861, 531905, 531926, 532064, 532072, 532259, 532267, 532578, 532599, 532735, 532863, 532870, 533683, 533869, 533907, 533963, 534274, 534507, 534551, 534555, 534945, 534950, 535128, 535193, 535234, 535247, 535281, 535302, 535363, 535459, 535657, 535831, 535948, 536001, 536022, 536243, 536263, 536266, 536273, 536387, 536497, 538186, 538666, 538711, 539821, 539849, 539884, 540138, 540151, 540617, 540834, 540980, 542016, 542058, 542379, 542385, 542535, 542587, 542623, 542658, 542823, 543138, 543578, 544265, 544279, 544564, 545092, 546079, 546692, 546768, 546830, 546891, 547215, 547240, 547339, 547346, 547497, 547660, 547673, 547784, 547938, 548130, 548143, 548231, 548328, 548447, 548459, 548489, 548606, 548656, 548673, 548703, 548813, 548931, 548967, 549095, 549280, 549282, 549335, 549833, 550534, 550609, 550910, 551448, 552343, 552545, 552687, 552699, 552850, 552903, 552920, 553013, 553642, 553663, 553877, 553888, 555074, 555164, 555211, 555653, 556062, 556169, 556186, 556302, 556823, 557187, 557279, 557700, 557798, 558010, 558084, 558152, 558701, 559327, 560107, 560584, 560996, 561953, 562060, 562366, 562736, 562894, 563405, 563410, 563442, 563559, 563696, 563796, 563849, 563855, 563867, 563912, 564365, 564512, 564583, 564806, 564830, 564848, 564868, 564890, 564904, 564929, 564977, 564981, 565431, 565521, 565528, 565561, 565569, 565793, 566244, 566250, 566380, 566639, 566672, 566734, 566739, 566760, 566815, 566828, 567112, 567123, 567145, 567200, 567207, 567220, 567229, 567296, 567538, 567612, 567642, 567715, 567759, 567886, 567930, 568340, 568583, 569064, 569211, 569258, 569311, 569322, 569324, 569409, 569435, 569442, 569462, 569484, 569901, 569971, 570083, 570320, 570337, 570389, 570440, 570540, 570554, 571011, 571100, 571125, 571165, 571296, 571524, 571643, 571713, 571733, 571861, 571870, 572019, 572048, 572056, 572185, 572292, 572449, 572542, 572616, 572820, 572908, 573633, 573698, 573708, 573777, 573787, 573848, 573966, 574367, 574486, 574490, 574626, 574999, 575051, 575223, 575243, 575269, 575276, 575279, 575301, 575312, 575403, 575460, 575696, 575703, 575709, 575808, 575933, 576194, 576217, 576226, 576263, 576412, 576743, 576763, 576849, 576943, 577290, 577330, 577362, 577390, 577451, 577501, 577629, 577787, 577845, 577882, 578201, 578209, 578292, 578365, 578387, 578700, 578779, 578878, 578929, 579105, 579125, 579259, 579346, 579352, 579451, 579618, 579777, 579839, 579846, 579899, 580395, 580463, 580574, 581213, 581901, 582318, 582381, 582705, 582736, 582840, 582878, 582973, 583096, 583252, 583311, 583436, 583448, 583496, 583498, 583630, 583762, 583819, 583835, 583888, 583966, 584134, 584643, 585374, 585806, 586095, 586282, 586319, 586341, 586343, 586546, 586620, 586625, 586852, 586911, 586915, 587077, 587084, 587107, 588120, 588505, 588637, 589172, 589386, 589396, 590719, 590722, 591352, 591785, 591871, 592490, 592988, 593241, 593601, 593909, 594050, 595033, 595282, 595293, 595344, 595351, 595367, 595405, 595415, 595859, 596338, 596347, 596563, 596566, 596571, 596574, 596594, 596599, 597825, 599018, 599810, 600222, 600437, 600905, 600914, 600919, 600922, 600987, 600995, 601003, 601107, 601222, 602476, 602922, 602937, 603149, 603621, 603687, 603742, 603810, 603937, 603946, 604391, 604534, 604648, 604650, 604679, 605217, 605900, 606086, 606137, 606157, 606261, 606289, 606359, 606365, 607328, 609055, 609153, 609508, 609620, 609929, 609951, 610024, 611317, 611341, 611441, 611446, 611470, 611520, 611533, 611550, 611833, 611901, 613359, 617161, 617553, 618274, 618413, 618675, 619055, 619212, 619222, 619674, 619831, 619870, 619875, 620037, 620376, 620449, 620593, 621346, 621354, 621368, 621487, 621497, 621726, 621736, 621902, 621998, 622008, 622081, 622102, 622127, 622130, 622133, 622135, 624620, 625299, 625571, 625603, 625792, 625855, 625858, 626228, 626249, 627173, 627211, 627271, 627278, 627662, 627795, 627843, 627861, 628714, 628737, 629137, 630633, 630961, 631422, 631431, 632769, 632829, 632866, 632901, 632950, 633047, 633422, 633646, 633688, 633718, 633779, 633946, 633950, 633967, 633974, 633981, 633988, 633995, 634002, 634009, 634016, 634023, 634030, 634037, 634044, 634296, 634374, 634409, 634433, 634459, 634472, 634487, 634525, 634650, 634764, 634774, 634775, 634782, 634796, 634804, 634829, 634919, 634922, 634945, 634979, 635025, 635043, 635116, 635701, 635709, 635735, 635807, 635872, 636084, 636203, 636350, 636378, 636790, 636819, 636828, 636847, 637307, 637501, 637686, 637889, 637905, 637954, 638198, 638795, 638815, 638915, 639036, 639045, 639061, 639178, 639325, 639331, 639361, 639547, 639559, 639580, 639675, 639727, 639902, 639916, 639922, 639936, 639945, 639949, 639960, 640000, 640414, 640463, 640480, 640638]
6,1,[785]
8,4,[8, 137, 167, 217]
9,2,[1423, 2579]
10,2772,[391, 423, 431, 449, 563, 676, 766, 1014, 1024, 1086, 1526, 1535, 1687, 1694, 2268, 2675, 2707, 2723, 2762, 2799, 2836, 2875, 2914, 2954, 3006, 3073, 3109, 3123, 3158, 3188, 3769, 3790, 3802, 3944, 3973, 3978, 3990, 4061, 4074, 4129, 4158, 4193, 4228, 4243, 4272, 4329, 4373, 4955, 5039, 5117, 5140, 5182, 5355, 5420, 5456, 5508, 5555, 6084, 6812, 6972, 7003, 7193, 7288, 8612, 8619, 8700, 8923, 9674, 10279, 10513, 11023, 11912, 12234, 12238, 12244, 12293, 12530, 13044, 13522, 13708, 13826, 13847, 14215, 14219, 15116, 15134, 15384, 15548, 16007, 16630, 16653, 17940, 17950, 18129, 18136, 18340, 18526, 20462, 20475, 20503, 20507, 20653, 20869, 21067, 21119, 21127, 21152, 21179, 21478, 21526, 21554, 21645, 21700, 21713, 21765, 21786, 21805, 21813, 21835, 21873, 21925, 21988, 22001, 22041, 22442, 22908, 23671, 24203, 24242, 24385, 24403, 24410, 24466, 25155, 25679, 25722, 25785, 26422, 26583, 27033, 27037, 27427, 27487, 27497, 28168, 28935, 28981, 29056, 29074, 29097, 29103, 29142, 29165, 29174, 29178, 29191, 29284, 30270, 30384, 31075, 31334, 31363, 31789, 31909, 31932, 32047, 34380, 34421, 34519, 34700, 34972, 35004, 35047, 35689, 35705, 35708, 35803, 36241, 37213, 37340, 37345, 37392, 37600, 37650, 37739, 37836, 37841, 39257, 39355, 39393, 40394, 40413, 40700, 40719, 40915, 41112, 41123, 41441, 41479, 41547, 42677, 42711, 43431, 43449, 43454, 43785, 44519, 44977, 45532, 45852, 46623, 46629, 49549, 52189, 52504, 52509, 52520, 52526, 52741, 53583, 54281, 54787, 54873, 55262, 55330, 55451, 55654, 55674, 55680, 55793, 55839, 56020, 56093, 56102, 56132, 56174, 56238, 56281, 56339, 56457, 56586, 56594, 56608, 56617, 56622, 56642, 56676, 56699, 56717, 56727, 56749, 56794, 56824, 56936, 56999, 57340, 57349, 58602, 63449, 64479, 64626, 68106, 71178, 71200, 71237, 71911, 77059, 78043, 78189, 78294, 78300, 78307, 78329, 78349, 78355, 78362, 78395, 78401, 78408, 78442, 78448, 78455, 78488, 78494, 78501, 78534, 78540, 78547, 78584, 78590, 78597, 78628, 78634, 78641, 78674, 78680, 78687, 78720, 78726, 78733, 78766, 78772, 78779, 78813, 78819, 78826, 78838, 78860, 78864, 78881, 78890, 78892, 78912, 79152, 79155, 79190, 79193, 79221, 79224, 79234, 79239, 79288, 79291, 79325, 79328, 79357, 79360, 79372, 79377, 79459, 79462, 79491, 79494, 79523, 79526, 79536, 79541, 79587, 79590, 79624, 79627, 79656, 79659, 79670, 79675, 79696, 79708, 79715, 79730, 79815, 80083, 80158, 80175, 80178, 80304, 80418, 80432, 80559, 80583, 80675, 80678, 80793, 80799, 80831, 81710, 81715, 81723, 81726, 81757, 81798, 81808, 81820, 81849, 81891, 81897, 81906, 81929, 81982, 81985, 81999, 82014, 83042, 83437, 83443, 83447, 83670, 84858, 84888, 84923, 85445, 85589, 85671, 85675, 85925, 86084, 86662, 86879, 87506, 87509, 87574, 87617, 87623, 87634, 87788, 87898, 88109, 88116, 88350, 88623, 88629, 88699, 88746, 89244, 89441, 90109, 90236, 91183, 91298, 91304, 91520, 92594, 93145, 94604, 94725, 95192, 95361, 95635, 96103, 96408, 96883, 96914, 96982, 97283, 97286, 97316, 97467, 97478, 97495, 97515, 97534, 97578, 97618, 97632, 97708, 97724, 97778, 97831, 97857, 97860, 97897, 97900, 97960, 97964, 98009, 98012, 98021, 98079, 98115, 98222, 98225, 98239, 98260, 100744, 100814, 101431, 101447, 101464, 101583, 102758, 103051, 104910, 104919, 105865, 106189, 106261, 106279, 106308, 106317, 106912, 108280, 108651, 108671, 108795, 109341, 109906, 110197, 110204, 111068, 111656, 112042, 112434, 120792, 121487, 121505, 124191, 124344, 124353, 124767, 126369, 126519, 127050, 127094, 127652, 128399, 129064, 129139, 129149, 129218, 129540, 129970, 129983, 130037, 130078, 130090, 130234, 130251, 130384, 130508, 130520, 130623, 130639, 130675, 130687, 130705, 130774, 130798, 130805, 130835, 130842, 130893, 130923, 131768, 132247, 132960, 133074, 133089, 133104, 133105, 133117, 133288, 133343, 133352, 133379, 133667, 133679, 133894, 133968, 134044, 134069, 134255, 134366, 134392, 134607, 134629, 134842, 135013, 135091, 135147, 135207, 135271, 135323, 135342, 135383, 135515, 135597, 135752, 136920, 136944, 137130, 137270, 137498, 137504, 137670, 137767, 137903, 138094, 138613, 138634, 138744, 138841, 138935, 139033, 139532, 139593, 139725, 139775, 139927, 140157, 140349, 140862, 140994, 141148, 141295, 141400, 141529, 141635, 141641, 141657, 141667, 141677, 142031, 142643, 143705, 145174, 145237, 145326, 145619, 145945, 146081, 146097, 146556, 146982, 147162, 147181, 147201, 147227, 147289, 147621, 148375, 148570, 148586, 148769, 148922, 148948, 149141, 149173, 149459, 149584, 149597, 149777, 149787, 149798, 149866, 149945, 150000, 150873, 150993, 151027, 151063, 151143, 151209, 151252, 151317, 151331, 151359, 151742, 151925, 152031, 152764, 153014, 153111, 153856, 154845, 155035, 155180, 155212, 155279, 155307, 155693, 155765, 155769, 155872, 155880, 155943, 156038, 156298, 156395, 156424, 156625, 156677, 156789, 156799, 156805, 156908, 156941, 157037, 157372, 157387, 157472, 157531, 157665, 157869, 158029, 158203, 158289, 158309, 158320, 158342, 158353, 158670, 158821, 158961, 159034, 159078, 159090, 159342, 159347, 159443, 160041, 160186, 161623, 161926, 162569, 162580, 162732, 163105, 163884, 163954, 164023, 164137, 164230, 164364, 164538, 164793, 165150, 165221, 165591, 165609, 165694, 165740, 165773, 165877, 166365, 166411, 166428, 166683, 166825, 166901, 166904, 166978, 167037, 167453, 167480, 167978, 168023, 168083, 168088, 168847, 168856, 168924, 168971, 168976, 169038, 169097, 169231, 169249, 169393, 169470, 169473, 169774, 169839, 169859, 169920, 169949, 169976, 170025, 170074, 170132, 170162, 170228, 170511, 170694, 170706, 171737, 172163, 172183, 172385, 172440, 172544, 172666, 172858, 174165, 174635, 175072, 176006, 176317, 176412, 176431, 176568, 177163, 177433, 178112, 178140, 178266, 178282, 178469, 178474, 178482, 178487, 178491, 178501, 179188, 179263, 179600, 180031, 180171, 181067, 181312, 181341, 181380, 181389, 181407, 181514, 181525, 181542, 181701, 181835, 181863, 182019, 182024, 182030, 182035, 182040, 182045, 182050, 182055, 182063, 182071, 182076, 182081, 182086, 182098, 182241, 182250, 182267, 182678, 182710, 182914, 182924, 182928, 182933, 183054, 183095, 183398, 183567, 183798, 183854, 184201, 184291, 184500, 184557, 184704, 184710, 184719, 184753, 185356, 185369, 185613, 187000, 187200, 187224, 187544, 187701, 187792, 187901, 187924, 187953, 187970, 188052, 188058, 188492, 188646, 188784, 189572, 190063, 190068, 190341, 191301, 191559, 191710, 191775, 191846, 192010, 192054, 192576, 192790, 193536, 193576, 193757, 193779, 193960, 194953, 195143, 195438, 195883, 195983, 196088, 196282, 196314, 196377, 196561, 196619, 196841, 196968, 197197, 197352, 197401, 197438, 197469, 197521, 198144, 198153, 198202, 198855, 198870, 199542, 200322, 200528, 200531, 200800, 200932, 202272, 202318, 202576, 202613, 202842, 203032, 203109, 203214, 203508, 203542, 203612, 204160, 204173, 204291, 204300, 204349, 204358, 204367, 204514, 204531, 204573, 204634, 204680, 204825, 204859, 204875, 204881, 204910, 205002, 205014, 205061, 205122, 205130, 205134, 205153, 205179, 205215, 205227, 205235, 205270, 205275, 205286, 205315, 205452, 205469, 205497, 205542, 205569, 205802, 205823, 205827, 205908, 205919, 205967, 206927, 207979, 207989, 207997, 208008, 208033, 208053, 208059, 208487, 208631, 208675, 208686, 208690, 209562, 209909, 210080, 210120, 210448, 210666, 211759, 211899, 212194, 212304, 212743, 212826, 213616, 213628, 213747, 213854, 213966, 214035, 216335, 216716, 216917, 217010, 217013, 217138, 217761, 217825, 219285, 219371, 220085, 220153, 220246, 220263, 220430, 220616, 221026, 221185, 221194, 221537, 222294, 222361, 222557, 223682, 223711, 224147, 224221, 224424, 225599, 226524, 226619, 227245, 227249, 227457, 227665, 227696, 228086, 228393, 229126, 229321, 229604, 230020, 230290, 230311, 230745, 231295, 231404, 231566, 231745, 232536, 232835, 233687, 233812, 234037, 234041, 234046, 234280, 235142, 236176, 236217, 236337, 236382, 236393, 236486, 236538, 236542, 236650, 236753, 236790, 236885, 236904, 237660, 237853, 237887, 237991, 238010, 238054, 238115, 238236, 238241, 238265, 238445, 238468, 238527, 238745, 238798, 239163, 239221, 239257, 239304, 239369, 239526, 239559, 239569, 239645, 239733, 239841, 239942, 239947, 239993, 240015, 240052, 240117, 240162, 240239, 240286, 240346, 240354, 240488, 240521, 240593, 240604, 240614, 240659, 240682, 240766, 240776, 240792, 240801, 240864, 240934, 240991, 241059, 241113, 241153, 241215, 241286, 241326, 241355, 241362, 241370, 241457, 241724, 242106, 242134, 242319, 242328, 242334, 242383, 242532, 242624, 242648, 242705, 242735, 242784, 242809, 242853, 242949, 243051, 243061, 243085, 243131, 243228, 243403, 243427, 243463, 243529, 243551, 243585, 243697, 243785, 243844, 243854, 243869, 243892, 243898, 243908, 243925, 244043, 244194, 244217, 244244, 244264, 244302, 244307, 244313, 244351, 244365, 244368, 244385, 244390, 244441, 244499, 244511, 244532, 244536, 244548, 244639, 244697, 244829, 244842, 245115, 245285, 245600, 245815, 245824, 245956, 245962, 246003, 246212, 246225, 246231, 246261, 246288, 246330, 246398, 246411, 246425, 246432, 246453, 246546, 246555, 246573, 247125, 247582, 247643, 247677, 248113, 248470, 248473, 248511, 249265, 249459, 249482, 249614, 249623, 249740, 249742, 249847, 249872, 249897, 249912, 249999, 250086, 250110, 250169, 250214, 250245, 250363, 250649, 250974, 251024, 251509, 251535, 251547, 251554, 251588, 251614, 251624, 251633, 251656, 251716, 251724, 251739, 251753, 251826, 251841, 251910, 252116, 252130, 252138, 252158, 252176, 252318, 252350, 252412, 252454, 252614, 252638, 252676, 252685, 252727, 252737, 252747, 252757, 252767, 252777, 252787, 252797, 252807, 252817, 252827, 252837, 252847, 252857, 252867, 252877, 252887, 252897, 252907, 252919, 252931, 252943, 252955, 252976, 253002, 253038, 253050, 253065, 253090, 253142, 253146, 253233, 253304, 253315, 253373, 253458, 253482, 253524, 253529, 253543, 253617, 253638, 253679, 253703, 253749, 253768, 253790, 253812, 253833, 253854, 253875, 253897, 253917, 254007, 254144, 254175, 254209, 255191, 255361, 256654, 256670, 256940, 257016, 257178, 257223, 257400, 257417, 257441, 257526, 257611, 257735, 257755, 257838, 257848, 257891, 257902, 257904, 257916, 257963, 259928, 259945, 259952, 259986, 260001, 260552, 260688, 260697, 260744, 260755, 260759, 260996, 261153, 261193, 261476, 261637, 261925, 261963, 262246, 262623, 262719, 263013, 263120, 263130, 263140, 263300, 263584, 263833, 264232, 264297, 265110, 266095, 266101, 266152, 266201, 266370, 266471, 266475, 266520, 266804, 266861, 267069, 267112, 267290, 267570, 267577, 267608, 267763, 268361, 268672, 269105, 269468, 269830, 269962, 270515, 270771, 270786, 271004, 271888, 271967, 271995, 272005, 272016, 272052, 272066, 272309, 272472, 272507, 272551, 272556, 272652, 272857, 273077, 273240, 273293, 273408, 273421, 273435, 273546, 273724, 273805, 273964, 273993, 275122, 275370, 275401, 275407, 275421, 275976, 276015, 276084, 276206, 276217, 276410, 276439, 276508, 276559, 277279, 277559, 277669, 277685, 278257, 278265, 278289, 278340, 278345, 278349, 278401, 278411, 278423, 278538, 278660, 278776, 278927, 279630, 279664, 279770, 279862, 279988, 280107, 280626, 280631, 280657, 281426, 281758, 282123, 282191, 282295, 282450, 283092, 283130, 283170, 283487, 283680, 284120, 284127, 285268, 285278, 285512, 285699, 285722, 285740, 285854, 286067, 286113, 286121, 286157, 286586, 286592, 286629, 286695, 286772, 286778, 287361, 287369, 287394, 287444, 287452, 287503, 287658, 287760, 288046, 288054, 288185, 288267, 288704, 288969, 288982, 289417, 289448, 290102, 290204, 290351, 290369, 290383, 290401, 290430, 290590, 290636, 290671, 290701, 290759, 290779, 290833, 290843, 291259, 291340, 291641, 291716, 292273, 292284, 292304, 292324, 292973, 292995, 293047, 293130, 293221, 293364, 293423, 293464, 293503, 293512, 293540, 293624, 293781, 293810, 293846, 294793, 295166, 295701, 295808, 296222, 296331, 296362, 296420, 296488, 296948, 297025, 297240, 297259, 297384, 298251, 298810, 299039, 299049, 299886, 299953, 302128, 302818, 303075, 303080, 303085, 303607, 304184, 305596, 305881, 305921, 306212, 306235, 306267, 306271, 306279, 306789, 306880, 307105, 307250, 307571, 308190, 309884, 311082, 313266, 313311, 313336, 313758, 313924, 313942, 313982, 314041, 314048, 314078, 314130, 314331, 314338, 315140, 315146, 317468, 317723, 317728, 318153, 319602, 320910, 321131, 321362, 321373, 321919, 322508, 322552, 322584, 322923, 322964, 322975, 322980, 325509, 325631, 326952, 328121, 328126, 328593, 328603, 328712, 328746, 329009, 329089, 329565, 329574, 329788, 331895, 335182, 336024, 336039, 336080, 336133, 336153, 338843, 341202, 343025, 343029, 344721, 347784, 347791, 347799, 347894, 357197, 357239, 358029, 359101, 359625, 361200, 362202, 362611, 365188, 365359, 366289, 367621, 369074, 373842, 373907, 374232, 375551, 375559, 376990, 378889, 379016, 379232, 379236, 379241, 379468, 380929, 381054, 381997, 383905, 383915, 386355, 386904, 387006, 391226, 392745, 395156, 395170, 395547, 396362, 396372, 397806, 397816, 398065, 399535, 400914, 400934, 401826, 404201, 405594, 405654, 406712, 406777, 408142, 409675, 409720, 410783, 410802, 411067, 411433, 414055, 414107, 414145, 414326, 415579, 415763, 415872, 416032, 416355, 416541, 417842, 417850, 417917, 418029, 418041, 418080, 418194, 418204, 418240, 418270, 418424, 418459, 418470, 418585, 418591, 418660, 418673, 418725, 418771, 418786, 418791, 418843, 418906, 419133, 419328, 419663, 420423, 422860, 424008, 424563, 426624, 426785, 426859, 426961, 427039, 427045, 427058, 427101, 427107, 427131, 427233, 427298, 428083, 428131, 429439, 429469, 429474, 429479, 429546, 429944, 430087, 430203, 430248, 430299, 430305, 430312, 430433, 430458, 430462, 430467, 430489, 430496, 430511, 430539, 430546, 430587, 430726, 433216, 433983, 434276, 434308, 434433, 434718, 434775, 434823, 434873, 434915, 437098, 437136, 437180, 437221, 438680, 438746, 439174, 440690, 440970, 441299, 441310, 442836, 443421, 443439, 443455, 443465, 443474, 443501, 443528, 444396, 446326, 446334, 446336, 446347, 446359, 446370, 446394, 446403, 446446, 446475, 446480, 446528, 446581, 446608, 446618, 446647, 446651, 447962, 448890, 448962, 448971, 449002, 449213, 449289, 450093, 450137, 451217, 451233, 452698, 452990, 453207, 453215, 455484, 455537, 455547, 455602, 455666, 455671, 455691, 455699, 455710, 455722, 455789, 455805, 455835, 455856, 455910, 455935, 455942, 456014, 456037, 456051, 456059, 456099, 456105, 456128, 456136, 456194, 456202, 456225, 456241, 456275, 456288, 456293, 456316, 456353, 456374, 456537, 456588, 456683, 456777, 456809, 456832, 457003, 457087, 457102, 457142, 457188, 457200, 457207, 457218, 457299, 457344, 457349, 457364, 457420, 457431, 457455, 457487, 457501, 457517, 457810, 460630, 460642, 460791, 460804, 460815, 460832, 460869, 462349, 462676, 463498, 463707, 464026, 464453, 464472, 464486, 464668, 464957, 465002, 465293, 465671, 465876, 465963, 466059, 466161, 467159, 467503, 467618, 467639, 467651, 467666, 467731, 467775, 467934, 467956, 468265, 469721, 469754, 469807, 469939, 472556, 472839, 473269, 474089, 474385, 475229, 475448, 475452, 478747, 478789, 478887, 481085, 481575, 481590, 481720, 481990, 482850, 485891, 485900, 485916, 485937, 487077, 489389, 489397, 489414, 489790, 489796, 491178, 491184, 491553, 492002, 492113, 492845, 496316, 496323, 496793, 496852, 496951, 497189, 497383, 497723, 497827, 497837, 497844, 498023, 499875, 500172, 500188, 500459, 501009, 501090, 501106, 501200, 502264, 502283, 502485, 502531, 502556, 502857, 503427, 503500, 504461, 504513, 504858, 504875, 504966, 505056, 505067, 505084, 505117, 505134, 505145, 505310, 505602, 505752, 505771, 505882, 506450, 506577, 506754, 506760, 506941, 506947, 506954, 507459, 507759, 507771, 507795, 508023, 508297, 508594, 508778, 509049, 509718, 509814, 509816, 510091, 510218, 510235, 510313, 511440, 511669, 511681, 511686, 511927, 511931, 511935, 512035, 513041, 513111, 513425, 513556, 513696, 513947, 514296, 514601, 514679, 514777, 514908, 514943, 514955, 514970, 515367, 515387, 515392, 515439, 515604, 515796, 515839, 515883, 515963, 516009, 516073, 516078, 516095, 516137, 516332, 516530, 516602, 516851, 516884, 517615, 518043, 518056, 518099, 518424, 518429, 518483, 518941, 518987, 519039, 519091, 519274, 519633, 519694, 519857, 519877, 519983, 520011, 520051, 520075, 520101, 520111, 520729, 520762, 520917, 520935, 521543, 521580, 521643, 521752, 522074, 522254, 522260, 522813, 522856, 522966, 522978, 522984, 523621, 524276, 524417, 524858, 525353, 525664, 525790, 525983, 526216, 526302, 526517, 527377, 527512, 527597, 527761, 527820, 527831, 528081, 528149, 528175, 528219, 528477, 528858, 529122, 529422, 529426, 529458, 529491, 529574, 529647, 529689, 529721, 529890, 530157, 530169, 530533, 530543, 530652, 531113, 531434, 531437, 531513, 531556, 531582, 531637, 531717, 531931, 531936, 532036, 532080, 532101, 532239, 532247, 532434, 532442, 532753, 532774, 532910, 533038, 533045, 533858, 534044, 534082, 534138, 534449, 534682, 534726, 534730, 535120, 535125, 535303, 535368, 535409, 535422, 535456, 535477, 535538, 535634, 535832, 536006, 536123, 536176, 536197, 536418, 536438, 536441, 536448, 536562, 536672, 538361, 538841, 538886, 539996, 540024, 540059, 540313, 540326, 540792, 541009, 541155, 542191, 542233, 542554, 542560, 542710, 542762, 542798, 542833, 542998, 543313, 543753, 544440, 544454, 544739, 545267, 546254, 546867, 546943, 547005, 547066, 547390, 547415, 547514, 547521, 547672, 547835, 547848, 547959, 548113, 548305, 548318, 548406, 548503, 548622, 548634, 548664, 548781, 548831, 548848, 548878, 548988, 549106, 549145, 549273, 549458, 549460, 549513, 550011, 550712, 550787, 551088, 551626, 552521, 552723, 552865, 552877, 553028, 553081, 553098, 553191, 553820, 553841, 554055, 554066, 555252, 555342, 555389, 555831, 556240, 556347, 556364, 556480, 557001, 557365, 557457, 557878, 557976, 558188, 558262, 558330, 558879, 559505, 560285, 560762, 561174, 562131, 562238, 562544, 562914, 563072, 563583, 563588, 563620, 563737, 563874, 563974, 564027, 564033, 564045, 564090, 564545, 564692, 564763, 564986, 565010, 565028, 565048, 565070, 565084, 565109, 565157, 565161, 565611, 565701, 565708, 565741, 565749, 565973, 566424, 566430, 566560, 566819, 566852, 566914, 566919, 566940, 566995, 567008, 567292, 567303, 567325, 567380, 567387, 567400, 567409, 567476, 567718, 567792, 567822, 567895, 567939, 568066, 568110, 568520, 568763, 569244, 569391, 569438, 569491, 569502, 569504, 569589, 569615, 569622, 569642, 569664, 570081, 570151, 570263, 570500, 570517, 570569, 570620, 570720, 570734, 571191, 571280, 571305, 571345, 571476, 571704, 571823, 571893, 571913, 572041, 572050, 572199, 572228, 572236, 572365, 572472, 572629, 572722, 572796, 573000, 573088, 573813, 573878, 573888, 573957, 573967, 574028, 574146, 574547, 574666, 574670, 574806, 575179, 575231, 575403, 575423, 575449, 575456, 575459, 575481, 575492, 575583, 575640, 575876, 575883, 575889, 575988, 576113, 576374, 576397, 576406, 576443, 576592, 576923, 576943, 577029, 577123, 577470, 577510, 577542, 577570, 577631, 577681, 577809, 577967, 578025, 578062, 578381, 578389, 578472, 578545, 578567, 578880, 578959, 579058, 579109, 579285, 579305, 579439, 579526, 579532, 579631, 579798, 579957, 580019, 580026, 580079, 580575, 580643, 580754, 581393, 582081, 582498, 582561, 582885, 582916, 583020, 583058, 583153, 583276, 583432, 583491, 583616, 583628, 583676, 583678, 583810, 583942, 583999, 584015, 584068, 584146, 584314, 584828, 585559, 585991, 586280, 586467, 586504, 586526, 586528, 586731, 586805, 586810, 587037, 587096, 587100, 587262, 587269, 587292, 588305, 588690, 588822, 589357, 589571, 589581, 590904, 590907, 591537, 591976, 592062, 592681, 593179, 593432, 593792, 594100, 594241, 595224, 595473, 595484, 595535, 595542, 595558, 595596, 595606, 596050, 596529, 596538, 596754, 596757, 596762, 596765, 596785, 596790, 598016, 599215, 600007, 600419, 600634, 601102, 601111, 601116, 601119, 601184, 601192, 601200, 601304, 601419, 602673, 603119, 603134, 603346, 603823, 603889, 603944, 604012, 604139, 604148, 604593, 604736, 604850, 604852, 604881, 605419, 606107, 606293, 606344, 606364, 606468, 606496, 606566, 606572, 607535, 609267, 609365, 609720, 609832, 610146, 610168, 610241, 611540, 611564, 611664, 611669, 611693, 611743, 611756, 611773, 612056, 612124, 613588, 617404, 617800, 618526, 618665, 618927, 619307, 619464, 619474, 619926, 620083, 620122, 620127, 620289, 620628, 620701, 620845, 621598, 621606, 621620, 621739, 621749, 621978, 621988, 622154, 622250, 622260, 622333, 622354, 622379, 622382, 622385, 622387, 624874, 625556, 625828, 625860, 626049, 626112, 626115, 626485, 626506, 627433, 627471, 627531, 627538, 627922, 628055, 628103, 628121, 628977, 629000, 629400, 630904, 631232, 631697, 631706, 633044, 633104, 633141, 633176, 633225, 633322, 633697, 633921, 633963, 633993, 634054, 634221, 634225, 634242, 634249, 634256, 634263, 634270, 634277, 634284, 634291, 634298, 634305, 634312, 634319, 634571, 634649, 634684, 634708, 634734, 634747, 634762, 634800, 634925, 635039, 635049, 635050, 635057, 635071, 635079, 635104, 635194, 635197, 635220, 635254, 635300, 635318, 635391, 635976, 635984, 636010, 636082, 636147, 636359, 636478, 636625, 636653, 637065, 637094, 637103, 637122, 637582, 637776, 637961, 638164, 638180, 638229, 638473, 639070, 639090, 639190, 639311, 639320, 639336, 639453, 639600, 639606, 639636, 639822, 639834, 639855, 639950, 640002, 640177, 640191, 640197, 640211, 640220, 640224, 640235, 640275, 640689, 640738, 640755, 640913]
11,85,[371, 563, 695, 904, 912, 983, 1146, 1648, 1815, 2216, 2342, 3035, 3365, 3396, 3903, 3950, 4647, 4815, 5766, 6194, 6282, 7640, 7781, 8755, 9042, 9713, 9744, 9748, 10419, 10500, 10514, 10545, 11234, 11568, 11595, 11607, 11658, 11841, 11979, 11994, 12015, 12179, 12338, 12342, 12603, 12625, 12646, 12661, 12858, 12868, 12890, 13041, 13140, 13336, 13474, 14088, 14157, 14165, 14852, 15102, 15133, 15159, 15179, 15193, 15585, 15636, 16251, 17024, 17040, 17195, 17531, 17851, 18046, 18050, 18098, 18183, 18192, 19236, 19666, 19708, 20085, 20146, 20161, 20745, 20755]
12,80,[163, 737, 870, 872, 1090, 1188, 1787, 1853, 2346, 2649, 2769, 3447, 3644, 3919, 4320, 4492, 5495, 6973, 7351, 7454, 7505, 7647, 7764, 7803, 7831, 7891, 8133, 8147, 8152, 8160, 8173, 8273, 8280, 8477, 8637, 9667, 9747, 10267, 10277, 10369, 11063, 11151, 11249, 11375, 11532, 11539, 11742, 12193, 12238, 12791, 12928, 13527, 13562, 14484, 15273, 15394, 15397, 15500, 15893, 15930, 16049, 16631, 16900, 16936, 19273, 19778, 20740, 21092, 21217, 21404, 21702, 21709, 21715, 21734, 21740, 22013, 22078, 22657, 23130, 23295]
13,12,[174, 779, 930, 1202, 1305, 1396, 1413, 1471, 1795, 2089, 2325, 3861]
14,24,[4060, 15594, 21436, 32751, 42951, 43614, 55369, 66435, 78833, 80237, 93747, 95866, 101291, 113565, 119659, 136498, 136501, 136523, 138499, 147931, 157830, 166374, 183349, 192394]
15,683,[1122, 1129, 1581, 1892, 2310, 2408, 3096, 3512, 3836, 3895, 3901, 3936, 4012, 4787, 5225, 5414, 5473, 5535, 5787, 5938, 6410, 6506, 6516, 6568, 6580, 7063, 7088, 8751, 9470, 9594, 9811, 9848, 9854, 10033, 10166, 10212, 10708, 10782, 11174, 11250, 11270, 11393, 11500, 11693, 12029, 12284, 12316, 13027, 13201, 13319, 13415, 13536, 13572, 14110, 14171, 14344, 14351, 15744, 17207, 17408, 17977, 18156, 18286, 18337, 18390, 18424, 18522, 18529, 18905, 18978, 19189, 19241, 19247, 19470, 19506, 19785, 19794, 20132, 20226, 20237, 20535, 20728, 20769, 20926, 20957, 20966, 21219, 21269, 21339, 21419, 22380, 22863, 23409, 23582, 23601, 23622, 23734, 25447, 25620, 25817, 27410, 28831, 29043, 29063, 29077, 29205, 29802, 30287, 30326, 30345, 31258, 31267, 31283, 31321, 31345, 32316, 32407, 32572, 32694, 32823, 32831, 32985, 32995, 33525, 33621, 33653, 33705, 33727, 33761, 34461, 34565, 34581, 35137, 35194, 35359, 35685, 36267, 36327, 36710, 37113, 37653, 37685, 37697, 37704, 37768, 37984, 38269, 38301, 38486, 38576, 38668, 39409, 39437, 39587, 39745, 39786, 40552, 40658, 41163, 41197, 41469, 42134, 42209, 42216, 45868, 45912, 45928, 46684, 46812, 46860, 46920, 47144, 47230, 47356, 47802, 48113, 48183, 48199, 48227, 48544, 48676, 48686, 49490, 49855, 50124, 50327, 50337, 50374, 50522, 52299, 52311, 52648, 52878, 53845, 54611, 54771, 54779, 55160, 55169, 55365, 55532, 55539, 55568, 55831, 55992, 56169, 56213, 56501, 56694, 57203, 57357, 57459, 58253, 58560, 58759, 59143, 59337, 59807, 60222, 60534, 60574, 60857, 60869, 60972, 60981, 60985, 61120, 61497, 61566, 61634, 61641, 61665, 61726, 62244, 62953, 63176, 63640, 63824, 63849, 63950, 64248, 64267, 64339, 64371, 64560, 64589, 64646, 65324, 65327, 65393, 65409, 65485, 65553, 65800, 66115, 66131, 66258, 66264, 66448, 66794, 66800, 66899, 66910, 67011, 67061, 67683, 67830, 67931, 68142, 68682, 68817, 68841, 68865, 69168, 69241, 69527, 69578, 69636, 69781, 69785, 69892, 69948, 70075, 70145, 70151, 70596, 70806, 70895, 71490, 71641, 71814, 72020, 72052, 72218, 72265, 72438, 72485, 72492, 72732, 72889, 73034, 73049, 73216, 73313, 73475, 73480, 73509, 73637, 74604, 75083, 75184, 75411, 76176, 76457, 77278, 77284, 77873, 78005, 78390, 78583, 78636, 78703, 78846, 79098, 79111, 79383, 79501, 79507, 79567, 79985, 80118, 80300, 80395, 80741, 81024, 81030, 81558, 81855, 83999, 84733, 84886, 85855, 85876, 86715, 86801, 86827, 86839, 87554, 87656, 87883, 88042, 88290, 88518, 90198, 90228, 90627, 90664, 90843, 91104, 91815, 91838, 92523, 92550, 92631, 92740, 93315, 93745, 94283, 94584, 94750, 95846, 96764, 97013, 97355, 97434, 98220, 98555, 98801, 98925, 99050, 99502, 99726, 99735, 99783, 99988, 100111, 100557, 100566, 101032, 101047, 101293, 101630, 101649, 102000, 102186, 102250, 102492, 102933, 102962, 103320, 103345, 103721, 103932, 104370, 105723, 106397, 107304, 107913, 107976, 107985, 108246, 108292, 108318, 108836, 109112, 109253, 109307, 109550, 109797, 109963, 109968, 110054, 110314, 110334, 110600, 110641, 110653, 110769, 110836, 111121, 111266, 112024, 112112, 112852, 113280, 115204, 115261, 115832, 116176, 117118, 117315, 117649, 117693, 117785, 117944, 117990, 118008, 118042, 118098, 118222, 118430, 118461, 118657, 118676, 118754, 118834, 118865, 118973, 119270, 119715, 119757, 121493, 121781, 121824, 122020, 122123, 123018, 123346, 123636, 124336, 124418, 124910, 125040, 125165, 125184, 125312, 125329, 125539, 125564, 125587, 125938, 127164, 127465, 127478, 127485, 127591, 128600, 128766, 128852, 129156, 129325, 129328, 129431, 129561, 129794, 130321, 130333, 130841, 131080, 132800, 133436, 133441, 133705, 134025, 135423, 135583, 135602, 135687, 135884, 135963, 135967, 136086, 136207, 136227, 136264, 136580, 136757, 136844, 137354, 137359, 137474, 137998, 138525, 138544, 138597, 138901, 140398, 140787, 140821, 140831, 140835, 141251, 141833, 142352, 142585, 142863, 144197, 144563, 144870, 144915, 144920, 144938, 145037, 145045, 145057, 145401, 145569, 145688, 145871, 145983, 146365, 146723, 146736, 146784, 147280, 147587, 148136, 148287, 148407, 148739, 148749, 148849, 149002, 149531, 149645, 149659, 149754, 149897, 149934, 149972, 149983, 150005, 150022, 150274, 150363, 150367, 150386, 150787, 151131, 152083, 152724, 152882, 152984, 153121, 154083, 154169, 154203, 154388, 154495, 154719, 154822, 154855, 154941, 155077, 155324, 155425, 155624, 155839, 156160, 156199, 156214, 156241, 156395, 156487, 157712, 157818, 157820, 157868, 157974, 158167, 158242, 158261, 158606, 159516, 159535, 159645, 159829, 160424, 160452, 160501, 160762, 161120, 161261, 161384, 161409, 161591, 161792, 162095, 162443, 162475, 162560, 162633, 162638, 162647, 162793, 162842, 162868, 162898, 163016, 163551, 164358, 164685, 164850, 165078, 165247, 165315, 165444, 165554, 165570, 165602, 165606, 166215, 166402, 166564, 167137, 167681, 167695, 167752, 167783, 167854, 167859, 167885, 168389, 168407, 168442, 168713, 168995, 169043, 169358, 169957, 170136, 170841, 171094, 171118, 171643, 171977, 171992, 172397, 172404, 172846, 172924, 173007, 173694]
16,247,[420, 423, 448, 466, 481, 777, 818, 973, 1325, 1498, 1844, 1995, 2031, 2135, 2210, 2220, 2312, 2345, 3400, 3629, 3638, 3667, 3674, 3774, 4108, 4214, 4654, 4757, 4796, 4807, 4887, 4952, 5136, 5187, 5510, 5858, 6193, 6460, 6522, 6599, 6848, 7030, 7182, 7396, 7489, 7582, 7867, 7910, 7924, 8145, 8203, 8261, 8318, 8349, 8362, 8454, 8615, 8689, 8800, 9133, 9198, 9385, 9392, 9429, 9461, 9475, 9505, 9659, 9701, 9862, 10274, 10625, 10631, 10638, 10647, 10656, 10663, 10677, 10693, 10727, 11040, 11044, 11054, 11264, 11382, 11952, 12378, 12738, 12762, 13035, 13058, 13077, 13523, 14173, 14192, 14213, 14265, 14404, 14494, 14740, 14813, 14914, 15021, 15056, 15132, 15186, 15323, 15445, 15647, 16004, 16126, 16174, 16421, 16483, 16497, 16534, 16585, 16609, 16719, 16749, 16823, 16838, 16842, 16850, 16855, 16957, 17107, 17417, 17481, 17698, 17791, 17817, 18161, 18191, 18366, 18712, 19036, 19282, 19467, 19615, 19718, 19956, 19967, 20006, 20052, 20475, 20525, 20664, 20744, 20970, 21237, 21274, 21539, 21649, 21657, 21802, 22328, 22701, 23026, 23176, 23413, 23766, 24119, 24136, 24142, 24546, 24702, 24708, 24716, 25023, 25149, 25157, 25226, 25256, 25328, 25437, 25566, 25644, 25835, 26033, 26040, 26133, 26144, 26183, 26286, 26381, 26531, 26575, 26608, 26702, 26708, 26968, 27167, 27940, 27957, 28259, 28483, 28599, 28688, 28874, 29240, 29424, 29584, 29784, 29873, 29881, 29885, 30001, 30964, 31392, 31563, 31765, 31787, 31819, 31837, 31875, 32409, 32451, 32466, 32779, 32837, 32848, 32886, 32919, 32966, 33231, 34025, 34084, 34103, 34508, 34527, 34602, 34928, 34950, 35147, 35190, 35666, 35907, 36475, 36610, 36667, 36772, 36787, 36812, 36885, 37483, 37809]
17,2018,[109, 122, 1448, 1632, 1683, 1918, 1924, 2470, 2537, 2786, 2850, 3111, 3157, 3645, 3653, 3699, 3941, 4303, 4339, 4447, 4521, 4581, 4978, 5254, 5270, 5339, 5360, 5409, 6002, 6065, 6128, 6150, 6179, 6193, 6205, 6210, 6221, 6297, 6305, 6342, 6387, 6840, 7162, 7175, 8103, 8130, 8199, 8203, 8227, 8241, 8309, 8320, 8340, 8473, 8584, 8592, 8599, 8686, 8794, 8875, 9408, 9461, 9467, 9495, 9507, 9544, 9578, 9595, 9927, 9984, 10493, 11155, 11177, 11181, 11197, 11266, 11276, 11308, 11519, 11521, 11764, 11786, 11856, 12379, 12402, 12740, 12992, 12995, 13070, 13193, 13347, 13449, 13520, 13710, 13739, 13825, 14021, 14173, 14245, 14270, 14367, 14414, 14749, 14797, 14817, 14878, 14931, 14935, 15010, 15061, 15067, 15072, 15111, 15127, 15133, 15142, 15209, 15267, 15305, 15310, 15318, 15366, 15544, 15570, 15597, 15730, 15755, 15837, 15841, 16003, 16146, 16460, 16525, 16564, 16665, 16710, 16738, 16762, 16775, 16850, 16870, 16885, 16896, 16915, 16948, 16967, 17116, 17134, 17164, 17330, 17598, 17606, 18067, 18095, 18164, 18394, 19527, 19573, 20837, 21679, 22172, 22767, 22795, 22846, 22875, 22885, 22888, 23274, 24469, 25223, 25247, 25292, 25359, 25415, 25434, 25464, 25482, 25490, 25639, 25678, 26282, 27382, 27909, 29374, 29385, 29390, 32232, 32395, 33329, 34667, 36156, 36835, 36868, 36874, 37029, 37224, 38835, 39280, 39845, 39978, 41870, 43508, 43676, 43958, 44530, 44573, 44597, 44693, 44797, 44809, 44827, 44847, 44850, 44854, 45675, 45744, 45796, 46056, 46331, 46653, 46829, 47226, 48952, 50069, 50256, 50945, 51455, 51584, 51598, 51660, 51772, 52254, 52267, 52429, 52437, 52500, 52543, 52551, 52966, 52971, 52985, 52990, 53022, 53520, 53816, 53824, 53832, 53858, 53928, 54030, 54382, 54413, 54854, 55085, 55105, 55250, 55265, 55277, 55303, 55322, 55368, 55828, 55880, 55891, 55904, 55937, 56010, 56283, 56928, 58061, 58114, 58122, 58677, 58869, 59919, 60435, 60818, 60840, 60850, 60856, 60859, 60862, 60876, 60885, 60894, 60952, 61096, 61929, 62125, 62136, 62184, 62252, 62576, 62773, 62798, 62814, 62822, 62844, 63050, 63057, 63123, 63162, 63244, 63321, 63600, 63604, 63644, 63717, 63724, 63742, 63756, 63764, 63775, 63828, 63841, 63860, 63892, 63911, 64270, 64280, 64316, 64424, 64432, 64646, 64710, 64732, 65004, 65097, 65454, 66819, 66868, 66894, 66918, 66959, 67118, 67805, 67892, 67914, 68428, 68438, 68663, 68671, 68694, 69463, 69477, 69517, 69779, 69841, 69852, 69858, 69866, 69936, 69962, 70103, 70117, 70305, 70343, 70353, 70388, 70410, 70444, 70572, 70701, 70770, 70866, 70915, 70954, 70986, 71002, 71022, 71119, 71361, 71412, 71539, 72053, 72061, 72183, 72319, 72367, 72390, 72667, 72784, 72789, 72829, 72941, 73087, 73129, 73144, 73152, 73263, 73715, 73819, 73828, 73882, 73917, 73986, 74100, 74115, 74119, 74219, 74260, 74270, 74313, 74487, 74531, 74672, 74729, 74819, 74909, 74999, 75156, 75163, 75268, 75292, 75357, 75365, 75498, 75507, 75511, 75530, 75541, 75546, 75556, 75567, 75649, 75673, 75693, 75745, 75754, 75771, 75786, 75822, 75831, 75849, 75883, 75962, 76046, 76107, 76125, 76133, 76144, 76161, 76178, 76191, 76258, 76273, 76304, 76335, 76354, 76366, 76413, 76572, 77039, 77050, 77099, 77135, 77172, 77306, 77383, 77509, 77525, 77529, 77713, 77752, 77770, 77857, 77917, 78269, 78310, 78346, 78353, 78362, 78382, 78428, 78607, 78656, 78816, 78848, 78860, 78877, 78899, 78909, 78915, 78979, 78986, 79005, 79037, 79229, 79258, 79262, 79518, 79707, 79712, 79930, 80308, 80330, 80401, 80601, 80802, 80808, 81176, 81206, 81310, 81341, 81349, 81381, 81443, 81503, 81558, 81563, 81568, 81597, 81689, 81734, 81822, 81825, 81828, 81831, 81849, 81981, 82120, 82169, 82199, 82233, 82242, 82249, 82297, 82308, 82319, 82365, 82376, 82561, 82575, 82679, 82689, 82832, 82845, 83089, 83131, 83141, 83182, 83213, 83232, 83286, 83290, 83314, 83336, 83371, 83375, 83378, 83414, 83448, 83461, 83579, 83592, 83602, 83773, 83790, 83964, 83972, 83986, 84007, 84011, 84079, 84089, 84117, 84127, 84155, 84171, 84177, 84184, 84217, 84231, 84314, 84356, 84444, 84526, 84566, 84571, 84576, 84592, 84679, 84845, 84856, 85012, 85031, 85046, 85062, 85143, 85150, 85159, 85180, 85189, 85194, 85207, 85215, 85281, 85353, 85360, 85788, 87147, 87152, 87181, 87189, 87194, 87200, 87234, 87249, 87470, 87525, 87533, 87541, 87628, 88184, 88691, 88822, 88979, 89445, 89483, 89553, 89640, 89734, 90137, 90646, 90655, 90669, 90675, 90756, 91188, 91195, 91206, 91273, 91276, 91299, 91532, 91556, 91628, 91893, 91908, 91956, 92042, 92252, 93081, 94052, 94229, 94553, 94582, 94689, 94796, 94872, 94875, 94906, 94913, 94918, 94951, 94956, 94962, 95052, 95120, 95182, 95189, 95194, 95643, 95654, 95690, 95768, 96018, 96032, 96187, 96194, 96211, 96267, 96341, 96530, 96535, 96596, 96712, 96763, 96788, 96804, 96831, 96851, 96900, 96942, 97035, 97080, 97308, 97316, 97330, 97336, 97365, 97397, 97409, 97436, 97637, 97661, 97860, 97890, 97895, 97923, 97958, 97973, 97982, 98013, 98018, 98083, 98319, 98429, 98455, 98473, 98556, 98607, 98743, 98762, 98784, 98841, 98934, 98967, 98994, 99210, 99353, 99413, 99488, 99635, 99738, 99747, 99813, 99836, 99848, 99854, 99901, 100176, 100201, 100665, 100869, 101178, 101201, 101245, 101831, 101979, 102054, 102075, 102234, 102274, 102338, 102442, 102499, 102506, 102596, 102607, 102816, 102893, 103155, 103563, 103580, 103585, 103607, 103668, 103686, 103757, 103766, 103828, 104022, 104044, 104153, 104176, 104185, 104194, 104209, 104228, 104281, 104336, 104363, 104366, 104372, 104377, 104401, 104433, 104434, 104483, 104535, 105203, 105235, 105462, 105503, 105510, 105524, 105565, 105570, 105645, 105667, 105710, 105727, 105895, 105990, 106208, 106288, 106296, 106305, 106312, 106328, 106368, 106409, 106419, 106430, 106441, 106452, 106458, 106480, 106503, 106509, 106516, 106567, 106579, 106581, 106632, 106637, 106650, 106685, 106696, 106723, 107052, 107350, 107362, 107458, 107466, 107540, 107566, 107667, 107712, 107735, 107746, 107764, 107774, 107787, 107820, 107828, 107844, 107847, 107851, 107857, 107923, 107972, 107992, 108001, 108003, 108013, 108019, 108104, 108117, 108188, 108283, 108287, 108293, 108297, 108341, 108598, 108964, 109124, 109373, 109376, 109700, 109888, 109968, 109972, 109994, 110492, 110722, 110731, 110739, 110751, 110757, 110771, 110780, 110871, 110892, 110909, 110969, 110988, 111357, 111547, 111834, 111900, 111911, 111919, 111928, 111937, 111996, 112008, 112181, 112215, 112460, 112469, 112743, 113045, 113076, 113654, 113720, 113740, 113885, 113893, 114018, 114225, 114255, 114280, 114648, 114696, 114715, 114775, 114785, 114805, 115152, 115163, 115223, 115297, 115309, 115323, 115327, 115334, 115342, 115365, 115372, 115485, 115509, 115658, 115661, 116765, 117112, 117115, 117344, 118596, 118682, 118694, 118701, 118729, 118736, 118994, 118997, 119047, 119161, 119312, 119400, 119678, 120294, 120850, 121071, 121119, 121457, 121468, 121501, 121527, 121536, 122410, 122679, 123806, 123815, 124300, 124445, 124479, 124543, 124585, 124595, 124599, 124653, 124685, 124689, 124756, 125012, 125280, 125324, 125377, 125386, 125399, 125429, 125556, 125563, 125635, 125643, 125662, 125675, 125678, 125685, 125712, 125795, 125840, 125876, 125879, 125889, 125892, 125900, 125909, 126066, 126171, 126294, 126572, 126580, 126650, 126686, 126694, 126722, 126763, 126769, 126778, 126804, 126868, 126908, 127007, 127020, 127025, 127055, 127082, 127088, 127762, 127779, 127886, 127896, 127928, 127997, 128106, 128882, 128892, 128898, 128907, 128931, 128933, 128942, 128954, 128986, 129009, 129017, 129036, 129291, 129317, 129323, 129336, 129828, 129837, 129851, 129865, 129877, 130049, 130056, 130123, 130224, 130233, 130248, 130259, 130288, 130296, 130401, 130514, 130524, 130553, 130688, 130880, 130894, 131261, 131435, 131531, 131705, 132059, 132070, 132075, 132088, 132092, 132112, 132199, 132254, 132264, 132311, 132319, 132350, 132381, 132403, 132443, 132483, 132528, 132673, 132770, 132786, 132806, 132887, 133090, 133152, 133157, 133181, 133210, 133247, 133256, 133302, 133310, 133324, 133355, 133365, 133382, 133386, 133401, 133416, 133422, 133437, 133731, 133766, 133838, 133847, 133894, 134161, 134308, 134323, 134330, 134460, 134499, 134527, 134540, 134558, 134678, 134812, 134866, 134880, 134897, 134947, 135137, 135183, 135190, 135222, 135232, 135238, 135259, 135358, 135367, 135370, 135380, 135474, 135563, 135572, 135579, 135590, 135625, 135799, 135811, 135817, 135827, 135831, 135864, 135892, 135918, 135989, 136043, 136109, 136131, 136171, 136224, 136301, 136390, 136504, 136601, 136964, 137055, 137090, 137395, 137407, 137492, 137544, 137553, 137605, 137622, 137630, 137704, 137729, 137816, 137843, 137856, 137864, 137870, 137887, 137941, 138005, 138035, 138327, 138346, 138455, 138492, 138497, 138508, 138515, 138525, 138553, 138603, 138660, 138715, 138721, 138739, 138742, 138749, 138753, 138856, 138921, 139024, 139752, 139759, 139786, 139955, 139960, 139973, 139977, 140017, 140032, 140045, 140061, 140073, 140137, 140153, 140163, 140195, 140204, 140282, 140292, 140446, 140482, 140542, 140659, 140758, 141020, 141049, 141096, 141111, 141133, 141136, 141171, 141180, 141218, 141226, 141233, 141253, 141264, 141318, 141352, 141364, 141404, 141424, 141444, 141450, 141456, 141518, 141666, 141669, 141800, 141866, 142006, 142078, 142166, 142200, 142228, 142292, 142352, 142356, 142494, 142554, 142612, 142622, 142645, 142711, 142719, 142791, 142871, 142915, 142931, 142951, 142964, 143037, 143049, 143096, 143172, 143258, 143415, 143583, 143683, 143697, 143706, 143745, 143815, 143929, 143966, 143995, 144032, 144083, 144121, 144181, 144193, 144214, 144240, 144303, 144380, 144387, 144437, 144495, 144542, 144547, 144672, 144991, 145103, 145118, 145186, 145194, 145489, 145664, 145721, 145878, 145913, 145928, 146929, 147149, 147661, 147696, 147722, 147788, 147905, 147972, 148107, 148114, 148193, 148215, 148234, 148239, 148257, 148315, 148320, 148330, 148332, 148347, 148387, 148398, 148474, 148499, 148530, 148537, 148579, 148611, 148630, 148757, 148904, 148934, 148964, 148971, 149118, 149130, 149166, 149174, 149265, 149452, 149530, 149538, 149568, 149656, 149660, 149674, 149688, 149719, 149731, 149761, 149947, 150054, 150112, 150126, 150236, 150238, 150350, 150634, 150637, 150640, 150732, 150773, 150826, 150853, 150955, 150962, 150992, 151013, 151383, 151581, 151599, 151648, 151726, 151830, 151925, 151931, 152304, 152323, 152329, 152335, 152358, 152368, 152384, 152398, 152627, 152655, 152749, 152842, 152865, 152898, 152924, 152948, 153018, 153281, 153292, 153329, 153462, 153501, 153587, 153690, 153776, 153787, 153797, 153814, 153828, 153961, 154245, 154329, 154379, 154456, 154462, 154473, 154500, 154519, 154557, 154582, 154587, 154593, 154602, 154641, 154706, 154721, 154724, 154729, 154736, 154755, 154832, 154910, 154935, 155007, 155210, 155222, 155228, 155233, 155254, 155283, 155306, 155360, 155373, 155419, 155433, 155518, 155726, 155843, 156108, 156124, 156135, 156147, 156173, 156187, 156192, 156431, 156438, 156957, 157025, 157224, 157240, 157341, 157913, 157916, 157927, 158008, 158126, 158212, 158286, 158365, 158496, 158503, 158630, 158635, 158649, 158718, 158920, 158930, 159031, 159224, 159259, 159267, 159288, 159338, 159343, 159347, 159386, 159395, 159517, 159841, 159955, 159997, 160026, 160035, 160046, 160063, 160068, 160081, 160484, 160692, 160743, 160920, 160942, 161488, 161568, 161599, 161654, 161760, 161806, 161814, 162020, 163225, 164337, 164342, 165929, 165985, 165993, 166048, 166266, 166321, 166345, 166383, 166432, 166659, 166665, 166714, 166969, 166984, 167073, 167163, 167296, 167328, 167345, 167415, 167583, 167624, 167627, 167664, 167670, 167716, 167774, 167791, 167834, 167887, 167892, 167906, 168342, 168394, 168419, 168452, 168458, 168567, 168584, 168625, 168629, 168673, 169058, 169152, 169187, 169238, 169332, 169566, 169572, 169669, 169755, 169761, 169789, 169810, 169820, 169849, 169864, 169954, 170031, 170048, 170054, 170163, 170194, 170536, 170563, 170571, 170717, 170733, 170736, 170747, 170753, 170768, 170945, 171116, 171150, 171156, 171176, 171184, 171328, 171420, 171471, 171555, 171860, 171970, 171977, 171984, 172037, 172055, 172083, 172098, 172103, 172131, 172166, 172172, 172186, 172306, 172419, 172424, 172436, 172438, 172456, 172458, 172494, 172507, 172587, 172646, 172701, 172797, 172876, 172904, 172942, 173042, 173051, 173055, 173069, 173073, 173079, 173098, 173132, 173184, 173200, 173227, 173238, 173245, 173278, 173425, 173437, 173499, 173533, 173537, 173544, 173578, 173658, 173661, 173666, 173673, 173713, 173720, 173780, 173918, 173952, 174026, 174032, 174046, 174050, 174054, 174068, 174073, 174078, 174092, 174096, 174100, 174103, 174119, 174149, 174153, 174164, 174228, 174326, 174331, 174369, 174390, 174426, 174478, 174894, 174962, 175177, 175558, 175588, 175607, 175632, 175636, 175639, 175648, 175657, 175662, 175671, 175678, 175753, 175846, 175921, 175940, 175948, 175964, 175986, 176094, 176179, 177385, 178058, 178062, 179335, 179703, 179834, 180687, 180827, 180838, 180856, 181116, 181222, 181238, 181281, 181322, 181374, 181391, 181519, 181533, 182322, 182434, 182519, 182718, 182736, 182748, 182751, 182786, 183047, 183082, 183252, 183297, 183313, 183558, 184090, 184543, 186203, 186245, 186363, 187299, 187538, 187573, 187578, 187636, 187641, 187655, 187658, 187670, 187680, 187684, 187699, 188640, 188959, 188963, 188972, 188976, 189014, 189034, 189088, 189136, 189145, 189165, 189170, 189191, 189211, 189220, 189271, 189277, 189289, 189314, 189609, 189619, 189676, 189718, 189724, 189741, 189752, 190251, 190275, 190293, 190319, 190329, 190361, 190414, 190515, 190562, 190568, 190648, 190708, 190716, 190754, 190790, 190795, 190804, 190818, 190832, 190907, 190998, 191016, 191050, 191125, 191132, 191230, 191269, 191366, 191451, 191457, 191465, 191468, 191490, 191498, 191517, 191574, 191583, 191609, 191630, 191694, 191775, 191778, 191781, 191858, 191875, 192120, 192123, 192177, 192184, 192310, 192383, 192426, 192471, 192693, 193076, 193218, 193226, 193254, 193403, 193664, 193800, 194309, 194319, 194400, 194488, 194802, 194913, 194926, 194960, 195078, 195105, 195110, 195147, 195150, 195161, 195205, 195247, 195662, 195675, 196048, 196087, 196189, 196197, 196226, 196265, 196280, 196352, 196370, 196376, 196885, 196990, 196996, 197298, 197670, 197730, 198050, 198904, 198915, 199570, 199593, 199699, 199931, 199999, 200058, 200918, 201035, 201039, 201055, 201061, 201086, 201095, 201467, 201847, 202004, 202465, 202570, 202578, 203128, 203343, 203476, 203491, 203515, 203527, 203548, 203558, 203596, 203603, 203653, 203686, 203778, 203803, 203830, 203839, 203912, 203926, 203938, 204122, 204213, 204228, 204692, 204712, 204800, 204885, 204925, 205067, 205073, 205116, 205468, 205492, 206043, 206075, 206275, 206336, 206400, 206499, 206514, 206522, 206572, 206965, 206975, 207145, 207444, 207838, 207911, 208066, 208077, 208326, 208595, 208928, 209211, 209292, 209330, 209337, 209385, 209421, 209627, 210535, 210567, 210611, 210621, 210637, 210713, 210718, 210784, 210815, 210819, 210891, 210927, 211032, 211177, 211369, 211717, 212024, 212035, 212083, 212195, 212282, 212293, 212454, 212499, 212502, 212512, 212515, 212523, 212539, 212566, 212631, 212658, 212772, 212828, 212863, 212915, 212945, 212988, 213043, 213412, 213707, 213711, 213722, 213755, 213782, 213793, 213804, 213878, 213913, 213918, 213936, 213941, 214605, 214617, 214629, 214682, 216269, 216509, 216659, 217733]
18,310,[1407, 2333, 2675, 2681, 3028, 3043, 3124, 3252, 4574, 5345, 6176, 6186, 6221, 6231, 6239, 6765, 7930, 7975, 7987, 8097, 8122, 8364, 8376, 8386, 8391, 8405, 8442, 8886, 8977, 9001, 9141, 9433, 9513, 9678, 9842, 10152, 12213, 12223, 12438, 12447, 12494, 12758, 13130, 13142, 13565, 13628, 13644, 16422, 16702, 20678, 21196, 21224, 23196, 23216, 23223, 23227, 23232, 23582, 23593, 24279, 24457, 24597, 24678, 24793, 25521, 25619, 25644, 26649, 26723, 26826, 26868, 27269, 27381, 27406, 27524, 27540, 27663, 27889, 27997, 28059, 28110, 28255, 28384, 28435, 28508, 28554, 28810, 29086, 29892, 29933, 30177, 30287, 32635, 32894, 33453, 33828, 33886, 33944, 33952, 34790, 34856, 34890, 35141, 36459, 39997, 40825, 40899, 40976, 40988, 40998, 41131, 41509, 43492, 43715, 44599, 45200, 45205, 45238, 45729, 46072, 47136, 49254, 49644, 50334, 50398, 50402, 51086, 52335, 53272, 53775, 53781, 54033, 55170, 57422, 59058, 59064, 59357, 59402, 59521, 59707, 59767, 60308, 60707, 60767, 60844, 60848, 61670, 61769, 62533, 62758, 63423, 63457, 63631, 63928, 63957, 63989, 64083, 64409, 65048, 65055, 65124, 65159, 65196, 65435, 65444, 65453, 65466, 65496, 65768, 65869, 65884, 66083, 66635, 66668, 66687, 67932, 68439, 69345, 69764, 70472, 70583, 71501, 74642, 75056, 75994, 76064, 76078, 76358, 76361, 76462, 77858, 78453, 79234, 79690, 79849, 79856, 80362, 80387, 80823, 81570, 82329, 82620, 82774, 82982, 83775, 84143, 85170, 85441, 85586, 85692, 85698, 87313, 87321, 87330, 87346, 87563, 87571, 87781, 87865, 87871, 87908, 88310, 88613, 88805, 89740, 90335, 90401, 90433, 90444, 91306, 91321, 91731, 91905, 91953, 92483, 92500, 92886, 93377, 93641, 94821, 95151, 96834, 97424, 97793, 98597, 100372, 100480, 104797, 104863, 104952, 105659, 105684, 109125, 110248, 110328, 110468, 112382, 112532, 114746, 114757, 114825, 116187, 116212, 116239, 116298, 116305, 117124, 117786, 118580, 118605, 118632, 118691, 118698, 119516, 120178, 121137, 121204, 121442, 122165, 122183, 122591, 123106, 123412, 124876, 124926, 125345, 125611, 128042, 128323, 128496, 129097, 129951, 131391, 135137, 135418, 136753, 137332, 138350, 138925, 141366, 142490, 143948, 144432, 144434, 144710, 144969, 145759, 145994, 148445, 148501]
19,73,[112, 1657, 2190, 2329, 3032, 3280, 3600, 3605, 4276, 4285, 7170, 7651, 8201, 8321, 8327, 8821, 8824, 11386, 11930, 12012, 12074, 12078, 12157, 13022, 13360, 13366, 14292, 14297, 14765, 14768, 14771, 15001, 15011, 15021, 15057, 15061, 15138, 15991, 17498, 17501, 17510, 17513, 17772, 17930, 17932, 17971, 19035, 19038, 19417, 19452, 19462, 19468, 19828, 19987, 20004, 20076, 20614, 21363, 22114, 22119, 22991, 23183, 23608, 23702, 24134, 24566, 24901, 24925, 25338, 25740, 25749, 26174, 26484]
20,88,[739, 743, 1436, 1850, 2067, 2102, 2148, 2332, 2384, 3084, 3092, 3321, 3529, 4167, 4371, 4755, 4847, 5614, 5981, 6142, 7162, 8890, 9698, 10707, 11713, 12209, 14726, 14797, 14841, 14883, 17808, 18163, 18977, 18982, 20004, 20491, 20912, 21009, 22210, 23571, 26583, 26950, 27205, 28021, 28065, 29874, 30344, 31537, 32174, 32228, 32244, 32682, 33093, 33190, 35286, 36131, 39508, 41852, 44164, 44333, 44481, 48183, 48282, 48654, 49739, 50556, 52245, 52515, 52810, 53149, 54042, 54230, 54291, 54553, 54582, 54665, 56097, 59093, 59421, 59871, 59876, 60180, 60220, 60731, 60746, 61251, 61735, 63732]
21,114,[1192, 2168, 2430, 2440, 2550, 2680, 2857, 2880, 2978, 3038, 3102, 3305, 3944, 4033, 4149, 4620, 5119, 5214, 5753, 5810, 6231, 6279, 7120, 7155, 7159, 7338, 7571, 7587, 7856, 8426, 8902, 9322, 9432, 11023, 11052, 11084, 11701, 11707, 11719, 13277, 13790, 14127, 14705, 14958, 14987, 14999, 15099, 15209, 15709, 16027, 16148, 16218, 16613, 16747, 17290, 17703, 17854, 18057, 18895, 19165, 19269, 20420, 20793, 21205, 21342, 21472, 21477, 21535, 22012, 22052, 22153, 22271, 22410, 22989, 23040, 23134, 23286, 23314, 23417, 23729, 24867, 24898, 25327, 25764, 25801, 25809, 25857, 25889, 25998, 26275, 26416, 26426, 26717, 26725, 27556, 27896, 27939, 28000, 28170, 28495, 28943, 28975, 29097, 29611, 29640, 29917, 30597, 31482, 32672, 32739, 32860, 33841, 33888, 35858]
22,11,[366, 368, 385, 2856, 2857, 39002, 45924, 73251, 97391, 139297, 154943]
23,191,[862, 1488, 1498, 1754, 1907, 1913, 1943, 2287, 2572, 2679, 2980, 3722, 4458, 4941, 5167, 5173, 5230, 5237, 5292, 5357, 5547, 5973, 5988, 6028, 6182, 6315, 6389, 6617, 6872, 6952, 6994, 6999, 7029, 7806, 8170, 8179, 8360, 8815, 8932, 9271, 9300, 9406, 9474, 9547, 9976, 10165, 10179, 11035, 11062, 11083, 11210, 11213, 11354, 11586, 12019, 12566, 12827, 13228, 13243, 13251, 13270, 13325, 13350, 13476, 14316, 14518, 14564, 14695, 14708, 14733, 14849, 14971, 14982, 15070, 15317, 15368, 15375, 15377, 15403, 15614, 15938, 16246, 16526, 16535, 16544, 16562, 16571, 16690, 16712, 16753, 16931, 17180, 17212, 17250, 17422, 17538, 17541, 17845, 17979, 17992, 19314, 19667, 19701, 19867, 20132, 20485, 20553, 20634, 21095, 21170, 21285, 21405, 21423, 21530, 21673, 21685, 21754, 21766, 21866, 21941, 21992, 22005, 22020, 22041, 22114, 22128, 22134, 22221, 22244, 22250, 22253, 22263, 22293, 22300, 22462, 22511, 22546, 22560, 22635, 22664, 22700, 22788, 22797, 22813, 22902, 22908, 23024, 23038, 23275, 23281, 23421, 23440, 23475, 23487, 23493, 23539, 23593, 23602, 23616, 23653, 23747, 23819, 23825, 23943, 24132, 24171, 24384, 24417, 24451, 24957, 25051, 25092, 25219, 25486, 25568, 26657, 26803, 27044, 27803, 27829, 27877, 27884, 28040, 28155, 28162, 28183, 28195, 28362, 28634, 28687, 28776]
24,258,[193, 212, 306, 323, 332, 487, 694, 697, 727, 737, 1334, 1341, 1685, 1714, 1885, 1893, 1909, 1920, 1935, 2033, 2058, 2067, 2106, 2167, 2222, 2403, 2829, 2832, 2851, 2857, 2866, 2875, 2938, 3333, 3408, 3470, 3972, 4435, 4458, 4590, 4739, 5452, 5529, 5595, 7002, 7052, 7323, 7393, 7434, 7732, 7841, 8096, 8206, 8502, 8524, 8709, 8847, 9403, 9618, 9650, 9675, 9892, 10552, 10642, 10655, 10700, 10734, 11091, 11437, 11493, 11544, 11577, 11896, 11933, 12185, 12399, 12702, 12722, 12791, 12814, 13334, 13608, 13941, 13957, 14310, 14541, 14602, 14686, 15755, 15811, 15837, 16203, 16274, 16466, 16963, 17214, 17227, 17267, 17305, 17416, 18590, 18595, 19148, 19299, 19361, 19767, 19800, 19812, 19894, 20050, 20057, 20194, 20579, 20740, 20774, 20918, 20925, 22212, 22358, 22643, 22703, 22729, 22954, 23409, 23464, 23612, 23623, 23691, 23700, 23733, 24046, 24092, 24254, 24261, 24345, 24778, 24987, 25108, 25130, 25328, 25342, 25378, 25818, 25833, 26113, 26292, 26433, 26622, 26711, 26720, 27210, 27514, 27520, 28041, 28453, 28888, 28918, 29025, 29034, 29046, 29105, 29153, 29266, 29398, 29769, 29794, 29804, 29827, 29984, 30033, 30040, 30186, 30663, 30795, 30968, 30975, 30984, 30991, 31001, 31013, 31032, 31093, 31251, 31528, 31567, 31675, 31728, 31980, 32312, 32731, 32752, 32976, 33149, 33248, 33358, 33461, 33738, 33832, 34098, 34409, 34630, 34688, 34710, 35277, 35715, 35958, 36161, 36412, 36520, 36536, 36544, 36575, 36963, 36973, 37013, 37305, 37340, 37373, 37737, 37819, 38330, 38446, 38517, 38759, 38868, 39301, 39334, 39367, 39487, 39492, 39547, 39866, 40443, 40702, 40712, 40746, 41487, 41620, 41721, 41787, 41804, 41875, 41987, 42411, 42455, 42541, 42572, 42650, 42750, 43464, 43574, 43695, 43982, 44068, 44477, 44504, 44510, 44530]
25,31,[4409, 5549, 15505, 21007, 31622, 41229, 41852, 53115, 61551, 63442, 68919, 74458, 75264, 76598, 77623, 81722, 89764, 91808, 94576, 95910, 108824, 113260, 114593, 116098, 130717, 132605, 136565, 141906, 159447, 167110, 175871]
26,95,[109, 139, 144, 174, 180, 202, 338, 1105, 1109, 1809, 2229, 2453, 2488, 2538, 2725, 2777, 3552, 3560, 3805, 4015, 4669, 4877, 5273, 5366, 6132, 6499, 6661, 7683, 9438, 10249, 11269, 12287, 12795, 15335, 15411, 15458, 15509, 18486, 18865, 19685, 19690, 20725, 21218, 21648, 21747, 22965, 24340, 27384, 27774, 28030, 28855, 28900, 30720, 31193, 32407, 33047, 33100, 33117, 33558, 33971, 34068, 36181, 37032, 40449, 42787, 45127, 45300, 45451, 49194, 49295, 49677, 50784, 51606, 53330, 53615, 53909, 54262, 55204, 55392, 55453, 55714, 55743, 55826, 57254, 60348, 60684, 61161, 61166, 61474, 61515, 62029, 62044, 62555, 63038, 65111]
27,543,[395, 496, 504, 565, 637, 646, 654, 832, 1150, 1315, 1460, 1546, 1583, 1750, 1782, 1889, 2370, 2702, 3045, 3149, 3374, 3548, 3583, 3686, 3689, 4008, 4035, 4869, 5063, 5981, 5987, 6032, 6038, 6073, 6334, 6361, 6790, 6848, 7156, 7680, 9951, 9983, 10004, 10032, 10067, 10114, 10150, 10277, 10294, 10637, 10726, 10810, 11069, 11100, 11189, 11358, 11366, 11412, 11468, 11498, 11553, 11882, 12089, 12117, 12448, 12455, 12571, 12816, 12945, 12961, 13408, 13827, 14058, 14355, 14429, 14740, 14818, 14823, 14901, 14927, 14933, 15004, 15400, 15536, 15848, 16285, 16296, 16312, 16674, 16756, 16835, 16862, 16975, 16990, 17035, 17105, 17198, 17526, 17566, 17745, 17914, 17936, 17977, 18078, 18176, 18526, 18671, 18687, 18724, 18913, 19126, 19336, 19386, 19865, 20011, 20019, 20133, 20448, 20608, 20869, 20910, 21047, 21218, 22055, 22405, 22479, 22554, 23097, 23151, 23198, 23253, 23395, 23423, 23628, 23843, 24384, 24395, 24533, 24609, 24757, 24941, 25065, 25283, 25483, 25714, 26557, 26861, 27096, 27230, 27363, 27529, 27556, 28030, 28325, 29101, 29196, 29525, 29563, 29675, 30531, 30783, 30860, 30983, 31022, 31401, 31783, 31886, 31993, 32018, 32036, 32243, 32258, 32406, 32413, 32489, 32769, 32945, 33006, 33112, 33160, 33379, 33394, 33417, 33432, 33625, 33672, 33677, 33714, 33771, 33807, 33816, 33870, 34007, 34791, 35035, 35242, 35252, 35258, 35292, 35630, 35695, 36698, 36821, 36917, 36925, 36993, 37097, 37160, 38160, 38361, 38471, 38538, 38642, 38712, 38935, 39088, 39153, 39169, 39195, 39211, 39236, 39281, 39425, 39475, 39834, 40334, 40780, 40839, 40906, 42023, 42090, 42298, 42384, 42450, 42472, 42586, 42731, 43245, 43262, 43380, 43509, 44380, 44810, 45152, 45198, 45215, 45603, 45627, 46280, 46808, 48102, 48141, 48214, 48895, 49335, 49356, 49360, 49364, 49607, 49626, 49796, 50706, 50777, 50789, 50796, 51334, 51344, 52284, 52357, 52492, 52523, 52709, 52739, 53832, 53889, 54105, 54885, 54904, 55775, 55937, 56229, 56302, 56455, 56503, 56750, 56810, 56891, 57019, 57061, 57066, 57144, 57205, 57310, 57378, 57509, 57532, 57709, 57805, 58052, 58383, 58488, 58538, 58609, 59400, 59410, 59473, 59485, 59582, 59628, 59668, 59897, 59994, 60062, 60588, 60622, 60693, 60723, 60778, 61180, 61238, 62161, 63270, 63279, 63286, 63297, 63337, 63358, 63466, 63533, 64100, 64105, 64129, 64284, 64331, 64358, 64366, 64761, 65129, 65187, 65403, 65454, 65465, 65615, 65815, 65851, 65896, 66011, 66145, 66506, 66515, 66524, 66736, 66795, 66940, 67348, 67509, 68163, 68204, 69800, 69822, 69831, 69850, 70090, 70355, 70874, 71125, 71208, 71381, 72458, 72800, 73387, 73863, 73984, 74172, 74901, 75157, 75537, 75582, 75846, 75884, 75954, 76097, 76113, 76233, 76287, 76353, 76429, 77183, 77188, 77330, 77353, 77442, 77712, 78239, 78253, 78497, 79373, 79449, 79508, 79645, 80077, 80199, 80357, 81317, 81634, 81813, 82012, 82021, 82034, 82069, 82079, 82504, 82710, 83137, 83966, 84215, 84262, 84487, 84499, 84541, 84559, 84582, 84817, 84841, 84904, 84945, 85029, 85397, 85511, 85592, 85659, 85992, 86642, 86886, 86916, 87545, 87676, 87903, 87961, 88007, 88178, 88267, 88372, 88384, 88409, 88885, 88955, 89257, 89560, 89795, 90014, 90017, 90078, 90518, 90825, 90851, 90911, 91199, 91210, 91220, 91285, 91365, 91368, 91480, 91503, 91558, 91706, 91720, 91723, 91749, 91830, 92043, 92127, 92151, 92176, 92252, 92973, 92991, 93514, 94010, 94123, 94456, 95074, 95168, 95270, 95444, 95488, 95794, 95814, 95982, 96594, 97345, 97557, 97582, 97616, 97685, 97895, 98731, 98877, 98898, 99651, 100022, 100447, 101180, 101437, 101512, 102643, 102814, 103286, 103439, 103451, 104151, 104209, 104274, 104550, 104572, 104741, 104911, 104941, 104985, 105015, 105114, 105215, 105351, 105354, 105647, 105907, 106170, 106407, 106477, 106846, 107262, 107486, 107613, 107743, 107877, 107900, 107951, 109084, 109179, 109251, 109274, 109602]
28,58,[1164, 1172, 1190, 1285, 1299, 1306, 1327, 1390, 1448, 1587, 1613, 1631, 1640, 1841, 1870, 1882, 1970, 2942, 3037, 3160, 3808, 3861, 3901, 3985, 4142, 4156, 4161, 4254, 4595, 4687, 4822, 4873, 5152, 5285, 5309, 5473, 5573, 5781, 5843, 5864, 6357, 6389, 6405, 7361, 7438, 7675, 7928, 9032, 9347, 9355, 9477, 9779, 10293, 10493, 11098, 11351, 11372, 11448]
30,2773,[24, 298, 330, 338, 356, 470, 583, 673, 921, 931, 993, 1433, 1442, 1594, 1601, 2175, 2582, 2613, 2629, 2668, 2705, 2742, 2781, 2820, 2860, 2912, 2979, 3015, 3029, 3064, 3094, 3675, 3696, 3708, 3850, 3879, 3884, 3896, 3967, 3980, 4035, 4064, 4099, 4134, 4149, 4178, 4235, 4279, 4861, 4945, 5023, 5046, 5088, 5261, 5326, 5362, 5414, 5461, 5990, 6718, 6878, 6909, 7099, 7194, 8518, 8525, 8606, 8829, 9580, 10185, 10419, 10929, 11818, 12140, 12144, 12150, 12199, 12436, 12950, 13428, 13614, 13732, 13753, 14121, 14125, 15022, 15040, 15290, 15454, 15913, 16536, 16559, 17846, 17856, 18035, 18042, 18246, 18432, 20368, 20381, 20409, 20413, 20559, 20775, 20973, 21025, 21033, 21058, 21085, 21384, 21432, 21460, 21551, 21606, 21619, 21671, 21692, 21711, 21719, 21741, 21779, 21831, 21894, 21907, 21947, 22348, 22814, 23577, 24109, 24148, 24291, 24309, 24316, 24372, 25061, 25585, 25628, 25691, 26328, 26489, 26939, 26943, 27333, 27393, 27403, 28074, 28841, 28887, 28962, 28980, 29003, 29009, 29048, 29071, 29080, 29084, 29097, 29190, 30176, 30290, 30981, 31240, 31269, 31695, 31811, 31834, 31949, 34282, 34323, 34421, 34602, 34874, 34906, 34949, 35591, 35607, 35610, 35705, 36143, 37115, 37242, 37247, 37294, 37502, 37552, 37641, 37738, 37743, 39159, 39257, 39295, 40296, 40315, 40602, 40621, 40817, 41014, 41025, 41343, 41381, 41449, 42579, 42613, 43333, 43351, 43356, 43687, 44421, 44879, 45434, 45754, 46525, 46531, 49451, 52091, 52406, 52411, 52422, 52428, 52643, 53484, 54182, 54688, 54774, 55163, 55231, 55352, 55555, 55575, 55581, 55694, 55740, 55921, 55994, 56003, 56033, 56075, 56139, 56182, 56240, 56358, 56487, 56495, 56509, 56518, 56523, 56543, 56577, 56600, 56618, 56628, 56650, 56695, 56725, 56837, 56900, 57241, 57250, 58503, 63346, 64376, 64523, 68003, 71075, 71097, 71134, 71808, 76956, 77936, 78082, 78187, 78193, 78200, 78222, 78242, 78248, 78255, 78288, 78294, 78301, 78335, 78341, 78348, 78381, 78387, 78394, 78427, 78433, 78440, 78477, 78483, 78490, 78521, 78527, 78534, 78567, 78573, 78580, 78613, 78619, 78626, 78659, 78665, 78672, 78706, 78712, 78719, 78731, 78753, 78757, 78774, 78783, 78785, 78805, 79045, 79048, 79083, 79086, 79114, 79117, 79127, 79132, 79181, 79184, 79218, 79221, 79250, 79253, 79265, 79270, 79352, 79355, 79384, 79387, 79416, 79419, 79429, 79434, 79480, 79483, 79517, 79520, 79549, 79552, 79563, 79568, 79589, 79601, 79608, 79623, 79708, 79976, 80051, 80068, 80071, 80197, 80311, 80325, 80452, 80476, 80568, 80571, 80686, 80692, 80724, 81603, 81608, 81616, 81619, 81650, 81691, 81701, 81713, 81742, 81784, 81790, 81799, 81822, 81875, 81878, 81892, 81907, 82935, 83330, 83336, 83340, 83563, 84751, 84781, 84816, 85338, 85482, 85564, 85568, 85818, 85977, 86555, 86772, 87399, 87402, 87467, 87510, 87516, 87527, 87681, 87791, 88002, 88009, 88243, 88516, 88522, 88592, 88639, 89137, 89334, 90002, 90129, 91076, 91191, 91197, 91413, 92487, 93038, 94497, 94618, 95085, 95254, 95528, 95996, 96301, 96776, 96807, 96875, 97176, 97179, 97209, 97360, 97371, 97388, 97408, 97427, 97471, 97511, 97525, 97601, 97617, 97671, 97724, 97750, 97753, 97790, 97793, 97853, 97857, 97902, 97905, 97914, 97972, 98008, 98115, 98118, 98132, 98153, 100637, 100707, 101324, 101340, 101357, 101476, 102651, 102944, 104803, 104812, 105754, 106078, 106150, 106168, 106197, 106206, 106801, 108169, 108540, 108560, 108684, 109230, 109795, 110086, 110093, 110957, 111545, 111931, 112323, 120681, 121376, 121394, 124080, 124233, 124242, 124656, 126258, 126408, 126939, 126983, 127541, 128288, 128952, 129027, 129037, 129106, 129428, 129858, 129871, 129925, 129966, 129978, 130122, 130139, 130272, 130396, 130408, 130511, 130527, 130563, 130575, 130593, 130662, 130686, 130693, 130723, 130730, 130781, 130811, 131656, 132135, 132848, 132962, 132977, 132992, 132993, 133005, 133176, 133231, 133240, 133267, 133555, 133567, 133782, 133856, 133932, 133957, 134143, 134254, 134280, 134495, 134517, 134730, 134901, 134979, 135035, 135095, 135159, 135211, 135230, 135271, 135403, 135485, 135640, 136808, 136832, 137018, 137158, 137386, 137392, 137558, 137655, 137791, 137982, 138501, 138522, 138632, 138729, 138823, 138921, 139420, 139481, 139613, 139663, 139815, 140045, 140237, 140750, 140882, 141036, 141183, 141288, 141417, 141523, 141529, 141545, 141555, 141565, 141919, 142531, 143593, 145061, 145124, 145213, 145506, 145832, 145968, 145984, 146443, 146869, 147049, 147068, 147088, 147114, 147176, 147508, 148262, 148457, 148473, 148656, 148809, 148835, 149028, 149060, 149346, 149471, 149484, 149664, 149674, 149685, 149753, 149832, 149887, 150760, 150880, 150914, 150950, 151030, 151096, 151139, 151204, 151218, 151246, 151629, 151812, 151918, 152651, 152901, 152998, 153743, 154732, 154922, 155067, 155099, 155166, 155194, 155580, 155652, 155656, 155759, 155767, 155830, 155925, 156185, 156282, 156311, 156512, 156564, 156676, 156686, 156692, 156795, 156828, 156924, 157259, 157274, 157359, 157418, 157552, 157756, 157916, 158090, 158176, 158196, 158207, 158229, 158240, 158557, 158708, 158848, 158921, 158965, 158977, 159229, 159234, 159330, 159927, 160072, 161509, 161803, 162446, 162457, 162609, 162982, 163761, 163831, 163900, 164014, 164107, 164241, 164415, 164670, 165027, 165098, 165468, 165486, 165571, 165617, 165650, 165754, 166242, 166288, 166305, 166560, 166702, 166778, 166781, 166855, 166914, 167330, 167357, 167855, 167900, 167960, 167965, 168724, 168733, 168801, 168848, 168853, 168915, 168974, 169108, 169126, 169270, 169347, 169350, 169651, 169716, 169736, 169797, 169826, 169853, 169902, 169951, 170009, 170039, 170105, 170388, 170571, 170583, 171614, 172040, 172060, 172262, 172317, 172421, 172543, 172735, 174042, 174512, 174949, 175883, 176194, 176289, 176308, 176445, 177040, 177310, 177989, 178017, 178143, 178159, 178346, 178351, 178359, 178364, 178368, 178378, 179065, 179140, 179477, 179908, 180048, 180944, 181189, 181218, 181257, 181266, 181284, 181391, 181402, 181419, 181578, 181712, 181740, 181896, 181901, 181907, 181912, 181917, 181922, 181927, 181932, 181940, 181948, 181953, 181958, 181963, 181975, 182118, 182127, 182144, 182546, 182578, 182782, 182792, 182796, 182801, 182922, 182963, 183266, 183435, 183666, 183722, 184069, 184159, 184368, 184425, 184572, 184578, 184587, 184621, 185224, 185237, 185481, 186868, 187068, 187092, 187412, 187569, 187660, 187769, 187792, 187821, 187838, 187920, 187926, 188360, 188514, 188652, 189440, 189931, 189936, 190209, 191169, 191427, 191578, 191643, 191714, 191878, 191922, 192444, 192658, 193404, 193444, 193625, 193647, 193828, 194821, 195011, 195306, 195751, 195851, 195956, 196150, 196182, 196245, 196429, 196487, 196709, 196836, 197065, 197220, 197269, 197306, 197337, 197389, 198012, 198021, 198070, 198723, 198738, 199400, 200180, 200386, 200389, 200658, 200790, 202130, 202176, 202434, 202471, 202700, 202890, 202967, 203072, 203366, 203400, 203470, 204018, 204031, 204149, 204158, 204207, 204216, 204225, 204372, 204389, 204431, 204492, 204538, 204683, 204717, 204733, 204739, 204768, 204860, 204872, 204919, 204980, 204988, 204992, 205011, 205037, 205073, 205085, 205093, 205128, 205133, 205144, 205173, 205310, 205327, 205355, 205400, 205427, 205660, 205681, 205685, 205766, 205777, 205825, 206785, 207837, 207847, 207855, 207866, 207891, 207911, 207917, 208345, 208489, 208533, 208544, 208548, 209420, 209767, 209938, 209978, 210306, 210524, 211617, 211757, 212052, 212162, 212601, 212684, 213474, 213486, 213605, 213712, 213824, 213893, 216193, 216575, 216776, 216869, 216872, 216997, 217621, 217685, 219145, 219231, 219935, 220003, 220096, 220113, 220280, 220466, 220876, 221035, 221044, 221387, 222144, 222211, 222407, 223532, 223561, 223997, 224071, 224274, 225449, 226374, 226469, 227095, 227099, 227307, 227515, 227546, 227936, 228243, 228976, 229171, 229454, 229870, 230140, 230161, 230595, 231145, 231254, 231416, 231595, 232386, 232685, 233537, 233662, 233887, 233891, 233896, 234130, 234992, 236026, 236067, 236187, 236232, 236243, 236336, 236388, 236392, 236500, 236603, 236640, 236735, 236754, 237510, 237703, 237737, 237841, 237860, 237904, 237965, 238086, 238091, 238115, 238295, 238318, 238377, 238592, 238645, 239010, 239068, 239104, 239151, 239216, 239373, 239406, 239416, 239492, 239580, 239688, 239789, 239794, 239840, 239862, 239899, 239964, 240009, 240086, 240133, 240193, 240201, 240335, 240368, 240440, 240451, 240461, 240506, 240529, 240613, 240623, 240639, 240648, 240711, 240781, 240838, 240906, 240960, 241000, 241062, 241133, 241173, 241202, 241209, 241217, 241304, 241571, 241953, 241981, 242166, 242175, 242181, 242230, 242379, 242471, 242495, 242552, 242582, 242631, 242656, 242700, 242796, 242898, 242908, 242932, 242978, 243075, 243250, 243274, 243310, 243376, 243398, 243432, 243544, 243632, 243691, 243701, 243716, 243739, 243745, 243755, 243772, 243890, 244041, 244064, 244091, 244111, 244149, 244154, 244160, 244198, 244212, 244215, 244232, 244237, 244288, 244346, 244358, 244379, 244383, 244395, 244486, 244544, 244676, 244689, 244962, 245132, 245447, 245662, 245671, 245803, 245809, 245850, 246059, 246072, 246078, 246108, 246135, 246177, 246245, 246258, 246272, 246279, 246300, 246393, 246402, 246420, 246972, 247429, 247490, 247524, 247960, 248317, 248320, 248358, 249112, 249306, 249329, 249461, 249470, 249587, 249589, 249694, 249719, 249744, 249759, 249846, 249933, 249957, 250016, 250061, 250092, 250210, 250496, 250821, 250871, 251356, 251382, 251394, 251401, 251435, 251461, 251471, 251480, 251503, 251563, 251571, 251586, 251600, 251673, 251688, 251757, 251963, 251977, 251985, 252005, 252023, 252165, 252197, 252259, 252301, 252461, 252485, 252523, 252532, 252574, 252584, 252594, 252604, 252614, 252624, 252634, 252644, 252654, 252664, 252674, 252684, 252694, 252704, 252714, 252724, 252734, 252744, 252754, 252766, 252778, 252790, 252802, 252823, 252849, 252885, 252897, 252912, 252937, 252989, 252993, 253080, 253151, 253162, 253220, 253305, 253329, 253371, 253376, 253390, 253464, 253485, 253526, 253550, 253596, 253615, 253637, 253659, 253680, 253701, 253722, 253744, 253764, 253854, 253991, 254022, 254056, 255038, 255208, 256498, 256514, 256784, 256860, 257022, 257067, 257244, 257261, 257285, 257370, 257455, 257579, 257599, 257682, 257692, 257735, 257746, 257748, 257760, 257807, 259772, 259789, 259796, 259830, 259845, 260396, 260532, 260541, 260588, 260599, 260603, 260840, 260997, 261037, 261320, 261481, 261769, 261807, 262090, 262467, 262563, 262857, 262964, 262974, 262984, 263144, 263428, 263677, 264076, 264141, 264954, 265939, 265945, 265996, 266045, 266214, 266315, 266319, 266364, 266648, 266705, 266913, 266956, 267134, 267414, 267421, 267452, 267607, 268205, 268516, 268949, 269312, 269674, 269806, 270359, 270615, 270630, 270848, 271732, 271811, 271839, 271849, 271860, 271896, 271910, 272153, 272316, 272351, 272395, 272400, 272496, 272701, 272921, 273084, 273137, 273252, 273265, 273279, 273390, 273568, 273649, 273808, 273837, 274966, 275214, 275245, 275251, 275265, 275820, 275859, 275928, 276050, 276061, 276254, 276283, 276352, 276403, 277123, 277404, 277514, 277530, 278102, 278110, 278134, 278185, 278190, 278194, 278246, 278256, 278268, 278383, 278505, 278621, 278772, 279475, 279509, 279615, 279707, 279833, 279952, 280471, 280476, 280502, 281271, 281603, 281968, 282036, 282140, 282295, 282937, 282975, 283015, 283331, 283524, 283964, 283971, 285112, 285122, 285356, 285543, 285566, 285584, 285698, 285911, 285957, 285965, 286001, 286430, 286436, 286473, 286539, 286616, 286622, 287205, 287213, 287238, 287288, 287296, 287347, 287502, 287604, 287890, 287898, 288029, 288111, 288548, 288813, 288826, 289261, 289292, 289946, 290048, 290195, 290213, 290227, 290245, 290274, 290434, 290480, 290515, 290545, 290603, 290623, 290677, 290687, 291103, 291184, 291485, 291560, 292116, 292127, 292147, 292167, 292816, 292838, 292890, 292973, 293064, 293207, 293266, 293307, 293346, 293355, 293383, 293467, 293624, 293653, 293689, 294636, 295009, 295544, 295651, 296065, 296174, 296205, 296263, 296331, 296790, 296867, 297082, 297101, 297226, 298093, 298652, 298881, 298891, 299728, 299795, 301970, 302660, 302917, 302922, 302927, 303449, 304026, 305438, 305723, 305763, 306054, 306077, 306109, 306113, 306121, 306631, 306722, 306947, 307092, 307413, 308032, 309726, 310924, 313107, 313152, 313177, 313599, 313765, 313783, 313823, 313882, 313889, 313919, 313971, 314172, 314179, 314981, 314987, 317309, 317564, 317569, 317994, 319443, 320751, 320972, 321203, 321214, 321760, 322349, 322393, 322425, 322764, 322805, 322816, 322821, 325350, 325472, 326793, 327962, 327967, 328434, 328444, 328553, 328587, 328850, 328930, 329406, 329415, 329629, 331736, 335023, 335865, 335880, 335921, 335974, 335994, 338684, 341043, 342866, 342870, 344562, 347625, 347632, 347640, 347735, 357037, 357079, 357869, 358941, 359465, 361040, 362042, 362451, 365025, 365196, 366126, 367458, 368911, 373679, 373744, 374069, 375388, 375396, 376827, 378726, 378853, 379069, 379073, 379078, 379305, 380766, 380891, 381834, 383742, 383752, 386192, 386741, 386843, 391063, 392579, 394990, 395004, 395381, 396196, 396206, 397640, 397650, 397899, 399369, 400748, 400768, 401660, 404035, 405428, 405488, 406546, 406611, 407976, 409509, 409554, 410617, 410636, 410901, 411267, 413889, 413941, 413979, 414160, 415413, 415597, 415706, 415866, 416189, 416375, 417676, 417684, 417751, 417863, 417875, 417914, 418028, 418038, 418074, 418104, 418258, 418293, 418304, 418419, 418425, 418494, 418507, 418559, 418605, 418620, 418625, 418677, 418740, 418967, 419162, 419497, 420257, 422694, 423842, 424397, 426458, 426619, 426693, 426795, 426873, 426879, 426892, 426935, 426941, 426965, 427067, 427132, 427916, 427964, 429272, 429302, 429307, 429312, 429379, 429777, 429917, 430033, 430078, 430129, 430135, 430142, 430263, 430288, 430292, 430297, 430319, 430326, 430341, 430369, 430376, 430417, 430556, 433046, 433813, 434106, 434138, 434263, 434548, 434605, 434653, 434703, 434745, 436928, 436966, 437010, 437051, 438510, 438576, 439004, 440520, 440800, 441129, 441140, 442666, 443251, 443269, 443285, 443295, 443304, 443331, 443358, 444226, 446156, 446164, 446166, 446177, 446189, 446200, 446224, 446233, 446276, 446305, 446310, 446358, 446411, 446438, 446448, 446477, 446481, 447792, 448720, 448792, 448801, 448832, 449043, 449119, 449923, 449967, 451047, 451063, 452528, 452820, 453037, 453045, 455314, 455367, 455377, 455432, 455496, 455501, 455521, 455529, 455540, 455552, 455619, 455635, 455665, 455686, 455740, 455765, 455772, 455844, 455867, 455881, 455889, 455929, 455935, 455958, 455966, 456024, 456032, 456055, 456071, 456105, 456118, 456123, 456146, 456183, 456204, 456367, 456418, 456513, 456607, 456639, 456662, 456833, 456917, 456932, 456972, 457018, 457030, 457037, 457048, 457129, 457174, 457179, 457194, 457250, 457261, 457285, 457317, 457331, 457347, 457640, 460460, 460472, 460621, 460634, 460645, 460662, 460699, 462178, 462505, 463327, 463536, 463855, 464282, 464301, 464315, 464497, 464786, 464831, 465122, 465500, 465705, 465792, 465888, 465990, 466988, 467332, 467447, 467468, 467480, 467495, 467560, 467604, 467763, 467785, 468094, 469550, 469583, 469636, 469768, 472386, 472669, 473099, 473919, 474215, 475059, 475278, 475282, 478579, 478621, 478719, 480918, 481409, 481424, 481554, 481824, 482685, 485727, 485736, 485752, 485773, 486914, 489228, 489236, 489253, 489630, 489636, 491018, 491024, 491393, 491842, 491953, 492685, 496147, 496154, 496624, 496683, 496782, 497020, 497214, 497554, 497658, 497668, 497675, 497854, 499706, 500003, 500019, 500290, 500840, 500921, 500937, 501031, 502095, 502114, 502316, 502362, 502387, 502688, 503258, 503331, 504292, 504344, 504689, 504706, 504797, 504887, 504898, 504915, 504948, 504965, 504976, 505141, 505433, 505583, 505602, 505713, 506281, 506408, 506585, 506591, 506772, 506778, 506785, 507290, 507590, 507602, 507626, 507854, 508128, 508425, 508609, 508880, 509549, 509645, 509647, 509922, 510049, 510066, 510144, 511271, 511500, 511512, 511517, 511758, 511762, 511766, 511866, 512872, 512942, 513256, 513387, 513527, 513778, 514127, 514432, 514510, 514608, 514739, 514774, 514786, 514801, 515198, 515218, 515223, 515270, 515432, 515624, 515667, 515711, 515791, 515837, 515901, 515906, 515923, 515965, 516160, 516358, 516430, 516679, 516712, 517443, 517871, 517884, 517927, 518252, 518257, 518311, 518769, 518815, 518867, 518919, 519102, 519461, 519522, 519685, 519705, 519811, 519839, 519879, 519903, 519929, 519939, 520557, 520590, 520745, 520763, 521371, 521408, 521471, 521580, 521902, 522082, 522088, 522641, 522684, 522794, 522806, 522812, 523449, 524104, 524245, 524686, 525181, 525492, 525618, 525811, 526044, 526130, 526345, 527205, 527340, 527425, 527589, 527648, 527659, 527906, 527974, 528000, 528044, 528302, 528683, 528947, 529247, 529251, 529283, 529316, 529399, 529472, 529514, 529546, 529715, 529982, 529994, 530358, 530368, 530477, 530938, 531259, 531262, 531338, 531381, 531407, 531462, 531542, 531756, 531761, 531861, 531905, 531926, 532064, 532072, 532259, 532267, 532578, 532599, 532735, 532863, 532870, 533683, 533869, 533907, 533963, 534274, 534507, 534551, 534555, 534945, 534950, 535128, 535193, 535234, 535247, 535281, 535302, 535363, 535459, 535657, 535831, 535948, 536001, 536022, 536243, 536263, 536266, 536273, 536387, 536497, 538186, 538666, 538711, 539821, 539849, 539884, 540138, 540151, 540617, 540834, 540980, 542016, 542058, 542379, 542385, 542535, 542587, 542623, 542658, 542823, 543138, 543578, 544265, 544279, 544564, 545092, 546079, 546692, 546768, 546830, 546891, 547215, 547240, 547339, 547346, 547497, 547660, 547673, 547784, 547938, 548130, 548143, 548231, 548328, 548447, 548459, 548489, 548606, 548656, 548673, 548703, 548813, 548931, 548967, 549095, 549280, 549282, 549335, 549833, 550534, 550609, 550910, 551448, 552343, 552545, 552687, 552699, 552850, 552903, 552920, 553013, 553642, 553663, 553877, 553888, 555074, 555164, 555211, 555653, 556062, 556169, 556186, 556302, 556823, 557187, 557279, 557700, 557798, 558010, 558084, 558152, 558701, 559327, 560107, 560584, 560996, 561953, 562060, 562366, 562736, 562894, 563405, 563410, 563442, 563559, 563696, 563796, 563849, 563855, 563867, 563912, 564365, 564512, 564583, 564806, 564830, 564848, 564868, 564890, 564904, 564929, 564977, 564981, 565431, 565521, 565528, 565561, 565569, 565793, 566244, 566250, 566380, 566639, 566672, 566734, 566739, 566760, 566815, 566828, 567112, 567123, 567145, 567200, 567207, 567220, 567229, 567296, 567538, 567612, 567642, 567715, 567759, 567886, 567930, 568340, 568583, 569064, 569211, 569258, 569311, 569322, 569324, 569409, 569435, 569442, 569462, 569484, 569901, 569971, 570083, 570320, 570337, 570389, 570440, 570540, 570554, 571011, 571100, 571125, 571165, 571296, 571524, 571643, 571713, 571733, 571861, 571870, 572019, 572048, 572056, 572185, 572292, 572449, 572542, 572616, 572820, 572908, 573633, 573698, 573708, 573777, 573787, 573848, 573966, 574367, 574486, 574490, 574626, 574999, 575051, 575223, 575243, 575269, 575276, 575279, 575301, 575312, 575403, 575460, 575696, 575703, 575709, 575808, 575933, 576194, 576217, 576226, 576263, 576412, 576743, 576763, 576849, 576943, 577290, 577330, 577362, 577390, 577451, 577501, 577629, 577787, 577845, 577882, 578201, 578209, 578292, 578365, 578387, 578700, 578779, 578878, 578929, 579105, 579125, 579259, 579346, 579352, 579451, 579618, 579777, 579839, 579846, 579899, 580395, 580463, 580574, 581213, 581901, 582318, 582381, 582705, 582736, 582840, 582878, 582973, 583096, 583252, 583311, 583436, 583448, 583496, 583498, 583630, 583762, 583819, 583835, 583888, 583966, 584134, 584643, 585374, 585806, 586095, 586282, 586319, 586341, 586343, 586546, 586620, 586625, 586852, 586911, 586915, 587077, 587084, 587107, 588120, 588505, 588637, 589172, 589386, 589396, 590719, 590722, 591352, 591785, 591871, 592490, 592988, 593241, 593601, 593909, 594050, 595033, 595282, 595293, 595344, 595351, 595367, 595405, 595415, 595859, 596338, 596347, 596563, 596566, 596571, 596574, 596594, 596599, 597825, 599018, 599810, 600222, 600437, 600905, 600914, 600919, 600922, 600987, 600995, 601003, 601107, 601222, 602476, 602922, 602937, 603149, 603621, 603687, 603742, 603810, 603937, 603946, 604391, 604534, 604648, 604650, 604679, 605217, 605900, 606086, 606137, 606157, 606261, 606289, 606359, 606365, 607328, 609055, 609153, 609508, 609620, 609929, 609951, 610024, 611317, 611341, 611441, 611446, 611470, 611520, 611533, 611550, 611833, 611901, 613359, 617161, 617553, 618274, 618413, 618675, 619055, 619212, 619222, 619674, 619831, 619870, 619875, 620037, 620376, 620449, 620593, 621346, 621354, 621368, 621487, 621497, 621726, 621736, 621902, 621998, 622008, 622081, 622102, 622127, 622130, 622133, 622135, 624620, 625299, 625571, 625603, 625792, 625855, 625858, 626228, 626249, 627173, 627211, 627271, 627278, 627662, 627795, 627843, 627861, 628714, 628737, 629137, 630633, 630961, 631422, 631431, 632769, 632829, 632866, 632901, 632950, 633047, 633422, 633646, 633688, 633718, 633779, 633946, 633950, 633967, 633974, 633981, 633988, 633995, 634002, 634009, 634016, 634023, 634030, 634037, 634044, 634296, 634374, 634409, 634433, 634459, 634472, 634487, 634525, 634650, 634764, 634774, 634775, 634782, 634796, 634804, 634829, 634919, 634922, 634945, 634979, 635025, 635043, 635116, 635701, 635709, 635735, 635807, 635872, 636084, 636203, 636350, 636378, 636790, 636819, 636828, 636847, 637307, 637501, 637686, 637889, 637905, 637954, 638198, 638795, 638815, 638915, 639036, 639045, 639061, 639178, 639325, 639331, 639361, 639547, 639559, 639580, 639675, 639727, 639902, 639916, 639922, 639936, 639945, 639949, 639960, 640000, 640414, 640463, 640480, 640638]
