6,3,[647, 658, 663]
9,4,[127, 311, 2116, 2718]
10,2834,[1084, 1640, 2266, 2333, 2673, 3099, 3168, 3690, 4860, 6182, 6342, 6369, 6415, 7198, 7629, 7642, 7739, 7895, 7923, 7954, 8151, 8157, 8653, 8668, 8734, 9782, 9853, 9992, 10088, 10107, 10204, 10209, 10270, 10275, 10605, 10798, 12748, 12958, 12969, 13108, 13197, 13240, 13474, 13716, 14117, 14211, 14266, 14555, 15099, 15127, 15207, 15791, 15955, 16225, 16789, 16860, 17178, 17301, 17432, 17708, 17819, 17896, 18034, 18043, 18126, 19182, 19335, 19657, 19716, 19814, 20342, 20398, 20497, 20867, 21049, 21197, 21229, 21375, 21456, 22389, 22691, 22799, 23165, 23223, 23364, 23604, 23677, 24050, 24095, 24162, 24550, 24557, 24601, 25140, 25639, 25813, 25886, 26269, 26572, 26676, 26988, 27104, 27221, 27495, 27517, 27903, 27994, 28015, 28670, 29321, 29699, 29785, 30313, 30324, 30556, 31278, 31358, 31519, 31611, 31688, 31990, 32115, 32279, 32293, 32356, 32370, 32493, 32523, 32538, 32589, 32653, 32870, 33093, 33114, 33380, 33548, 33765, 33916, 34115, 34404, 35182, 35318, 35358, 35373, 36013, 36143, 37380, 37810, 38206, 38734, 38751, 39015, 39063, 39085, 39113, 39505, 39550, 39705, 39806, 39857, 39938, 39969, 40034, 40064, 40375, 40594, 40852, 41428, 41471, 41632, 41638, 41767, 41916, 41941, 42016, 42085, 42334, 42658, 42667, 42785, 43096, 43144, 43427, 43622, 43732, 43858, 44312, 45634, 46029, 49470, 49500, 49607, 49617, 49805, 49813, 50603, 50742, 51109, 51118, 51192, 51216, 51225, 51296, 51394, 51410, 52088, 52109, 52227, 52542, 52735, 52975, 53083, 53195, 54115, 54229, 54243, 54264, 54342, 58498, 58507, 58582, 59060, 59221, 60178, 60367, 60831, 60855, 60864, 61763, 61788, 61907, 62728, 64192, 64416, 64720, 65273, 65286, 65741, 65857, 65903, 66078, 66191, 66286, 68071, 68566, 68569, 68593, 68825, 69069, 69274, 69335, 69776, 69859, 69968, 71193, 71378, 71702, 72045, 73226, 73408, 73626, 73669, 73875, 73926, 74202, 74218, 74549, 74655, 74992, 75130, 76642, 76794, 76816, 77009, 77049, 77062, 77233, 77327, 77570, 77732, 78987, 78998, 79831, 80915, 81172, 81302, 81330, 82108, 82513, 82647, 82719, 82729, 82789, 82917, 83057, 84813, 84951, 85005, 85402, 85944, 86000, 86024, 86052, 86108, 86176, 86216, 86229, 86255, 86671, 86806, 86815, 86840, 86851, 86892, 87018, 87466, 87973, 89609, 89728, 89907, 89918, 90140, 90515, 91369, 92555, 92659, 92704, 93049, 93333, 93618, 93908, 93929, 94138, 94161, 95253, 95300, 95541, 96000, 96255, 96684, 96748, 96924, 97330, 97348, 98211, 98293, 98592, 99344, 100411, 101747, 101889, 101898, 103073, 103208, 103373, 104109, 104280, 104320, 104723, 105369, 105857, 106112, 106212, 106312, 106342, 106426, 107719, 107924, 108078, 108219, 109160, 109308, 109607, 109613, 109619, 109624, 109659, 109715, 109873, 109994, 110045, 110951, 110999, 111015, 111459, 111833, 112966, 112972, 112977, 112982, 113190, 113506, 113522, 113814, 113963, 114057, 114071, 114673, 115153, 115371, 115558, 115642, 115764, 115992, 116890, 117015, 117288, 117559, 117593, 117692, 118106, 118143, 118335, 118355, 118412, 118569, 118869, 118879, 119046, 119119, 119462, 119574, 119896, 120064, 120161, 120204, 120213, 120246, 120438, 120504, 120529, 120558, 120599, 120682, 120797, 120853, 120996, 121039, 121063, 121184, 121363, 121486, 121509, 121521, 121565, 121733, 121859, 122151, 122189, 122224, 122390, 122748, 122755, 123078, 123085, 124550, 124810, 124926, 125021, 125126, 125930, 126217, 126266, 126356, 126649, 126658, 126876, 127219, 127643, 128368, 129074, 129204, 129324, 129408, 129651, 129791, 129943, 130086, 130213, 130244, 130380, 130497, 130582, 130668, 130906, 131030, 131217, 131227, 131315, 131548, 131617, 131657, 131667, 132138, 132487, 132823, 132885, 133004, 133040, 133212, 133250, 133323, 133341, 133674, 133729, 134191, 134330, 134652, 134825, 134924, 135490, 135593, 137350, 139029, 140556, 140693, 141942, 142042, 142109, 142555, 142628, 143235, 143446, 144422, 144684, 144782, 145048, 145085, 145385, 145429, 145509, 145723, 145854, 145922, 146064, 146072, 146142, 146271, 146712, 146760, 146840, 146906, 146931, 146936, 147384, 147491, 147553, 147650, 148046, 148211, 148258, 148959, 149034, 149099, 149108, 149382, 149442, 149518, 149571, 149641, 150355, 150690, 150890, 150966, 151034, 151288, 151520, 152057, 152112, 152249, 152301, 152702, 152806, 153022, 153031, 153107, 153732, 153783, 154175, 154577, 154823, 154902, 154969, 155043, 155238, 155395, 155418, 155478, 155658, 155690, 155971, 156285, 156296, 156479, 156787, 156903, 157072, 157150, 157189, 157251, 157296, 157385, 157470, 157486, 157534, 157805, 157901, 158185, 158896, 158927, 158952, 159626, 159747, 160158, 160184, 160484, 160669, 160979, 161038, 161255, 161272, 161694, 161929, 161986, 162286, 162399, 162749, 162908, 163103, 163408, 163635, 163859, 163881, 163914, 163963, 163986, 164164, 164182, 164197, 164298, 164345, 164458, 164475, 164507, 164596, 164963, 165245, 165583, 165603, 165852, 165939, 166426, 166542, 166681, 166752, 166976, 167092, 167214, 167270, 167324, 167345, 167370, 167423, 167449, 167579, 167594, 167617, 167655, 167911, 167971, 168358, 168392, 168485, 168505, 168830, 168964, 169850, 169992, 170071, 170100, 170771, 170829, 170917, 171043, 171168, 171735, 171983, 172123, 172374, 172657, 172773, 172855, 172952, 173132, 173305, 173412, 173492, 173578, 173693, 173893, 173980, 174148, 174605, 174632, 174717, 174744, 175125, 175213, 175280, 175300, 175403, 175713, 176038, 176274, 176401, 176729, 176851, 177005, 177465, 177563, 177758, 177951, 178008, 178321, 178486, 178670, 178886, 178934, 179093, 179132, 179184, 179839, 180411, 180426, 180580, 180901, 181307, 181587, 181694, 181867, 181992, 182201, 182236, 182287, 182351, 182426, 182468, 182585, 183223, 183565, 183708, 184052, 184281, 184363, 184387, 184420, 184582, 184693, 184774, 184862, 184963, 184996, 185084, 185144, 185396, 185519, 185544, 185715, 185885, 186169, 186426, 186953, 187022, 187122, 187258, 187348, 187690, 187718, 187755, 187796, 187916, 187947, 187989, 188047, 188089, 188233, 188303, 188405, 188477, 188536, 188565, 188720, 188737, 189277, 189334, 189369, 189723, 189761, 189894, 190141, 190285, 190292, 190641, 191266, 191345, 191450, 191505, 191582, 192250, 192393, 192529, 192587, 192817, 193094, 193181, 193492, 193519, 193599, 193693, 193930, 194580, 194758, 195371, 195727, 196086, 196214, 196237, 196247, 196345, 196941, 197183, 197282, 197999, 198138, 198823, 198915, 199055, 199101, 199840, 199880, 200332, 200837, 200862, 202364, 202375, 203331, 203777, 205018, 205945, 205954, 205964, 206209, 206452, 206467, 206521, 206578, 206604, 206786, 207122, 207134, 207502, 207769, 208186, 208227, 208262, 208956, 209202, 209340, 209422, 209537, 209918, 210291, 210388, 210427, 210854, 211371, 211429, 211574, 211793, 211805, 212002, 212132, 212225, 212399, 212934, 213133, 213502, 213674, 214232, 214664, 214804, 214850, 214875, 214943, 215264, 215531, 215770, 216055, 216140, 216613, 217917, 217954, 218213, 218853, 218999, 219027, 219241, 219598, 220028, 220261, 220302, 220408, 220424, 220501, 220525, 220788, 221051, 221155, 221177, 221250, 221324, 221477, 221534, 221651, 221680, 221751, 221805, 221834, 221948, 221991, 222141, 222249, 222627, 222650, 222691, 222856, 222986, 223004, 223068, 223154, 223207, 223315, 223537, 223623, 223680, 223722, 223777, 223941, 224027, 224219, 224303, 224472, 224647, 224901, 225205, 225391, 225471, 225522, 225592, 225863, 226065, 226148, 226204, 226275, 226354, 226632, 226845, 226905, 227097, 227416, 227770, 227790, 228040, 228290, 229145, 229276, 229980, 230705, 230848, 231110, 232444, 232833, 232853, 233272, 233400, 233602, 234272, 234886, 235342, 235487, 235751, 235996, 237060, 237110, 237243, 237448, 237698, 238331, 239044, 239057, 239070, 239095, 239105, 239117, 239129, 239417, 239450, 241106, 241692, 243158, 244796, 244823, 244863, 244881, 244927, 245039, 246031, 246156, 246808, 247014, 247113, 247167, 247709, 247854, 248112, 248121, 248769, 249219, 249300, 249640, 249708, 249747, 249864, 249891, 249949, 249992, 250233, 250941, 251479, 257180, 257871, 257880, 257888, 257975, 258558, 258672, 258700, 258720, 258785, 259198, 259248, 259360, 260256, 260288, 260321, 261006, 261356, 261458, 261872, 262004, 262119, 262143, 262180, 262418, 262633, 263266, 263337, 263411, 263754, 264730, 264989, 265128, 265167, 265426, 265713, 265764, 266040, 266076, 266121, 266135, 266162, 266291, 266327, 266553, 266584, 266957, 267025, 267116, 267149, 267175, 267216, 267248, 267542, 267545, 267681, 267803, 268003, 268250, 268345, 268404, 268412, 268585, 268670, 268780, 268815, 269612, 269918, 270179, 270342, 270375, 271122, 271684, 271831, 271877, 272849, 273105, 273517, 274048, 274390, 274671, 274930, 275031, 275188, 275224, 275258, 275428, 275549, 275793, 276578, 276822, 276883, 276972, 276994, 277031, 278457, 278528, 278837, 278902, 278936, 278989, 279564, 282188, 282274, 282666, 282671, 282830, 283530, 283846, 283925, 284034, 284269, 285102, 285250, 285358, 285453, 285806, 286202, 286575, 286676, 287650, 287833, 287961, 288744, 289028, 289082, 289889, 291453, 291867, 292207, 292249, 292270, 292407, 292612, 292705, 292791, 292968, 292982, 292992, 293109, 293225, 293361, 293397, 293453, 293556, 293585, 293942, 294418, 294610, 294634, 296016, 296609, 297020, 297069, 297234, 297483, 297712, 297758, 297974, 298109, 298332, 298711, 298856, 299009, 299191, 299195, 299309, 300451, 302354, 302557, 303463, 303624, 303822, 304367, 304504, 304576, 305328, 305339, 305834, 305886, 305889, 305896, 305906, 305913, 305919, 305923, 305935, 305943, 305984, 305991, 306494, 306503, 306699, 306706, 306710, 306802, 306862, 306901, 307108, 307259, 307490, 308095, 308104, 308579, 308671, 308875, 309005, 309035, 309169, 309205, 309225, 309233, 309610, 309636, 309654, 309670, 309681, 309697, 310651, 310951, 311384, 311504, 311511, 311556, 312232, 312364, 312497, 312775, 313146, 313211, 313340, 313825, 314866, 315055, 315201, 315401, 316159, 316269, 316279, 316315, 316406, 316410, 316795, 317184, 317240, 317303, 318151, 319055, 319071, 319354, 319559, 319981, 319998, 320111, 320133, 321537, 321704, 321708, 321715, 321739, 321994, 322138, 322143, 322588, 323094, 323124, 323456, 323510, 323978, 324299, 324680, 324937, 325211, 325218, 325259, 325321, 325810, 326385, 326504, 326596, 326790, 326965, 327113, 327158, 327162, 327638, 327853, 327871, 328658, 328791, 329032, 329767, 330920, 331300, 331931, 332444, 332451, 332733, 332857, 333043, 333810, 333939, 333947, 334103, 334179, 335180, 335192, 335481, 336163, 337027, 337263, 337284, 337318, 337883, 338852, 338865, 339124, 339568, 339670, 339692, 340620, 340740, 340843, 341032, 341041, 341194, 342576, 342725, 342743, 343000, 343031, 343060, 343341, 343413, 343435, 343509, 345353, 345357, 345367, 345560, 346007, 346034, 346057, 346074, 346250, 346291, 346300, 346620, 346819, 346890, 347026, 347032, 347039, 347146, 347782, 347789, 347825, 347831, 347839, 347844, 347850, 347864, 348586, 348652, 348691, 348701, 349497, 349744, 350606, 351099, 351270, 351307, 352159, 352489, 352498, 352701, 352826, 353139, 353331, 353410, 353524, 353526, 353532, 353590, 353756, 353804, 353814, 354165, 354703, 355125, 355292, 355300, 355525, 355533, 355553, 355562, 355726, 356238, 356242, 356249, 356668, 358206, 358319, 358382, 358519, 359550, 359769, 360176, 360313, 360498, 360512, 360832, 360859, 360896, 360918, 362237, 362848, 363001, 363341, 363393, 363405, 364074, 364127, 364248, 364717, 364879, 365787, 366691, 366753, 366799, 366871, 367494, 367690, 368925, 370196, 370342, 370651, 370657, 370690, 371392, 372951, 372971, 373198, 373287, 373647, 373685, 373806, 374070, 374102, 374150, 374335, 374572, 374662, 374792, 375063, 375076, 375445, 375906, 375955, 375961, 376075, 376177, 376184, 376387, 376429, 376705, 376888, 376938, 376947, 378603, 378816, 379460, 379701, 381192, 381473, 382062, 382080, 382294, 384711, 384838, 385018, 385767, 385772, 386800, 386984, 387166, 387410, 388547, 388729, 388921, 389571, 391250, 391274, 391741, 391746, 392184, 392189, 392417, 393179, 393308, 393494, 393578, 393723, 394167, 394371, 395254, 395529, 395772, 396359, 396365, 397803, 397809, 397983, 398966, 399604, 399822, 400725, 400859, 401089, 401098, 402222, 402701, 402747, 403668, 404652, 405574, 406508, 407302, 408082, 408150, 408470, 408493, 409130, 409429, 409948, 411077, 411636, 411951, 412469, 413917, 414092, 414178, 414302, 414453, 414828, 415423, 415497, 415571, 415729, 416137, 416269, 416300, 416378, 416743, 417365, 417441, 417495, 417832, 418034, 418189, 418558, 418713, 418766, 419098, 419405, 419448, 419529, 419809, 420458, 420881, 425291, 426194, 426318, 426362, 426404, 426460, 427536, 428333, 428342, 428746, 429035, 429654, 430255, 430338, 430438, 430451, 430475, 430485, 430525, 430531, 430537, 430616, 430639, 430659, 430763, 430793, 430961, 431335, 431404, 431593, 431765, 432098, 432443, 432483, 432498, 432734, 432879, 433775, 433791, 434487, 434549, 434555, 434632, 434674, 434787, 434796, 434815, 434821, 434866, 435221, 435869, 436420, 436970, 437055, 437252, 437329, 437415, 437431, 437488, 437608, 437621, 437631, 437673, 438034, 438828, 438879, 439010, 439062, 439293, 439481, 440091, 440223, 440290, 440313, 440508, 440823, 440845, 441382, 441479, 441483, 441768, 441798, 441852, 442106, 442529, 442637, 443327, 443487, 443623, 443688, 444305, 445089, 445106, 445218, 445226, 445234, 445601, 445843, 445979, 445983, 446097, 446110, 446123, 446871, 446900, 447463, 447541, 447594, 447784, 447800, 448030, 448242, 448347, 448353, 448565, 448746, 448901, 449192, 449238, 449510, 449566, 449597, 449707, 449723, 450276, 450296, 450419, 450591, 450624, 450705, 450969, 451094, 451231, 451784, 452123, 452179, 452643, 452713, 452726, 452823, 453319, 453459, 453563, 453868, 454235, 454297, 454340, 454903, 455175, 455186, 457598, 457645, 457802, 458248, 458363, 458449, 458671, 458736, 458891, 458943, 459001, 459070, 459306, 460207, 460226, 460289, 460293, 460323, 460769, 460861, 461586, 464111, 466392, 466878, 467025, 467187, 468224, 468425, 468592, 468636, 468752, 469853, 469905, 469993, 470089, 470122, 470218, 470480, 471080, 471575, 471601, 471913, 472376, 472986, 472993, 473306, 473554, 473559, 473773, 473831, 474428, 474731, 474856, 475044, 475339, 475347, 476444, 477072, 478337, 478745, 478807, 479826, 480245, 482018, 482317, 482429, 482445, 482916, 484005, 484014, 484053, 484059, 484607, 484768, 484772, 485291, 486085, 486437, 486540, 487275, 487296, 488685, 488857, 489164, 489390, 489400, 491529, 491595, 491614, 491618, 491643, 491656, 492145, 492381, 492657, 493566, 493956, 493999, 494016, 494221, 495542, 495607, 495976, 496424, 496595, 496634, 496650, 496707, 496736, 496750, 496779, 496791, 496814, 496850, 496892, 496931, 497010, 497064, 497197, 497372, 497423, 497435, 497611, 497885, 497989, 498760, 498792, 498824, 498860, 498868, 498890, 499007, 499036, 499867, 499889, 499963, 500043, 500130, 500161, 500209, 500291, 500374, 500457, 500521, 500644, 500707, 500725, 500803, 500949, 500972, 501006, 501033, 501051, 501104, 501128, 501187, 501235, 501414, 501446, 501526, 501600, 501944, 501961, 502496, 502525, 502624, 502733, 502867, 503263, 503290, 503459, 503495, 503740, 503801, 503900, 504030, 504275, 504306, 504339, 504438, 504447, 504605, 504620, 504715, 504726, 504759, 504906, 504918, 504957, 505005, 505018, 505054, 505082, 505094, 505162, 505624, 505816, 505879, 505919, 506003, 506441, 506466, 506575, 506758, 506781, 506840, 507315, 507451, 507549, 507963, 508018, 508083, 508162, 508265, 508293, 508309, 508329, 508589, 508689, 508771, 508940, 509024, 509102, 509134, 509200, 509413, 509453, 509514, 509549, 509654, 509670, 509784, 509856, 510039, 510098, 510212, 510223, 510610, 511117, 511292, 511599, 511613, 511825, 511876, 512439, 512555, 512567, 512578, 512668, 512717, 512792, 512819, 512844, 513015, 513172, 513180, 513931, 514027, 514048, 514070, 514234, 514294, 514323, 514427, 514475, 514511, 514599, 514620, 514830, 514872, 514937, 515000, 515032, 515365, 515390, 515468, 515822, 515946, 516007, 516062, 516144, 516368, 516386, 516401, 516445, 516609, 516635, 516722, 516842, 516973, 517063, 517111, 517246, 517548, 517610, 517710, 517738, 517758, 517964, 517995, 518008, 518054, 518067, 518083, 518216, 518295, 518515, 518583, 518617, 518694, 518900, 518924, 519025, 519220, 519322, 519404, 519415, 519435, 519582, 519679, 519706, 519787, 519817, 519904, 519914, 519961, 520033, 520049, 520130, 520169, 520358, 520411, 520632, 521055, 521088, 521108, 521161, 521333, 521362, 521454, 521604, 521728, 521748, 521841, 521926, 521990, 522145, 522605, 522661, 523174, 523284, 523401, 523595, 523619, 523643, 523768, 523865, 523876, 524274, 524461, 524495, 524711, 524993, 525002, 525033, 525118, 525197, 525447, 525462, 525530, 525565, 525786, 525810, 526016, 526060, 526293, 526757, 526876, 527108, 527174, 527245, 527384, 527429, 527487, 527536, 527557, 527615, 527666, 527727, 527834, 527871, 528206, 528241, 528444, 528568, 528783, 529366, 529621, 529686, 529712, 529820, 530011, 530060, 530074, 530116, 530164, 530648, 531111, 531291, 531366, 531518, 531528, 531577, 531700, 531799, 531857, 531971, 532015, 532059, 532119, 532135, 532289, 532324, 532359, 532591, 532746, 532941, 533097, 533103, 533184, 533481, 533625, 533679, 533707, 533727, 533757, 533826, 533894, 533926, 534041, 534134, 534387, 534435, 534501, 534723, 534799, 534889, 534919, 534963, 535198, 535225, 535370, 535527, 535627, 535664, 535738, 535754, 535912, 536004, 536033, 536056, 536342, 536446, 536528, 536560, 536822, 536868, 537631, 537641, 537662, 537696, 537719, 537861, 537881, 538106, 538210, 538222, 538254, 538279, 538358, 538459, 538486, 538497, 538530, 538555, 538884, 539083, 539512, 539519, 539536, 539615, 539664, 539714, 539721, 539888, 539902, 539941, 540183, 540305, 540435, 540509, 540684, 540794, 540806, 540851, 540862, 540905, 540935, 540966, 541403, 541411, 541482, 541575, 541625, 541678, 541992, 542099, 542663, 542716, 542780, 542803, 542869, 542874, 542913, 543061, 543292, 543425, 543529, 543562, 543573, 543829, 543877, 543940, 543976, 544124, 544364, 544375, 544503, 544588, 544964, 544969, 545022, 545394, 545643, 545652, 545682, 545838, 546014, 546043, 546060, 546280, 546313, 546384, 546664, 546709, 546807, 546876, 546940, 547016, 547056, 547206, 547407, 547436, 547527, 547846, 548010, 548063, 548085, 548347, 548639, 548921, 549377, 549752, 549870, 549972, 550061, 550108, 550192, 550307, 550336, 550348, 550448, 550995, 551331, 551359, 551402, 551623, 551700, 551747, 551846, 551894, 551983, 552013, 552368, 552744, 552853, 552875, 552920, 552940, 552962, 553004, 553057, 553125, 553149, 553164, 553745, 553757, 554041, 554052, 554312, 554375, 554545, 554751, 554810, 554871, 555176, 555440, 555743, 555754, 555886, 556274, 556430, 557057, 557088, 557248, 557403, 557465, 557487, 557514, 557691, 558192, 558224, 558252, 558281, 558697, 558857, 559168, 559191, 559261, 559265, 559347, 559975, 560432, 560520, 560598, 560640, 560814, 560909, 561572, 561975, 562305, 562437, 562484, 562587, 562780, 562868, 562945, 563020, 563215, 563449, 563580, 563608, 563624, 563644, 563686, 563923, 563994, 564150, 564255, 564268, 564299, 564542, 564613, 564690, 564978, 565060, 565606, 566011, 566060, 566166, 566435, 566548, 566594, 566696, 566761, 566904, 567186, 567454, 567499, 567531, 567538, 567606, 567713, 567862, 567921, 568039, 568242, 568283, 568319, 568461, 568542, 568610, 568641, 568760, 568778, 569238, 569363, 569572, 569601, 569618, 569640, 569684, 569801, 570079, 570260, 570485, 570608, 570693, 570838, 570883, 570939, 570954, 571041, 571095, 571118, 571588, 571906, 571971, 572173, 572234, 572287, 572338, 572478, 572519, 572627, 572671, 572704, 572739, 572786, 572853, 572983, 573054, 573086, 573107, 573248, 573261, 573281, 573358, 573384, 573439, 573485, 573588, 573810, 573831, 573871, 573951, 574124, 574217, 574279, 574438, 574481, 574513, 574545, 574604, 574664, 574725, 575177, 575185, 575197, 575470, 575644, 575741, 575812, 576011, 576031, 576108, 576145, 576157, 576277, 576334, 576340, 576413, 576489, 576822, 576939, 576961, 577078, 577110, 577235, 577273, 577356, 577377, 577392, 577505, 577518, 577568, 577815, 577961, 578006, 578093, 578115, 578235, 578263, 578284, 578358, 578444, 578495, 578565, 578909, 578996, 579037, 579070, 579085, 579160, 579202, 579241, 579284, 579308, 579325, 579522, 579534, 579664, 579712, 579728, 579821, 579839, 579864, 580064, 580183, 580232, 580357, 580568, 580601, 580667, 580726, 580820, 581091, 581123, 581179, 581195, 581207, 581216, 581254, 581610, 581625, 581664, 581700, 581753, 581835, 581860, 581976, 582006, 582029, 582079, 582101, 582148, 582185, 582255, 582496, 582560, 582895, 582914, 582949, 583009, 583023, 583050, 583091, 583097, 583193, 583224, 583254, 583306, 583426, 583455, 583497, 583596, 583610, 583639, 583657, 583684, 583808, 583845, 583867, 583910, 583986, 584008, 584082, 584097, 584106, 584144, 584177, 584190, 584271, 584321, 584428, 584818, 585268, 585318, 585599, 586107, 586313, 586466, 586525, 586595, 587095, 587261, 587361, 587520, 588437, 589733, 590398, 591332, 591351, 592358, 593447, 594946, 595274, 595454, 596232, 596263, 596344, 596369, 596471, 596487, 596515, 597125, 597137, 597147, 597437, 597640, 598180, 598190, 598229, 598248, 598655, 598764, 598767, 598794, 598916, 599377, 599541, 599690, 600034, 600043, 601101, 601146, 602100, 602172, 602258, 602265, 602353, 602534, 603091, 603265, 603294, 603470, 603789, 604029, 604064, 604112, 604137, 604170, 604849, 604860, 604925, 605074, 605660, 606220, 606363, 606678, 607031, 609001, 609131, 609786, 610827, 610877, 611387, 611734, 611855, 612009, 612055, 612074, 612096, 612578, 613007, 613055, 613212, 613587, 613762, 614922, 615619, 615849, 616579, 616727, 617545, 618002, 618057, 618712, 618809, 619281, 619352, 619624, 619920, 620202, 620318, 620388, 620413, 620625, 620895, 621175, 621214, 621861, 621926, 622049, 622102, 622120, 622137, 622162, 622276, 622557, 622752, 623441, 623590, 623609, 623627, 623636, 623645, 624167, 624233, 625429, 626026, 626035, 626073, 626079, 626487, 626613, 626795, 626973, 627419, 627446, 627470, 627903, 629161, 629226, 629975, 630624, 630863, 631031, 631106, 631751, 633249, 633479, 633688, 633734, 633786, 633844, 633907, 633998, 634036, 634046, 634545, 635010, 635425, 635429, 635438, 635534, 635799, 636456, 638408, 638484, 638529, 638933, 639157, 640038, 641028]
11,79,[150, 182, 203, 797, 877, 916, 1468, 1483, 1521, 1724, 1803, 2103, 2181, 2763, 3221, 3302, 3689, 3922, 3928, 3936, 3942, 4154, 4909, 5086, 5328, 5366, 5392, 6725, 6844, 6920, 7775, 7788, 7908, 8476, 8640, 9238, 9420, 9474, 9482, 9570, 9795, 9798, 9896, 9915, 10138, 10144, 10148, 10153, 10556, 10820, 10826, 11204, 11410, 11499, 12463, 12777, 13426, 13603, 13783, 14128, 14413, 14418, 14504, 15635, 16307, 16509, 16602, 17157, 17360, 17376, 17397, 17557, 17776, 17855, 18426, 18437, 19367, 19674, 20656]
12,81,[160, 741, 939, 953, 1031, 1071, 1089, 1100, 1371, 1670, 2184, 2333, 2782, 3041, 3131, 3220, 3284, 3482, 3872, 4127, 4154, 4187, 4217, 4457, 5111, 5409, 6103, 6271, 6823, 6910, 6947, 6980, 7324, 7523, 7859, 7877, 8873, 9015, 9515, 10341, 10411, 10421, 10748, 11236, 12154, 12171, 12995, 13004, 13092, 13240, 13296, 13437, 13590, 13800, 13894, 13933, 13951, 13962, 14166, 14180, 14767, 15027, 15455, 15834, 16908, 16966, 17005, 17207, 17729, 18079, 18153, 19030, 19352, 19750, 19776, 20591, 21051, 21196, 22425, 23036, 23116]
13,25,[270, 543, 738, 795, 911, 963, 1205, 1309, 1341, 1362, 1603, 1745, 1830, 1849, 1972, 2096, 2201, 2741, 3024, 3169, 3290, 3488, 3529, 3556, 3605]
14,27,[1671, 1680, 2599, 8832, 11768, 27059, 36777, 61423, 67423, 87307, 92467, 93926, 101312, 107901, 123017, 128535, 131852, 133927, 134024, 134042, 134224, 138467, 169327, 169434, 172418, 179087, 184814]
15,606,[1055, 1923, 2040, 2322, 2838, 3913, 4004, 4090, 4272, 4785, 5223, 5399, 6714, 7229, 7354, 7576, 7684, 7689, 8645, 8825, 9294, 9407, 9659, 10752, 10788, 11380, 11547, 11570, 11810, 11863, 12486, 12514, 12798, 12853, 13957, 14124, 14181, 14923, 15301, 15604, 15847, 15979, 16260, 16268, 16276, 16644, 16661, 16734, 16771, 16933, 17233, 17250, 17292, 17367, 17511, 18240, 18504, 18906, 19143, 19151, 19285, 19410, 19454, 19582, 19627, 20530, 22113, 22172, 22680, 22754, 23029, 23813, 23836, 24237, 24704, 25003, 25436, 25492, 25577, 26231, 26799, 26994, 27064, 27118, 27598, 27902, 28172, 28667, 28744, 28750, 29022, 29799, 30137, 30153, 30194, 30341, 30391, 30615, 30673, 30700, 30975, 31059, 31172, 31864, 31949, 32017, 32158, 32385, 32693, 32741, 32775, 33413, 33900, 34206, 34634, 36463, 37140, 37236, 37360, 37733, 38364, 38680, 38736, 38804, 38887, 39049, 39343, 39472, 39661, 39781, 39799, 39826, 40205, 40387, 40489, 40755, 41098, 42657, 42670, 42754, 43158, 44098, 44429, 44450, 45870, 46045, 46063, 46278, 46742, 46836, 47125, 47539, 47640, 47813, 47875, 47936, 48430, 49210, 50322, 50347, 50428, 51591, 51722, 52135, 52337, 52497, 53122, 53592, 53870, 53973, 54118, 54139, 55469, 55656, 56046, 56119, 56215, 56575, 56593, 56714, 56763, 56804, 56830, 57119, 58094, 58276, 58562, 58636, 58699, 58832, 59083, 59201, 59733, 59757, 60124, 60299, 60346, 60416, 61260, 61369, 61643, 62115, 62161, 62197, 62408, 62611, 62961, 63528, 63544, 63555, 63642, 63937, 64320, 64559, 64618, 64948, 65622, 65679, 66453, 66712, 67164, 67677, 67806, 68530, 68733, 69195, 69639, 70214, 70389, 71157, 71176, 71215, 71227, 71283, 71610, 71646, 71731, 71853, 71868, 72124, 72342, 72364, 72781, 72802, 73097, 73647, 74001, 74171, 74225, 74289, 74392, 74499, 74553, 75053, 76054, 76084, 76152, 76174, 76242, 76841, 76897, 76904, 77118, 77895, 78586, 78873, 78980, 79005, 79474, 79525, 79602, 79956, 80116, 80365, 80391, 81387, 81469, 81826, 83036, 83765, 84356, 84564, 84583, 84882, 84949, 85265, 85590, 85604, 85621, 86153, 86702, 87173, 87240, 87261, 87429, 87495, 88126, 88927, 89420, 89433, 89851, 89910, 90335, 90910, 90924, 91127, 91378, 91626, 92010, 92020, 92085, 92184, 92261, 92299, 92336, 92556, 92688, 93195, 93424, 93603, 93662, 93905, 94115, 94497, 94616, 94634, 95126, 95482, 95544, 95791, 95935, 96184, 96201, 96211, 96812, 97030, 97307, 97384, 97427, 97485, 97738, 99488, 99491, 99518, 99933, 100561, 100974, 101005, 101104, 101159, 102034, 102364, 102495, 102780, 102914, 103032, 103948, 104170, 104186, 104555, 104697, 105128, 105580, 106446, 106482, 107911, 108098, 108714, 109182, 109195, 109205, 109766, 109841, 109869, 109885, 109946, 110066, 110277, 110359, 110497, 110561, 110577, 110771, 111024, 111038, 111049, 111204, 111272, 111398, 111575, 111968, 112369, 113070, 113193, 113698, 113736, 113796, 113959, 114165, 114323, 114359, 114456, 114458, 114529, 114609, 115359, 115461, 115467, 115533, 115702, 115791, 115923, 116393, 116874, 116987, 117173, 117555, 117660, 117727, 117792, 117841, 117996, 118020, 118163, 118783, 119409, 119565, 119603, 119745, 120035, 120294, 120653, 121301, 121408, 121633, 121662, 121770, 121821, 121983, 122088, 122732, 123183, 123345, 123494, 124865, 125141, 125206, 125935, 126028, 126058, 126459, 126657, 126845, 126973, 127039, 127126, 127498, 127523, 128281, 128288, 128654, 128950, 129521, 129992, 130709, 130984, 131135, 131151, 131204, 131302, 131398, 131419, 131445, 132440, 132485, 132516, 132549, 132785, 133083, 133184, 133232, 134101, 134377, 134378, 134917, 134989, 135144, 135948, 136139, 136258, 136860, 137178, 137316, 137565, 137701, 138406, 138502, 138784, 139086, 139617, 139688, 139978, 140745, 141107, 141390, 142006, 142350, 143385, 143582, 143617, 145204, 145403, 145528, 145706, 145847, 146226, 146439, 146755, 146772, 147973, 148402, 148446, 149073, 149108, 149155, 149208, 150325, 150379, 151053, 151174, 151344, 152013, 152236, 152328, 152835, 152850, 152859, 152990, 154465, 154843, 155098, 155505, 155819, 156642, 156761, 156991, 157705, 157839, 157933, 158036, 158270, 158488, 158550, 158961, 159295, 159446, 159728, 159742, 160089, 160461, 160528, 160870, 160942, 161203, 161741, 161985, 162051, 163303, 163339, 163367, 163425, 163629, 163630, 164003, 164126, 164192, 164362, 165240, 165255, 165838, 166448, 166630, 166977, 167116, 167239, 167276, 167343, 167434, 167532, 167957, 168024, 168361, 168553, 169036, 169785, 170808, 171028, 171196, 171372, 171932, 172304, 172456, 173677, 173687, 173713, 173731]
16,176,[124, 152, 313, 474, 921, 928, 971, 1166, 1224, 1334, 1699, 1850, 1993, 2034, 2046, 2608, 3402, 3759, 3781, 3829, 3870, 4289, 4513, 4554, 4623, 5049, 5258, 5269, 5568, 5794, 5817, 5926, 6009, 6049, 6116, 6223, 6642, 6907, 7130, 7366, 8613, 8627, 8942, 9980, 10021, 10040, 10270, 10576, 10711, 10780, 10822, 10844, 10997, 11392, 11436, 11452, 11843, 12736, 12955, 12965, 13319, 13400, 13532, 13562, 13573, 13737, 14503, 14582, 14904, 15478, 15747, 15776, 15864, 16007, 16181, 16209, 16490, 16745, 16768, 16917, 17022, 17222, 17445, 17525, 17545, 17605, 17828, 17872, 17949, 18029, 18466, 18893, 19785, 19845, 19895, 20031, 20506, 20587, 21033, 21161, 21240, 21519, 21791, 22366, 22762, 22847, 23447, 23487, 23633, 24275, 24890, 25133, 26321, 26472, 27020, 27485, 28096, 28613, 28660, 28683, 28808, 29605, 30105, 30136, 30243, 30748, 30830, 31263, 31292, 31514, 31628, 31763, 31877, 31935, 32682, 33000, 33022, 33321, 33338, 33539, 33778, 34029, 34113, 34155, 34347, 34372, 34597, 34823, 34903, 34912, 35073, 35134, 35157, 35687, 36063, 36104, 36178, 36206, 36228, 36399, 36418, 36602, 36785, 36810, 36835, 36847, 36916, 36933, 36959, 37122, 37130, 37499, 37668, 37712, 37847, 37868]
17,632,[120, 1165, 1441, 1692, 1755, 2383, 2419, 2812, 3151, 3242, 3408, 3707, 3763, 3972, 4187, 4490, 5245, 5331, 7491, 9747, 11016, 11358, 12049, 13704, 13862, 14417, 14710, 14790, 15831, 16962, 17239, 17855, 18388, 21133, 23622, 24338, 24615, 26424, 26578, 26582, 26778, 26783, 26854, 27745, 28285, 28786, 29236, 29299, 29798, 30675, 31110, 31168, 31293, 31760, 31927, 32830, 33740, 33804, 33851, 33921, 34538, 34737, 35972, 37135, 37313, 37518, 38057, 38532, 38606, 38695, 39505, 39890, 40201, 40593, 40700, 41637, 41969, 43787, 43841, 43969, 46444, 49480, 50283, 50432, 51394, 51556, 51569, 51965, 52049, 52725, 55425, 56126, 56641, 57004, 57036, 58313, 58329, 58357, 58548, 59829, 60458, 60789, 60868, 60960, 60998, 61261, 61288, 62549, 62702, 63121, 63864, 64936, 64995, 65023, 65540, 65837, 66184, 66797, 67096, 67278, 67617, 68187, 68235, 68309, 68317, 68757, 69134, 69252, 69643, 69701, 70517, 71359, 71401, 71486, 71761, 72044, 72780, 73330, 73469, 73675, 74539, 75305, 75635, 75662, 75681, 75705, 75738, 75857, 75881, 76771, 76924, 76964, 78206, 79157, 81618, 81642, 82268, 82591, 82951, 83069, 83795, 85564, 85885, 87279, 88698, 88764, 88914, 90085, 90637, 91165, 91424, 91763, 92419, 92986, 93244, 93697, 93765, 94512, 95233, 96022, 96176, 96321, 96476, 96658, 96715, 96880, 97074, 97148, 97237, 98514, 98859, 99440, 99492, 99858, 99942, 100034, 100065, 100289, 100356, 100566, 100948, 101170, 101663, 101764, 101867, 102173, 102353, 102425, 102446, 102525, 102664, 102734, 102843, 102925, 102988, 103118, 103221, 103271, 103338, 103399, 103413, 103422, 103569, 103694, 104062, 104772, 104854, 105123, 105194, 105230, 105308, 105321, 105363, 105433, 105517, 106234, 106806, 107338, 107455, 107534, 107569, 107611, 107654, 108303, 108563, 108714, 108824, 109370, 109849, 109892, 109943, 109983, 110648, 111639, 111819, 112434, 112844, 112858, 112916, 113099, 113318, 113562, 113583, 113758, 114369, 114763, 115138, 115456, 116091, 116424, 116752, 116760, 116780, 116786, 116799, 116808, 116828, 116863, 117866, 117953, 118210, 119409, 119634, 121010, 121314, 121332, 122346, 122539, 122904, 123077, 123081, 123916, 125772, 125808, 126219, 126425, 126895, 127060, 127094, 127441, 127557, 127630, 127764, 127924, 128403, 128542, 128576, 128599, 129172, 129367, 129431, 129510, 129809, 129858, 130392, 130672, 130713, 130756, 130804, 130889, 130987, 131120, 131192, 131235, 131250, 131328, 131371, 133079, 133262, 133429, 133870, 134535, 135559, 135615, 136308, 136464, 136498, 137310, 137370, 137465, 137509, 137803, 138165, 138474, 139313, 139383, 139572, 139689, 139778, 139827, 139965, 140050, 140185, 140326, 140747, 140999, 141083, 141414, 141533, 141575, 141759, 142086, 142114, 142182, 143428, 143492, 143990, 144028, 144079, 144130, 144176, 144249, 144254, 144287, 144374, 144463, 144529, 145055, 145268, 145662, 146581, 147049, 147420, 147566, 147955, 147986, 148004, 148071, 148210, 148224, 148252, 148463, 148747, 150029, 150108, 150615, 150881, 151307, 151440, 151477, 153380, 153930, 153939, 153947, 154183, 154198, 154597, 154688, 154779, 155144, 155188, 155327, 155470, 156181, 157179, 157205, 157390, 157769, 157905, 158911, 159026, 159057, 159091, 159378, 159394, 159865, 160459, 160572, 161033, 161170, 162077, 163264, 163484, 163688, 165327, 165636, 165648, 165957, 166038, 166160, 167124, 167322, 168156, 168183, 169024, 170090, 170128, 170185, 170710, 170790, 171102, 174182, 176283, 176444, 176549, 177036, 177069, 177347, 178123, 178154, 178186, 178221, 178229, 178251, 178358, 178387, 178539, 178777, 179280, 179326, 179543, 180239, 180513, 180570, 180671, 180793, 180935, 180961, 180985, 181097, 181151, 181180, 181341, 181369, 181385, 181479, 181536, 181652, 181744, 181845, 181963, 182029, 182228, 182300, 182351, 182467, 182614, 182667, 182716, 182837, 183006, 183222, 183331, 183452, 183469, 183548, 183585, 183623, 183647, 184150, 184235, 184653, 184695, 184755, 184821, 184906, 184952, 185440, 185737, 186107, 186157, 186306, 186430, 186795, 186987, 187099, 187240, 188111, 188552, 188612, 188699, 188719, 188801, 188817, 188945, 189374, 189462, 189779, 189888, 191115, 191735, 191838, 191990, 192011, 192892, 193375, 193962, 194077, 194496, 194904, 195498, 195982, 196008, 196215, 196246, 197779, 197801, 197821, 197840, 197863, 197891, 197916, 197954, 198014, 198038, 198324, 198334, 198353, 198397, 198441, 198720, 200208, 200425, 200605, 200639, 200656, 201118, 201201, 201415, 201701, 201899, 202136, 202230, 202304, 202927, 202967, 203014, 203032, 203281, 203386, 203424, 203525, 203556, 203639, 203710, 204256, 204295, 205018, 205108, 205315, 205785, 206570, 207051, 207073, 207412, 208119, 209443, 209653, 209675, 210464, 210597, 211592, 212119, 212239, 212312, 212339, 212564, 212627, 212694, 212803, 212823, 212852, 212910, 212975, 213035, 213059, 215416, 216168, 216375, 216388, 217174, 217217]
18,183,[1801, 2136, 2672, 2677, 2684, 3866, 4752, 5433, 5672, 5911, 6755, 9154, 12747, 13731, 14815, 16368, 16859, 17223, 17477, 19782, 19830, 19849, 20235, 23581, 23639, 23730, 23739, 24550, 24763, 24918, 25845, 26774, 27755, 28052, 28119, 28357, 28471, 30855, 30883, 31346, 33083, 33119, 34009, 34625, 34726, 38689, 39339, 39490, 39706, 40940, 41021, 41919, 42520, 43738, 44455, 45107, 45714, 47603, 48331, 51579, 51631, 52707, 53413, 53428, 53553, 53952, 55616, 55999, 56106, 56583, 58088, 58467, 58778, 59704, 60577, 63172, 63725, 63873, 65812, 68359, 69043, 69584, 71702, 72187, 73325, 79955, 79985, 80328, 83628, 83642, 84961, 84980, 87374, 87750, 87937, 88211, 90274, 90397, 90408, 90431, 90442, 92018, 94803, 94807, 94812, 96305, 96416, 97858, 98713, 100634, 101066, 103427, 103456, 103897, 104199, 104530, 106778, 106782, 106986, 107067, 107308, 107950, 110466, 112745, 113865, 114280, 114346, 115590, 116751, 117248, 117639, 117715, 117743, 117774, 119143, 119640, 120031, 120107, 120135, 120166, 120835, 121439, 122040, 122163, 122181, 122275, 122350, 122484, 122493, 122960, 123054, 123951, 124451, 124839, 125110, 125487, 125609, 125646, 125668, 125698, 126383, 126820, 127189, 127231, 127438, 127528, 128585, 129363, 130118, 130195, 130306, 132051, 133485, 137783, 137858, 139016, 139724, 144192, 144275, 144430, 144995, 145841, 148648]
19,91,[1776, 2071, 2568, 2573, 3346, 3977, 3987, 4583, 4606, 4612, 4930, 5583, 5588, 5911, 6478, 6536, 6584, 7327, 7502, 8318, 9287, 9420, 10171, 10283, 10288, 11227, 12024, 12610, 12615, 13152, 13693, 13715, 13738, 13749, 13761, 13776, 13781, 13816, 14289, 14616, 15525, 15667, 15714, 15719, 15817, 15822, 15828, 15869, 15902, 15907, 16116, 16166, 16171, 16174, 16339, 16350, 16522, 16863, 17279, 18130, 18141, 18514, 18687, 18702, 19166, 19321, 19336, 20384, 20951, 21053, 21262, 21803, 22237, 22246, 22933, 23281, 23337, 23502, 23849, 23918, 24372, 25051, 25055, 25076, 25080, 25095, 25174, 25907, 26393, 26439, 26491]
20,222,[1452, 1749, 1786, 1912, 2075, 2116, 2204, 2554, 2614, 2789, 2806, 2943, 2967, 3015, 3053, 3074, 3560, 3610, 3727, 4136, 4410, 4706, 5235, 5308, 5392, 5468, 5663, 5913, 5936, 6154, 6340, 6497, 6572, 6662, 6667, 6752, 7205, 7909, 8198, 8262, 8325, 8831, 8955, 8999, 9337, 9577, 9889, 9962, 10690, 10822, 10920, 11268, 11275, 11300, 12184, 13311, 13424, 13556, 13913, 14255, 14344, 14585, 14737, 14914, 15319, 15371, 15959, 16207, 17148, 17198, 17328, 17353, 18437, 18514, 18780, 19048, 19367, 19723, 20056, 20268, 20323, 20380, 20509, 20512, 20595, 20749, 20867, 20870, 21154, 21372, 21512, 21522, 21764, 22114, 22372, 22440, 22697, 22777, 23374, 23466, 23803, 23807, 23812, 24371, 24437, 24978, 25251, 25581, 25837, 26150, 26359, 26442, 26622, 26717, 27337, 27713, 28048, 28064, 28080, 28282, 28470, 28833, 29142, 29269, 29290, 29474, 29748, 29836, 29844, 29846, 31113, 31626, 31799, 31917, 32177, 32283, 32421, 32665, 32943, 33216, 33361, 34257, 34332, 34464, 35182, 35650, 35690, 35695, 35827, 36034, 36990, 37865, 38552, 38682, 38750, 40008, 40044, 41208, 41613, 41717, 41814, 42572, 43430, 43700, 44191, 44585, 44672, 44838, 45383, 45795, 46129, 46202, 46327, 46361, 47500, 47734, 49253, 49291, 49439, 49792, 49838, 50051, 50186, 50614, 50744, 50962, 51315, 51412, 51636, 51698, 52290, 52685, 52729, 52911, 53710, 53721, 53739, 53749, 54289, 54951, 55037, 56091, 56517, 56923, 57297, 57795, 58031, 58748, 59619, 60043, 60984, 61029, 61214, 61329, 62046, 62107, 63432, 63714, 63909, 64073, 64505, 64986]
21,174,[1813, 2161, 2676, 4675, 5404, 5688, 5758, 5785, 6487, 6581, 6596, 6689, 6989, 7042, 7417, 7918, 8232, 8429, 8458, 8495, 8884, 8999, 9134, 9173, 9240, 9393, 9473, 9714, 10166, 10229, 10258, 10334, 10394, 10594, 10623, 11136, 11185, 11208, 11365, 11381, 11454, 11810, 12012, 12043, 12170, 12218, 12321, 12433, 12486, 13007, 13549, 14234, 14355, 14676, 14712, 14817, 15032, 15074, 15178, 15213, 15227, 15273, 15305, 15372, 15421, 15460, 15513, 16150, 16281, 16608, 16888, 16966, 17049, 17083, 17145, 17493, 17507, 17571, 17807, 17855, 17874, 17904, 18070, 18098, 18189, 18563, 18801, 18843, 19157, 19402, 19509, 19621, 19647, 19919, 20145, 20475, 20559, 20651, 20909, 20920, 20964, 21062, 21593, 21753, 21990, 22210, 22246, 22329, 22400, 22423, 22492, 23024, 23228, 23392, 23937, 24280, 24315, 24348, 24414, 24453, 24598, 24613, 24773, 24840, 24872, 24947, 24971, 25002, 25315, 25755, 25758, 25786, 26030, 26117, 26543, 26704, 26822, 26881, 26967, 27102, 27161, 27328, 27576, 27675, 27788, 27910, 28199, 28478, 28523, 29065, 29206, 29255, 29352, 29642, 29875, 30084, 30236, 30562, 30717, 30778, 30973, 31086, 31109, 31175, 31955, 32011, 32135, 32517, 33032, 33212, 33486, 33628, 33711, 33761]
22,17,[11271, 14040, 14247, 15585, 16625, 18275, 18281, 61357, 63857, 66274, 71478, 93889, 105109, 128616, 145097, 148416, 155588]
23,120,[1957, 1970, 1988, 2228, 2486, 2496, 2978, 3008, 3025, 3724, 3963, 4167, 4175, 4726, 5518, 5589, 5631, 6280, 6349, 6575, 6992, 7002, 7008, 7026, 7066, 7158, 7243, 7324, 7510, 7598, 7606, 7686, 7730, 7736, 8023, 8225, 8301, 8584, 8618, 8681, 9359, 10307, 10414, 10731, 11372, 11422, 11687, 11829, 11944, 12521, 12558, 12764, 12776, 12795, 12829, 12853, 13006, 13209, 13601, 14091, 14100, 14106, 14473, 14485, 14606, 14773, 15364, 15372, 15440, 15600, 15797, 16172, 16711, 17025, 17266, 17675, 17692, 17755, 17931, 18247, 19198, 19509, 20093, 20156, 20820, 20858, 21229, 21456, 21947, 22215, 22334, 23429, 23507, 23599, 23638, 23761, 24147, 24686, 25253, 25272, 25357, 25934, 25966, 26059, 26513, 26575, 27101, 27133, 27275, 27546, 27825, 27910, 28007, 28024, 28283, 28905, 29163, 29239, 29450, 29979]
24,291,[942, 1041, 1070, 1090, 1199, 1263, 1447, 1478, 1642, 2042, 2936, 3093, 3413, 3579, 3847, 4064, 4160, 4245, 4432, 4555, 4587, 4668, 4717, 4982, 5053, 5113, 5267, 5626, 5689, 5752, 5756, 5823, 6246, 6633, 6817, 7176, 7432, 7487, 7927, 8040, 8061, 8258, 8321, 8499, 8727, 8799, 8938, 9337, 9428, 9580, 9648, 10058, 10067, 10520, 10738, 10779, 11011, 11053, 11498, 11598, 11605, 11623, 11731, 12162, 12595, 12678, 12818, 12851, 12930, 13009, 13280, 13533, 13567, 13766, 13982, 14003, 14012, 14245, 14302, 14344, 14358, 14391, 14924, 15002, 15188, 15192, 15500, 15536, 15542, 15554, 15572, 15589, 16070, 16254, 16692, 16806, 16962, 17425, 17622, 17723, 17735, 17762, 17788, 17893, 17995, 18152, 18437, 18945, 18978, 19005, 19122, 19166, 19209, 19293, 19357, 19654, 19703, 19786, 19809, 19948, 19978, 20576, 20731, 20751, 20850, 20859, 20870, 20973, 21267, 21285, 21308, 21402, 21533, 21596, 21625, 21954, 22294, 22342, 22382, 22552, 22650, 22858, 22861, 22973, 23981, 24039, 24295, 24370, 24769, 24787, 25174, 25210, 25257, 25288, 25785, 26503, 26931, 27292, 27459, 27466, 27506, 27559, 27897, 27921, 28008, 28055, 28105, 28370, 28406, 28446, 28603, 28637, 28779, 28819, 28922, 29064, 29113, 29122, 29130, 29134, 29191, 29307, 29363, 29395, 29401, 29547, 29782, 29825, 29852, 29982, 30114, 30302, 30307, 30709, 30788, 31225, 31259, 31319, 31404, 31540, 31607, 31638, 31707, 31792, 32072, 32446, 32737, 33003, 33096, 33443, 33638, 33763, 33993, 34112, 34279, 34298, 34495, 34541, 34708, 35289, 35361, 35609, 35694, 36067, 36082, 36207, 36310, 36370, 36376, 36386, 36483, 36691, 36969, 37289, 37492, 37662, 37701, 37756, 37871, 38021, 38559, 38640, 38667, 38840, 38856, 38876, 39081, 39130, 39183, 39581, 39632, 40040, 40043, 40056, 40252, 40393, 40454, 40649, 40671, 40700, 40758, 40786, 40813, 40849, 40955, 41375, 41689, 41712, 41756, 42315, 42339, 42470, 42526, 42876, 43153, 43468, 43705, 43782, 44021, 44044, 44175, 44311, 44329, 44409, 44491, 44517, 44556, 44629, 44643, 44672, 44967]
25,32,[1351, 1962, 1972, 1985, 2953, 9076, 33612, 54557, 58980, 64313, 65188, 79789, 80954, 88599, 89980, 95913, 103455, 115375, 117890, 123085, 126160, 128189, 128279, 128297, 128476, 132574, 162387, 162490, 165575, 171734, 177263, 184329]
26,224,[1825, 2124, 2161, 2294, 2461, 2502, 2596, 2971, 3041, 3230, 3248, 3403, 3430, 3479, 3518, 3542, 4059, 4110, 4226, 4634, 4920, 5224, 5751, 5824, 5909, 5985, 6181, 6431, 6454, 6673, 6859, 7015, 7090, 7180, 7185, 7271, 7726, 8431, 8721, 8786, 8855, 9374, 9504, 9551, 9890, 10131, 10442, 11251, 11385, 11481, 11839, 11848, 11873, 12771, 13895, 14009, 14141, 14500, 14845, 14941, 15195, 15347, 15541, 15956, 16009, 16605, 16854, 17801, 17851, 17993, 18020, 19148, 19223, 19489, 19755, 20074, 20437, 20778, 20994, 21049, 21106, 21236, 21239, 21321, 21481, 21604, 21607, 21894, 22118, 22258, 22268, 22514, 22869, 23129, 23197, 23458, 23542, 24144, 24236, 24567, 24571, 24577, 25140, 25212, 25763, 26046, 26376, 26637, 26946, 27157, 27242, 27423, 27536, 28160, 28541, 28883, 28899, 28914, 29119, 29300, 29666, 29984, 30112, 30133, 30318, 30593, 30682, 30690, 30692, 31980, 32497, 32671, 32789, 33050, 33156, 33295, 33541, 33819, 34093, 34241, 35137, 35215, 35352, 36075, 36549, 36590, 36595, 36727, 36935, 37904, 38782, 39228, 39494, 39626, 39694, 40947, 40983, 42146, 42551, 42653, 42748, 43508, 44368, 44382, 44659, 45154, 45556, 45649, 45822, 46382, 46797, 47131, 47207, 47332, 47366, 48505, 48740, 50297, 50335, 50486, 50838, 50884, 51095, 51231, 51665, 51795, 52018, 52371, 52470, 52710, 52778, 53377, 53783, 53828, 54018, 54842, 54853, 54871, 54881, 55451, 56112, 56197, 57248, 57535, 57667, 58071, 58459, 58968, 59217, 59946, 60901, 61333, 62281, 62327, 62516, 62632, 63349, 63410, 64804, 65092, 65296, 65465, 65904, 66392]
27,370,[485, 619, 632, 644, 652, 697, 854, 888, 1277, 1314, 1798, 1845, 2204, 2820, 3769, 4568, 4922, 5501, 5572, 5738, 5747, 5852, 6287, 7056, 7405, 7801, 7831, 8041, 8086, 8133, 8488, 8834, 9578, 9651, 9711, 9776, 9894, 9910, 10079, 10872, 12174, 13702, 13837, 14021, 14244, 14304, 14508, 14808, 14916, 14948, 15128, 15212, 15240, 15723, 15777, 16413, 16860, 16928, 17033, 17439, 17500, 17565, 17897, 18668, 18756, 18909, 20990, 21045, 21122, 21835, 22268, 22370, 22513, 22902, 22914, 22927, 23867, 23895, 24067, 24480, 24845, 25014, 25245, 25325, 26190, 26756, 26773, 26938, 27130, 27264, 27452, 27719, 27855, 27935, 28141, 28680, 29359, 30534, 30971, 31123, 31240, 31242, 31268, 31329, 32487, 32498, 32648, 32692, 32778, 32840, 33465, 33499, 33522, 33860, 35368, 36164, 36174, 36433, 36444, 36547, 36742, 36760, 36843, 36849, 36879, 37944, 37976, 38219, 38294, 38301, 38340, 39244, 39841, 39976, 40441, 40567, 40626, 40846, 40864, 40904, 41539, 41653, 41753, 41792, 41817, 41838, 42400, 42447, 42458, 42464, 42470, 42703, 43069, 43289, 43600, 43912, 44186, 44507, 44657, 44668, 44674, 44681, 45395, 45826, 46832, 46841, 46947, 47094, 47206, 47577, 48691, 50567, 50573, 50948, 50963, 51048, 51578, 51592, 51602, 51732, 52041, 52073, 52480, 53139, 53657, 53962, 54472, 54521, 54818, 55292, 55311, 55356, 55362, 55424, 55683, 55800, 56037, 56618, 56807, 56847, 57198, 57304, 57479, 58621, 58879, 58908, 59398, 59662, 59940, 60159, 60620, 60813, 61087, 61681, 62063, 62259, 62901, 63344, 63652, 63802, 64279, 64288, 64832, 65285, 65627, 66948, 67199, 67625, 68105, 68263, 68282, 68375, 68806, 69234, 69657, 69861, 69867, 70705, 71605, 72003, 72017, 72078, 72819, 73084, 73406, 73589, 73659, 74043, 74179, 74205, 74288, 74368, 74497, 74604, 74787, 75185, 75295, 76222, 76331, 77179, 77696, 78016, 79158, 79177, 79308, 80113, 80197, 80392, 80541, 81032, 81195, 81512, 81841, 82255, 82501, 82748, 83379, 83471, 83704, 84278, 84448, 85154, 85924, 86286, 86347, 86469, 86751, 88392, 88522, 88763, 88888, 88892, 89055, 89195, 89336, 89774, 89824, 89954, 90184, 90564, 91265, 91767, 91777, 92183, 92436, 92773, 93324, 93649, 93799, 93831, 94600, 94634, 94859, 95641, 95825, 96084, 96550, 97058, 97194, 97756, 97909, 97997, 98115, 98772, 98813, 99109, 99119, 99739, 100097, 100263, 101014, 101178, 101317, 101645, 101694, 102051, 102090, 102333, 102939, 102993, 103044, 103365, 103419, 103603, 103746, 103803, 104055, 104155, 104181, 105021, 105314, 105372, 105403, 105644, 105757, 105879, 106263, 106469, 106757, 106792, 106862, 106871, 107484, 107553, 108093, 108313, 108805, 108895, 109022, 109309]
28,58,[884, 947, 1966, 2207, 2304, 2380, 2734, 3088, 3421, 3643, 4123, 4422, 4429, 4644, 4677, 4685, 4820, 4835, 5281, 5629, 5990, 6127, 6298, 6359, 6548, 6679, 7119, 7126, 7280, 7295, 7338, 7348, 7377, 7421, 7436, 7933, 8050, 8328, 8402, 8625, 8693, 9263, 9419, 9545, 9755, 9777, 9790, 10035, 10108, 10184, 10622, 10711, 10925, 10982, 11034, 11277, 11454, 11658]
30,2834,[991, 1547, 2173, 2240, 2580, 3005, 3074, 3596, 4766, 6088, 6248, 6275, 6321, 7104, 7535, 7548, 7645, 7801, 7829, 7860, 8057, 8063, 8559, 8574, 8640, 9688, 9759, 9898, 9994, 10013, 10110, 10115, 10176, 10181, 10511, 10704, 12654, 12864, 12875, 13014, 13103, 13146, 13380, 13622, 14023, 14117, 14172, 14461, 15005, 15033, 15113, 15697, 15861, 16131, 16695, 16766, 17084, 17207, 17338, 17614, 17725, 17802, 17940, 17949, 18032, 19088, 19241, 19563, 19622, 19720, 20248, 20304, 20403, 20773, 20955, 21103, 21135, 21281, 21362, 22295, 22597, 22705, 23071, 23129, 23270, 23510, 23583, 23956, 24001, 24068, 24456, 24463, 24507, 25046, 25545, 25719, 25792, 26175, 26478, 26582, 26894, 27010, 27127, 27401, 27423, 27809, 27900, 27921, 28576, 29227, 29605, 29691, 30219, 30230, 30462, 31184, 31264, 31425, 31517, 31594, 31892, 32017, 32181, 32195, 32258, 32272, 32395, 32425, 32440, 32491, 32555, 32772, 32995, 33016, 33282, 33450, 33667, 33818, 34017, 34306, 35084, 35220, 35260, 35275, 35915, 36045, 37282, 37712, 38108, 38636, 38653, 38917, 38965, 38987, 39015, 39407, 39452, 39607, 39708, 39759, 39840, 39871, 39936, 39966, 40277, 40496, 40754, 41330, 41373, 41534, 41540, 41669, 41818, 41843, 41918, 41987, 42236, 42560, 42569, 42687, 42998, 43046, 43329, 43524, 43634, 43760, 44214, 45536, 45931, 49372, 49402, 49509, 49519, 49707, 49715, 50505, 50644, 51011, 51020, 51094, 51118, 51127, 51198, 51296, 51312, 51990, 52011, 52129, 52444, 52637, 52876, 52984, 53096, 54016, 54130, 54144, 54165, 54243, 58399, 58408, 58483, 58957, 59118, 60075, 60264, 60728, 60752, 60761, 61660, 61685, 61804, 62625, 64089, 64313, 64617, 65170, 65183, 65638, 65754, 65800, 65975, 66088, 66183, 67968, 68463, 68466, 68490, 68722, 68966, 69171, 69232, 69673, 69756, 69865, 71090, 71275, 71599, 71942, 73123, 73305, 73523, 73566, 73772, 73823, 74099, 74115, 74446, 74552, 74889, 75027, 76539, 76691, 76713, 76906, 76946, 76959, 77130, 77224, 77467, 77629, 78880, 78891, 79724, 80808, 81065, 81195, 81223, 82001, 82406, 82540, 82612, 82622, 82682, 82810, 82950, 84706, 84844, 84898, 85295, 85837, 85893, 85917, 85945, 86001, 86069, 86109, 86122, 86148, 86564, 86699, 86708, 86733, 86744, 86785, 86911, 87359, 87866, 89502, 89621, 89800, 89811, 90033, 90408, 91262, 92448, 92552, 92597, 92942, 93226, 93511, 93801, 93822, 94031, 94054, 95146, 95193, 95434, 95893, 96148, 96577, 96641, 96817, 97223, 97241, 98104, 98186, 98485, 99237, 100304, 101640, 101782, 101791, 102966, 103101, 103266, 104002, 104173, 104213, 104616, 105258, 105746, 106001, 106101, 106201, 106231, 106315, 107608, 107813, 107967, 108108, 109049, 109197, 109496, 109502, 109508, 109513, 109548, 109604, 109762, 109883, 109934, 110840, 110888, 110904, 111348, 111722, 112855, 112861, 112866, 112871, 113079, 113395, 113411, 113703, 113852, 113946, 113960, 114562, 115042, 115260, 115447, 115531, 115653, 115881, 116779, 116904, 117177, 117448, 117482, 117581, 117995, 118032, 118224, 118244, 118301, 118458, 118758, 118768, 118935, 119008, 119351, 119463, 119785, 119953, 120050, 120093, 120102, 120135, 120327, 120393, 120418, 120447, 120488, 120571, 120686, 120742, 120885, 120928, 120952, 121073, 121252, 121375, 121398, 121410, 121454, 121622, 121748, 122040, 122078, 122113, 122279, 122637, 122644, 122967, 122974, 124439, 124699, 124815, 124910, 125015, 125819, 126106, 126155, 126245, 126538, 126547, 126765, 127108, 127532, 128257, 128962, 129092, 129212, 129296, 129539, 129679, 129831, 129974, 130101, 130132, 130268, 130385, 130470, 130556, 130794, 130918, 131105, 131115, 131203, 131436, 131505, 131545, 131555, 132026, 132375, 132711, 132773, 132892, 132928, 133100, 133138, 133211, 133229, 133562, 133617, 134079, 134218, 134540, 134713, 134812, 135378, 135481, 137238, 138917, 140444, 140581, 141830, 141930, 141997, 142443, 142516, 143123, 143334, 144309, 144571, 144669, 144935, 144972, 145272, 145316, 145396, 145610, 145741, 145809, 145951, 145959, 146029, 146158, 146599, 146647, 146727, 146793, 146818, 146823, 147271, 147378, 147440, 147537, 147933, 148098, 148145, 148846, 148921, 148986, 148995, 149269, 149329, 149405, 149458, 149528, 150242, 150577, 150777, 150853, 150921, 151175, 151407, 151944, 151999, 152136, 152188, 152589, 152693, 152909, 152918, 152994, 153619, 153670, 154062, 154464, 154710, 154789, 154856, 154930, 155125, 155282, 155305, 155365, 155545, 155577, 155858, 156172, 156183, 156366, 156674, 156790, 156959, 157037, 157076, 157138, 157183, 157272, 157357, 157373, 157421, 157692, 157788, 158072, 158783, 158814, 158839, 159513, 159633, 160044, 160070, 160370, 160555, 160865, 160924, 161141, 161158, 161580, 161806, 161863, 162163, 162276, 162626, 162785, 162980, 163285, 163512, 163736, 163758, 163791, 163840, 163863, 164041, 164059, 164074, 164175, 164222, 164335, 164352, 164384, 164473, 164840, 165122, 165460, 165480, 165729, 165816, 166303, 166419, 166558, 166629, 166853, 166969, 167091, 167147, 167201, 167222, 167247, 167300, 167326, 167456, 167471, 167494, 167532, 167788, 167848, 168235, 168269, 168362, 168382, 168707, 168841, 169727, 169869, 169948, 169977, 170648, 170706, 170794, 170920, 171045, 171612, 171860, 172000, 172251, 172534, 172650, 172732, 172829, 173009, 173182, 173289, 173369, 173455, 173570, 173770, 173857, 174025, 174482, 174509, 174594, 174621, 175002, 175090, 175157, 175177, 175280, 175590, 175915, 176151, 176278, 176606, 176728, 176882, 177342, 177440, 177635, 177828, 177885, 178198, 178363, 178547, 178763, 178811, 178970, 179009, 179061, 179716, 180288, 180303, 180457, 180778, 181184, 181464, 181571, 181744, 181869, 182078, 182113, 182164, 182228, 182294, 182336, 182453, 183091, 183433, 183576, 183920, 184149, 184231, 184255, 184288, 184450, 184561, 184642, 184730, 184831, 184864, 184952, 185012, 185264, 185387, 185412, 185583, 185753, 186037, 186294, 186821, 186890, 186990, 187126, 187216, 187558, 187586, 187623, 187664, 187784, 187815, 187857, 187915, 187957, 188101, 188171, 188273, 188345, 188404, 188433, 188588, 188605, 189145, 189202, 189237, 189591, 189629, 189762, 190009, 190153, 190160, 190509, 191134, 191213, 191318, 191373, 191450, 192118, 192261, 192397, 192455, 192685, 192962, 193049, 193360, 193387, 193467, 193561, 193798, 194448, 194626, 195239, 195595, 195954, 196082, 196105, 196115, 196213, 196809, 197051, 197150, 197867, 198006, 198691, 198783, 198923, 198969, 199698, 199738, 200190, 200695, 200720, 202222, 202233, 203189, 203635, 204876, 205803, 205812, 205822, 206067, 206310, 206325, 206379, 206436, 206462, 206644, 206980, 206992, 207360, 207627, 208044, 208085, 208120, 208814, 209060, 209198, 209280, 209395, 209776, 210149, 210246, 210285, 210712, 211229, 211287, 211432, 211651, 211663, 211860, 211990, 212083, 212257, 212792, 212991, 213360, 213532, 214090, 214522, 214662, 214708, 214733, 214801, 215122, 215389, 215628, 215913, 215998, 216471, 217777, 217814, 218073, 218713, 218859, 218887, 219101, 219448, 219878, 220111, 220152, 220258, 220274, 220351, 220375, 220638, 220901, 221005, 221027, 221100, 221174, 221327, 221384, 221501, 221530, 221601, 221655, 221684, 221798, 221841, 221991, 222099, 222477, 222500, 222541, 222706, 222836, 222854, 222918, 223004, 223057, 223165, 223387, 223473, 223530, 223572, 223627, 223791, 223877, 224069, 224153, 224322, 224497, 224751, 225055, 225241, 225321, 225372, 225442, 225713, 225915, 225998, 226054, 226125, 226204, 226482, 226695, 226755, 226947, 227266, 227620, 227640, 227890, 228140, 228995, 229126, 229830, 230555, 230698, 230960, 232294, 232683, 232703, 233122, 233250, 233452, 234122, 234736, 235192, 235337, 235601, 235846, 236910, 236960, 237093, 237298, 237548, 238181, 238891, 238904, 238917, 238942, 238952, 238964, 238976, 239264, 239297, 240953, 241539, 243005, 244643, 244670, 244710, 244728, 244774, 244886, 245878, 246003, 246655, 246861, 246960, 247014, 247556, 247701, 247959, 247968, 248616, 249066, 249147, 249487, 249555, 249594, 249711, 249738, 249796, 249839, 250080, 250788, 251326, 257024, 257715, 257724, 257732, 257819, 258402, 258516, 258544, 258564, 258629, 259042, 259092, 259204, 260100, 260132, 260165, 260850, 261200, 261302, 261716, 261848, 261963, 261987, 262024, 262262, 262477, 263110, 263181, 263255, 263598, 264574, 264833, 264972, 265011, 265270, 265557, 265608, 265884, 265920, 265965, 265979, 266006, 266135, 266171, 266397, 266428, 266801, 266869, 266960, 266993, 267019, 267060, 267092, 267386, 267389, 267525, 267647, 267847, 268094, 268189, 268248, 268256, 268429, 268514, 268624, 268659, 269456, 269762, 270023, 270186, 270219, 270966, 271528, 271675, 271721, 272693, 272949, 273361, 273892, 274234, 274515, 274774, 274875, 275032, 275068, 275102, 275272, 275393, 275637, 276422, 276666, 276727, 276816, 276838, 276875, 278302, 278373, 278682, 278747, 278781, 278834, 279409, 282033, 282119, 282511, 282516, 282675, 283374, 283690, 283769, 283878, 284113, 284946, 285094, 285202, 285297, 285650, 286046, 286419, 286520, 287494, 287677, 287805, 288588, 288872, 288926, 289733, 291297, 291711, 292050, 292092, 292113, 292250, 292455, 292548, 292634, 292811, 292825, 292835, 292952, 293068, 293204, 293240, 293296, 293399, 293428, 293785, 294261, 294453, 294477, 295859, 296452, 296862, 296911, 297076, 297325, 297554, 297600, 297816, 297951, 298174, 298553, 298698, 298851, 299033, 299037, 299151, 300293, 302196, 302399, 303305, 303466, 303664, 304209, 304346, 304418, 305170, 305181, 305676, 305728, 305731, 305738, 305748, 305755, 305761, 305765, 305777, 305785, 305826, 305833, 306336, 306345, 306541, 306548, 306552, 306644, 306704, 306743, 306950, 307101, 307332, 307937, 307946, 308421, 308513, 308717, 308847, 308877, 309011, 309047, 309067, 309075, 309452, 309478, 309496, 309512, 309523, 309539, 310493, 310793, 311225, 311345, 311352, 311397, 312073, 312205, 312338, 312616, 312987, 313052, 313181, 313666, 314707, 314896, 315042, 315242, 316000, 316110, 316120, 316156, 316247, 316251, 316636, 317025, 317081, 317144, 317992, 318896, 318912, 319195, 319400, 319822, 319839, 319952, 319974, 321378, 321545, 321549, 321556, 321580, 321835, 321979, 321984, 322429, 322935, 322965, 323297, 323351, 323819, 324140, 324521, 324778, 325052, 325059, 325100, 325162, 325651, 326226, 326345, 326437, 326631, 326806, 326954, 326999, 327003, 327479, 327694, 327712, 328499, 328632, 328873, 329608, 330761, 331141, 331772, 332285, 332292, 332574, 332698, 332884, 333651, 333780, 333788, 333944, 334020, 335021, 335033, 335322, 336004, 336868, 337104, 337125, 337159, 337724, 338693, 338706, 338965, 339409, 339511, 339533, 340461, 340581, 340684, 340873, 340882, 341035, 342417, 342566, 342584, 342841, 342872, 342901, 343182, 343254, 343276, 343350, 345194, 345198, 345208, 345401, 345848, 345875, 345898, 345915, 346091, 346132, 346141, 346461, 346660, 346731, 346867, 346873, 346880, 346987, 347623, 347630, 347666, 347672, 347680, 347685, 347691, 347705, 348427, 348493, 348532, 348542, 349338, 349585, 350447, 350940, 351111, 351148, 352000, 352330, 352339, 352542, 352667, 352980, 353172, 353251, 353365, 353367, 353373, 353431, 353597, 353645, 353655, 354006, 354544, 354966, 355133, 355141, 355366, 355374, 355394, 355403, 355567, 356079, 356083, 356090, 356509, 358046, 358159, 358222, 358359, 359390, 359609, 360016, 360153, 360338, 360352, 360672, 360699, 360736, 360758, 362077, 362688, 362841, 363178, 363230, 363242, 363911, 363964, 364085, 364554, 364716, 365624, 366528, 366590, 366636, 366708, 367331, 367527, 368762, 370033, 370179, 370488, 370494, 370527, 371229, 372788, 372808, 373035, 373124, 373484, 373522, 373643, 373907, 373939, 373987, 374172, 374409, 374499, 374629, 374900, 374913, 375282, 375743, 375792, 375798, 375912, 376014, 376021, 376224, 376266, 376542, 376725, 376775, 376784, 378440, 378653, 379297, 379538, 381029, 381310, 381899, 381917, 382131, 384548, 384675, 384855, 385604, 385609, 386637, 386821, 387003, 387247, 388384, 388566, 388758, 389408, 391087, 391111, 391578, 391583, 392021, 392026, 392254, 393013, 393142, 393328, 393412, 393557, 394001, 394205, 395088, 395363, 395606, 396193, 396199, 397637, 397643, 397817, 398800, 399438, 399656, 400559, 400693, 400923, 400932, 402056, 402535, 402581, 403502, 404486, 405408, 406342, 407136, 407916, 407984, 408304, 408327, 408964, 409263, 409782, 410911, 411470, 411785, 412303, 413751, 413926, 414012, 414136, 414287, 414662, 415257, 415331, 415405, 415563, 415971, 416103, 416134, 416212, 416577, 417199, 417275, 417329, 417666, 417868, 418023, 418392, 418547, 418600, 418932, 419239, 419282, 419363, 419643, 420292, 420715, 425125, 426028, 426152, 426196, 426238, 426294, 427369, 428166, 428175, 428579, 428868, 429487, 430085, 430168, 430268, 430281, 430305, 430315, 430355, 430361, 430367, 430446, 430469, 430489, 430593, 430623, 430791, 431165, 431234, 431423, 431595, 431928, 432273, 432313, 432328, 432564, 432709, 433605, 433621, 434317, 434379, 434385, 434462, 434504, 434617, 434626, 434645, 434651, 434696, 435051, 435699, 436250, 436800, 436885, 437082, 437159, 437245, 437261, 437318, 437438, 437451, 437461, 437503, 437864, 438658, 438709, 438840, 438892, 439123, 439311, 439921, 440053, 440120, 440143, 440338, 440653, 440675, 441212, 441309, 441313, 441598, 441628, 441682, 441936, 442359, 442467, 443157, 443317, 443453, 443518, 444135, 444919, 444936, 445048, 445056, 445064, 445431, 445673, 445809, 445813, 445927, 445940, 445953, 446701, 446730, 447293, 447371, 447424, 447614, 447630, 447860, 448072, 448177, 448183, 448395, 448576, 448731, 449022, 449068, 449340, 449396, 449427, 449537, 449553, 450106, 450126, 450249, 450421, 450454, 450535, 450799, 450924, 451061, 451614, 451953, 452009, 452473, 452543, 452556, 452653, 453149, 453289, 453393, 453698, 454065, 454127, 454170, 454733, 455005, 455016, 457428, 457475, 457632, 458078, 458193, 458279, 458501, 458566, 458721, 458773, 458831, 458900, 459136, 460037, 460056, 460119, 460123, 460153, 460599, 460691, 461416, 463940, 466221, 466707, 466854, 467016, 468053, 468254, 468421, 468465, 468581, 469682, 469734, 469822, 469918, 469951, 470047, 470309, 470909, 471404, 471430, 471743, 472206, 472816, 472823, 473136, 473384, 473389, 473603, 473661, 474258, 474561, 474686, 474874, 475169, 475177, 476275, 476903, 478169, 478577, 478639, 479658, 480077, 481852, 482151, 482263, 482279, 482751, 483840, 483849, 483888, 483894, 484442, 484603, 484607, 485127, 485921, 486274, 486377, 487112, 487133, 488523, 488696, 489003, 489229, 489239, 491369, 491435, 491454, 491458, 491483, 491496, 491985, 492221, 492497, 493406, 493796, 493839, 493856, 494061, 495383, 495448, 495817, 496255, 496426, 496465, 496481, 496538, 496567, 496581, 496610, 496622, 496645, 496681, 496723, 496762, 496841, 496895, 497028, 497203, 497254, 497266, 497442, 497716, 497820, 498591, 498623, 498655, 498691, 498699, 498721, 498838, 498867, 499698, 499720, 499794, 499874, 499961, 499992, 500040, 500122, 500205, 500288, 500352, 500475, 500538, 500556, 500634, 500780, 500803, 500837, 500864, 500882, 500935, 500959, 501018, 501066, 501245, 501277, 501357, 501431, 501775, 501792, 502327, 502356, 502455, 502564, 502698, 503094, 503121, 503290, 503326, 503571, 503632, 503731, 503861, 504106, 504137, 504170, 504269, 504278, 504436, 504451, 504546, 504557, 504590, 504737, 504749, 504788, 504836, 504849, 504885, 504913, 504925, 504993, 505455, 505647, 505710, 505750, 505834, 506272, 506297, 506406, 506589, 506612, 506671, 507146, 507282, 507380, 507794, 507849, 507914, 507993, 508096, 508124, 508140, 508160, 508420, 508520, 508602, 508771, 508855, 508933, 508965, 509031, 509244, 509284, 509345, 509380, 509485, 509501, 509615, 509687, 509870, 509929, 510043, 510054, 510441, 510948, 511123, 511430, 511444, 511656, 511707, 512270, 512386, 512398, 512409, 512499, 512548, 512623, 512650, 512675, 512846, 513003, 513011, 513762, 513858, 513879, 513901, 514065, 514125, 514154, 514258, 514306, 514342, 514430, 514451, 514661, 514703, 514768, 514831, 514863, 515196, 515221, 515299, 515650, 515774, 515835, 515890, 515972, 516196, 516214, 516229, 516273, 516437, 516463, 516550, 516670, 516801, 516891, 516939, 517074, 517376, 517438, 517538, 517566, 517586, 517792, 517823, 517836, 517882, 517895, 517911, 518044, 518123, 518343, 518411, 518445, 518522, 518728, 518752, 518853, 519048, 519150, 519232, 519243, 519263, 519410, 519507, 519534, 519615, 519645, 519732, 519742, 519789, 519861, 519877, 519958, 519997, 520186, 520239, 520460, 520883, 520916, 520936, 520989, 521161, 521190, 521282, 521432, 521556, 521576, 521669, 521754, 521818, 521973, 522433, 522489, 523002, 523112, 523229, 523423, 523447, 523471, 523596, 523693, 523704, 524102, 524289, 524323, 524539, 524821, 524830, 524861, 524946, 525025, 525275, 525290, 525358, 525393, 525614, 525638, 525844, 525888, 526121, 526585, 526704, 526936, 527002, 527073, 527212, 527257, 527315, 527364, 527385, 527443, 527494, 527555, 527662, 527699, 528031, 528066, 528269, 528393, 528608, 529191, 529446, 529511, 529537, 529645, 529836, 529885, 529899, 529941, 529989, 530473, 530936, 531116, 531191, 531343, 531353, 531402, 531525, 531624, 531682, 531796, 531840, 531884, 531944, 531960, 532114, 532149, 532184, 532416, 532571, 532766, 532922, 532928, 533009, 533306, 533450, 533504, 533532, 533552, 533582, 533651, 533719, 533751, 533866, 533959, 534212, 534260, 534326, 534548, 534624, 534714, 534744, 534788, 535023, 535050, 535195, 535352, 535452, 535489, 535563, 535579, 535737, 535829, 535858, 535881, 536167, 536271, 536353, 536385, 536647, 536693, 537456, 537466, 537487, 537521, 537544, 537686, 537706, 537931, 538035, 538047, 538079, 538104, 538183, 538284, 538311, 538322, 538355, 538380, 538709, 538908, 539337, 539344, 539361, 539440, 539489, 539539, 539546, 539713, 539727, 539766, 540008, 540130, 540260, 540334, 540509, 540619, 540631, 540676, 540687, 540730, 540760, 540791, 541228, 541236, 541307, 541400, 541450, 541503, 541817, 541924, 542488, 542541, 542605, 542628, 542694, 542699, 542738, 542886, 543117, 543250, 543354, 543387, 543398, 543654, 543702, 543765, 543801, 543949, 544189, 544200, 544328, 544413, 544789, 544794, 544847, 545219, 545468, 545477, 545507, 545663, 545839, 545868, 545885, 546105, 546138, 546209, 546489, 546534, 546632, 546701, 546765, 546841, 546881, 547031, 547232, 547261, 547352, 547671, 547835, 547888, 547910, 548172, 548464, 548746, 549199, 549574, 549692, 549794, 549883, 549930, 550014, 550129, 550158, 550170, 550270, 550817, 551153, 551181, 551224, 551445, 551522, 551569, 551668, 551716, 551805, 551835, 552190, 552566, 552675, 552697, 552742, 552762, 552784, 552826, 552879, 552947, 552971, 552986, 553567, 553579, 553863, 553874, 554134, 554197, 554367, 554573, 554632, 554693, 554998, 555262, 555565, 555576, 555708, 556096, 556252, 556879, 556910, 557070, 557225, 557287, 557309, 557336, 557513, 558014, 558046, 558074, 558103, 558519, 558679, 558990, 559013, 559083, 559087, 559169, 559797, 560254, 560342, 560420, 560462, 560636, 560731, 561394, 561797, 562127, 562259, 562306, 562409, 562602, 562690, 562767, 562842, 563037, 563271, 563402, 563430, 563446, 563466, 563508, 563745, 563816, 563972, 564077, 564090, 564121, 564362, 564433, 564510, 564798, 564880, 565426, 565831, 565880, 565986, 566255, 566368, 566414, 566516, 566581, 566724, 567006, 567274, 567319, 567351, 567358, 567426, 567533, 567682, 567741, 567859, 568062, 568103, 568139, 568281, 568362, 568430, 568461, 568580, 568598, 569058, 569183, 569392, 569421, 569438, 569460, 569504, 569621, 569899, 570080, 570305, 570428, 570513, 570658, 570703, 570759, 570774, 570861, 570915, 570938, 571408, 571726, 571791, 571993, 572054, 572107, 572158, 572298, 572339, 572447, 572491, 572524, 572559, 572606, 572673, 572803, 572874, 572906, 572927, 573068, 573081, 573101, 573178, 573204, 573259, 573305, 573408, 573630, 573651, 573691, 573771, 573944, 574037, 574099, 574258, 574301, 574333, 574365, 574424, 574484, 574545, 574997, 575005, 575017, 575290, 575464, 575561, 575632, 575831, 575851, 575928, 575965, 575977, 576097, 576154, 576160, 576233, 576309, 576642, 576759, 576781, 576898, 576930, 577055, 577093, 577176, 577197, 577212, 577325, 577338, 577388, 577635, 577781, 577826, 577913, 577935, 578055, 578083, 578104, 578178, 578264, 578315, 578385, 578729, 578816, 578857, 578890, 578905, 578980, 579022, 579061, 579104, 579128, 579145, 579342, 579354, 579484, 579532, 579548, 579641, 579659, 579684, 579884, 580003, 580052, 580177, 580388, 580421, 580487, 580546, 580640, 580911, 580943, 580999, 581015, 581027, 581036, 581074, 581430, 581445, 581484, 581520, 581573, 581655, 581680, 581796, 581826, 581849, 581899, 581921, 581968, 582005, 582075, 582316, 582380, 582715, 582734, 582769, 582829, 582843, 582870, 582911, 582917, 583013, 583044, 583074, 583126, 583246, 583275, 583317, 583416, 583430, 583459, 583477, 583504, 583628, 583665, 583687, 583730, 583806, 583828, 583902, 583917, 583926, 583964, 583997, 584010, 584091, 584141, 584248, 584633, 585083, 585133, 585414, 585922, 586128, 586281, 586340, 586410, 586910, 587076, 587176, 587335, 588252, 589548, 590213, 591147, 591166, 592167, 593256, 594755, 595083, 595263, 596041, 596072, 596153, 596178, 596280, 596296, 596324, 596934, 596946, 596956, 597246, 597449, 597989, 597999, 598038, 598057, 598464, 598573, 598576, 598603, 598725, 599180, 599344, 599493, 599837, 599846, 600904, 600949, 601903, 601975, 602061, 602068, 602156, 602337, 602894, 603068, 603097, 603273, 603587, 603827, 603862, 603910, 603935, 603968, 604647, 604658, 604723, 604872, 605458, 606013, 606156, 606471, 606824, 608789, 608919, 609574, 610610, 610660, 611170, 611511, 611632, 611786, 611832, 611851, 611873, 612355, 612778, 612826, 612983, 613358, 613528, 614688, 615380, 615610, 616340, 616488, 617302, 617750, 617805, 618460, 618557, 619029, 619100, 619372, 619668, 619950, 620066, 620136, 620161, 620373, 620643, 620923, 620962, 621609, 621674, 621797, 621850, 621868, 621885, 621910, 622024, 622305, 622500, 623187, 623336, 623355, 623373, 623382, 623391, 623913, 623979, 625172, 625769, 625778, 625816, 625822, 626230, 626356, 626538, 626716, 627159, 627186, 627210, 627643, 628898, 628963, 629712, 630355, 630592, 630760, 630835, 631476, 632974, 633204, 633413, 633459, 633511, 633569, 633632, 633723, 633761, 633771, 634270, 634735, 635150, 635154, 635163, 635259, 635524, 636181, 638133, 638209, 638254, 638658, 638882, 639763, 640753]
6,3,[647, 658, 663]
9,4,[127, 311, 2116, 2718]
10,2834,[1084, 1640, 2266, 2333, 2673, 3099, 3168, 3690, 4860, 6182, 6342, 6369, 6415, 7198, 7629, 7642, 7739, 7895, 7923, 7954, 8151, 8157, 8653, 8668, 8734, 9782, 9853, 9992, 10088, 10107, 10204, 10209, 10270, 10275, 10605, 10798, 12748, 12958, 12969, 13108, 13197, 13240, 13474, 13716, 14117, 14211, 14266, 14555, 15099, 15127, 15207, 15791, 15955, 16225, 16789, 16860, 17178, 17301, 17432, 17708, 17819, 17896, 18034, 18043, 18126, 19182, 19335, 19657, 19716, 19814, 20342, 20398, 20497, 20867, 21049, 21197, 21229, 21375, 21456, 22389, 22691, 22799, 23165, 23223, 23364, 23604, 23677, 24050, 24095, 24162, 24550, 24557, 24601, 25140, 25639, 25813, 25886, 26269, 26572, 26676, 26988, 27104, 27221, 27495, 27517, 27903, 27994, 28015, 28670, 29321, 29699, 29785, 30313, 30324, 30556, 31278, 31358, 31519, 31611, 31688, 31990, 32115, 32279, 32293, 32356, 32370, 32493, 32523, 32538, 32589, 32653, 32870, 33093, 33114, 33380, 33548, 33765, 33916, 34115, 34404, 35182, 35318, 35358, 35373, 36013, 36143, 37380, 37810, 38206, 38734, 38751, 39015, 39063, 39085, 39113, 39505, 39550, 39705, 39806, 39857, 39938, 39969, 40034, 40064, 40375, 40594, 40852, 41428, 41471, 41632, 41638, 41767, 41916, 41941, 42016, 42085, 42334, 42658, 42667, 42785, 43096, 43144, 43427, 43622, 43732, 43858, 44312, 45634, 46029, 49470, 49500, 49607, 49617, 49805, 49813, 50603, 50742, 51109, 51118, 51192, 51216, 51225, 51296, 51394, 51410, 52088, 52109, 52227, 52542, 52735, 52975, 53083, 53195, 54115, 54229, 54243, 54264, 54342, 58498, 58507, 58582, 59060, 59221, 60178, 60367, 60831, 60855, 60864, 61763, 61788, 61907, 62728, 64192, 64416, 64720, 65273, 65286, 65741, 65857, 65903, 66078, 66191, 66286, 68071, 68566, 68569, 68593, 68825, 69069, 69274, 69335, 69776, 69859, 69968, 71193, 71378, 71702, 72045, 73226, 73408, 73626, 73669, 73875, 73926, 74202, 74218, 74549, 74655, 74992, 75130, 76642, 76794, 76816, 77009, 77049, 77062, 77233, 77327, 77570, 77732, 78987, 78998, 79831, 80915, 81172, 81302, 81330, 82108, 82513, 82647, 82719, 82729, 82789, 82917, 83057, 84813, 84951, 85005, 85402, 85944, 86000, 86024, 86052, 86108, 86176, 86216, 86229, 86255, 86671, 86806, 86815, 86840, 86851, 86892, 87018, 87466, 87973, 89609, 89728, 89907, 89918, 90140, 90515, 91369, 92555, 92659, 92704, 93049, 93333, 93618, 93908, 93929, 94138, 94161, 95253, 95300, 95541, 96000, 96255, 96684, 96748, 96924, 97330, 97348, 98211, 98293, 98592, 99344, 100411, 101747, 101889, 101898, 103073, 103208, 103373, 104109, 104280, 104320, 104723, 105369, 105857, 106112, 106212, 106312, 106342, 106426, 107719, 107924, 108078, 108219, 109160, 109308, 109607, 109613, 109619, 109624, 109659, 109715, 109873, 109994, 110045, 110951, 110999, 111015, 111459, 111833, 112966, 112972, 112977, 112982, 113190, 113506, 113522, 113814, 113963, 114057, 114071, 114673, 115153, 115371, 115558, 115642, 115764, 115992, 116890, 117015, 117288, 117559, 117593, 117692, 118106, 118143, 118335, 118355, 118412, 118569, 118869, 118879, 119046, 119119, 119462, 119574, 119896, 120064, 120161, 120204, 120213, 120246, 120438, 120504, 120529, 120558, 120599, 120682, 120797, 120853, 120996, 121039, 121063, 121184, 121363, 121486, 121509, 121521, 121565, 121733, 121859, 122151, 122189, 122224, 122390, 122748, 122755, 123078, 123085, 124550, 124810, 124926, 125021, 125126, 125930, 126217, 126266, 126356, 126649, 126658, 126876, 127219, 127643, 128368, 129074, 129204, 129324, 129408, 129651, 129791, 129943, 130086, 130213, 130244, 130380, 130497, 130582, 130668, 130906, 131030, 131217, 131227, 131315, 131548, 131617, 131657, 131667, 132138, 132487, 132823, 132885, 133004, 133040, 133212, 133250, 133323, 133341, 133674, 133729, 134191, 134330, 134652, 134825, 134924, 135490, 135593, 137350, 139029, 140556, 140693, 141942, 142042, 142109, 142555, 142628, 143235, 143446, 144422, 144684, 144782, 145048, 145085, 145385, 145429, 145509, 145723, 145854, 145922, 146064, 146072, 146142, 146271, 146712, 146760, 146840, 146906, 146931, 146936, 147384, 147491, 147553, 147650, 148046, 148211, 148258, 148959, 149034, 149099, 149108, 149382, 149442, 149518, 149571, 149641, 150355, 150690, 150890, 150966, 151034, 151288, 151520, 152057, 152112, 152249, 152301, 152702, 152806, 153022, 153031, 153107, 153732, 153783, 154175, 154577, 154823, 154902, 154969, 155043, 155238, 155395, 155418, 155478, 155658, 155690, 155971, 156285, 156296, 156479, 156787, 156903, 157072, 157150, 157189, 157251, 157296, 157385, 157470, 157486, 157534, 157805, 157901, 158185, 158896, 158927, 158952, 159626, 159747, 160158, 160184, 160484, 160669, 160979, 161038, 161255, 161272, 161694, 161929, 161986, 162286, 162399, 162749, 162908, 163103, 163408, 163635, 163859, 163881, 163914, 163963, 163986, 164164, 164182, 164197, 164298, 164345, 164458, 164475, 164507, 164596, 164963, 165245, 165583, 165603, 165852, 165939, 166426, 166542, 166681, 166752, 166976, 167092, 167214, 167270, 167324, 167345, 167370, 167423, 167449, 167579, 167594, 167617, 167655, 167911, 167971, 168358, 168392, 168485, 168505, 168830, 168964, 169850, 169992, 170071, 170100, 170771, 170829, 170917, 171043, 171168, 171735, 171983, 172123, 172374, 172657, 172773, 172855, 172952, 173132, 173305, 173412, 173492, 173578, 173693, 173893, 173980, 174148, 174605, 174632, 174717, 174744, 175125, 175213, 175280, 175300, 175403, 175713, 176038, 176274, 176401, 176729, 176851, 177005, 177465, 177563, 177758, 177951, 178008, 178321, 178486, 178670, 178886, 178934, 179093, 179132, 179184, 179839, 180411, 180426, 180580, 180901, 181307, 181587, 181694, 181867, 181992, 182201, 182236, 182287, 182351, 182426, 182468, 182585, 183223, 183565, 183708, 184052, 184281, 184363, 184387, 184420, 184582, 184693, 184774, 184862, 184963, 184996, 185084, 185144, 185396, 185519, 185544, 185715, 185885, 186169, 186426, 186953, 187022, 187122, 187258, 187348, 187690, 187718, 187755, 187796, 187916, 187947, 187989, 188047, 188089, 188233, 188303, 188405, 188477, 188536, 188565, 188720, 188737, 189277, 189334, 189369, 189723, 189761, 189894, 190141, 190285, 190292, 190641, 191266, 191345, 191450, 191505, 191582, 192250, 192393, 192529, 192587, 192817, 193094, 193181, 193492, 193519, 193599, 193693, 193930, 194580, 194758, 195371, 195727, 196086, 196214, 196237, 196247, 196345, 196941, 197183, 197282, 197999, 198138, 198823, 198915, 199055, 199101, 199840, 199880, 200332, 200837, 200862, 202364, 202375, 203331, 203777, 205018, 205945, 205954, 205964, 206209, 206452, 206467, 206521, 206578, 206604, 206786, 207122, 207134, 207502, 207769, 208186, 208227, 208262, 208956, 209202, 209340, 209422, 209537, 209918, 210291, 210388, 210427, 210854, 211371, 211429, 211574, 211793, 211805, 212002, 212132, 212225, 212399, 212934, 213133, 213502, 213674, 214232, 214664, 214804, 214850, 214875, 214943, 215264, 215531, 215770, 216055, 216140, 216613, 217917, 217954, 218213, 218853, 218999, 219027, 219241, 219598, 220028, 220261, 220302, 220408, 220424, 220501, 220525, 220788, 221051, 221155, 221177, 221250, 221324, 221477, 221534, 221651, 221680, 221751, 221805, 221834, 221948, 221991, 222141, 222249, 222627, 222650, 222691, 222856, 222986, 223004, 223068, 223154, 223207, 223315, 223537, 223623, 223680, 223722, 223777, 223941, 224027, 224219, 224303, 224472, 224647, 224901, 225205, 225391, 225471, 225522, 225592, 225863, 226065, 226148, 226204, 226275, 226354, 226632, 226845, 226905, 227097, 227416, 227770, 227790, 228040, 228290, 229145, 229276, 229980, 230705, 230848, 231110, 232444, 232833, 232853, 233272, 233400, 233602, 234272, 234886, 235342, 235487, 235751, 235996, 237060, 237110, 237243, 237448, 237698, 238331, 239044, 239057, 239070, 239095, 239105, 239117, 239129, 239417, 239450, 241106, 241692, 243158, 244796, 244823, 244863, 244881, 244927, 245039, 246031, 246156, 246808, 247014, 247113, 247167, 247709, 247854, 248112, 248121, 248769, 249219, 249300, 249640, 249708, 249747, 249864, 249891, 249949, 249992, 250233, 250941, 251479, 257180, 257871, 257880, 257888, 257975, 258558, 258672, 258700, 258720, 258785, 259198, 259248, 259360, 260256, 260288, 260321, 261006, 261356, 261458, 261872, 262004, 262119, 262143, 262180, 262418, 262633, 263266, 263337, 263411, 263754, 264730, 264989, 265128, 265167, 265426, 265713, 265764, 266040, 266076, 266121, 266135, 266162, 266291, 266327, 266553, 266584, 266957, 267025, 267116, 267149, 267175, 267216, 267248, 267542, 267545, 267681, 267803, 268003, 268250, 268345, 268404, 268412, 268585, 268670, 268780, 268815, 269612, 269918, 270179, 270342, 270375, 271122, 271684, 271831, 271877, 272849, 273105, 273517, 274048, 274390, 274671, 274930, 275031, 275188, 275224, 275258, 275428, 275549, 275793, 276578, 276822, 276883, 276972, 276994, 277031, 278457, 278528, 278837, 278902, 278936, 278989, 279564, 282188, 282274, 282666, 282671, 282830, 283530, 283846, 283925, 284034, 284269, 285102, 285250, 285358, 285453, 285806, 286202, 286575, 286676, 287650, 287833, 287961, 288744, 289028, 289082, 289889, 291453, 291867, 292207, 292249, 292270, 292407, 292612, 292705, 292791, 292968, 292982, 292992, 293109, 293225, 293361, 293397, 293453, 293556, 293585, 293942, 294418, 294610, 294634, 296016, 296609, 297020, 297069, 297234, 297483, 297712, 297758, 297974, 298109, 298332, 298711, 298856, 299009, 299191, 299195, 299309, 300451, 302354, 302557, 303463, 303624, 303822, 304367, 304504, 304576, 305328, 305339, 305834, 305886, 305889, 305896, 305906, 305913, 305919, 305923, 305935, 305943, 305984, 305991, 306494, 306503, 306699, 306706, 306710, 306802, 306862, 306901, 307108, 307259, 307490, 308095, 308104, 308579, 308671, 308875, 309005, 309035, 309169, 309205, 309225, 309233, 309610, 309636, 309654, 309670, 309681, 309697, 310651, 310951, 311384, 311504, 311511, 311556, 312232, 312364, 312497, 312775, 313146, 313211, 313340, 313825, 314866, 315055, 315201, 315401, 316159, 316269, 316279, 316315, 316406, 316410, 316795, 317184, 317240, 317303, 318151, 319055, 319071, 319354, 319559, 319981, 319998, 320111, 320133, 321537, 321704, 321708, 321715, 321739, 321994, 322138, 322143, 322588, 323094, 323124, 323456, 323510, 323978, 324299, 324680, 324937, 325211, 325218, 325259, 325321, 325810, 326385, 326504, 326596, 326790, 326965, 327113, 327158, 327162, 327638, 327853, 327871, 328658, 328791, 329032, 329767, 330920, 331300, 331931, 332444, 332451, 332733, 332857, 333043, 333810, 333939, 333947, 334103, 334179, 335180, 335192, 335481, 336163, 337027, 337263, 337284, 337318, 337883, 338852, 338865, 339124, 339568, 339670, 339692, 340620, 340740, 340843, 341032, 341041, 341194, 342576, 342725, 342743, 343000, 343031, 343060, 343341, 343413, 343435, 343509, 345353, 345357, 345367, 345560, 346007, 346034, 346057, 346074, 346250, 346291, 346300, 346620, 346819, 346890, 347026, 347032, 347039, 347146, 347782, 347789, 347825, 347831, 347839, 347844, 347850, 347864, 348586, 348652, 348691, 348701, 349497, 349744, 350606, 351099, 351270, 351307, 352159, 352489, 352498, 352701, 352826, 353139, 353331, 353410, 353524, 353526, 353532, 353590, 353756, 353804, 353814, 354165, 354703, 355125, 355292, 355300, 355525, 355533, 355553, 355562, 355726, 356238, 356242, 356249, 356668, 358206, 358319, 358382, 358519, 359550, 359769, 360176, 360313, 360498, 360512, 360832, 360859, 360896, 360918, 362237, 362848, 363001, 363341, 363393, 363405, 364074, 364127, 364248, 364717, 364879, 365787, 366691, 366753, 366799, 366871, 367494, 367690, 368925, 370196, 370342, 370651, 370657, 370690, 371392, 372951, 372971, 373198, 373287, 373647, 373685, 373806, 374070, 374102, 374150, 374335, 374572, 374662, 374792, 375063, 375076, 375445, 375906, 375955, 375961, 376075, 376177, 376184, 376387, 376429, 376705, 376888, 376938, 376947, 378603, 378816, 379460, 379701, 381192, 381473, 382062, 382080, 382294, 384711, 384838, 385018, 385767, 385772, 386800, 386984, 387166, 387410, 388547, 388729, 388921, 389571, 391250, 391274, 391741, 391746, 392184, 392189, 392417, 393179, 393308, 393494, 393578, 393723, 394167, 394371, 395254, 395529, 395772, 396359, 396365, 397803, 397809, 397983, 398966, 399604, 399822, 400725, 400859, 401089, 401098, 402222, 402701, 402747, 403668, 404652, 405574, 406508, 407302, 408082, 408150, 408470, 408493, 409130, 409429, 409948, 411077, 411636, 411951, 412469, 413917, 414092, 414178, 414302, 414453, 414828, 415423, 415497, 415571, 415729, 416137, 416269, 416300, 416378, 416743, 417365, 417441, 417495, 417832, 418034, 418189, 418558, 418713, 418766, 419098, 419405, 419448, 419529, 419809, 420458, 420881, 425291, 426194, 426318, 426362, 426404, 426460, 427536, 428333, 428342, 428746, 429035, 429654, 430255, 430338, 430438, 430451, 430475, 430485, 430525, 430531, 430537, 430616, 430639, 430659, 430763, 430793, 430961, 431335, 431404, 431593, 431765, 432098, 432443, 432483, 432498, 432734, 432879, 433775, 433791, 434487, 434549, 434555, 434632, 434674, 434787, 434796, 434815, 434821, 434866, 435221, 435869, 436420, 436970, 437055, 437252, 437329, 437415, 437431, 437488, 437608, 437621, 437631, 437673, 438034, 438828, 438879, 439010, 439062, 439293, 439481, 440091, 440223, 440290, 440313, 440508, 440823, 440845, 441382, 441479, 441483, 441768, 441798, 441852, 442106, 442529, 442637, 443327, 443487, 443623, 443688, 444305, 445089, 445106, 445218, 445226, 445234, 445601, 445843, 445979, 445983, 446097, 446110, 446123, 446871, 446900, 447463, 447541, 447594, 447784, 447800, 448030, 448242, 448347, 448353, 448565, 448746, 448901, 449192, 449238, 449510, 449566, 449597, 449707, 449723, 450276, 450296, 450419, 450591, 450624, 450705, 450969, 451094, 451231, 451784, 452123, 452179, 452643, 452713, 452726, 452823, 453319, 453459, 453563, 453868, 454235, 454297, 454340, 454903, 455175, 455186, 457598, 457645, 457802, 458248, 458363, 458449, 458671, 458736, 458891, 458943, 459001, 459070, 459306, 460207, 460226, 460289, 460293, 460323, 460769, 460861, 461586, 464111, 466392, 466878, 467025, 467187, 468224, 468425, 468592, 468636, 468752, 469853, 469905, 469993, 470089, 470122, 470218, 470480, 471080, 471575, 471601, 471913, 472376, 472986, 472993, 473306, 473554, 473559, 473773, 473831, 474428, 474731, 474856, 475044, 475339, 475347, 476444, 477072, 478337, 478745, 478807, 479826, 480245, 482018, 482317, 482429, 482445, 482916, 484005, 484014, 484053, 484059, 484607, 484768, 484772, 485291, 486085, 486437, 486540, 487275, 487296, 488685, 488857, 489164, 489390, 489400, 491529, 491595, 491614, 491618, 491643, 491656, 492145, 492381, 492657, 493566, 493956, 493999, 494016, 494221, 495542, 495607, 495976, 496424, 496595, 496634, 496650, 496707, 496736, 496750, 496779, 496791, 496814, 496850, 496892, 496931, 497010, 497064, 497197, 497372, 497423, 497435, 497611, 497885, 497989, 498760, 498792, 498824, 498860, 498868, 498890, 499007, 499036, 499867, 499889, 499963, 500043, 500130, 500161, 500209, 500291, 500374, 500457, 500521, 500644, 500707, 500725, 500803, 500949, 500972, 501006, 501033, 501051, 501104, 501128, 501187, 501235, 501414, 501446, 501526, 501600, 501944, 501961, 502496, 502525, 502624, 502733, 502867, 503263, 503290, 503459, 503495, 503740, 503801, 503900, 504030, 504275, 504306, 504339, 504438, 504447, 504605, 504620, 504715, 504726, 504759, 504906, 504918, 504957, 505005, 505018, 505054, 505082, 505094, 505162, 505624, 505816, 505879, 505919, 506003, 506441, 506466, 506575, 506758, 506781, 506840, 507315, 507451, 507549, 507963, 508018, 508083, 508162, 508265, 508293, 508309, 508329, 508589, 508689, 508771, 508940, 509024, 509102, 509134, 509200, 509413, 509453, 509514, 509549, 509654, 509670, 509784, 509856, 510039, 510098, 510212, 510223, 510610, 511117, 511292, 511599, 511613, 511825, 511876, 512439, 512555, 512567, 512578, 512668, 512717, 512792, 512819, 512844, 513015, 513172, 513180, 513931, 514027, 514048, 514070, 514234, 514294, 514323, 514427, 514475, 514511, 514599, 514620, 514830, 514872, 514937, 515000, 515032, 515365, 515390, 515468, 515822, 515946, 516007, 516062, 516144, 516368, 516386, 516401, 516445, 516609, 516635, 516722, 516842, 516973, 517063, 517111, 517246, 517548, 517610, 517710, 517738, 517758, 517964, 517995, 518008, 518054, 518067, 518083, 518216, 518295, 518515, 518583, 518617, 518694, 518900, 518924, 519025, 519220, 519322, 519404, 519415, 519435, 519582, 519679, 519706, 519787, 519817, 519904, 519914, 519961, 520033, 520049, 520130, 520169, 520358, 520411, 520632, 521055, 521088, 521108, 521161, 521333, 521362, 521454, 521604, 521728, 521748, 521841, 521926, 521990, 522145, 522605, 522661, 523174, 523284, 523401, 523595, 523619, 523643, 523768, 523865, 523876, 524274, 524461, 524495, 524711, 524993, 525002, 525033, 525118, 525197, 525447, 525462, 525530, 525565, 525786, 525810, 526016, 526060, 526293, 526757, 526876, 527108, 527174, 527245, 527384, 527429, 527487, 527536, 527557, 527615, 527666, 527727, 527834, 527871, 528206, 528241, 528444, 528568, 528783, 529366, 529621, 529686, 529712, 529820, 530011, 530060, 530074, 530116, 530164, 530648, 531111, 531291, 531366, 531518, 531528, 531577, 531700, 531799, 531857, 531971, 532015, 532059, 532119, 532135, 532289, 532324, 532359, 532591, 532746, 532941, 533097, 533103, 533184, 533481, 533625, 533679, 533707, 533727, 533757, 533826, 533894, 533926, 534041, 534134, 534387, 534435, 534501, 534723, 534799, 534889, 534919, 534963, 535198, 535225, 535370, 535527, 535627, 535664, 535738, 535754, 535912, 536004, 536033, 536056, 536342, 536446, 536528, 536560, 536822, 536868, 537631, 537641, 537662, 537696, 537719, 537861, 537881, 538106, 538210, 538222, 538254, 538279, 538358, 538459, 538486, 538497, 538530, 538555, 538884, 539083, 539512, 539519, 539536, 539615, 539664, 539714, 539721, 539888, 539902, 539941, 540183, 540305, 540435, 540509, 540684, 540794, 540806, 540851, 540862, 540905, 540935, 540966, 541403, 541411, 541482, 541575, 541625, 541678, 541992, 542099, 542663, 542716, 542780, 542803, 542869, 542874, 542913, 543061, 543292, 543425, 543529, 543562, 543573, 543829, 543877, 543940, 543976, 544124, 544364, 544375, 544503, 544588, 544964, 544969, 545022, 545394, 545643, 545652, 545682, 545838, 546014, 546043, 546060, 546280, 546313, 546384, 546664, 546709, 546807, 546876, 546940, 547016, 547056, 547206, 547407, 547436, 547527, 547846, 548010, 548063, 548085, 548347, 548639, 548921, 549377, 549752, 549870, 549972, 550061, 550108, 550192, 550307, 550336, 550348, 550448, 550995, 551331, 551359, 551402, 551623, 551700, 551747, 551846, 551894, 551983, 552013, 552368, 552744, 552853, 552875, 552920, 552940, 552962, 553004, 553057, 553125, 553149, 553164, 553745, 553757, 554041, 554052, 554312, 554375, 554545, 554751, 554810, 554871, 555176, 555440, 555743, 555754, 555886, 556274, 556430, 557057, 557088, 557248, 557403, 557465, 557487, 557514, 557691, 558192, 558224, 558252, 558281, 558697, 558857, 559168, 559191, 559261, 559265, 559347, 559975, 560432, 560520, 560598, 560640, 560814, 560909, 561572, 561975, 562305, 562437, 562484, 562587, 562780, 562868, 562945, 563020, 563215, 563449, 563580, 563608, 563624, 563644, 563686, 563923, 563994, 564150, 564255, 564268, 564299, 564542, 564613, 564690, 564978, 565060, 565606, 566011, 566060, 566166, 566435, 566548, 566594, 566696, 566761, 566904, 567186, 567454, 567499, 567531, 567538, 567606, 567713, 567862, 567921, 568039, 568242, 568283, 568319, 568461, 568542, 568610, 568641, 568760, 568778, 569238, 569363, 569572, 569601, 569618, 569640, 569684, 569801, 570079, 570260, 570485, 570608, 570693, 570838, 570883, 570939, 570954, 571041, 571095, 571118, 571588, 571906, 571971, 572173, 572234, 572287, 572338, 572478, 572519, 572627, 572671, 572704, 572739, 572786, 572853, 572983, 573054, 573086, 573107, 573248, 573261, 573281, 573358, 573384, 573439, 573485, 573588, 573810, 573831, 573871, 573951, 574124, 574217, 574279, 574438, 574481, 574513, 574545, 574604, 574664, 574725, 575177, 575185, 575197, 575470, 575644, 575741, 575812, 576011, 576031, 576108, 576145, 576157, 576277, 576334, 576340, 576413, 576489, 576822, 576939, 576961, 577078, 577110, 577235, 577273, 577356, 577377, 577392, 577505, 577518, 577568, 577815, 577961, 578006, 578093, 578115, 578235, 578263, 578284, 578358, 578444, 578495, 578565, 578909, 578996, 579037, 579070, 579085, 579160, 579202, 579241, 579284, 579308, 579325, 579522, 579534, 579664, 579712, 579728, 579821, 579839, 579864, 580064, 580183, 580232, 580357, 580568, 580601, 580667, 580726, 580820, 581091, 581123, 581179, 581195, 581207, 581216, 581254, 581610, 581625, 581664, 581700, 581753, 581835, 581860, 581976, 582006, 582029, 582079, 582101, 582148, 582185, 582255, 582496, 582560, 582895, 582914, 582949, 583009, 583023, 583050, 583091, 583097, 583193, 583224, 583254, 583306, 583426, 583455, 583497, 583596, 583610, 583639, 583657, 583684, 583808, 583845, 583867, 583910, 583986, 584008, 584082, 584097, 584106, 584144, 584177, 584190, 584271, 584321, 584428, 584818, 585268, 585318, 585599, 586107, 586313, 586466, 586525, 586595, 587095, 587261, 587361, 587520, 588437, 589733, 590398, 591332, 591351, 592358, 593447, 594946, 595274, 595454, 596232, 596263, 596344, 596369, 596471, 596487, 596515, 597125, 597137, 597147, 597437, 597640, 598180, 598190, 598229, 598248, 598655, 598764, 598767, 598794, 598916, 599377, 599541, 599690, 600034, 600043, 601101, 601146, 602100, 602172, 602258, 602265, 602353, 602534, 603091, 603265, 603294, 603470, 603789, 604029, 604064, 604112, 604137, 604170, 604849, 604860, 604925, 605074, 605660, 606220, 606363, 606678, 607031, 609001, 609131, 609786, 610827, 610877, 611387, 611734, 611855, 612009, 612055, 612074, 612096, 612578, 613007, 613055, 613212, 613587, 613762, 614922, 615619, 615849, 616579, 616727, 617545, 618002, 618057, 618712, 618809, 619281, 619352, 619624, 619920, 620202, 620318, 620388, 620413, 620625, 620895, 621175, 621214, 621861, 621926, 622049, 622102, 622120, 622137, 622162, 622276, 622557, 622752, 623441, 623590, 623609, 623627, 623636, 623645, 624167, 624233, 625429, 626026, 626035, 626073, 626079, 626487, 626613, 626795, 626973, 627419, 627446, 627470, 627903, 629161, 629226, 629975, 630624, 630863, 631031, 631106, 631751, 633249, 633479, 633688, 633734, 633786, 633844, 633907, 633998, 634036, 634046, 634545, 635010, 635425, 635429, 635438, 635534, 635799, 636456, 638408, 638484, 638529, 638933, 639157, 640038, 641028]
11,79,[150, 182, 203, 797, 877, 916, 1468, 1483, 1521, 1724, 1803, 2103, 2181, 2763, 3221, 3302, 3689, 3922, 3928, 3936, 3942, 4154, 4909, 5086, 5328, 5366, 5392, 6725, 6844, 6920, 7775, 7788, 7908, 8476, 8640, 9238, 9420, 9474, 9482, 9570, 9795, 9798, 9896, 9915, 10138, 10144, 10148, 10153, 10556, 10820, 10826, 11204, 11410, 11499, 12463, 12777, 13426, 13603, 13783, 14128, 14413, 14418, 14504, 15635, 16307, 16509, 16602, 17157, 17360, 17376, 17397, 17557, 17776, 17855, 18426, 18437, 19367, 19674, 20656]
12,81,[160, 741, 939, 953, 1031, 1071, 1089, 1100, 1371, 1670, 2184, 2333, 2782, 3041, 3131, 3220, 3284, 3482, 3872, 4127, 4154, 4187, 4217, 4457, 5111, 5409, 6103, 6271, 6823, 6910, 6947, 6980, 7324, 7523, 7859, 7877, 8873, 9015, 9515, 10341, 10411, 10421, 10748, 11236, 12154, 12171, 12995, 13004, 13092, 13240, 13296, 13437, 13590, 13800, 13894, 13933, 13951, 13962, 14166, 14180, 14767, 15027, 15455, 15834, 16908, 16966, 17005, 17207, 17729, 18079, 18153, 19030, 19352, 19750, 19776, 20591, 21051, 21196, 22425, 23036, 23116]
13,25,[270, 543, 738, 795, 911, 963, 1205, 1309, 1341, 1362, 1603, 1745, 1830, 1849, 1972, 2096, 2201, 2741, 3024, 3169, 3290, 3488, 3529, 3556, 3605]
14,27,[1671, 1680, 2599, 8832, 11768, 27059, 36777, 61423, 67423, 87307, 92467, 93926, 101312, 107901, 123017, 128535, 131852, 133927, 134024, 134042, 134224, 138467, 169327, 169434, 172418, 179087, 184814]
15,606,[1055, 1923, 2040, 2322, 2838, 3913, 4004, 4090, 4272, 4785, 5223, 5399, 6714, 7229, 7354, 7576, 7684, 7689, 8645, 8825, 9294, 9407, 9659, 10752, 10788, 11380, 11547, 11570, 11810, 11863, 12486, 12514, 12798, 12853, 13957, 14124, 14181, 14923, 15301, 15604, 15847, 15979, 16260, 16268, 16276, 16644, 16661, 16734, 16771, 16933, 17233, 17250, 17292, 17367, 17511, 18240, 18504, 18906, 19143, 19151, 19285, 19410, 19454, 19582, 19627, 20530, 22113, 22172, 22680, 22754, 23029, 23813, 23836, 24237, 24704, 25003, 25436, 25492, 25577, 26231, 26799, 26994, 27064, 27118, 27598, 27902, 28172, 28667, 28744, 28750, 29022, 29799, 30137, 30153, 30194, 30341, 30391, 30615, 30673, 30700, 30975, 31059, 31172, 31864, 31949, 32017, 32158, 32385, 32693, 32741, 32775, 33413, 33900, 34206, 34634, 36463, 37140, 37236, 37360, 37733, 38364, 38680, 38736, 38804, 38887, 39049, 39343, 39472, 39661, 39781, 39799, 39826, 40205, 40387, 40489, 40755, 41098, 42657, 42670, 42754, 43158, 44098, 44429, 44450, 45870, 46045, 46063, 46278, 46742, 46836, 47125, 47539, 47640, 47813, 47875, 47936, 48430, 49210, 50322, 50347, 50428, 51591, 51722, 52135, 52337, 52497, 53122, 53592, 53870, 53973, 54118, 54139, 55469, 55656, 56046, 56119, 56215, 56575, 56593, 56714, 56763, 56804, 56830, 57119, 58094, 58276, 58562, 58636, 58699, 58832, 59083, 59201, 59733, 59757, 60124, 60299, 60346, 60416, 61260, 61369, 61643, 62115, 62161, 62197, 62408, 62611, 62961, 63528, 63544, 63555, 63642, 63937, 64320, 64559, 64618, 64948, 65622, 65679, 66453, 66712, 67164, 67677, 67806, 68530, 68733, 69195, 69639, 70214, 70389, 71157, 71176, 71215, 71227, 71283, 71610, 71646, 71731, 71853, 71868, 72124, 72342, 72364, 72781, 72802, 73097, 73647, 74001, 74171, 74225, 74289, 74392, 74499, 74553, 75053, 76054, 76084, 76152, 76174, 76242, 76841, 76897, 76904, 77118, 77895, 78586, 78873, 78980, 79005, 79474, 79525, 79602, 79956, 80116, 80365, 80391, 81387, 81469, 81826, 83036, 83765, 84356, 84564, 84583, 84882, 84949, 85265, 85590, 85604, 85621, 86153, 86702, 87173, 87240, 87261, 87429, 87495, 88126, 88927, 89420, 89433, 89851, 89910, 90335, 90910, 90924, 91127, 91378, 91626, 92010, 92020, 92085, 92184, 92261, 92299, 92336, 92556, 92688, 93195, 93424, 93603, 93662, 93905, 94115, 94497, 94616, 94634, 95126, 95482, 95544, 95791, 95935, 96184, 96201, 96211, 96812, 97030, 97307, 97384, 97427, 97485, 97738, 99488, 99491, 99518, 99933, 100561, 100974, 101005, 101104, 101159, 102034, 102364, 102495, 102780, 102914, 103032, 103948, 104170, 104186, 104555, 104697, 105128, 105580, 106446, 106482, 107911, 108098, 108714, 109182, 109195, 109205, 109766, 109841, 109869, 109885, 109946, 110066, 110277, 110359, 110497, 110561, 110577, 110771, 111024, 111038, 111049, 111204, 111272, 111398, 111575, 111968, 112369, 113070, 113193, 113698, 113736, 113796, 113959, 114165, 114323, 114359, 114456, 114458, 114529, 114609, 115359, 115461, 115467, 115533, 115702, 115791, 115923, 116393, 116874, 116987, 117173, 117555, 117660, 117727, 117792, 117841, 117996, 118020, 118163, 118783, 119409, 119565, 119603, 119745, 120035, 120294, 120653, 121301, 121408, 121633, 121662, 121770, 121821, 121983, 122088, 122732, 123183, 123345, 123494, 124865, 125141, 125206, 125935, 126028, 126058, 126459, 126657, 126845, 126973, 127039, 127126, 127498, 127523, 128281, 128288, 128654, 128950, 129521, 129992, 130709, 130984, 131135, 131151, 131204, 131302, 131398, 131419, 131445, 132440, 132485, 132516, 132549, 132785, 133083, 133184, 133232, 134101, 134377, 134378, 134917, 134989, 135144, 135948, 136139, 136258, 136860, 137178, 137316, 137565, 137701, 138406, 138502, 138784, 139086, 139617, 139688, 139978, 140745, 141107, 141390, 142006, 142350, 143385, 143582, 143617, 145204, 145403, 145528, 145706, 145847, 146226, 146439, 146755, 146772, 147973, 148402, 148446, 149073, 149108, 149155, 149208, 150325, 150379, 151053, 151174, 151344, 152013, 152236, 152328, 152835, 152850, 152859, 152990, 154465, 154843, 155098, 155505, 155819, 156642, 156761, 156991, 157705, 157839, 157933, 158036, 158270, 158488, 158550, 158961, 159295, 159446, 159728, 159742, 160089, 160461, 160528, 160870, 160942, 161203, 161741, 161985, 162051, 163303, 163339, 163367, 163425, 163629, 163630, 164003, 164126, 164192, 164362, 165240, 165255, 165838, 166448, 166630, 166977, 167116, 167239, 167276, 167343, 167434, 167532, 167957, 168024, 168361, 168553, 169036, 169785, 170808, 171028, 171196, 171372, 171932, 172304, 172456, 173677, 173687, 173713, 173731]
16,176,[124, 152, 313, 474, 921, 928, 971, 1166, 1224, 1334, 1699, 1850, 1993, 2034, 2046, 2608, 3402, 3759, 3781, 3829, 3870, 4289, 4513, 4554, 4623, 5049, 5258, 5269, 5568, 5794, 5817, 5926, 6009, 6049, 6116, 6223, 6642, 6907, 7130, 7366, 8613, 8627, 8942, 9980, 10021, 10040, 10270, 10576, 10711, 10780, 10822, 10844, 10997, 11392, 11436, 11452, 11843, 12736, 12955, 12965, 13319, 13400, 13532, 13562, 13573, 13737, 14503, 14582, 14904, 15478, 15747, 15776, 15864, 16007, 16181, 16209, 16490, 16745, 16768, 16917, 17022, 17222, 17445, 17525, 17545, 17605, 17828, 17872, 17949, 18029, 18466, 18893, 19785, 19845, 19895, 20031, 20506, 20587, 21033, 21161, 21240, 21519, 21791, 22366, 22762, 22847, 23447, 23487, 23633, 24275, 24890, 25133, 26321, 26472, 27020, 27485, 28096, 28613, 28660, 28683, 28808, 29605, 30105, 30136, 30243, 30748, 30830, 31263, 31292, 31514, 31628, 31763, 31877, 31935, 32682, 33000, 33022, 33321, 33338, 33539, 33778, 34029, 34113, 34155, 34347, 34372, 34597, 34823, 34903, 34912, 35073, 35134, 35157, 35687, 36063, 36104, 36178, 36206, 36228, 36399, 36418, 36602, 36785, 36810, 36835, 36847, 36916, 36933, 36959, 37122, 37130, 37499, 37668, 37712, 37847, 37868]
17,632,[120, 1165, 1441, 1692, 1755, 2383, 2419, 2812, 3151, 3242, 3408, 3707, 3763, 3972, 4187, 4490, 5245, 5331, 7491, 9747, 11016, 11358, 12049, 13704, 13862, 14417, 14710, 14790, 15831, 16962, 17239, 17855, 18388, 21133, 23622, 24338, 24615, 26424, 26578, 26582, 26778, 26783, 26854, 27745, 28285, 28786, 29236, 29299, 29798, 30675, 31110, 31168, 31293, 31760, 31927, 32830, 33740, 33804, 33851, 33921, 34538, 34737, 35972, 37135, 37313, 37518, 38057, 38532, 38606, 38695, 39505, 39890, 40201, 40593, 40700, 41637, 41969, 43787, 43841, 43969, 46444, 49480, 50283, 50432, 51394, 51556, 51569, 51965, 52049, 52725, 55425, 56126, 56641, 57004, 57036, 58313, 58329, 58357, 58548, 59829, 60458, 60789, 60868, 60960, 60998, 61261, 61288, 62549, 62702, 63121, 63864, 64936, 64995, 65023, 65540, 65837, 66184, 66797, 67096, 67278, 67617, 68187, 68235, 68309, 68317, 68757, 69134, 69252, 69643, 69701, 70517, 71359, 71401, 71486, 71761, 72044, 72780, 73330, 73469, 73675, 74539, 75305, 75635, 75662, 75681, 75705, 75738, 75857, 75881, 76771, 76924, 76964, 78206, 79157, 81618, 81642, 82268, 82591, 82951, 83069, 83795, 85564, 85885, 87279, 88698, 88764, 88914, 90085, 90637, 91165, 91424, 91763, 92419, 92986, 93244, 93697, 93765, 94512, 95233, 96022, 96176, 96321, 96476, 96658, 96715, 96880, 97074, 97148, 97237, 98514, 98859, 99440, 99492, 99858, 99942, 100034, 100065, 100289, 100356, 100566, 100948, 101170, 101663, 101764, 101867, 102173, 102353, 102425, 102446, 102525, 102664, 102734, 102843, 102925, 102988, 103118, 103221, 103271, 103338, 103399, 103413, 103422, 103569, 103694, 104062, 104772, 104854, 105123, 105194, 105230, 105308, 105321, 105363, 105433, 105517, 106234, 106806, 107338, 107455, 107534, 107569, 107611, 107654, 108303, 108563, 108714, 108824, 109370, 109849, 109892, 109943, 109983, 110648, 111639, 111819, 112434, 112844, 112858, 112916, 113099, 113318, 113562, 113583, 113758, 114369, 114763, 115138, 115456, 116091, 116424, 116752, 116760, 116780, 116786, 116799, 116808, 116828, 116863, 117866, 117953, 118210, 119409, 119634, 121010, 121314, 121332, 122346, 122539, 122904, 123077, 123081, 123916, 125772, 125808, 126219, 126425, 126895, 127060, 127094, 127441, 127557, 127630, 127764, 127924, 128403, 128542, 128576, 128599, 129172, 129367, 129431, 129510, 129809, 129858, 130392, 130672, 130713, 130756, 130804, 130889, 130987, 131120, 131192, 131235, 131250, 131328, 131371, 133079, 133262, 133429, 133870, 134535, 135559, 135615, 136308, 136464, 136498, 137310, 137370, 137465, 137509, 137803, 138165, 138474, 139313, 139383, 139572, 139689, 139778, 139827, 139965, 140050, 140185, 140326, 140747, 140999, 141083, 141414, 141533, 141575, 141759, 142086, 142114, 142182, 143428, 143492, 143990, 144028, 144079, 144130, 144176, 144249, 144254, 144287, 144374, 144463, 144529, 145055, 145268, 145662, 146581, 147049, 147420, 147566, 147955, 147986, 148004, 148071, 148210, 148224, 148252, 148463, 148747, 150029, 150108, 150615, 150881, 151307, 151440, 151477, 153380, 153930, 153939, 153947, 154183, 154198, 154597, 154688, 154779, 155144, 155188, 155327, 155470, 156181, 157179, 157205, 157390, 157769, 157905, 158911, 159026, 159057, 159091, 159378, 159394, 159865, 160459, 160572, 161033, 161170, 162077, 163264, 163484, 163688, 165327, 165636, 165648, 165957, 166038, 166160, 167124, 167322, 168156, 168183, 169024, 170090, 170128, 170185, 170710, 170790, 171102, 174182, 176283, 176444, 176549, 177036, 177069, 177347, 178123, 178154, 178186, 178221, 178229, 178251, 178358, 178387, 178539, 178777, 179280, 179326, 179543, 180239, 180513, 180570, 180671, 180793, 180935, 180961, 180985, 181097, 181151, 181180, 181341, 181369, 181385, 181479, 181536, 181652, 181744, 181845, 181963, 182029, 182228, 182300, 182351, 182467, 182614, 182667, 182716, 182837, 183006, 183222, 183331, 183452, 183469, 183548, 183585, 183623, 183647, 184150, 184235, 184653, 184695, 184755, 184821, 184906, 184952, 185440, 185737, 186107, 186157, 186306, 186430, 186795, 186987, 187099, 187240, 188111, 188552, 188612, 188699, 188719, 188801, 188817, 188945, 189374, 189462, 189779, 189888, 191115, 191735, 191838, 191990, 192011, 192892, 193375, 193962, 194077, 194496, 194904, 195498, 195982, 196008, 196215, 196246, 197779, 197801, 197821, 197840, 197863, 197891, 197916, 197954, 198014, 198038, 198324, 198334, 198353, 198397, 198441, 198720, 200208, 200425, 200605, 200639, 200656, 201118, 201201, 201415, 201701, 201899, 202136, 202230, 202304, 202927, 202967, 203014, 203032, 203281, 203386, 203424, 203525, 203556, 203639, 203710, 204256, 204295, 205018, 205108, 205315, 205785, 206570, 207051, 207073, 207412, 208119, 209443, 209653, 209675, 210464, 210597, 211592, 212119, 212239, 212312, 212339, 212564, 212627, 212694, 212803, 212823, 212852, 212910, 212975, 213035, 213059, 215416, 216168, 216375, 216388, 217174, 217217]
18,183,[1801, 2136, 2672, 2677, 2684, 3866, 4752, 5433, 5672, 5911, 6755, 9154, 12747, 13731, 14815, 16368, 16859, 17223, 17477, 19782, 19830, 19849, 20235, 23581, 23639, 23730, 23739, 24550, 24763, 24918, 25845, 26774, 27755, 28052, 28119, 28357, 28471, 30855, 30883, 31346, 33083, 33119, 34009, 34625, 34726, 38689, 39339, 39490, 39706, 40940, 41021, 41919, 42520, 43738, 44455, 45107, 45714, 47603, 48331, 51579, 51631, 52707, 53413, 53428, 53553, 53952, 55616, 55999, 56106, 56583, 58088, 58467, 58778, 59704, 60577, 63172, 63725, 63873, 65812, 68359, 69043, 69584, 71702, 72187, 73325, 79955, 79985, 80328, 83628, 83642, 84961, 84980, 87374, 87750, 87937, 88211, 90274, 90397, 90408, 90431, 90442, 92018, 94803, 94807, 94812, 96305, 96416, 97858, 98713, 100634, 101066, 103427, 103456, 103897, 104199, 104530, 106778, 106782, 106986, 107067, 107308, 107950, 110466, 112745, 113865, 114280, 114346, 115590, 116751, 117248, 117639, 117715, 117743, 117774, 119143, 119640, 120031, 120107, 120135, 120166, 120835, 121439, 122040, 122163, 122181, 122275, 122350, 122484, 122493, 122960, 123054, 123951, 124451, 124839, 125110, 125487, 125609, 125646, 125668, 125698, 126383, 126820, 127189, 127231, 127438, 127528, 128585, 129363, 130118, 130195, 130306, 132051, 133485, 137783, 137858, 139016, 139724, 144192, 144275, 144430, 144995, 145841, 148648]
19,91,[1776, 2071, 2568, 2573, 3346, 3977, 3987, 4583, 4606, 4612, 4930, 5583, 5588, 5911, 6478, 6536, 6584, 7327, 7502, 8318, 9287, 9420, 10171, 10283, 10288, 11227, 12024, 12610, 12615, 13152, 13693, 13715, 13738, 13749, 13761, 13776, 13781, 13816, 14289, 14616, 15525, 15667, 15714, 15719, 15817, 15822, 15828, 15869, 15902, 15907, 16116, 16166, 16171, 16174, 16339, 16350, 16522, 16863, 17279, 18130, 18141, 18514, 18687, 18702, 19166, 19321, 19336, 20384, 20951, 21053, 21262, 21803, 22237, 22246, 22933, 23281, 23337, 23502, 23849, 23918, 24372, 25051, 25055, 25076, 25080, 25095, 25174, 25907, 26393, 26439, 26491]
20,222,[1452, 1749, 1786, 1912, 2075, 2116, 2204, 2554, 2614, 2789, 2806, 2943, 2967, 3015, 3053, 3074, 3560, 3610, 3727, 4136, 4410, 4706, 5235, 5308, 5392, 5468, 5663, 5913, 5936, 6154, 6340, 6497, 6572, 6662, 6667, 6752, 7205, 7909, 8198, 8262, 8325, 8831, 8955, 8999, 9337, 9577, 9889, 9962, 10690, 10822, 10920, 11268, 11275, 11300, 12184, 13311, 13424, 13556, 13913, 14255, 14344, 14585, 14737, 14914, 15319, 15371, 15959, 16207, 17148, 17198, 17328, 17353, 18437, 18514, 18780, 19048, 19367, 19723, 20056, 20268, 20323, 20380, 20509, 20512, 20595, 20749, 20867, 20870, 21154, 21372, 21512, 21522, 21764, 22114, 22372, 22440, 22697, 22777, 23374, 23466, 23803, 23807, 23812, 24371, 24437, 24978, 25251, 25581, 25837, 26150, 26359, 26442, 26622, 26717, 27337, 27713, 28048, 28064, 28080, 28282, 28470, 28833, 29142, 29269, 29290, 29474, 29748, 29836, 29844, 29846, 31113, 31626, 31799, 31917, 32177, 32283, 32421, 32665, 32943, 33216, 33361, 34257, 34332, 34464, 35182, 35650, 35690, 35695, 35827, 36034, 36990, 37865, 38552, 38682, 38750, 40008, 40044, 41208, 41613, 41717, 41814, 42572, 43430, 43700, 44191, 44585, 44672, 44838, 45383, 45795, 46129, 46202, 46327, 46361, 47500, 47734, 49253, 49291, 49439, 49792, 49838, 50051, 50186, 50614, 50744, 50962, 51315, 51412, 51636, 51698, 52290, 52685, 52729, 52911, 53710, 53721, 53739, 53749, 54289, 54951, 55037, 56091, 56517, 56923, 57297, 57795, 58031, 58748, 59619, 60043, 60984, 61029, 61214, 61329, 62046, 62107, 63432, 63714, 63909, 64073, 64505, 64986]
21,174,[1813, 2161, 2676, 4675, 5404, 5688, 5758, 5785, 6487, 6581, 6596, 6689, 6989, 7042, 7417, 7918, 8232, 8429, 8458, 8495, 8884, 8999, 9134, 9173, 9240, 9393, 9473, 9714, 10166, 10229, 10258, 10334, 10394, 10594, 10623, 11136, 11185, 11208, 11365, 11381, 11454, 11810, 12012, 12043, 12170, 12218, 12321, 12433, 12486, 13007, 13549, 14234, 14355, 14676, 14712, 14817, 15032, 15074, 15178, 15213, 15227, 15273, 15305, 15372, 15421, 15460, 15513, 16150, 16281, 16608, 16888, 16966, 17049, 17083, 17145, 17493, 17507, 17571, 17807, 17855, 17874, 17904, 18070, 18098, 18189, 18563, 18801, 18843, 19157, 19402, 19509, 19621, 19647, 19919, 20145, 20475, 20559, 20651, 20909, 20920, 20964, 21062, 21593, 21753, 21990, 22210, 22246, 22329, 22400, 22423, 22492, 23024, 23228, 23392, 23937, 24280, 24315, 24348, 24414, 24453, 24598, 24613, 24773, 24840, 24872, 24947, 24971, 25002, 25315, 25755, 25758, 25786, 26030, 26117, 26543, 26704, 26822, 26881, 26967, 27102, 27161, 27328, 27576, 27675, 27788, 27910, 28199, 28478, 28523, 29065, 29206, 29255, 29352, 29642, 29875, 30084, 30236, 30562, 30717, 30778, 30973, 31086, 31109, 31175, 31955, 32011, 32135, 32517, 33032, 33212, 33486, 33628, 33711, 33761]
22,17,[11271, 14040, 14247, 15585, 16625, 18275, 18281, 61357, 63857, 66274, 71478, 93889, 105109, 128616, 145097, 148416, 155588]
23,120,[1957, 1970, 1988, 2228, 2486, 2496, 2978, 3008, 3025, 3724, 3963, 4167, 4175, 4726, 5518, 5589, 5631, 6280, 6349, 6575, 6992, 7002, 7008, 7026, 7066, 7158, 7243, 7324, 7510, 7598, 7606, 7686, 7730, 7736, 8023, 8225, 8301, 8584, 8618, 8681, 9359, 10307, 10414, 10731, 11372, 11422, 11687, 11829, 11944, 12521, 12558, 12764, 12776, 12795, 12829, 12853, 13006, 13209, 13601, 14091, 14100, 14106, 14473, 14485, 14606, 14773, 15364, 15372, 15440, 15600, 15797, 16172, 16711, 17025, 17266, 17675, 17692, 17755, 17931, 18247, 19198, 19509, 20093, 20156, 20820, 20858, 21229, 21456, 21947, 22215, 22334, 23429, 23507, 23599, 23638, 23761, 24147, 24686, 25253, 25272, 25357, 25934, 25966, 26059, 26513, 26575, 27101, 27133, 27275, 27546, 27825, 27910, 28007, 28024, 28283, 28905, 29163, 29239, 29450, 29979]
24,291,[942, 1041, 1070, 1090, 1199, 1263, 1447, 1478, 1642, 2042, 2936, 3093, 3413, 3579, 3847, 4064, 4160, 4245, 4432, 4555, 4587, 4668, 4717, 4982, 5053, 5113, 5267, 5626, 5689, 5752, 5756, 5823, 6246, 6633, 6817, 7176, 7432, 7487, 7927, 8040, 8061, 8258, 8321, 8499, 8727, 8799, 8938, 9337, 9428, 9580, 9648, 10058, 10067, 10520, 10738, 10779, 11011, 11053, 11498, 11598, 11605, 11623, 11731, 12162, 12595, 12678, 12818, 12851, 12930, 13009, 13280, 13533, 13567, 13766, 13982, 14003, 14012, 14245, 14302, 14344, 14358, 14391, 14924, 15002, 15188, 15192, 15500, 15536, 15542, 15554, 15572, 15589, 16070, 16254, 16692, 16806, 16962, 17425, 17622, 17723, 17735, 17762, 17788, 17893, 17995, 18152, 18437, 18945, 18978, 19005, 19122, 19166, 19209, 19293, 19357, 19654, 19703, 19786, 19809, 19948, 19978, 20576, 20731, 20751, 20850, 20859, 20870, 20973, 21267, 21285, 21308, 21402, 21533, 21596, 21625, 21954, 22294, 22342, 22382, 22552, 22650, 22858, 22861, 22973, 23981, 24039, 24295, 24370, 24769, 24787, 25174, 25210, 25257, 25288, 25785, 26503, 26931, 27292, 27459, 27466, 27506, 27559, 27897, 27921, 28008, 28055, 28105, 28370, 28406, 28446, 28603, 28637, 28779, 28819, 28922, 29064, 29113, 29122, 29130, 29134, 29191, 29307, 29363, 29395, 29401, 29547, 29782, 29825, 29852, 29982, 30114, 30302, 30307, 30709, 30788, 31225, 31259, 31319, 31404, 31540, 31607, 31638, 31707, 31792, 32072, 32446, 32737, 33003, 33096, 33443, 33638, 33763, 33993, 34112, 34279, 34298, 34495, 34541, 34708, 35289, 35361, 35609, 35694, 36067, 36082, 36207, 36310, 36370, 36376, 36386, 36483, 36691, 36969, 37289, 37492, 37662, 37701, 37756, 37871, 38021, 38559, 38640, 38667, 38840, 38856, 38876, 39081, 39130, 39183, 39581, 39632, 40040, 40043, 40056, 40252, 40393, 40454, 40649, 40671, 40700, 40758, 40786, 40813, 40849, 40955, 41375, 41689, 41712, 41756, 42315, 42339, 42470, 42526, 42876, 43153, 43468, 43705, 43782, 44021, 44044, 44175, 44311, 44329, 44409, 44491, 44517, 44556, 44629, 44643, 44672, 44967]
25,32,[1351, 1962, 1972, 1985, 2953, 9076, 33612, 54557, 58980, 64313, 65188, 79789, 80954, 88599, 89980, 95913, 103455, 115375, 117890, 123085, 126160, 128189, 128279, 128297, 128476, 132574, 162387, 162490, 165575, 171734, 177263, 184329]
26,224,[1825, 2124, 2161, 2294, 2461, 2502, 2596, 2971, 3041, 3230, 3248, 3403, 3430, 3479, 3518, 3542, 4059, 4110, 4226, 4634, 4920, 5224, 5751, 5824, 5909, 5985, 6181, 6431, 6454, 6673, 6859, 7015, 7090, 7180, 7185, 7271, 7726, 8431, 8721, 8786, 8855, 9374, 9504, 9551, 9890, 10131, 10442, 11251, 11385, 11481, 11839, 11848, 11873, 12771, 13895, 14009, 14141, 14500, 14845, 14941, 15195, 15347, 15541, 15956, 16009, 16605, 16854, 17801, 17851, 17993, 18020, 19148, 19223, 19489, 19755, 20074, 20437, 20778, 20994, 21049, 21106, 21236, 21239, 21321, 21481, 21604, 21607, 21894, 22118, 22258, 22268, 22514, 22869, 23129, 23197, 23458, 23542, 24144, 24236, 24567, 24571, 24577, 25140, 25212, 25763, 26046, 26376, 26637, 26946, 27157, 27242, 27423, 27536, 28160, 28541, 28883, 28899, 28914, 29119, 29300, 29666, 29984, 30112, 30133, 30318, 30593, 30682, 30690, 30692, 31980, 32497, 32671, 32789, 33050, 33156, 33295, 33541, 33819, 34093, 34241, 35137, 35215, 35352, 36075, 36549, 36590, 36595, 36727, 36935, 37904, 38782, 39228, 39494, 39626, 39694, 40947, 40983, 42146, 42551, 42653, 42748, 43508, 44368, 44382, 44659, 45154, 45556, 45649, 45822, 46382, 46797, 47131, 47207, 47332, 47366, 48505, 48740, 50297, 50335, 50486, 50838, 50884, 51095, 51231, 51665, 51795, 52018, 52371, 52470, 52710, 52778, 53377, 53783, 53828, 54018, 54842, 54853, 54871, 54881, 55451, 56112, 56197, 57248, 57535, 57667, 58071, 58459, 58968, 59217, 59946, 60901, 61333, 62281, 62327, 62516, 62632, 63349, 63410, 64804, 65092, 65296, 65465, 65904, 66392]
27,370,[485, 619, 632, 644, 652, 697, 854, 888, 1277, 1314, 1798, 1845, 2204, 2820, 3769, 4568, 4922, 5501, 5572, 5738, 5747, 5852, 6287, 7056, 7405, 7801, 7831, 8041, 8086, 8133, 8488, 8834, 9578, 9651, 9711, 9776, 9894, 9910, 10079, 10872, 12174, 13702, 13837, 14021, 14244, 14304, 14508, 14808, 14916, 14948, 15128, 15212, 15240, 15723, 15777, 16413, 16860, 16928, 17033, 17439, 17500, 17565, 17897, 18668, 18756, 18909, 20990, 21045, 21122, 21835, 22268, 22370, 22513, 22902, 22914, 22927, 23867, 23895, 24067, 24480, 24845, 25014, 25245, 25325, 26190, 26756, 26773, 26938, 27130, 27264, 27452, 27719, 27855, 27935, 28141, 28680, 29359, 30534, 30971, 31123, 31240, 31242, 31268, 31329, 32487, 32498, 32648, 32692, 32778, 32840, 33465, 33499, 33522, 33860, 35368, 36164, 36174, 36433, 36444, 36547, 36742, 36760, 36843, 36849, 36879, 37944, 37976, 38219, 38294, 38301, 38340, 39244, 39841, 39976, 40441, 40567, 40626, 40846, 40864, 40904, 41539, 41653, 41753, 41792, 41817, 41838, 42400, 42447, 42458, 42464, 42470, 42703, 43069, 43289, 43600, 43912, 44186, 44507, 44657, 44668, 44674, 44681, 45395, 45826, 46832, 46841, 46947, 47094, 47206, 47577, 48691, 50567, 50573, 50948, 50963, 51048, 51578, 51592, 51602, 51732, 52041, 52073, 52480, 53139, 53657, 53962, 54472, 54521, 54818, 55292, 55311, 55356, 55362, 55424, 55683, 55800, 56037, 56618, 56807, 56847, 57198, 57304, 57479, 58621, 58879, 58908, 59398, 59662, 59940, 60159, 60620, 60813, 61087, 61681, 62063, 62259, 62901, 63344, 63652, 63802, 64279, 64288, 64832, 65285, 65627, 66948, 67199, 67625, 68105, 68263, 68282, 68375, 68806, 69234, 69657, 69861, 69867, 70705, 71605, 72003, 72017, 72078, 72819, 73084, 73406, 73589, 73659, 74043, 74179, 74205, 74288, 74368, 74497, 74604, 74787, 75185, 75295, 76222, 76331, 77179, 77696, 78016, 79158, 79177, 79308, 80113, 80197, 80392, 80541, 81032, 81195, 81512, 81841, 82255, 82501, 82748, 83379, 83471, 83704, 84278, 84448, 85154, 85924, 86286, 86347, 86469, 86751, 88392, 88522, 88763, 88888, 88892, 89055, 89195, 89336, 89774, 89824, 89954, 90184, 90564, 91265, 91767, 91777, 92183, 92436, 92773, 93324, 93649, 93799, 93831, 94600, 94634, 94859, 95641, 95825, 96084, 96550, 97058, 97194, 97756, 97909, 97997, 98115, 98772, 98813, 99109, 99119, 99739, 100097, 100263, 101014, 101178, 101317, 101645, 101694, 102051, 102090, 102333, 102939, 102993, 103044, 103365, 103419, 103603, 103746, 103803, 104055, 104155, 104181, 105021, 105314, 105372, 105403, 105644, 105757, 105879, 106263, 106469, 106757, 106792, 106862, 106871, 107484, 107553, 108093, 108313, 108805, 108895, 109022, 109309]
28,58,[884, 947, 1966, 2207, 2304, 2380, 2734, 3088, 3421, 3643, 4123, 4422, 4429, 4644, 4677, 4685, 4820, 4835, 5281, 5629, 5990, 6127, 6298, 6359, 6548, 6679, 7119, 7126, 7280, 7295, 7338, 7348, 7377, 7421, 7436, 7933, 8050, 8328, 8402, 8625, 8693, 9263, 9419, 9545, 9755, 9777, 9790, 10035, 10108, 10184, 10622, 10711, 10925, 10982, 11034, 11277, 11454, 11658]
30,2834,[991, 1547, 2173, 2240, 2580, 3005, 3074, 3596, 4766, 6088, 6248, 6275, 6321, 7104, 7535, 7548, 7645, 7801, 7829, 7860, 8057, 8063, 8559, 8574, 8640, 9688, 9759, 9898, 9994, 10013, 10110, 10115, 10176, 10181, 10511, 10704, 12654, 12864, 12875, 13014, 13103, 13146, 13380, 13622, 14023, 14117, 14172, 14461, 15005, 15033, 15113, 15697, 15861, 16131, 16695, 16766, 17084, 17207, 17338, 17614, 17725, 17802, 17940, 17949, 18032, 19088, 19241, 19563, 19622, 19720, 20248, 20304, 20403, 20773, 20955, 21103, 21135, 21281, 21362, 22295, 22597, 22705, 23071, 23129, 23270, 23510, 23583, 23956, 24001, 24068, 24456, 24463, 24507, 25046, 25545, 25719, 25792, 26175, 26478, 26582, 26894, 27010, 27127, 27401, 27423, 27809, 27900, 27921, 28576, 29227, 29605, 29691, 30219, 30230, 30462, 31184, 31264, 31425, 31517, 31594, 31892, 32017, 32181, 32195, 32258, 32272, 32395, 32425, 32440, 32491, 32555, 32772, 32995, 33016, 33282, 33450, 33667, 33818, 34017, 34306, 35084, 35220, 35260, 35275, 35915, 36045, 37282, 37712, 38108, 38636, 38653, 38917, 38965, 38987, 39015, 39407, 39452, 39607, 39708, 39759, 39840, 39871, 39936, 39966, 40277, 40496, 40754, 41330, 41373, 41534, 41540, 41669, 41818, 41843, 41918, 41987, 42236, 42560, 42569, 42687, 42998, 43046, 43329, 43524, 43634, 43760, 44214, 45536, 45931, 49372, 49402, 49509, 49519, 49707, 49715, 50505, 50644, 51011, 51020, 51094, 51118, 51127, 51198, 51296, 51312, 51990, 52011, 52129, 52444, 52637, 52876, 52984, 53096, 54016, 54130, 54144, 54165, 54243, 58399, 58408, 58483, 58957, 59118, 60075, 60264, 60728, 60752, 60761, 61660, 61685, 61804, 62625, 64089, 64313, 64617, 65170, 65183, 65638, 65754, 65800, 65975, 66088, 66183, 67968, 68463, 68466, 68490, 68722, 68966, 69171, 69232, 69673, 69756, 69865, 71090, 71275, 71599, 71942, 73123, 73305, 73523, 73566, 73772, 73823, 74099, 74115, 74446, 74552, 74889, 75027, 76539, 76691, 76713, 76906, 76946, 76959, 77130, 77224, 77467, 77629, 78880, 78891, 79724, 80808, 81065, 81195, 81223, 82001, 82406, 82540, 82612, 82622, 82682, 82810, 82950, 84706, 84844, 84898, 85295, 85837, 85893, 85917, 85945, 86001, 86069, 86109, 86122, 86148, 86564, 86699, 86708, 86733, 86744, 86785, 86911, 87359, 87866, 89502, 89621, 89800, 89811, 90033, 90408, 91262, 92448, 92552, 92597, 92942, 93226, 93511, 93801, 93822, 94031, 94054, 95146, 95193, 95434, 95893, 96148, 96577, 96641, 96817, 97223, 97241, 98104, 98186, 98485, 99237, 100304, 101640, 101782, 101791, 102966, 103101, 103266, 104002, 104173, 104213, 104616, 105258, 105746, 106001, 106101, 106201, 106231, 106315, 107608, 107813, 107967, 108108, 109049, 109197, 109496, 109502, 109508, 109513, 109548, 109604, 109762, 109883, 109934, 110840, 110888, 110904, 111348, 111722, 112855, 112861, 112866, 112871, 113079, 113395, 113411, 113703, 113852, 113946, 113960, 114562, 115042, 115260, 115447, 115531, 115653, 115881, 116779, 116904, 117177, 117448, 117482, 117581, 117995, 118032, 118224, 118244, 118301, 118458, 118758, 118768, 118935, 119008, 119351, 119463, 119785, 119953, 120050, 120093, 120102, 120135, 120327, 120393, 120418, 120447, 120488, 120571, 120686, 120742, 120885, 120928, 120952, 121073, 121252, 121375, 121398, 121410, 121454, 121622, 121748, 122040, 122078, 122113, 122279, 122637, 122644, 122967, 122974, 124439, 124699, 124815, 124910, 125015, 125819, 126106, 126155, 126245, 126538, 126547, 126765, 127108, 127532, 128257, 128962, 129092, 129212, 129296, 129539, 129679, 129831, 129974, 130101, 130132, 130268, 130385, 130470, 130556, 130794, 130918, 131105, 131115, 131203, 131436, 131505, 131545, 131555, 132026, 132375, 132711, 132773, 132892, 132928, 133100, 133138, 133211, 133229, 133562, 133617, 134079, 134218, 134540, 134713, 134812, 135378, 135481, 137238, 138917, 140444, 140581, 141830, 141930, 141997, 142443, 142516, 143123, 143334, 144309, 144571, 144669, 144935, 144972, 145272, 145316, 145396, 145610, 145741, 145809, 145951, 145959, 146029, 146158, 146599, 146647, 146727, 146793, 146818, 146823, 147271, 147378, 147440, 147537, 147933, 148098, 148145, 148846, 148921, 148986, 148995, 149269, 149329, 149405, 149458, 149528, 150242, 150577, 150777, 150853, 150921, 151175, 151407, 151944, 151999, 152136, 152188, 152589, 152693, 152909, 152918, 152994, 153619, 153670, 154062, 154464, 154710, 154789, 154856, 154930, 155125, 155282, 155305, 155365, 155545, 155577, 155858, 156172, 156183, 156366, 156674, 156790, 156959, 157037, 157076, 157138, 157183, 157272, 157357, 157373, 157421, 157692, 157788, 158072, 158783, 158814, 158839, 159513, 159633, 160044, 160070, 160370, 160555, 160865, 160924, 161141, 161158, 161580, 161806, 161863, 162163, 162276, 162626, 162785, 162980, 163285, 163512, 163736, 163758, 163791, 163840, 163863, 164041, 164059, 164074, 164175, 164222, 164335, 164352, 164384, 164473, 164840, 165122, 165460, 165480, 165729, 165816, 166303, 166419, 166558, 166629, 166853, 166969, 167091, 167147, 167201, 167222, 167247, 167300, 167326, 167456, 167471, 167494, 167532, 167788, 167848, 168235, 168269, 168362, 168382, 168707, 168841, 169727, 169869, 169948, 169977, 170648, 170706, 170794, 170920, 171045, 171612, 171860, 172000, 172251, 172534, 172650, 172732, 172829, 173009, 173182, 173289, 173369, 173455, 173570, 173770, 173857, 174025, 174482, 174509, 174594, 174621, 175002, 175090, 175157, 175177, 175280, 175590, 175915, 176151, 176278, 176606, 176728, 176882, 177342, 177440, 177635, 177828, 177885, 178198, 178363, 178547, 178763, 178811, 178970, 179009, 179061, 179716, 180288, 180303, 180457, 180778, 181184, 181464, 181571, 181744, 181869, 182078, 182113, 182164, 182228, 182294, 182336, 182453, 183091, 183433, 183576, 183920, 184149, 184231, 184255, 184288, 184450, 184561, 184642, 184730, 184831, 184864, 184952, 185012, 185264, 185387, 185412, 185583, 185753, 186037, 186294, 186821, 186890, 186990, 187126, 187216, 187558, 187586, 187623, 187664, 187784, 187815, 187857, 187915, 187957, 188101, 188171, 188273, 188345, 188404, 188433, 188588, 188605, 189145, 189202, 189237, 189591, 189629, 189762, 190009, 190153, 190160, 190509, 191134, 191213, 191318, 191373, 191450, 192118, 192261, 192397, 192455, 192685, 192962, 193049, 193360, 193387, 193467, 193561, 193798, 194448, 194626, 195239, 195595, 195954, 196082, 196105, 196115, 196213, 196809, 197051, 197150, 197867, 198006, 198691, 198783, 198923, 198969, 199698, 199738, 200190, 200695, 200720, 202222, 202233, 203189, 203635, 204876, 205803, 205812, 205822, 206067, 206310, 206325, 206379, 206436, 206462, 206644, 206980, 206992, 207360, 207627, 208044, 208085, 208120, 208814, 209060, 209198, 209280, 209395, 209776, 210149, 210246, 210285, 210712, 211229, 211287, 211432, 211651, 211663, 211860, 211990, 212083, 212257, 212792, 212991, 213360, 213532, 214090, 214522, 214662, 214708, 214733, 214801, 215122, 215389, 215628, 215913, 215998, 216471, 217777, 217814, 218073, 218713, 218859, 218887, 219101, 219448, 219878, 220111, 220152, 220258, 220274, 220351, 220375, 220638, 220901, 221005, 221027, 221100, 221174, 221327, 221384, 221501, 221530, 221601, 221655, 221684, 221798, 221841, 221991, 222099, 222477, 222500, 222541, 222706, 222836, 222854, 222918, 223004, 223057, 223165, 223387, 223473, 223530, 223572, 223627, 223791, 223877, 224069, 224153, 224322, 224497, 224751, 225055, 225241, 225321, 225372, 225442, 225713, 225915, 225998, 226054, 226125, 226204, 226482, 226695, 226755, 226947, 227266, 227620, 227640, 227890, 228140, 228995, 229126, 229830, 230555, 230698, 230960, 232294, 232683, 232703, 233122, 233250, 233452, 234122, 234736, 235192, 235337, 235601, 235846, 236910, 236960, 237093, 237298, 237548, 238181, 238891, 238904, 238917, 238942, 238952, 238964, 238976, 239264, 239297, 240953, 241539, 243005, 244643, 244670, 244710, 244728, 244774, 244886, 245878, 246003, 246655, 246861, 246960, 247014, 247556, 247701, 247959, 247968, 248616, 249066, 249147, 249487, 249555, 249594, 249711, 249738, 249796, 249839, 250080, 250788, 251326, 257024, 257715, 257724, 257732, 257819, 258402, 258516, 258544, 258564, 258629, 259042, 259092, 259204, 260100, 260132, 260165, 260850, 261200, 261302, 261716, 261848, 261963, 261987, 262024, 262262, 262477, 263110, 263181, 263255, 263598, 264574, 264833, 264972, 265011, 265270, 265557, 265608, 265884, 265920, 265965, 265979, 266006, 266135, 266171, 266397, 266428, 266801, 266869, 266960, 266993, 267019, 267060, 267092, 267386, 267389, 267525, 267647, 267847, 268094, 268189, 268248, 268256, 268429, 268514, 268624, 268659, 269456, 269762, 270023, 270186, 270219, 270966, 271528, 271675, 271721, 272693, 272949, 273361, 273892, 274234, 274515, 274774, 274875, 275032, 275068, 275102, 275272, 275393, 275637, 276422, 276666, 276727, 276816, 276838, 276875, 278302, 278373, 278682, 278747, 278781, 278834, 279409, 282033, 282119, 282511, 282516, 282675, 283374, 283690, 283769, 283878, 284113, 284946, 285094, 285202, 285297, 285650, 286046, 286419, 286520, 287494, 287677, 287805, 288588, 288872, 288926, 289733, 291297, 291711, 292050, 292092, 292113, 292250, 292455, 292548, 292634, 292811, 292825, 292835, 292952, 293068, 293204, 293240, 293296, 293399, 293428, 293785, 294261, 294453, 294477, 295859, 296452, 296862, 296911, 297076, 297325, 297554, 297600, 297816, 297951, 298174, 298553, 298698, 298851, 299033, 299037, 299151, 300293, 302196, 302399, 303305, 303466, 303664, 304209, 304346, 304418, 305170, 305181, 305676, 305728, 305731, 305738, 305748, 305755, 305761, 305765, 305777, 305785, 305826, 305833, 306336, 306345, 306541, 306548, 306552, 306644, 306704, 306743, 306950, 307101, 307332, 307937, 307946, 308421, 308513, 308717, 308847, 308877, 309011, 309047, 309067, 309075, 309452, 309478, 309496, 309512, 309523, 309539, 310493, 310793, 311225, 311345, 311352, 311397, 312073, 312205, 312338, 312616, 312987, 313052, 313181, 313666, 314707, 314896, 315042, 315242, 316000, 316110, 316120, 316156, 316247, 316251, 316636, 317025, 317081, 317144, 317992, 318896, 318912, 319195, 319400, 319822, 319839, 319952, 319974, 321378, 321545, 321549, 321556, 321580, 321835, 321979, 321984, 322429, 322935, 322965, 323297, 323351, 323819, 324140, 324521, 324778, 325052, 325059, 325100, 325162, 325651, 326226, 326345, 326437, 326631, 326806, 326954, 326999, 327003, 327479, 327694, 327712, 328499, 328632, 328873, 329608, 330761, 331141, 331772, 332285, 332292, 332574, 332698, 332884, 333651, 333780, 333788, 333944, 334020, 335021, 335033, 335322, 336004, 336868, 337104, 337125, 337159, 337724, 338693, 338706, 338965, 339409, 339511, 339533, 340461, 340581, 340684, 340873, 340882, 341035, 342417, 342566, 342584, 342841, 342872, 342901, 343182, 343254, 343276, 343350, 345194, 345198, 345208, 345401, 345848, 345875, 345898, 345915, 346091, 346132, 346141, 346461, 346660, 346731, 346867, 346873, 346880, 346987, 347623, 347630, 347666, 347672, 347680, 347685, 347691, 347705, 348427, 348493, 348532, 348542, 349338, 349585, 350447, 350940, 351111, 351148, 352000, 352330, 352339, 352542, 352667, 352980, 353172, 353251, 353365, 353367, 353373, 353431, 353597, 353645, 353655, 354006, 354544, 354966, 355133, 355141, 355366, 355374, 355394, 355403, 355567, 356079, 356083, 356090, 356509, 358046, 358159, 358222, 358359, 359390, 359609, 360016, 360153, 360338, 360352, 360672, 360699, 360736, 360758, 362077, 362688, 362841, 363178, 363230, 363242, 363911, 363964, 364085, 364554, 364716, 365624, 366528, 366590, 366636, 366708, 367331, 367527, 368762, 370033, 370179, 370488, 370494, 370527, 371229, 372788, 372808, 373035, 373124, 373484, 373522, 373643, 373907, 373939, 373987, 374172, 374409, 374499, 374629, 374900, 374913, 375282, 375743, 375792, 375798, 375912, 376014, 376021, 376224, 376266, 376542, 376725, 376775, 376784, 378440, 378653, 379297, 379538, 381029, 381310, 381899, 381917, 382131, 384548, 384675, 384855, 385604, 385609, 386637, 386821, 387003, 387247, 388384, 388566, 388758, 389408, 391087, 391111, 391578, 391583, 392021, 392026, 392254, 393013, 393142, 393328, 393412, 393557, 394001, 394205, 395088, 395363, 395606, 396193, 396199, 397637, 397643, 397817, 398800, 399438, 399656, 400559, 400693, 400923, 400932, 402056, 402535, 402581, 403502, 404486, 405408, 406342, 407136, 407916, 407984, 408304, 408327, 408964, 409263, 409782, 410911, 411470, 411785, 412303, 413751, 413926, 414012, 414136, 414287, 414662, 415257, 415331, 415405, 415563, 415971, 416103, 416134, 416212, 416577, 417199, 417275, 417329, 417666, 417868, 418023, 418392, 418547, 418600, 418932, 419239, 419282, 419363, 419643, 420292, 420715, 425125, 426028, 426152, 426196, 426238, 426294, 427369, 428166, 428175, 428579, 428868, 429487, 430085, 430168, 430268, 430281, 430305, 430315, 430355, 430361, 430367, 430446, 430469, 430489, 430593, 430623, 430791, 431165, 431234, 431423, 431595, 431928, 432273, 432313, 432328, 432564, 432709, 433605, 433621, 434317, 434379, 434385, 434462, 434504, 434617, 434626, 434645, 434651, 434696, 435051, 435699, 436250, 436800, 436885, 437082, 437159, 437245, 437261, 437318, 437438, 437451, 437461, 437503, 437864, 438658, 438709, 438840, 438892, 439123, 439311, 439921, 440053, 440120, 440143, 440338, 440653, 440675, 441212, 441309, 441313, 441598, 441628, 441682, 441936, 442359, 442467, 443157, 443317, 443453, 443518, 444135, 444919, 444936, 445048, 445056, 445064, 445431, 445673, 445809, 445813, 445927, 445940, 445953, 446701, 446730, 447293, 447371, 447424, 447614, 447630, 447860, 448072, 448177, 448183, 448395, 448576, 448731, 449022, 449068, 449340, 449396, 449427, 449537, 449553, 450106, 450126, 450249, 450421, 450454, 450535, 450799, 450924, 451061, 451614, 451953, 452009, 452473, 452543, 452556, 452653, 453149, 453289, 453393, 453698, 454065, 454127, 454170, 454733, 455005, 455016, 457428, 457475, 457632, 458078, 458193, 458279, 458501, 458566, 458721, 458773, 458831, 458900, 459136, 460037, 460056, 460119, 460123, 460153, 460599, 460691, 461416, 463940, 466221, 466707, 466854, 467016, 468053, 468254, 468421, 468465, 468581, 469682, 469734, 469822, 469918, 469951, 470047, 470309, 470909, 471404, 471430, 471743, 472206, 472816, 472823, 473136, 473384, 473389, 473603, 473661, 474258, 474561, 474686, 474874, 475169, 475177, 476275, 476903, 478169, 478577, 478639, 479658, 480077, 481852, 482151, 482263, 482279, 482751, 483840, 483849, 483888, 483894, 484442, 484603, 484607, 485127, 485921, 486274, 486377, 487112, 487133, 488523, 488696, 489003, 489229, 489239, 491369, 491435, 491454, 491458, 491483, 491496, 491985, 492221, 492497, 493406, 493796, 493839, 493856, 494061, 495383, 495448, 495817, 496255, 496426, 496465, 496481, 496538, 496567, 496581, 496610, 496622, 496645, 496681, 496723, 496762, 496841, 496895, 497028, 497203, 497254, 497266, 497442, 497716, 497820, 498591, 498623, 498655, 498691, 498699, 498721, 498838, 498867, 499698, 499720, 499794, 499874, 499961, 499992, 500040, 500122, 500205, 500288, 500352, 500475, 500538, 500556, 500634, 500780, 500803, 500837, 500864, 500882, 500935, 500959, 501018, 501066, 501245, 501277, 501357, 501431, 501775, 501792, 502327, 502356, 502455, 502564, 502698, 503094, 503121, 503290, 503326, 503571, 503632, 503731, 503861, 504106, 504137, 504170, 504269, 504278, 504436, 504451, 504546, 504557, 504590, 504737, 504749, 504788, 504836, 504849, 504885, 504913, 504925, 504993, 505455, 505647, 505710, 505750, 505834, 506272, 506297, 506406, 506589, 506612, 506671, 507146, 507282, 507380, 507794, 507849, 507914, 507993, 508096, 508124, 508140, 508160, 508420, 508520, 508602, 508771, 508855, 508933, 508965, 509031, 509244, 509284, 509345, 509380, 509485, 509501, 509615, 509687, 509870, 509929, 510043, 510054, 510441, 510948, 511123, 511430, 511444, 511656, 511707, 512270, 512386, 512398, 512409, 512499, 512548, 512623, 512650, 512675, 512846, 513003, 513011, 513762, 513858, 513879, 513901, 514065, 514125, 514154, 514258, 514306, 514342, 514430, 514451, 514661, 514703, 514768, 514831, 514863, 515196, 515221, 515299, 515650, 515774, 515835, 515890, 515972, 516196, 516214, 516229, 516273, 516437, 516463, 516550, 516670, 516801, 516891, 516939, 517074, 517376, 517438, 517538, 517566, 517586, 517792, 517823, 517836, 517882, 517895, 517911, 518044, 518123, 518343, 518411, 518445, 518522, 518728, 518752, 518853, 519048, 519150, 519232, 519243, 519263, 519410, 519507, 519534, 519615, 519645, 519732, 519742, 519789, 519861, 519877, 519958, 519997, 520186, 520239, 520460, 520883, 520916, 520936, 520989, 521161, 521190, 521282, 521432, 521556, 521576, 521669, 521754, 521818, 521973, 522433, 522489, 523002, 523112, 523229, 523423, 523447, 523471, 523596, 523693, 523704, 524102, 524289, 524323, 524539, 524821, 524830, 524861, 524946, 525025, 525275, 525290, 525358, 525393, 525614, 525638, 525844, 525888, 526121, 526585, 526704, 526936, 527002, 527073, 527212, 527257, 527315, 527364, 527385, 527443, 527494, 527555, 527662, 527699, 528031, 528066, 528269, 528393, 528608, 529191, 529446, 529511, 529537, 529645, 529836, 529885, 529899, 529941, 529989, 530473, 530936, 531116, 531191, 531343, 531353, 531402, 531525, 531624, 531682, 531796, 531840, 531884, 531944, 531960, 532114, 532149, 532184, 532416, 532571, 532766, 532922, 532928, 533009, 533306, 533450, 533504, 533532, 533552, 533582, 533651, 533719, 533751, 533866, 533959, 534212, 534260, 534326, 534548, 534624, 534714, 534744, 534788, 535023, 535050, 535195, 535352, 535452, 535489, 535563, 535579, 535737, 535829, 535858, 535881, 536167, 536271, 536353, 536385, 536647, 536693, 537456, 537466, 537487, 537521, 537544, 537686, 537706, 537931, 538035, 538047, 538079, 538104, 538183, 538284, 538311, 538322, 538355, 538380, 538709, 538908, 539337, 539344, 539361, 539440, 539489, 539539, 539546, 539713, 539727, 539766, 540008, 540130, 540260, 540334, 540509, 540619, 540631, 540676, 540687, 540730, 540760, 540791, 541228, 541236, 541307, 541400, 541450, 541503, 541817, 541924, 542488, 542541, 542605, 542628, 542694, 542699, 542738, 542886, 543117, 543250, 543354, 543387, 543398, 543654, 543702, 543765, 543801, 543949, 544189, 544200, 544328, 544413, 544789, 544794, 544847, 545219, 545468, 545477, 545507, 545663, 545839, 545868, 545885, 546105, 546138, 546209, 546489, 546534, 546632, 546701, 546765, 546841, 546881, 547031, 547232, 547261, 547352, 547671, 547835, 547888, 547910, 548172, 548464, 548746, 549199, 549574, 549692, 549794, 549883, 549930, 550014, 550129, 550158, 550170, 550270, 550817, 551153, 551181, 551224, 551445, 551522, 551569, 551668, 551716, 551805, 551835, 552190, 552566, 552675, 552697, 552742, 552762, 552784, 552826, 552879, 552947, 552971, 552986, 553567, 553579, 553863, 553874, 554134, 554197, 554367, 554573, 554632, 554693, 554998, 555262, 555565, 555576, 555708, 556096, 556252, 556879, 556910, 557070, 557225, 557287, 557309, 557336, 557513, 558014, 558046, 558074, 558103, 558519, 558679, 558990, 559013, 559083, 559087, 559169, 559797, 560254, 560342, 560420, 560462, 560636, 560731, 561394, 561797, 562127, 562259, 562306, 562409, 562602, 562690, 562767, 562842, 563037, 563271, 563402, 563430, 563446, 563466, 563508, 563745, 563816, 563972, 564077, 564090, 564121, 564362, 564433, 564510, 564798, 564880, 565426, 565831, 565880, 565986, 566255, 566368, 566414, 566516, 566581, 566724, 567006, 567274, 567319, 567351, 567358, 567426, 567533, 567682, 567741, 567859, 568062, 568103, 568139, 568281, 568362, 568430, 568461, 568580, 568598, 569058, 569183, 569392, 569421, 569438, 569460, 569504, 569621, 569899, 570080, 570305, 570428, 570513, 570658, 570703, 570759, 570774, 570861, 570915, 570938, 571408, 571726, 571791, 571993, 572054, 572107, 572158, 572298, 572339, 572447, 572491, 572524, 572559, 572606, 572673, 572803, 572874, 572906, 572927, 573068, 573081, 573101, 573178, 573204, 573259, 573305, 573408, 573630, 573651, 573691, 573771, 573944, 574037, 574099, 574258, 574301, 574333, 574365, 574424, 574484, 574545, 574997, 575005, 575017, 575290, 575464, 575561, 575632, 575831, 575851, 575928, 575965, 575977, 576097, 576154, 576160, 576233, 576309, 576642, 576759, 576781, 576898, 576930, 577055, 577093, 577176, 577197, 577212, 577325, 577338, 577388, 577635, 577781, 577826, 577913, 577935, 578055, 578083, 578104, 578178, 578264, 578315, 578385, 578729, 578816, 578857, 578890, 578905, 578980, 579022, 579061, 579104, 579128, 579145, 579342, 579354, 579484, 579532, 579548, 579641, 579659, 579684, 579884, 580003, 580052, 580177, 580388, 580421, 580487, 580546, 580640, 580911, 580943, 580999, 581015, 581027, 581036, 581074, 581430, 581445, 581484, 581520, 581573, 581655, 581680, 581796, 581826, 581849, 581899, 581921, 581968, 582005, 582075, 582316, 582380, 582715, 582734, 582769, 582829, 582843, 582870, 582911, 582917, 583013, 583044, 583074, 583126, 583246, 583275, 583317, 583416, 583430, 583459, 583477, 583504, 583628, 583665, 583687, 583730, 583806, 583828, 583902, 583917, 583926, 583964, 583997, 584010, 584091, 584141, 584248, 584633, 585083, 585133, 585414, 585922, 586128, 586281, 586340, 586410, 586910, 587076, 587176, 587335, 588252, 589548, 590213, 591147, 591166, 592167, 593256, 594755, 595083, 595263, 596041, 596072, 596153, 596178, 596280, 596296, 596324, 596934, 596946, 596956, 597246, 597449, 597989, 597999, 598038, 598057, 598464, 598573, 598576, 598603, 598725, 599180, 599344, 599493, 599837, 599846, 600904, 600949, 601903, 601975, 602061, 602068, 602156, 602337, 602894, 603068, 603097, 603273, 603587, 603827, 603862, 603910, 603935, 603968, 604647, 604658, 604723, 604872, 605458, 606013, 606156, 606471, 606824, 608789, 608919, 609574, 610610, 610660, 611170, 611511, 611632, 611786, 611832, 611851, 611873, 612355, 612778, 612826, 612983, 613358, 613528, 614688, 615380, 615610, 616340, 616488, 617302, 617750, 617805, 618460, 618557, 619029, 619100, 619372, 619668, 619950, 620066, 620136, 620161, 620373, 620643, 620923, 620962, 621609, 621674, 621797, 621850, 621868, 621885, 621910, 622024, 622305, 622500, 623187, 623336, 623355, 623373, 623382, 623391, 623913, 623979, 625172, 625769, 625778, 625816, 625822, 626230, 626356, 626538, 626716, 627159, 627186, 627210, 627643, 628898, 628963, 629712, 630355, 630592, 630760, 630835, 631476, 632974, 633204, 633413, 633459, 633511, 633569, 633632, 633723, 633761, 633771, 634270, 634735, 635150, 635154, 635163, 635259, 635524, 636181, 638133, 638209, 638254, 638658, 638882, 639763, 640753]
