6,2,[68, 224]
7,1,[76]
8,3,[187, 212, 410]
9,15,[124, 318, 347, 481, 497, 795, 872, 892, 1241, 1425, 1562, 1899, 2002, 2508, 2664]
10,1969,[465, 1456, 1522, 1661, 2052, 2395, 2500, 5191, 5237, 5462, 5569, 5572, 5596, 5667, 5672, 5701, 6786, 7170, 7486, 7620, 9618, 9774, 9931, 9937, 11007, 11420, 13206, 14195, 14617, 14941, 15041, 15674, 15903, 16088, 17905, 17956, 19185, 19463, 20242, 20648, 20688, 20800, 22712, 23682, 24367, 24845, 24958, 25170, 25220, 25244, 25477, 25901, 26085, 26118, 26133, 26165, 26220, 26255, 26385, 26425, 26483, 26513, 27402, 27831, 27960, 29903, 30178, 30196, 30682, 30983, 31192, 32104, 32391, 32512, 35113, 36580, 36720, 36729, 37533, 37975, 38041, 38193, 38894, 39210, 39522, 39578, 39589, 40320, 40660, 40898, 41948, 42106, 42698, 42700, 42837, 43154, 44778, 45097, 46303, 46472, 46997, 47106, 47109, 47151, 47415, 47436, 47517, 47607, 47617, 47623, 47628, 47636, 47644, 47656, 47683, 47706, 47725, 47745, 47753, 47763, 47795, 47833, 47858, 47928, 47934, 47938, 47980, 48018, 48067, 48094, 48114, 48568, 48654, 49051, 49274, 49859, 49894, 50164, 50411, 50415, 50420, 50794, 50812, 51234, 51260, 51995, 52515, 53175, 53927, 54744, 54751, 54841, 55149, 55314, 55324, 55332, 55339, 55348, 55357, 55378, 55397, 55409, 55416, 55435, 55446, 55452, 55499, 55535, 55539, 55546, 55583, 55622, 55663, 55699, 55737, 55896, 55945, 55959, 55969, 56014, 56191, 56211, 56286, 56672, 56971, 57365, 60501, 60860, 60867, 60937, 61115, 61734, 62094, 62167, 62233, 63391, 63399, 65167, 65825, 65886, 67275, 67436, 67457, 67491, 67758, 67769, 67794, 68002, 68016, 68441, 68891, 69233, 69462, 69515, 70074, 70139, 70680, 71232, 71352, 71437, 71900, 72140, 73666, 74095, 74129, 74760, 75063, 75071, 75422, 75484, 76098, 76136, 76829, 77056, 78105, 78782, 78853, 79383, 79630, 79762, 81319, 81558, 81694, 81782, 81875, 81963, 82005, 82043, 82990, 83081, 83092, 83104, 83230, 83237, 83472, 83647, 83658, 83680, 83687, 83690, 83692, 83700, 83746, 83757, 83778, 83785, 83788, 83790, 83798, 83845, 83856, 83877, 83884, 83887, 83889, 83897, 83944, 83953, 83974, 83981, 83984, 83986, 83994, 84041, 84052, 84073, 84080, 84083, 84085, 84093, 84139, 84168, 84175, 84178, 84180, 84188, 84234, 84245, 84266, 84273, 84276, 84278, 84286, 84332, 84341, 84362, 84369, 84372, 84374, 84382, 84428, 84439, 84460, 84467, 84470, 84472, 84480, 84526, 84537, 84558, 84565, 84568, 84570, 84578, 84624, 84635, 84656, 84663, 84666, 84668, 84676, 84722, 84733, 84754, 84761, 84764, 84766, 84774, 84967, 85222, 85886, 86200, 87291, 87489, 87547, 87966, 88090, 88374, 88709, 88968, 89688, 89783, 89786, 89799, 89846, 89875, 89878, 90017, 90041, 90156, 90498, 90776, 90783, 90925, 91566, 91603, 91667, 91677, 92179, 92230, 92780, 92811, 93081, 93153, 93155, 94135, 96879, 96889, 98071, 98888, 98948, 99053, 99074, 99088, 99102, 99150, 99223, 99273, 99378, 99397, 99403, 99409, 99416, 99479, 99482, 99513, 99517, 99524, 99603, 99606, 99637, 99643, 99649, 99761, 99824, 99886, 99945, 100006, 100066, 100125, 100166, 100168, 100202, 101258, 101296, 101370, 101460, 101554, 101621, 103716, 104080, 104212, 104518, 104819, 104846, 104871, 104877, 105447, 105485, 105711, 106759, 107572, 108297, 108567, 109559, 113639, 114393, 114502, 115456, 116669, 116941, 117318, 117732, 117884, 117961, 118648, 119019, 120328, 120702, 121193, 121367, 121374, 122779, 123230, 124053, 124257, 127109, 127625, 127710, 133726, 134378, 135465, 136355, 136361, 136365, 136369, 136373, 136377, 136381, 136385, 136389, 136393, 136397, 136401, 136405, 136409, 136413, 136417, 136421, 136425, 136429, 136433, 136437, 136441, 136445, 136449, 136453, 136457, 136461, 136466, 136473, 136479, 136483, 136489, 137141, 139062, 139065, 139171, 140698, 141669, 141916, 142171, 143032, 143161, 143185, 147896, 148250, 148339, 148733, 148750, 149790, 150234, 150315, 150598, 151948, 152825, 153180, 155144, 155833, 156056, 156184, 156736, 157448, 157981, 158131, 158210, 158327, 158689, 159206, 159284, 159317, 159831, 160626, 160838, 161227, 161360, 161881, 162413, 163028, 163307, 163348, 163371, 163616, 164903, 165277, 165280, 165283, 165286, 165289, 166375, 167165, 167387, 167403, 167968, 168827, 169272, 169523, 169535, 169547, 169830, 170136, 170475, 170599, 172019, 172205, 172295, 172979, 173728, 174045, 174787, 175223, 175816, 175820, 176172, 176290, 176296, 176302, 176454, 176818, 178444, 179686, 179840, 179887, 179985, 181125, 182754, 183295, 183297, 183352, 183461, 183592, 183652, 184035, 184459, 184725, 184964, 186037, 186052, 186089, 186652, 186894, 187524, 187672, 188163, 188702, 188787, 188790, 188812, 189941, 190359, 190701, 190853, 190870, 190901, 191306, 191531, 192224, 193290, 193312, 193590, 194254, 194887, 195087, 196187, 196241, 196394, 198119, 198131, 198283, 198510, 198946, 200514, 201027, 201115, 202283, 202291, 202425, 202476, 202890, 204135, 204152, 204174, 204177, 204182, 204212, 204215, 204231, 204356, 204595, 204799, 204834, 204853, 204973, 205095, 205281, 205338, 205353, 205355, 205358, 205365, 205379, 205383, 205488, 205511, 207195, 207694, 208533, 208578, 208591, 208652, 209169, 209612, 209730, 210630, 210649, 211647, 212222, 212666, 213518, 214731, 215088, 215155, 215562, 215763, 216828, 217089, 217116, 218422, 218566, 218576, 218741, 218924, 219148, 220930, 221242, 221882, 221887, 222316, 222570, 223299, 223324, 223476, 224158, 224257, 224315, 224353, 224488, 225396, 225500, 225757, 225937, 227035, 228122, 228261, 229441, 229534, 229796, 232076, 232101, 233024, 233225, 233232, 233934, 235266, 235494, 237229, 237695, 238130, 238155, 238752, 244481, 244995, 245259, 245273, 245366, 246010, 246310, 246547, 247877, 247884, 248129, 248616, 248972, 250461, 251657, 252162, 252191, 252221, 252229, 252298, 252910, 253158, 253953, 255180, 256944, 256947, 256972, 257086, 257454, 257964, 257966, 258787, 259757, 260408, 260601, 260648, 260662, 260720, 262175, 263980, 264555, 264593, 264701, 264710, 264870, 266130, 267030, 269284, 269391, 269815, 270512, 272433, 272571, 272618, 273333, 273786, 275037, 276717, 277026, 277727, 277946, 278487, 278497, 278546, 278664, 279991, 280227, 282104, 282299, 282532, 282708, 283027, 283470, 284531, 285002, 285474, 285533, 285535, 285552, 285591, 285639, 285676, 285831, 286150, 286251, 286752, 286757, 286848, 287068, 287129, 287424, 287668, 288152, 288313, 289569, 289977, 290019, 290272, 290389, 290978, 291644, 292108, 292161, 292349, 293869, 294057, 294213, 294984, 295408, 295848, 296473, 296558, 296939, 297002, 297134, 297554, 297685, 297728, 297779, 298471, 298937, 299109, 299745, 299964, 300735, 301101, 301353, 301368, 302342, 302491, 302949, 303842, 304543, 304686, 304863, 306169, 306727, 306963, 307594, 310193, 310201, 310471, 310552, 310564, 310735, 311021, 313044, 313291, 313564, 316192, 316652, 317296, 317928, 318179, 321705, 322046, 322518, 322533, 323472, 324361, 324458, 325447, 325584, 326523, 326590, 327159, 327704, 328781, 329107, 330018, 330098, 330354, 331313, 331439, 331449, 331456, 331461, 335196, 335200, 335472, 335746, 338077, 340507, 340528, 341362, 342217, 342605, 343436, 344037, 345199, 345253, 345942, 346911, 347118, 347873, 350246, 350578, 351100, 351926, 352054, 352424, 353089, 354038, 354618, 356809, 357355, 357928, 357933, 357942, 357955, 358140, 358183, 358196, 358225, 358229, 358658, 358854, 358976, 359170, 359400, 359401, 359413, 359600, 359874, 359920, 360274, 360326, 360487, 361057, 361234, 361487, 361540, 361873, 361999, 362003, 362484, 362490, 362516, 362520, 362526, 363032, 363047, 363188, 363529, 363559, 363955, 363963, 364096, 364226, 364230, 364646, 364710, 365017, 365211, 365328, 365494, 365537, 365558, 365622, 366271, 367110, 367161, 367565, 367657, 367670, 367742, 368003, 368540, 368682, 368831, 368837, 368845, 369390, 369696, 369780, 370059, 370407, 370838, 370844, 371170, 371205, 371261, 372635, 374211, 374212, 374285, 374971, 375167, 375376, 375381, 375464, 375709, 375719, 375791, 375830, 375836, 376185, 376197, 376336, 377297, 377764, 377776, 378256, 378443, 378448, 378455, 379132, 380694, 380725, 380938, 380943, 381135, 381190, 381296, 381382, 381454, 382104, 382184, 382336, 382362, 382675, 383537, 383865, 384046, 384238, 384348, 384541, 384924, 385201, 385230, 385729, 387068, 387387, 387662, 387783, 388129, 388250, 388313, 388603, 389868, 390013, 390063, 390195, 390201, 391643, 392291, 392404, 392501, 392680, 392686, 393021, 394341, 395495, 395553, 396110, 396331, 396343, 397672, 397769, 397787, 398143, 398169, 398230, 398538, 398746, 399397, 400114, 400559, 401720, 402308, 403392, 403420, 403507, 403944, 403976, 404028, 404390, 404485, 405199, 406187, 406449, 406567, 406572, 406750, 407115, 407587, 407807, 410774, 410823, 411770, 412558, 413077, 413080, 414195, 414202, 414397, 414629, 415305, 415582, 416747, 421337, 423197, 424060, 424151, 424159, 424481, 424800, 425051, 425135, 425672, 425679, 425691, 425991, 426221, 426455, 426954, 426988, 427016, 430190, 430196, 430250, 430261, 430311, 430314, 430325, 430395, 430424, 430592, 430597, 430606, 430771, 431242, 431827, 431857, 432047, 433308, 434133, 434582, 434640, 434642, 434666, 434741, 434878, 434919, 434926, 434960, 435073, 435388, 436386, 436897, 437474, 437870, 438099, 438589, 439604, 439879, 440384, 440475, 441695, 442319, 442377, 442835, 442919, 443426, 443679, 445074, 449044, 450749, 450770, 450834, 450884, 451006, 451009, 451074, 451670, 453513, 453550, 453553, 453559, 453619, 453624, 453678, 453687, 453764, 454678, 455423, 455428, 455453, 455464, 455472, 455476, 455498, 455507, 455548, 455554, 455586, 455594, 455619, 455949, 456268, 456333, 456396, 456541, 456560, 456592, 456685, 456839, 456953, 457058, 457112, 457177, 457225, 457332, 457445, 457537, 458147, 458164, 459497, 459542, 459624, 459713, 459878, 460337, 460371, 460475, 460643, 460874, 461089, 461341, 461481, 461861, 462107, 462110, 462113, 462129, 462132, 462135, 462151, 462154, 462157, 462172, 462175, 462178, 462878, 463743, 464438, 465046, 465229, 465354, 465969, 467486, 467533, 467787, 467860, 468268, 468446, 468538, 469624, 469953, 469959, 470009, 470068, 470261, 470340, 470425, 470917, 471442, 471525, 471542, 471995, 472743, 475023, 476421, 476433, 476440, 478362, 478757, 478766, 478783, 479654, 479736, 480319, 481141, 481199, 481643, 482238, 482980, 483650, 485263, 485470, 486393, 487014, 488104, 488205, 488423, 489067, 489291, 489321, 489391, 489401, 489561, 490557, 490579, 490658, 490949, 490960, 492052, 492289, 492814, 493235, 493277, 493294, 493330, 493470, 493805, 493816, 494013, 494039, 494336, 494397, 494402, 494524, 494592, 495187, 495326, 495330, 495468, 495477, 495510, 495545, 495939, 497137, 498126, 498128, 498143, 498389, 498421, 498540, 499165, 499174, 499252, 499292, 499518, 499710, 499818, 499882, 501738, 501921, 502591, 502670, 502833, 502959, 503351, 503742, 503755, 504175, 504309, 506038, 506405, 506409, 506413, 506925, 506935, 507032, 507048, 507084, 507135, 507175, 507319, 507395, 507540, 507637, 507645, 507842, 507871, 508106, 508346, 508366, 508513, 509244, 509479, 509764, 510239, 510445, 510493, 510511, 510520, 510607, 511094, 511232, 511237, 511588, 511728, 511742, 512105, 512113, 512158, 512301, 512403, 512473, 512604, 512695, 512910, 513035, 513047, 513375, 513483, 513553, 513981, 514686, 514842, 515563, 515640, 515890, 515931, 516359, 518185, 518609, 519318, 520372, 520676, 521028, 521258, 521562, 521566, 521570, 521656, 521769, 521971, 522157, 522179, 522243, 522356, 522378, 522408, 522524, 522532, 522670, 522700, 522748, 523094, 523958, 524138, 524562, 524601, 524668, 524932, 524963, 525773, 525932, 525947, 525948, 525958, 526264, 526350, 526417, 526750, 526808, 526825, 526968, 526976, 527201, 527292, 527437, 529376, 529584, 529941, 530328, 530559, 531685, 531822, 531943, 532872, 532916, 533232, 533440, 533813, 534300, 534359, 534491, 535169, 535571, 535721, 535977, 536223, 536482, 536486, 536490, 536684, 536793, 537836, 537863, 537914, 538028, 538693, 538727, 538896, 539003, 539119, 539335, 539376, 539834, 540157, 540266, 540405, 540701, 540967, 541022, 541384, 541441, 541465, 541517, 541667, 541792, 542005, 542167, 542176, 542256, 542504, 542530, 542574, 542801, 542917, 542949, 543122, 543125, 543139, 543152, 543326, 543401, 543496, 543540, 544326, 544666, 544748, 544800, 545627, 546752, 546914, 546961, 547126, 547548, 547596, 547730, 547862, 547955, 548522, 548530, 548795, 549441, 549494, 549713, 550524, 550716, 551505, 551582, 552649, 552670, 552791, 552796, 553077, 553431, 553906, 553922, 554220, 554670, 554851, 554852, 555003, 555380, 555518, 556114, 556233, 556653, 556656, 556842, 557805, 557828, 557873, 558016, 558056, 558799, 559100, 559209, 559217, 559228, 559403, 559411, 559423, 560179, 560273, 561289, 561441, 561451, 561473, 561476, 561485, 561811, 561889, 561979, 562039, 562046, 562292, 562331, 562701, 563036, 563407, 563677, 564421, 564731, 564901, 564989, 564991, 565090, 565164, 565436, 565638, 565776, 566069, 566325, 566771, 566941, 566944, 567306, 567390, 567563, 567730, 568659, 568709, 568717, 569217, 569309, 569463, 569539, 570330, 570984, 571004, 571073, 571080, 571371, 571496, 571581, 572382, 572661, 572896, 573514, 573710, 575096, 575334, 575887, 576322, 576688, 576732, 576998, 577089, 577594, 577684, 578000, 578044, 578101, 578203, 578830, 579075, 579102, 579127, 579274, 579519, 579704, 580085, 580139, 580573, 580840, 581592, 582122, 582965, 582982, 583835, 584052, 584334, 584728, 584945, 585314, 585510, 585522, 585692, 585721, 585951, 586484, 586562, 586635, 586648, 586659, 586668, 586679, 586684, 586699, 586705, 586715, 586727, 586736, 588442, 588624, 588902, 589952, 589965, 589970, 589972, 590031, 590038, 590084, 590318, 590465, 590525, 590528, 590673, 590683, 590790, 590878, 590931, 590940, 590943, 590956, 591090, 591635, 592045, 592712, 592768, 593113, 593117, 593395, 593462, 593587, 593699, 593727, 593914, 593920, 593928, 594061, 594111, 594301, 594408, 594804, 594824, 594835, 595405, 595437, 595581, 595716, 595719, 595726, 596048, 596268, 596279, 596287, 596492, 596608, 596656, 596669, 596679, 596684, 596689, 596695, 596710, 596716, 596776, 596787, 596801, 596896, 596901, 596909, 597576, 597604, 597608, 597644, 597677, 597722, 597723, 597963, 598428, 598453, 598461, 598476, 598752, 598966, 599028, 599627, 599754, 600547, 600629, 602250, 602424, 602769, 602942, 602978, 603513, 603527, 604488, 604548, 604603, 604682, 604685, 604809, 605118, 605149, 605444, 605451, 605465, 605472, 605506, 605622, 605625, 605636, 605647, 606044, 606512, 606538, 606550, 606580, 606972, 606985, 606988, 606993, 606997, 606999, 607001, 607003, 607020, 607321, 607422, 607426, 607695, 607848, 607863, 608491, 608666, 608669, 608745, 608747, 609389, 610898, 610962, 610966, 611003, 611019, 611268, 611324, 611826, 612206, 612288, 612375, 612546, 612704, 612945, 614129, 614132, 614285, 614309, 614424, 614883, 615099, 616149, 616985, 617075, 617421, 617731, 618305, 618448, 618766, 619361, 619385, 619596, 621292, 621314, 621452, 621471, 621943, 622741, 623223, 624004, 624080, 624138, 624713, 624747, 624985, 625134, 625138, 625201, 625643, 626272, 626276, 626710, 626724, 626998, 627141, 628175, 628178, 628188, 628566, 628838, 628882, 629009, 629180, 629379, 629387, 629572, 629718, 629725, 629789, 629798, 629956, 630074, 630095, 630290, 630445, 631672, 632407, 633072, 633396, 633499, 633692, 633701, 633775, 633967, 634426, 635142, 635895, 636650, 637387, 637724, 638266, 638521, 638571, 638578, 638890, 638960, 639132, 639203, 640466, 640745]
11,101,[394, 424, 530, 600, 924, 973, 1511, 1725, 1898, 1961, 1969, 2067, 2102, 2520, 2933, 3105, 3853, 3913, 3991, 4040, 4089, 4577, 4614, 5242, 5264, 5270, 5329, 5382, 5395, 5421, 5463, 5696, 5837, 5981, 6212, 6232, 6402, 6641, 7267, 7339, 7441, 7588, 7604, 8318, 8384, 8700, 8841, 8899, 8965, 9196, 9888, 10342, 10541, 10549, 10573, 11257, 11296, 11529, 11827, 11874, 11906, 12215, 12368, 12421, 12529, 12977, 13038, 13582, 13670, 13727, 13930, 14039, 14538, 14817, 15237, 15239, 15672, 16184, 17177, 17280, 17284, 17523, 17898, 18206, 18231, 18289, 18404, 18579, 18737, 18911, 18942, 18955, 19128, 19576, 19822, 19902, 20129, 20221, 20299, 20355, 20430]
12,152,[328, 396, 628, 784, 793, 991, 1201, 1440, 1449, 1638, 1643, 1661, 1872, 2058, 2480, 2715, 2717, 3204, 3297, 3404, 3483, 3492, 3664, 3766, 3769, 3800, 4403, 4913, 5045, 5069, 5261, 5297, 5548, 5570, 5592, 5983, 6778, 6925, 6964, 7307, 7360, 7473, 7531, 7555, 7785, 7844, 7903, 8566, 8698, 8876, 9285, 9367, 9376, 9379, 9587, 9598, 9888, 9946, 10109, 10125, 10129, 10137, 10700, 10703, 10735, 11106, 11112, 11591, 11610, 11641, 11757, 11958, 11970, 12225, 12651, 12754, 12886, 13026, 13058, 13136, 13140, 13430, 13621, 13838, 14085, 14258, 14270, 14492, 14709, 14842, 14845, 14865, 14868, 14881, 14884, 15308, 15349, 15437, 15936, 15995, 16542, 16755, 16868, 16872, 17060, 17247, 17263, 17712, 17966, 17972, 18147, 18470, 18756, 18789, 18867, 18989, 19459, 19705, 20059, 20106, 20108, 20110, 20112, 20114, 20116, 20118, 20120, 20122, 20124, 20370, 20624, 20639, 20679, 20892, 21106, 21131, 21153, 21233, 21270, 21474, 21588, 21760, 21774, 21864, 21880, 21954, 22462, 22698, 22954, 23089, 23157, 23201]
13,28,[277, 344, 367, 463, 729, 878, 945, 949, 992, 999, 1067, 1070, 1121, 1125, 1176, 1183, 1285, 1626, 2458, 2772, 2779, 2887, 2938, 3057, 3172, 3326, 3357, 4036]
14,189,[803, 1098, 1652, 2108, 2497, 3492, 4575, 5833, 9711, 13198, 15057, 16253, 16900, 17745, 19455, 20352, 21101, 21695, 21816, 22731, 24699, 24864, 27664, 28374, 29170, 30049, 30941, 31516, 31794, 32691, 32699, 32866, 34376, 34665, 34809, 35075, 35971, 36412, 40348, 40999, 41921, 42628, 44017, 49589, 52110, 52276, 52304, 52522, 52895, 55087, 55388, 57657, 59835, 59889, 59895, 60091, 61058, 61116, 61437, 62048, 63108, 63263, 63942, 65138, 69201, 69208, 69902, 71306, 73534, 74044, 74065, 77284, 78591, 78846, 80723, 85177, 88844, 89511, 89873, 89997, 90819, 91906, 92528, 93175, 94435, 94563, 94717, 94943, 95546, 95676, 95898, 96337, 96547, 96642, 99175, 100300, 100718, 102830, 104405, 105132, 105135, 105866, 106282, 106893, 109267, 112422, 113742, 117269, 120585, 121780, 121854, 122091, 122274, 127684, 129856, 130133, 130140, 131664, 133998, 136971, 137508, 137751, 140879, 143852, 144071, 144445, 146640, 146704, 151673, 152426, 152993, 155417, 157733, 158808, 158870, 161837, 163697, 164195, 165659, 166418, 169281, 169537, 169965, 170315, 171351, 172073, 172089, 172367, 175364, 176458, 179061, 180294, 180396, 180852, 180858, 180875, 181894, 186305, 186596, 186626, 190195, 191060, 191374, 192079, 192094, 192915, 193506, 193521, 193556, 194068, 195095, 195323, 195590, 197664, 197666, 197668, 197670, 197672, 197674, 197676, 197679, 197680, 197682, 197684, 197686, 197688, 197690, 197692, 197694]
15,922,[807, 930, 1070, 1139, 1258, 1656, 1682, 1771, 2132, 2323, 2468, 2508, 3209, 3222, 3727, 3791, 3927, 4232, 4315, 4360, 4463, 4708, 4760, 4964, 5008, 5102, 5275, 5425, 5784, 5818, 5997, 6097, 6176, 6183, 6397, 6523, 6722, 7022, 7126, 7369, 7441, 7491, 7567, 7740, 8014, 8073, 8438, 8458, 8503, 8626, 8629, 8785, 8983, 9336, 9366, 9569, 10268, 10525, 10634, 10709, 11114, 11199, 11200, 11514, 11958, 12080, 12162, 12211, 12454, 12775, 12915, 13023, 13407, 13511, 14090, 14172, 14173, 14197, 15039, 15492, 15515, 15773, 16110, 16143, 16709, 17047, 17104, 17704, 17792, 17950, 18610, 19093, 19127, 19346, 19587, 19640, 20080, 20390, 20443, 20705, 20773, 20988, 21237, 21295, 21393, 21430, 21670, 22213, 22425, 22429, 22663, 22932, 23660, 23737, 23789, 23844, 23969, 24400, 24409, 24648, 24821, 25080, 25139, 25236, 25243, 25338, 25925, 25944, 25997, 26188, 26462, 26975, 27063, 27221, 27272, 27683, 27845, 27936, 27952, 27998, 28123, 28246, 28912, 28956, 29040, 29041, 29120, 29639, 29678, 29759, 29918, 30784, 30791, 30982, 31417, 31648, 31684, 31770, 32257, 32541, 33235, 34193, 34340, 34612, 34970, 34990, 34999, 35577, 35603, 35661, 36113, 36505, 36958, 37299, 37345, 37384, 37392, 37592, 37736, 38129, 38295, 38670, 38723, 38818, 38855, 38937, 39202, 39429, 39760, 39958, 40020, 40562, 41314, 41657, 41788, 41926, 42013, 42342, 42695, 42802, 42812, 43502, 43520, 43629, 43693, 43955, 44315, 44776, 44867, 45540, 46111, 46507, 46701, 47457, 47721, 47822, 48085, 48100, 48366, 48401, 48611, 48801, 49406, 49509, 49524, 49646, 49674, 49827, 50031, 50070, 50161, 50288, 50534, 50646, 50838, 50893, 51246, 51532, 51555, 51576, 52225, 52553, 52558, 52641, 52667, 53076, 53311, 53766, 54213, 54486, 54827, 55577, 55610, 56260, 56428, 56613, 56634, 56848, 56861, 56912, 56929, 57245, 57276, 57315, 57327, 57522, 57552, 57758, 57987, 58044, 59123, 59730, 60428, 60539, 60611, 60754, 61016, 61033, 61124, 61231, 61264, 61307, 61319, 61668, 61704, 61777, 61978, 62097, 62353, 62485, 62503, 62598, 62735, 63236, 63262, 63347, 63352, 63453, 63468, 63478, 63502, 63621, 64315, 64477, 64512, 64562, 64594, 64724, 64739, 64878, 64887, 64982, 65297, 65385, 65831, 66282, 66717, 66761, 66829, 66835, 66928, 66956, 67645, 68093, 68475, 68495, 68622, 68670, 68870, 68953, 69252, 69657, 69746, 70113, 70865, 70909, 71202, 71546, 71726, 71818, 71850, 72023, 72056, 72156, 72173, 72245, 72653, 72803, 72856, 73123, 73139, 73779, 73834, 73897, 73978, 74070, 74516, 74968, 75030, 75162, 75247, 76251, 76386, 76752, 77268, 77450, 77730, 77742, 77761, 77862, 78290, 78770, 78900, 78917, 79526, 79777, 79904, 80223, 80795, 80866, 81216, 81244, 81370, 81695, 81709, 81959, 82000, 82036, 82061, 82158, 82162, 82319, 82531, 82581, 82609, 82740, 82768, 82779, 83024, 83088, 83153, 83248, 83539, 83705, 83710, 83775, 83947, 84188, 84266, 84874, 85096, 85099, 85253, 85499, 85586, 85766, 85795, 86072, 86144, 86479, 86487, 86534, 86626, 86677, 86701, 86804, 87291, 87459, 88277, 88393, 88625, 89175, 89248, 89270, 89279, 89455, 89539, 89714, 89727, 89903, 89947, 90012, 90108, 90206, 90309, 90501, 90538, 90895, 91249, 91273, 91524, 91543, 91608, 91788, 91875, 91944, 92176, 92228, 92282, 92432, 92565, 92607, 92878, 92927, 93227, 93253, 93403, 93594, 93709, 93836, 93900, 94033, 94108, 94127, 94235, 94629, 94805, 94978, 95612, 95746, 95829, 96038, 96264, 97349, 97552, 97565, 97737, 97814, 97822, 97913, 98262, 98265, 98432, 98457, 98545, 98711, 98782, 98996, 99525, 99772, 99839, 99902, 100268, 100441, 100531, 100695, 101105, 101389, 101572, 101702, 101752, 101870, 101882, 101899, 101932, 101984, 101985, 102325, 102328, 103117, 103201, 103456, 103471, 103641, 103760, 103837, 104164, 104230, 104408, 104423, 104667, 104765, 104860, 104971, 105149, 105171, 105244, 105353, 105382, 105419, 105590, 105610, 105705, 105923, 106119, 106641, 106645, 106660, 107057, 107194, 107566, 107627, 107888, 107891, 108093, 108285, 108296, 108879, 108912, 109228, 109472, 109790, 109857, 110097, 110729, 110930, 111216, 111286, 111368, 111697, 111841, 111935, 111981, 112151, 112159, 112174, 112185, 112796, 112888, 113169, 113378, 113446, 113483, 113658, 113907, 113984, 114011, 114236, 114249, 114377, 114638, 115140, 115412, 115547, 115661, 115771, 116126, 116197, 117039, 117306, 117458, 117714, 118045, 118238, 118251, 118311, 118488, 118598, 118700, 119008, 119288, 119394, 119396, 119480, 119532, 119552, 119866, 120054, 120167, 120180, 120241, 120274, 120349, 120533, 120656, 120686, 120865, 121150, 121159, 121384, 121417, 121439, 121729, 122207, 122644, 122869, 122990, 123079, 123164, 123568, 123641, 123754, 124028, 124270, 124810, 124817, 125045, 125230, 125828, 125881, 126158, 126253, 126260, 126436, 127238, 128092, 128305, 128403, 128407, 128997, 130324, 130756, 130765, 131125, 131482, 131647, 131657, 131804, 132400, 132790, 132858, 132863, 133370, 133545, 133648, 133774, 133946, 133957, 134080, 134338, 134463, 134485, 134543, 134832, 134957, 135020, 135132, 135181, 135231, 135655, 136397, 136691, 136751, 137170, 137496, 137517, 137917, 138288, 138290, 138425, 138555, 138648, 138864, 139112, 139145, 139161, 139522, 139603, 140172, 140315, 140345, 140482, 140670, 140705, 140919, 141030, 141110, 141213, 141491, 141828, 141873, 142080, 142318, 142380, 142476, 142598, 142781, 142794, 143432, 143496, 143506, 143643, 143706, 143910, 143933, 143987, 143997, 144066, 144096, 144309, 144336, 144440, 144690, 144698, 145522, 145896, 145972, 146038, 146161, 146167, 146702, 146756, 146815, 147001, 147043, 147335, 147348, 147400, 147461, 147959, 148181, 148206, 148238, 148247, 148251, 148295, 148412, 148413, 148429, 148445, 148472, 148542, 148780, 148838, 149083, 149234, 149352, 150084, 150231, 150370, 150673, 150676, 150773, 150776, 150780, 150782, 150795, 150994, 151134, 151513, 151569, 151577, 151580, 151806, 151866, 151893, 152161, 152332, 152487, 152889, 152997, 153711, 153926, 154377, 154780, 154804, 154978, 155044, 155135, 155212, 155213, 155934, 155956, 156052, 156068, 156163, 156233, 156475, 156621, 156681, 156698, 156911, 157189, 157408, 157530, 157610, 157754, 157982, 158126, 158299, 158729, 158908, 159120, 159274, 159564, 159664, 159839, 159865, 160015, 160124, 160600, 160749, 160885, 160923, 161151, 161207, 161529, 161549, 161586, 161855, 161888, 161941, 161954, 162024, 162109, 162125, 162175, 162195, 162249, 162628, 162643, 162893, 163142, 163177, 163408, 163507, 163663, 163921, 163934, 163939, 164894, 165364, 165500, 165762, 166278, 166314, 166336, 166377, 166396, 166518, 166538, 166711, 166857, 166889, 167194, 167556, 167570, 167784, 167790, 167822, 167868, 167895, 167980, 168242, 168291, 168592, 168757, 169006, 169075, 169146, 169152, 169440, 169540, 170576, 170861, 170924, 171146, 171201, 171626, 171658, 171997, 172129, 172257, 172682, 172788, 172915, 173196, 173232, 173422, 173652, 173656, 173806]
16,210,[134, 150, 238, 259, 275, 283, 398, 409, 576, 701, 718, 761, 838, 903, 1065, 1486, 1692, 2015, 2118, 2330, 2331, 2995, 3099, 3727, 4167, 4674, 4959, 5490, 5722, 5843, 6265, 6403, 6488, 6728, 7197, 7469, 7800, 7826, 7840, 8557, 9111, 9828, 10066, 10068, 10314, 10403, 10415, 11004, 11033, 11174, 11463, 11570, 11621, 11877, 11941, 11960, 12060, 12270, 12324, 12354, 12509, 12542, 12849, 12855, 13013, 13142, 13156, 13514, 13605, 13719, 14123, 14660, 15013, 15061, 15199, 15396, 15623, 15772, 15830, 16463, 16522, 16549, 16875, 16884, 16902, 17010, 17069, 17174, 17251, 17278, 17315, 17369, 17443, 17531, 17591, 17629, 17725, 17786, 18070, 18089, 18097, 18126, 18207, 18286, 18341, 18405, 18427, 18701, 18810, 19059, 19649, 19657, 19762, 19868, 19875, 20422, 20436, 20479, 20480, 20904, 21151, 21334, 21352, 21904, 22439, 22686, 22768, 23063, 23143, 23185, 23481, 23629, 23664, 23880, 23888, 23983, 24437, 24652, 25029, 25075, 25233, 25542, 25672, 26060, 26121, 26394, 26734, 26847, 27050, 27058, 27147, 27176, 27197, 27212, 27395, 27437, 27561, 27617, 27760, 28357, 28374, 28809, 28886, 29935, 29936, 29973, 30224, 30253, 30340, 30423, 30603, 30623, 31025, 31265, 31307, 31412, 31418, 31505, 31670, 31925, 31983, 32327, 32531, 32691, 32711, 32752, 33065, 33260, 33450, 33638, 33920, 33995, 34664, 34780, 35124, 35265, 35317, 35381, 35619, 35942, 36040, 36132, 36313, 36453, 36707, 37084, 37138, 37148, 37343, 37727]
17,455,[442, 1044, 2429, 3394, 5371, 5381, 5721, 6891, 7067, 7331, 8489, 10632, 10635, 10638, 10963, 11072, 11438, 11766, 13088, 13198, 15350, 16395, 17400, 17404, 17835, 17872, 18630, 18954, 19511, 19719, 20025, 20085, 20299, 20399, 20552, 20585, 20588, 20633, 20665, 21213, 21264, 21573, 21576, 22357, 22416, 22419, 22637, 22669, 23228, 23986, 24790, 26316, 26359, 26366, 26624, 26717, 28103, 28171, 28181, 28311, 28433, 28441, 28485, 28604, 28638, 28667, 28737, 28776, 28998, 29018, 29076, 29102, 29432, 29488, 30799, 30958, 30968, 31271, 31275, 31693, 31753, 32063, 32254, 32364, 32575, 32596, 32660, 33312, 34155, 34204, 34612, 34703, 34717, 34789, 35049, 35591, 35730, 35878, 35884, 35893, 36482, 37195, 37664, 38140, 38815, 39205, 39361, 40514, 40527, 40611, 40702, 40722, 40737, 40745, 40771, 40878, 41881, 41952, 41963, 42013, 42240, 42372, 43256, 43612, 44365, 45547, 45703, 45886, 46332, 46375, 47843, 50019, 50251, 54098, 54262, 54321, 55583, 55867, 56167, 56485, 56672, 56752, 56793, 58613, 59131, 59168, 59207, 59211, 59458, 59858, 60432, 60524, 60744, 61502, 61517, 61528, 62024, 62258, 62287, 63274, 64088, 64113, 64182, 65080, 65767, 67180, 67440, 67463, 67743, 68782, 69537, 69672, 69832, 69906, 69980, 69990, 69993, 69996, 70006, 70068, 70157, 70231, 70824, 70829, 70858, 71067, 71183, 71299, 73859, 73863, 74042, 74822, 74870, 74882, 74948, 75891, 76055, 76065, 76109, 76909, 77139, 77390, 78586, 78794, 79138, 79666, 81016, 81457, 81524, 82181, 82916, 83984, 84029, 84406, 84529, 85681, 85848, 85856, 85868, 85892, 85902, 85918, 86510, 86689, 86713, 86752, 87697, 88269, 89577, 89626, 89656, 91180, 91431, 91833, 91849, 92485, 92568, 92906, 93781, 95044, 95778, 97883, 97950, 98875, 99037, 99266, 99649, 100393, 101832, 102097, 102823, 102944, 103838, 105310, 106254, 106514, 106875, 110946, 113036, 114394, 114446, 115176, 115389, 115822, 116644, 118517, 119105, 119593, 120127, 120431, 120641, 122867, 122877, 122908, 122921, 122999, 123017, 123874, 123875, 123882, 124004, 124995, 126954, 127028, 127163, 127657, 129093, 129101, 130976, 134136, 134631, 137612, 138182, 138198, 139192, 139720, 139727, 140812, 142211, 143130, 143141, 144830, 148311, 148539, 149548, 149695, 150133, 150560, 151101, 151165, 151173, 151249, 152058, 153405, 153411, 154315, 154948, 155579, 155585, 155740, 156083, 156246, 157696, 158264, 158897, 159465, 159542, 159543, 160699, 162164, 162244, 162779, 164331, 164338, 164394, 164924, 166605, 167070, 167701, 169156, 169337, 169617, 169620, 169850, 169875, 170856, 170894, 171552, 172481, 172657, 172731, 172799, 172806, 173023, 173063, 173222, 173259, 173884, 174387, 175944, 175950, 175989, 176191, 176405, 176406, 176460, 176689, 176701, 176761, 176774, 176937, 177504, 177738, 177900, 178515, 178524, 178641, 178681, 178928, 179119, 179227, 179661, 179664, 179775, 179778, 179935, 179938, 180801, 180836, 181075, 181167, 181168, 181400, 182022, 182244, 182245, 183001, 183216, 183569, 184074, 184351, 185714, 186313, 186758, 187138, 187140, 187603, 187617, 188622, 188623, 188919, 188953, 190195, 190305, 190805, 191753, 192482, 192700, 192755, 196014, 196801, 197170, 197179, 197186, 197346, 197744, 197791, 198115, 198761, 201720, 201721, 202242, 203345, 203989, 204123, 204225, 204544, 207922, 208442, 208504, 209430, 211441, 212571, 212610, 213854, 214448, 215043, 215850, 216366, 216425, 217382, 217648, 217651, 217738, 217745]
18,561,[250, 550, 1212, 1570, 1891, 1982, 2154, 2223, 2226, 2251, 2398, 2486, 2489, 2600, 2781, 3350, 3534, 3852, 4001, 4069, 4088, 4226, 4260, 4294, 4935, 5023, 5207, 5213, 5229, 5331, 5349, 5441, 5454, 5565, 5724, 5766, 5864, 5975, 6134, 6170, 6194, 6381, 6404, 6452, 6678, 6849, 6921, 7542, 7952, 8142, 8895, 9464, 9732, 9900, 10632, 10801, 10860, 10928, 11444, 12135, 12588, 12624, 12766, 12958, 13057, 13068, 13136, 13173, 13186, 13199, 13460, 13580, 13981, 14047, 14066, 14573, 14741, 14907, 15213, 15807, 16021, 16710, 17480, 17560, 17882, 18181, 18898, 18912, 19096, 19142, 19616, 19639, 19644, 19716, 19802, 19929, 20183, 20205, 20207, 20934, 20990, 21406, 21644, 23743, 24600, 25222, 26417, 27087, 27362, 28068, 28209, 28469, 28652, 28839, 28959, 29306, 29434, 29586, 29601, 29675, 29680, 30225, 30284, 30662, 31196, 31216, 31574, 32338, 34186, 34477, 34795, 34940, 35134, 35174, 35248, 35331, 35753, 35960, 35986, 36014, 36224, 37265, 37424, 37528, 37561, 37607, 38208, 38504, 38638, 38854, 39222, 40062, 40469, 40502, 41250, 41769, 42026, 42888, 42898, 43707, 43802, 44367, 44384, 44740, 44947, 45618, 45871, 46314, 46366, 47001, 47140, 47518, 47803, 49013, 49206, 49288, 49383, 49759, 51248, 51385, 51681, 52157, 52548, 52614, 52775, 52962, 53005, 53013, 53206, 53883, 54044, 54679, 54883, 55281, 55512, 55557, 55643, 56207, 56443, 57176, 57588, 57638, 57781, 58512, 58782, 59452, 59590, 59713, 59795, 60018, 60050, 60123, 60131, 60373, 60462, 60481, 60643, 60797, 61789, 61857, 62067, 62072, 62158, 62267, 62402, 62600, 62634, 62702, 62765, 63209, 63290, 64024, 64468, 64688, 64826, 64915, 65139, 65661, 65669, 65853, 66357, 66595, 66803, 66872, 67291, 68015, 68060, 68393, 68793, 69023, 69485, 70025, 70360, 70506, 70545, 72109, 72268, 72624, 72630, 72642, 72791, 72809, 72946, 72973, 73255, 73366, 73401, 73451, 73715, 73953, 74145, 75054, 75556, 75769, 76315, 76324, 76484, 78151, 78343, 78702, 78742, 78765, 78820, 78958, 79040, 79047, 79565, 79675, 79726, 79989, 79993, 80126, 80273, 80292, 80533, 80709, 80926, 80977, 81010, 81164, 81189, 81288, 81363, 81757, 82493, 82494, 82503, 82531, 82553, 82601, 82847, 83120, 83218, 83342, 83504, 83914, 84670, 84673, 84846, 85054, 85475, 86157, 86194, 86331, 86898, 87768, 87786, 88146, 88331, 88401, 88431, 88460, 88930, 88956, 89686, 89973, 90092, 90166, 90743, 90821, 90849, 91256, 91590, 91617, 91637, 91663, 91675, 91688, 92023, 92060, 92070, 92931, 93298, 93655, 93898, 93909, 94058, 94357, 94878, 95155, 95307, 95388, 95415, 95648, 95697, 95827, 95861, 96058, 96080, 96191, 96839, 97056, 97618, 98024, 98260, 98880, 99074, 99462, 99474, 99640, 100131, 100518, 101127, 101500, 101570, 102080, 102315, 102563, 102976, 103115, 103119, 103636, 103940, 103994, 104020, 104309, 104357, 104578, 104673, 105370, 105985, 106950, 107244, 107470, 107884, 108087, 108512, 108552, 109089, 109172, 109429, 110293, 110331, 110369, 110919, 111332, 111769, 111784, 112484, 112535, 112537, 112571, 112931, 113208, 113285, 113743, 114702, 114816, 115207, 115222, 115239, 115271, 115293, 115309, 115333, 115380, 116031, 116071, 116190, 116347, 116947, 117044, 117640, 117749, 117793, 117961, 118424, 118464, 118583, 118740, 119339, 119436, 120032, 120141, 120185, 120353, 120523, 120997, 121038, 121203, 121212, 121461, 121516, 121604, 122138, 122202, 122750, 122987, 123767, 123794, 123836, 124040, 124129, 124149, 124686, 124969, 125414, 125454, 125727, 125884, 125894, 126176, 126899, 127234, 127489, 127632, 127659, 127833, 127900, 128114, 128181, 128347, 128426, 128655, 129052, 129566, 129629, 129904, 130737, 131121, 131227, 131572, 131627, 132265, 132480, 133312, 134140, 134169, 134211, 134499, 135124, 135535, 135554, 135936, 136544, 136981, 137238, 137289, 137626, 137644, 137684, 138567, 138660, 138693, 138743, 138772, 139036, 139116, 139233, 139401, 139813, 139910, 140300, 141692, 141812, 141823, 141890, 142023, 142081, 142144, 142422, 142431, 142723, 142757, 142922, 143049, 143092, 143194, 144051, 144533, 145221, 145279, 146182, 147244, 147739, 147990, 148005, 148168, 148224, 148331, 148755]
19,47,[1731, 2072, 2257, 2649, 3003, 3007, 3109, 4297, 4364, 4394, 5865, 5874, 6833, 7004, 8511, 10836, 10869, 12104, 13369, 13933, 14627, 14786, 16405, 16415, 17550, 17894, 19415, 19432, 19438, 19464, 19499, 19795, 19900, 20063, 20068, 20821, 22684, 22930, 22995, 23049, 23746, 23748, 25611, 25956, 26158, 26766, 27099]
20,142,[47, 217, 403, 511, 1596, 2802, 2893, 2965, 2973, 3900, 4339, 5996, 6068, 7259, 8653, 8664, 8914, 9263, 9477, 10090, 11803, 15321, 15576, 16337, 16528, 17297, 17316, 17337, 18709, 18765, 18863, 18940, 19407, 19457, 19655, 19660, 19824, 21964, 22908, 23027, 23031, 25293, 25690, 25708, 26534, 26951, 27071, 27072, 27421, 27584, 27589, 27818, 27880, 27907, 27957, 28525, 28531, 28962, 29236, 29402, 30371, 30649, 31017, 31022, 31160, 31502, 31605, 33242, 33666, 34479, 35032, 35062, 35470, 35836, 38339, 38371, 40061, 40640, 40844, 41323, 41325, 41327, 41661, 41977, 43075, 43102, 43543, 43913, 44969, 45090, 45371, 45586, 45594, 46091, 46999, 47933, 48019, 48178, 48179, 48220, 48222, 48250, 48252, 48572, 52052, 52058, 52060, 53026, 53541, 54445, 54612, 54685, 54898, 55325, 55338, 55458, 56737, 56741, 56980, 57367, 57723, 57824, 57888, 58048, 59923, 60470, 60596, 61169, 61519, 61577, 61966, 61975, 62069, 62162, 62287, 62807, 62819, 63294, 63617, 63656, 65756, 65893]
21,183,[550, 1737, 2004, 2106, 2777, 3010, 3384, 3436, 3631, 3646, 3760, 4095, 4597, 4833, 4892, 5026, 5053, 5167, 5599, 5777, 5821, 5822, 5845, 6012, 6299, 6423, 7237, 7240, 7256, 7375, 7394, 7677, 7786, 8089, 8126, 8339, 8340, 8436, 8626, 8914, 8972, 9049, 9166, 9552, 9921, 10075, 10136, 10203, 10259, 10471, 10636, 10705, 10806, 10906, 11489, 11497, 11604, 11727, 12345, 12452, 12511, 12613, 12716, 12770, 12810, 12851, 12899, 13049, 13249, 13851, 14103, 14118, 14453, 14577, 14644, 14733, 14783, 14832, 14835, 14840, 15502, 15782, 16030, 16295, 16363, 16544, 17293, 17346, 17480, 17515, 17603, 17625, 17907, 18085, 18131, 18256, 18410, 18411, 18453, 18865, 18910, 19239, 19282, 19308, 19462, 19463, 19756, 20017, 20037, 20054, 20101, 20542, 20560, 20707, 20718, 21290, 21385, 21431, 21602, 21732, 21830, 22054, 22282, 22283, 22586, 22902, 23052, 23106, 23220, 23229, 23533, 23715, 23738, 24260, 24319, 24415, 24437, 24450, 24621, 25036, 25614, 25615, 25830, 26255, 26258, 26277, 26630, 26736, 26759, 26806, 26864, 27287, 27631, 27635, 27748, 28038, 28039, 28053, 28054, 28077, 28078, 28341, 28386, 28461, 28514, 28895, 29613, 29701, 29922, 30604, 30887, 31299, 31485, 32099, 32104, 32264, 32583, 32745, 33355, 33655, 33735, 34141, 35548]
22,2067,[202, 237, 669, 1123, 1126, 1127, 2075, 2178, 2216, 2227, 2255, 2264, 2708, 3471, 3519, 3521, 3565, 3938, 4066, 4081, 4254, 4408, 5356, 6081, 6581, 6992, 6993, 7343, 7430, 7512, 7916, 7932, 7995, 8320, 8373, 8376, 8379, 9548, 9805, 9836, 10860, 10991, 10992, 10993, 11303, 11626, 11643, 11645, 11647, 11723, 11824, 12379, 12386, 12396, 12401, 12462, 12463, 12464, 12467, 12489, 12661, 13096, 13122, 13157, 13205, 13211, 13226, 13250, 13275, 13294, 13296, 13300, 13428, 13467, 13589, 14112, 14115, 14118, 14254, 14731, 15045, 15051, 15067, 15601, 15604, 15607, 15687, 15842, 16545, 16789, 16906, 16934, 17038, 17134, 17216, 17220, 17232, 17238, 17350, 17357, 17543, 17546, 17606, 17616, 17619, 17677, 17903, 18321, 18330, 18847, 18850, 18853, 18856, 18997, 19000, 19003, 19006, 19153, 19159, 19165, 19503, 19596, 19985, 19988, 20255, 20257, 20259, 20404, 20434, 21081, 21083, 21089, 21115, 21312, 21314, 21539, 21546, 21622, 21627, 21773, 21776, 21780, 22001, 22667, 23638, 23641, 23644, 23842, 24225, 24248, 24478, 24480, 24485, 25106, 25109, 25127, 25131, 25240, 25242, 25251, 25275, 25295, 25456, 25642, 25997, 27390, 27674, 27676, 27678, 27680, 27683, 27687, 27690, 28958, 28961, 28990, 29242, 29243, 29369, 29730, 29998, 30330, 31326, 31427, 31511, 31900, 31903, 32019, 32079, 32113, 32262, 32502, 32547, 35122, 35125, 35128, 35131, 35296, 35299, 35603, 35669, 35672, 35675, 35678, 35681, 35684, 35687, 35690, 35693, 35696, 35900, 35903, 36292, 36924, 37331, 37334, 37338, 37351, 37354, 37359, 37362, 37487, 37491, 37493, 37497, 37499, 37507, 37599, 37632, 37666, 37738, 37902, 37906, 37950, 38152, 38156, 38159, 38162, 38165, 38168, 38171, 38181, 38351, 38441, 38446, 38695, 38698, 38702, 38747, 38750, 38753, 38756, 38759, 38762, 38765, 38803, 38957, 38960, 38964, 39145, 39147, 39453, 39466, 39660, 39666, 39686, 39801, 39850, 39857, 39870, 39899, 39902, 40044, 40461, 41093, 41104, 41119, 41127, 41134, 41474, 41477, 41480, 41483, 41490, 41736, 41978, 41983, 41999, 42001, 42091, 42214, 42218, 42264, 42314, 43427, 44430, 46630, 46728, 46961, 46964, 46970, 46973, 46976, 46979, 46982, 46985, 46988, 46992, 47009, 47013, 47016, 47019, 47030, 47043, 47054, 47065, 47073, 47076, 47079, 47082, 47102, 47105, 47114, 47118, 47134, 47149, 47194, 47199, 47204, 47226, 47227, 47230, 47242, 47248, 47275, 47279, 47282, 47285, 47294, 47306, 47558, 47592, 47596, 47618, 47625, 47629, 47633, 48776, 48778, 48780, 49181, 49545, 50172, 50652, 51587, 52226, 52287, 52292, 52442, 52504, 52508, 53222, 53227, 53232, 53237, 53612, 54448, 54524, 54527, 54530, 56999, 57009, 57030, 57034, 57051, 57073, 57123, 57144, 57238, 57244, 57250, 57468, 57471, 57698, 57892, 57956, 57959, 57962, 57965, 57976, 58193, 58819, 58840, 58844, 58847, 58850, 58853, 58856, 58859, 58862, 58866, 58879, 58891, 58895, 58898, 58906, 58938, 59142, 59394, 59560, 59628, 59693, 59696, 59730, 59758, 59762, 59927, 60114, 60117, 60123, 60127, 60131, 60135, 60139, 60143, 60160, 60167, 60180, 60209, 60300, 60332, 60336, 60344, 60351, 60446, 60452, 60455, 60466, 60469, 60472, 60475, 60480, 60489, 60511, 60714, 60723, 60735, 60755, 60762, 60766, 60785, 61092, 61284, 61606, 61619, 61623, 61689, 61695, 61721, 61780, 61784, 62283, 62432, 62440, 62551, 63082, 63085, 63088, 63091, 63094, 63239, 63675, 63690, 63692, 63694, 63704, 63707, 63823, 63830, 64049, 64120, 64424, 64498, 64554, 64647, 64666, 64671, 64675, 64692, 64697, 64822, 65033, 65036, 65189, 65192, 65203, 65214, 65225, 65288, 65315, 65330, 65363, 65735, 65749, 65796, 65799, 65805, 65812, 65815, 65895, 65899, 66017, 66152, 66195, 66198, 66201, 66204, 66313, 66454, 66457, 66577, 66591, 66597, 66659, 66675, 66677, 66682, 66767, 66770, 66773, 66794, 66796, 66885, 67158, 67161, 67177, 67181, 67284, 67288, 67291, 67473, 67564, 67568, 67723, 68335, 68391, 68771, 68774, 68874, 68924, 68930, 69053, 69057, 69117, 69124, 69552, 69560, 69618, 69621, 69627, 69635, 69655, 69658, 69662, 69751, 69765, 69768, 69771, 69774, 69780, 69787, 69791, 69798, 69816, 69841, 69844, 69869, 69899, 69952, 69955, 69959, 69962, 69967, 69972, 69975, 69978, 69984, 69987, 69990, 70006, 70213, 70275, 70278, 70281, 70284, 70287, 70290, 70292, 70295, 70298, 70301, 70304, 70307, 70310, 70322, 70394, 70398, 70401, 70404, 70407, 70414, 70420, 70524, 70535, 70539, 70673, 70679, 70682, 70733, 70736, 70759, 70763, 70782, 70875, 70890, 70898, 70901, 70938, 70940, 71044, 71047, 71050, 71053, 71056, 71059, 71093, 71097, 71110, 71135, 71177, 71181, 71217, 71249, 71255, 71258, 71263, 71267, 71278, 71281, 71284, 71287, 71290, 71293, 71296, 71303, 71325, 71350, 71412, 71604, 72068, 72101, 72150, 72376, 72380, 72383, 72386, 72389, 72392, 72856, 73021, 73044, 73102, 73175, 73642, 73645, 73648, 73649, 73652, 73658, 73685, 73691, 73694, 73726, 73797, 73840, 73843, 73845, 74013, 74105, 74109, 74304, 74307, 74310, 74324, 74327, 74371, 74409, 74412, 74430, 74442, 74452, 74455, 74458, 74512, 74513, 74529, 74617, 74698, 74702, 74728, 74733, 74889, 75007, 75233, 75236, 75239, 75242, 75245, 75248, 75251, 75255, 75259, 75362, 75367, 75942, 76179, 76216, 76225, 76238, 76244, 76270, 76287, 76307, 76486, 76871, 77133, 77142, 77145, 77148, 77194, 77606, 77614, 77652, 77709, 78388, 78400, 78507, 78517, 78522, 78526, 78528, 78538, 78582, 79775, 81328, 81387, 82511, 82514, 82685, 82690, 82695, 82700, 82703, 82706, 82709, 82737, 82740, 82743, 82749, 82752, 82758, 82775, 82783, 82786, 82876, 82947, 83177, 83180, 83183, 83190, 83214, 83217, 83220, 83223, 83231, 83253, 83496, 83755, 83766, 84304, 85200, 85335, 85338, 85343, 85347, 85350, 85354, 85357, 85363, 85370, 85373, 85377, 85415, 85421, 85424, 85437, 85583, 85691, 85695, 85929, 85952, 85966, 86021, 86089, 86092, 86099, 86103, 86107, 86117, 86142, 86206, 86212, 86260, 86265, 86271, 86274, 86278, 86297, 86302, 86307, 86312, 86337, 86341, 86446, 86566, 86570, 86573, 86576, 86579, 86599, 86766, 86787, 86843, 86972, 87153, 87156, 87159, 87162, 87181, 87186, 87191, 87196, 87205, 87231, 87234, 87247, 87254, 87354, 87467, 87492, 87503, 87506, 87515, 87524, 87560, 87563, 87595, 87620, 87632, 87806, 87995, 88092, 88139, 88142, 88235, 88635, 88650, 88653, 88841, 88943, 88946, 88949, 89077, 89181, 89183, 89185, 89286, 89392, 89424, 89487, 89676, 89706, 89962, 89965, 89968, 89974, 89977, 89984, 90043, 90078, 90097, 90131, 90134, 90139, 90203, 90210, 90227, 90230, 90245, 90248, 90360, 90373, 90376, 90379, 90431, 90434, 90512, 90515, 90518, 90532, 90540, 90572, 90575, 90578, 90584, 90589, 90595, 90598, 90638, 90643, 90646, 90652, 90664, 90677, 90690, 90870, 91099, 91198, 91495, 91871, 91963, 91988, 92061, 92205, 92208, 92211, 92307, 92506, 92614, 92684, 92702, 92721, 92783, 92814, 92816, 92920, 93442, 93492, 93613, 93636, 93654, 93657, 93686, 94160, 94276, 94718, 94896, 94914, 95027, 95670, 95734, 96129, 96439, 96442, 96901, 97080, 97218, 97283, 98159, 98166, 98177, 98180, 98265, 98455, 98463, 98468, 98532, 98595, 98651, 99045, 99057, 99075, 99317, 99320, 99323, 99421, 99424, 99428, 99443, 99446, 99463, 99797, 99800, 99860, 99873, 99891, 99894, 99932, 99947, 100003, 100012, 100077, 100289, 100294, 100297, 100300, 100303, 100306, 100309, 100312, 100321, 100324, 100340, 100391, 100423, 100426, 100431, 100436, 100439, 100444, 100449, 100538, 100851, 100862, 100877, 100951, 101049, 101091, 101094, 101138, 101152, 101155, 101167, 101174, 101177, 101204, 101271, 101433, 101445, 101462, 101465, 101485, 101488, 101505, 101518, 101526, 101539, 101554, 101559, 101577, 101580, 101583, 101611, 101621, 101635, 101638, 101726, 101733, 101745, 101752, 102028, 102031, 102049, 102148, 102425, 102430, 102618, 102636, 102639, 102642, 102653, 102666, 102683, 102742, 102765, 102768, 102816, 102829, 102858, 102877, 102880, 102884, 102888, 102890, 102893, 102896, 102901, 102904, 102907, 102910, 102914, 102917, 102921, 102925, 102928, 102931, 102935, 102940, 102945, 102952, 103011, 103024, 103053, 103146, 103158, 103163, 103343, 103347, 103434, 103437, 103440, 103443, 103447, 103783, 103786, 103789, 103792, 103798, 103802, 103965, 104276, 104279, 104649, 104654, 104662, 104667, 104671, 104686, 104689, 104691, 104709, 104712, 104715, 104718, 104731, 104735, 104883, 105016, 105029, 105073, 105076, 105118, 105122, 105129, 105133, 105138, 105144, 105158, 105161, 105165, 105168, 105174, 105188, 105194, 105287, 105303, 105306, 105387, 105697, 105702, 105723, 105878, 105882, 105895, 105899, 106142, 106148, 106151, 106154, 106157, 106162, 106164, 106237, 106252, 106255, 106461, 106468, 106472, 106474, 106502, 106512, 106669, 106673, 106679, 106699, 106702, 106849, 106979, 107141, 107208, 107213, 107227, 107326, 107364, 107367, 107370, 107390, 107524, 107561, 107563, 107689, 107697, 107702, 107713, 107780, 107843, 107862, 107927, 107960, 107965, 107973, 108011, 108093, 108573, 108785, 108791, 108861, 108863, 108873, 108880, 108935, 108946, 108989, 109178, 109181, 109184, 109187, 109266, 109269, 109280, 109682, 109685, 109689, 109827, 109849, 109853, 109868, 109871, 109876, 109975, 109983, 109986, 110017, 110062, 110370, 110379, 110717, 110742, 110754, 110832, 110838, 111100, 111117, 111226, 111229, 111237, 111252, 111267, 111298, 111301, 111343, 111383, 111386, 112371, 112445, 112589, 112633, 112704, 112707, 112758, 112761, 112786, 112792, 112798, 112801, 112811, 112823, 112826, 112829, 112832, 112861, 112882, 112920, 112979, 113029, 113099, 113142, 113153, 113155, 113362, 113366, 113391, 113397, 113430, 113453, 113473, 113479, 113485, 113491, 113497, 113510, 113573, 113627, 113735, 113738, 113741, 113753, 113763, 113825, 113959, 113962, 113966, 113969, 113972, 113975, 113978, 113992, 113997, 114002, 114005, 114008, 114011, 114014, 114068, 114083, 114114, 114122, 114305, 114320, 114336, 114342, 114385, 114399, 114452, 114574, 114578, 114581, 114589, 114593, 114599, 114607, 114659, 114661, 114663, 114680, 115076, 115414, 115419, 115492, 115495, 115498, 115508, 115511, 115822, 116170, 116266, 116268, 116271, 116298, 116300, 116302, 116304, 116490, 116493, 116508, 117043, 117045, 117047, 117191, 117196, 117199, 117202, 117205, 117208, 117211, 117217, 117221, 117224, 117339, 117374, 117439, 117461, 117530, 117533, 117536, 117549, 117644, 117647, 117650, 117672, 117808, 118444, 118512, 118528, 118538, 118596, 118778, 118805, 118908, 118971, 119091, 119097, 119170, 119182, 119197, 119246, 119249, 119273, 119277, 119287, 119296, 119310, 119315, 119492, 119533, 119541, 119556, 119590, 119592, 119595, 119808, 119811, 119814, 119817, 119820, 119823, 119826, 119829, 119879, 119901, 120028, 120029, 120287, 120302, 120306, 120309, 120312, 120315, 120321, 120344, 120404, 120407, 120445, 120485, 120688, 120707, 120726, 120732, 120824, 120923, 120929, 120955, 120959, 120961, 120963, 120965, 120967, 120969, 121315, 121318, 121439, 121443, 121452, 121458, 121473, 121475, 121479, 121485, 121491, 121497, 121550, 121554, 121558, 121562, 121701, 121761, 121833, 122130, 122134, 122139, 122147, 122151, 122154, 122157, 122160, 122163, 122165, 122169, 122251, 122445, 122463, 122484, 122487, 122495, 122603, 122616, 122619, 122697, 122936, 123242, 123368, 123475, 124090, 124766, 124790, 124794, 124860, 125025, 125028, 125119, 125122, 125234, 125237, 125240, 125352, 125464, 125467, 125470, 125663, 125803, 126102, 126109, 126157, 126409, 126515, 126545, 126647, 126729, 126732, 126742, 126745, 126775, 126956, 126960, 126964, 126968, 126972, 126976, 126980, 127025, 127124, 127274, 127286, 127368, 127677, 128134, 128264, 128317, 128322, 128369, 128385, 128388, 128407, 128412, 128418, 128484, 128507, 128523, 128580, 128597, 128605, 128755, 128758, 128777, 128973, 129090, 129104, 129107, 129110, 129113, 129119, 129123, 129127, 129298, 129547, 129843, 129955, 130112, 130115, 130118, 130121, 130137, 130180, 130182, 130184, 130358, 130376, 130537, 130598, 130611, 130614, 130644, 130668, 130677, 130776, 130890, 130976, 130990, 131009, 131013, 131017, 131021, 131047, 131077, 131089, 131143, 131238, 131245, 131264, 131539, 131546, 131551, 131736, 132131, 132154, 132164, 132167, 132170, 132243, 132385, 132400, 132456, 132459, 132466, 132469, 132475, 132711, 132733, 132765, 132768, 132771, 132774, 132799, 132827, 133168, 133445, 133449, 133691, 133739, 133743, 133746, 133785, 133807, 133810, 133814, 133976, 133980, 133984, 133988, 134000, 134099, 134295, 134687, 135721, 135723, 135726, 136110, 136226, 136531, 136556, 136781, 136786, 136790, 136871, 136888, 136897, 136904, 137230, 137233, 137236, 137280, 137486, 137515, 137517, 137552, 137556, 137560, 137564, 137587, 137591, 137596, 137601, 137606, 137609, 137612, 137659, 137741, 137744, 137937, 137940, 137948, 138012, 138107, 138113, 138226, 138336, 138388, 138443, 138456, 138474, 138481, 138489, 138554, 138580, 138640, 138642, 138657, 138667, 138670, 138673, 138676, 138691, 138740, 138748, 138985, 139029, 139036, 139048, 139055, 139058, 139062, 139166, 139177, 139490, 139496, 139666, 139685, 139768, 139863, 139917, 139920, 139923, 139928, 139931, 139947, 139951, 139955, 139965, 139967, 139969, 139996, 140005, 140010, 140015, 140020, 140023, 140065, 140117, 140228, 140514, 140617, 140620, 140632, 140635, 140638, 140652, 140662, 140686, 140735, 140827, 140832, 140986, 141016, 141021, 141033, 141042, 141077, 141187, 141199, 141216, 141240, 141303, 141652, 141741, 141757, 141916, 141937, 141982, 141997, 142000, 142003, 142006, 142032, 142036, 142066, 142072, 142146, 142148, 142151, 142154, 142244, 142247, 142252, 142257, 142260, 142266, 142301, 142325, 142331, 142369, 142401, 142404, 142407, 142418, 142433, 142526, 142541, 142545, 142579, 142617, 142685, 142688, 142696, 142702, 142712, 142918, 143289, 143308, 143416, 143495, 143612, 143723, 143742, 143745, 143989, 144100, 144103, 144143, 144232, 144428, 144647, 144697, 144699, 144706, 144942, 144956, 145034, 145242, 145252, 145267, 145270, 145342, 145366, 145382, 145385, 145417, 145607, 145611, 145641, 145770, 145773, 145777, 145780, 145975, 145980, 146011, 146072, 146077, 146136, 146139, 146142, 146145, 146148, 146150, 146152, 146154, 146157, 146164, 146167, 146404, 146408, 146609, 146615, 146639, 146642, 146645, 146674, 146677, 146680, 146683, 146768, 146790, 146793, 146796, 146799, 146802, 146808, 146820, 146831, 146840, 146908, 146939, 146942, 146945, 147067, 147397, 147400, 147432, 147435, 147438, 147444, 147478, 147481, 147574, 147671, 147674, 147706, 147707, 147710, 147941, 148263, 148265, 148272, 148276, 149021, 149044, 149103, 149118, 149190, 149270, 149273, 149277, 149280, 149443, 149540, 149543, 149550, 149553, 149792, 149808, 149818, 149985, 150015, 150115, 150152, 150156, 150159, 150162, 150497, 150503, 150506, 150593, 150596, 150599, 150602, 150605, 150609, 150657, 150660, 150765, 150940, 150944, 150975, 151119, 151123, 151222, 151339, 151342, 151345, 151348, 151351, 151363, 151387, 151794, 152034, 152108, 152110, 152196, 152280, 152294, 152303, 152316, 152319, 152338, 152351, 152568, 152577, 152684, 152717, 152988, 153032, 153046, 153110, 153190, 153200, 153203, 153404, 153408, 153411, 153414, 153417, 153443, 153479, 153499, 153732, 153735, 153738, 153746, 153770, 153786, 153829, 153847, 153982, 153991, 154105, 154109, 154114, 154118, 154123, 154132, 154244, 154247, 154250, 154253, 154256, 154259, 154264, 154274, 154277, 154288, 154291, 154515, 154922, 155011, 155014, 155090, 155501, 155526, 155530, 155533, 155589, 155594, 155764, 155768, 155771, 155985, 156218, 156237, 156255, 156264, 156273, 157023, 158052, 158061, 158096, 158137, 158144, 158251, 158389, 158400, 158978, 158991, 160326, 160651, 160670, 160673, 160710]
23,183,[365, 560, 801, 941, 969, 1257, 1279, 1429, 1436, 1646, 1663, 1781, 2106, 2199, 2516, 2714, 2758, 2806, 2817, 2834, 2913, 3898, 3969, 4214, 4245, 4268, 4308, 4716, 5077, 5088, 5207, 5430, 5442, 5449, 5451, 5460, 5464, 5553, 5647, 5689, 5745, 6063, 6104, 6239, 6494, 6645, 6788, 6976, 6988, 7259, 7345, 7891, 7950, 8036, 8288, 8373, 8459, 8484, 8562, 8644, 9056, 9591, 9632, 9654, 9956, 10075, 10513, 11156, 11310, 11381, 11487, 11649, 11697, 11840, 12010, 12098, 12108, 12367, 12463, 12483, 12540, 12561, 12713, 13596, 13654, 13673, 13719, 14274, 14756, 14818, 14827, 14833, 15485, 15706, 15757, 15858, 15929, 16055, 16088, 16114, 16303, 16362, 16497, 16635, 17057, 17098, 17117, 17188, 17542, 17620, 17631, 17746, 17773, 17829, 17881, 17947, 17953, 17971, 18007, 18043, 18548, 19803, 19969, 20067, 20354, 20463, 20724, 20768, 20864, 21391, 21616, 21755, 21818, 21966, 22097, 22099, 22147, 22357, 22483, 22504, 22754, 22782, 23014, 23225, 23574, 23618, 23696, 23697, 23801, 23856, 24002, 24057, 24200, 24402, 24599, 24607, 24611, 24622, 24669, 24736, 25011, 25179, 25326, 25365, 25903, 26427, 26508, 26995, 27126, 27153, 27228, 27236, 27242, 27302, 27362, 27752, 28262, 29356, 29372, 29409, 29905, 29976, 30675]
24,193,[151, 373, 413, 509, 633, 1065, 1554, 1681, 1735, 1947, 2743, 2819, 2934, 3029, 3039, 3214, 3242, 3257, 3639, 3662, 4035, 4039, 4179, 4695, 5223, 5234, 5245, 5268, 5511, 5717, 5847, 5869, 5888, 6033, 6088, 6404, 6756, 7260, 7459, 7534, 7632, 7860, 7863, 7995, 8008, 8765, 8849, 9949, 10350, 10860, 11183, 11218, 11264, 11436, 11459, 11704, 11726, 11756, 12169, 12488, 12497, 12528, 12867, 12884, 13091, 13200, 13391, 13773, 13902, 14196, 14688, 14947, 15087, 15110, 15347, 15352, 15529, 15843, 16942, 17137, 17179, 17872, 17960, 18065, 18247, 18331, 18366, 18401, 18438, 18482, 18638, 18908, 19235, 19571, 19954, 19973, 20154, 20315, 20362, 20406, 20686, 21312, 21354, 21508, 21558, 21572, 21972, 22035, 22546, 24282, 24314, 25032, 25057, 25943, 26459, 26525, 26904, 26925, 27110, 27139, 27197, 27310, 27571, 27768, 28116, 28318, 28595, 28679, 29197, 29627, 29843, 30000, 30036, 30095, 30110, 30159, 30455, 30468, 30476, 30748, 30821, 31735, 31742, 32032, 32095, 32559, 32609, 32690, 33237, 33410, 33584, 33639, 33709, 33781, 33868, 33896, 34072, 34211, 34246, 34827, 34832, 35011, 35153, 35368, 35963, 36211, 36333, 36489, 36567, 36774, 36885, 37267, 37946, 38179, 38345, 38736, 39385, 39667, 39828, 40248, 40665, 40932, 41170, 41790, 41842, 41891, 41918, 42589, 43476, 43711, 44083, 44395, 45034]
25,200,[985, 1212, 1892, 1903, 1943, 2412, 2851, 3902, 4563, 4992, 6165, 7527, 7633, 9943, 13242, 15004, 16094, 16658, 16826, 17408, 17460, 19026, 20023, 20702, 21223, 21326, 22245, 24029, 26570, 26782, 27483, 29104, 29903, 30706, 31561, 31569, 31733, 33129, 33387, 33522, 34610, 35053, 38821, 39410, 40301, 40949, 42216, 47649, 49989, 50167, 50377, 50728, 51154, 52909, 53132, 54588, 55298, 57484, 57538, 57721, 58602, 58653, 58994, 60645, 60687, 60792, 61448, 61540, 62485, 65016, 65035, 65992, 65999, 66702, 68000, 70011, 70480, 70498, 72714, 73678, 74008, 75047, 75276, 77049, 85179, 86174, 86291, 88056, 88653, 89220, 90599, 90750, 90964, 91507, 91625, 91840, 92551, 95067, 96272, 96656, 97430, 98686, 99118, 100223, 100888, 100891, 101538, 101950, 102502, 104715, 107773, 109036, 112270, 115531, 116711, 116777, 116992, 117157, 122322, 124347, 124603, 124610, 125982, 128255, 131148, 131694, 131912, 135033, 137895, 138109, 138396, 138475, 139717, 140568, 140647, 145339, 146075, 148813, 151045, 152008, 152068, 152453, 153194, 155110, 156873, 157379, 158794, 162609, 163015, 163367, 164543, 165223, 165236, 168289, 169349, 171705, 172915, 173015, 173039, 173444, 173450, 173467, 174478, 177354, 178682, 178945, 178976, 182485, 182731, 183204, 184040, 184055, 184153, 184783, 185385, 185402, 185466, 185925, 186267, 186907, 187114, 187359, 193014, 199055, 199998, 200000, 200002, 200004, 200006, 200008, 200010, 200013, 200014, 200016, 200018, 200020, 200022, 200024, 200026, 200028]
26,143,[25, 406, 581, 767, 875, 1970, 3244, 3347, 3428, 3437, 4399, 4844, 6515, 6587, 7782, 9192, 9203, 9462, 9815, 10030, 10641, 12389, 15958, 16218, 16986, 17178, 17961, 17980, 18003, 19418, 19474, 19571, 19647, 20115, 20166, 20364, 20369, 20541, 22718, 23677, 23797, 23802, 26087, 26490, 26508, 27335, 27775, 27896, 27897, 28246, 28412, 28417, 28646, 28709, 28736, 28788, 29355, 29361, 29798, 30079, 30244, 31220, 31504, 31884, 31889, 32029, 32373, 32476, 34121, 34539, 35368, 35924, 35955, 36368, 36736, 39282, 39314, 41000, 41578, 41780, 42260, 42262, 42264, 42597, 42911, 44024, 44052, 44499, 44874, 45957, 46079, 46370, 46587, 46595, 47093, 48002, 48944, 49189, 49190, 49234, 49236, 49263, 49265, 49593, 53134, 53140, 53142, 54136, 54665, 55606, 55774, 55847, 56059, 56487, 56500, 56617, 57885, 57889, 58130, 58532, 58897, 59001, 59068, 59234, 61213, 61767, 61893, 62469, 62824, 62881, 63267, 63276, 63372, 63462, 63499, 63624, 64149, 64161, 64658, 64996, 65036, 67172, 67308]
27,379,[284, 572, 938, 973, 994, 1137, 1592, 1648, 1701, 1911, 2165, 2381, 2467, 3372, 3622, 3907, 4300, 4328, 4429, 4897, 5036, 5329, 5627, 5720, 5842, 5861, 6140, 6341, 6485, 6508, 7328, 7351, 7634, 7999, 8025, 8445, 8587, 8629, 8797, 8801, 9001, 9185, 9209, 9709, 9741, 9786, 10146, 10255, 10359, 10684, 10803, 11893, 12155, 12515, 12872, 12924, 13251, 13511, 13793, 14538, 14629, 14841, 15532, 16309, 16594, 16609, 16803, 16854, 17181, 17476, 17709, 17820, 18036, 18846, 19064, 19256, 19623, 19764, 20550, 20586, 20863, 21212, 21358, 21581, 22640, 22688, 23182, 23332, 23398, 23520, 23566, 23689, 24042, 24175, 24314, 24904, 25117, 25526, 26385, 26391, 27156, 27232, 27407, 27549, 28008, 28181, 28293, 28317, 28970, 28988, 29859, 29929, 30227, 30937, 30987, 31136, 31521, 31737, 32150, 32961, 33021, 33202, 33289, 33439, 34185, 34980, 35140, 35182, 36450, 37026, 37082, 37271, 37291, 37368, 37906, 38008, 38179, 38182, 38615, 38726, 38791, 39185, 39343, 39509, 39631, 39670, 41072, 41809, 42283, 42295, 42608, 42626, 43103, 43317, 43798, 44889, 45288, 45304, 45502, 46365, 46644, 46684, 47005, 47187, 47350, 47487, 47491, 47517, 47668, 47681, 47722, 47932, 48212, 48228, 48683, 48852, 48983, 49112, 49333, 49377, 49382, 49392, 49522, 50351, 50438, 50594, 50625, 50883, 50915, 50946, 51421, 51556, 51597, 52719, 53660, 54881, 55773, 57033, 57042, 57083, 57159, 57760, 58022, 58326, 58763, 58801, 58867, 59679, 60147, 60471, 60928, 61190, 62097, 62806, 63058, 63351, 63394, 64218, 64274, 64412, 64451, 64507, 64521, 65105, 65371, 65731, 65994, 66203, 66313, 66550, 66909, 66990, 67172, 67173, 67550, 67639, 68566, 68917, 68927, 69046, 69112, 69118, 69240, 69534, 69562, 69854, 70028, 70050, 70796, 70846, 71161, 71332, 71428, 71486, 72350, 72475, 72525, 72574, 72763, 73188, 74734, 75331, 75475, 75629, 75684, 76576, 76612, 77181, 77199, 77376, 77431, 78474, 78592, 79328, 79636, 79944, 80045, 80211, 80223, 80837, 80973, 81021, 81166, 81232, 81247, 81702, 82685, 82688, 82775, 83117, 83408, 84051, 84091, 84113, 84683, 84804, 85560, 85578, 85694, 85880, 86073, 86127, 86397, 86490, 88218, 88322, 89590, 89626, 89686, 89722, 89801, 89888, 90715, 90755, 91848, 92048, 92060, 92556, 92683, 92802, 92911, 92948, 94299, 94559, 95071, 95690, 95743, 95850, 96570, 96923, 96931, 97044, 97182, 97445, 97461, 97485, 97720, 97820, 98152, 98301, 98415, 99024, 99074, 99191, 100213, 100301, 100307, 100368, 100396, 100723, 100883, 101185, 101369, 101947, 102133, 102191, 102340, 102389, 102458, 102483, 102566, 103073, 103412, 103479, 103505, 104552, 104602, 105048, 105457, 105674, 105789, 105830, 106130, 106322, 107058, 107361, 107819, 108048, 108212]
28,80,[346, 446, 906, 1089, 1209, 1219, 1453, 1563, 2770, 3313, 3498, 3833, 4012, 4096, 4134, 4176, 4275, 4331, 4412, 4470, 4500, 4588, 4731, 4899, 4980, 4988, 5375, 5551, 5579, 5745, 5771, 5932, 6018, 6064, 6143, 6337, 6471, 6596, 6718, 6764, 6801, 6830, 7027, 7038, 7084, 7447, 7453, 7777, 7817, 7881, 7939, 8045, 8048, 8073, 8142, 8153, 8177, 8178, 8277, 8363, 8538, 8678, 8858, 8889, 8947, 9309, 9391, 9424, 9549, 9800, 9816, 9842, 9851, 9859, 9909, 10072, 10115, 10314, 11076, 11641]
30,1969,[372, 1363, 1429, 1568, 1959, 2302, 2407, 5097, 5143, 5368, 5475, 5478, 5502, 5573, 5578, 5607, 6692, 7076, 7392, 7526, 9524, 9680, 9837, 9843, 10913, 11326, 13112, 14101, 14523, 14847, 14947, 15580, 15809, 15994, 17811, 17862, 19091, 19369, 20148, 20554, 20594, 20706, 22618, 23588, 24273, 24751, 24864, 25076, 25126, 25150, 25383, 25807, 25991, 26024, 26039, 26071, 26126, 26161, 26291, 26331, 26389, 26419, 27308, 27737, 27866, 29809, 30084, 30102, 30588, 30889, 31098, 32006, 32293, 32414, 35015, 36482, 36622, 36631, 37435, 37877, 37943, 38095, 38796, 39112, 39424, 39480, 39491, 40222, 40562, 40800, 41850, 42008, 42600, 42602, 42739, 43056, 44680, 44999, 46205, 46374, 46899, 47008, 47011, 47053, 47317, 47338, 47419, 47509, 47519, 47525, 47530, 47538, 47546, 47558, 47585, 47608, 47627, 47647, 47655, 47665, 47697, 47735, 47760, 47830, 47836, 47840, 47882, 47920, 47969, 47996, 48016, 48470, 48556, 48953, 49176, 49761, 49796, 50066, 50313, 50317, 50322, 50696, 50714, 51136, 51162, 51897, 52417, 53076, 53828, 54645, 54652, 54742, 55050, 55215, 55225, 55233, 55240, 55249, 55258, 55279, 55298, 55310, 55317, 55336, 55347, 55353, 55400, 55436, 55440, 55447, 55484, 55523, 55564, 55600, 55638, 55797, 55846, 55860, 55870, 55915, 56092, 56112, 56187, 56573, 56872, 57266, 60398, 60757, 60764, 60834, 61012, 61631, 61991, 62064, 62130, 63288, 63296, 65064, 65722, 65783, 67172, 67333, 67354, 67388, 67655, 67666, 67691, 67899, 67913, 68338, 68788, 69130, 69359, 69412, 69971, 70036, 70577, 71129, 71249, 71334, 71797, 72037, 73563, 73992, 74026, 74657, 74960, 74968, 75319, 75381, 75995, 76033, 76726, 76953, 77998, 78675, 78746, 79276, 79523, 79655, 81212, 81451, 81587, 81675, 81768, 81856, 81898, 81936, 82883, 82974, 82985, 82997, 83123, 83130, 83365, 83540, 83551, 83573, 83580, 83583, 83585, 83593, 83639, 83650, 83671, 83678, 83681, 83683, 83691, 83738, 83749, 83770, 83777, 83780, 83782, 83790, 83837, 83846, 83867, 83874, 83877, 83879, 83887, 83934, 83945, 83966, 83973, 83976, 83978, 83986, 84032, 84061, 84068, 84071, 84073, 84081, 84127, 84138, 84159, 84166, 84169, 84171, 84179, 84225, 84234, 84255, 84262, 84265, 84267, 84275, 84321, 84332, 84353, 84360, 84363, 84365, 84373, 84419, 84430, 84451, 84458, 84461, 84463, 84471, 84517, 84528, 84549, 84556, 84559, 84561, 84569, 84615, 84626, 84647, 84654, 84657, 84659, 84667, 84860, 85115, 85779, 86093, 87184, 87382, 87440, 87859, 87983, 88267, 88602, 88861, 89581, 89676, 89679, 89692, 89739, 89768, 89771, 89910, 89934, 90049, 90391, 90669, 90676, 90818, 91459, 91496, 91560, 91570, 92072, 92123, 92673, 92704, 92974, 93046, 93048, 94028, 96772, 96782, 97964, 98781, 98841, 98946, 98967, 98981, 98995, 99043, 99116, 99166, 99271, 99290, 99296, 99302, 99309, 99372, 99375, 99406, 99410, 99417, 99496, 99499, 99530, 99536, 99542, 99654, 99717, 99779, 99838, 99899, 99959, 100018, 100059, 100061, 100095, 101151, 101189, 101263, 101353, 101447, 101514, 103609, 103973, 104105, 104411, 104712, 104739, 104764, 104770, 105336, 105374, 105600, 106648, 107461, 108186, 108456, 109448, 113528, 114282, 114391, 115345, 116558, 116830, 117207, 117621, 117773, 117850, 118537, 118908, 120217, 120591, 121082, 121256, 121263, 122668, 123119, 123942, 124146, 126998, 127514, 127599, 133614, 134266, 135353, 136243, 136249, 136253, 136257, 136261, 136265, 136269, 136273, 136277, 136281, 136285, 136289, 136293, 136297, 136301, 136305, 136309, 136313, 136317, 136321, 136325, 136329, 136333, 136337, 136341, 136345, 136349, 136354, 136361, 136367, 136371, 136377, 137029, 138950, 138953, 139059, 140586, 141557, 141804, 142059, 142920, 143049, 143073, 147783, 148137, 148226, 148620, 148637, 149677, 150121, 150202, 150485, 151835, 152712, 153067, 155031, 155720, 155943, 156071, 156623, 157335, 157868, 158018, 158097, 158214, 158576, 159093, 159171, 159204, 159717, 160512, 160724, 161113, 161246, 161758, 162290, 162905, 163184, 163225, 163248, 163493, 164780, 165154, 165157, 165160, 165163, 165166, 166252, 167042, 167264, 167280, 167845, 168704, 169149, 169400, 169412, 169424, 169707, 170013, 170352, 170476, 171896, 172082, 172172, 172856, 173605, 173922, 174664, 175100, 175693, 175697, 176049, 176167, 176173, 176179, 176331, 176695, 178321, 179563, 179717, 179764, 179862, 181002, 182622, 183163, 183165, 183220, 183329, 183460, 183520, 183903, 184327, 184593, 184832, 185905, 185920, 185957, 186520, 186762, 187392, 187540, 188031, 188570, 188655, 188658, 188680, 189809, 190227, 190569, 190721, 190738, 190769, 191174, 191399, 192092, 193158, 193180, 193458, 194122, 194755, 194955, 196055, 196109, 196262, 197987, 197999, 198151, 198378, 198814, 200372, 200885, 200973, 202141, 202149, 202283, 202334, 202748, 203993, 204010, 204032, 204035, 204040, 204070, 204073, 204089, 204214, 204453, 204657, 204692, 204711, 204831, 204953, 205139, 205196, 205211, 205213, 205216, 205223, 205237, 205241, 205346, 205369, 207053, 207552, 208391, 208436, 208449, 208510, 209027, 209470, 209588, 210488, 210507, 211505, 212080, 212524, 213376, 214589, 214946, 215013, 215420, 215621, 216687, 216948, 216975, 218282, 218426, 218436, 218601, 218784, 219008, 220780, 221092, 221732, 221737, 222166, 222420, 223149, 223174, 223326, 224008, 224107, 224165, 224203, 224338, 225246, 225350, 225607, 225787, 226885, 227972, 228111, 229291, 229384, 229646, 231926, 231951, 232874, 233075, 233082, 233784, 235116, 235344, 237079, 237545, 237980, 238005, 238599, 244328, 244842, 245106, 245120, 245213, 245857, 246157, 246394, 247724, 247731, 247976, 248463, 248819, 250308, 251504, 252009, 252038, 252068, 252076, 252145, 252757, 253005, 253800, 255027, 256788, 256791, 256816, 256930, 257298, 257808, 257810, 258631, 259601, 260252, 260445, 260492, 260506, 260564, 262019, 263824, 264399, 264437, 264545, 264554, 264714, 265974, 266874, 269128, 269235, 269659, 270356, 272277, 272415, 272462, 273177, 273630, 274881, 276561, 276870, 277572, 277791, 278332, 278342, 278391, 278509, 279836, 280072, 281949, 282144, 282377, 282553, 282872, 283314, 284375, 284846, 285318, 285377, 285379, 285396, 285435, 285483, 285520, 285675, 285994, 286095, 286596, 286601, 286692, 286912, 286973, 287268, 287512, 287996, 288157, 289413, 289821, 289863, 290116, 290233, 290822, 291488, 291952, 292005, 292192, 293712, 293900, 294056, 294827, 295251, 295691, 296316, 296401, 296781, 296844, 296976, 297396, 297527, 297570, 297621, 298313, 298779, 298951, 299587, 299806, 300577, 300943, 301195, 301210, 302184, 302333, 302791, 303684, 304385, 304528, 304705, 306011, 306569, 306805, 307436, 310035, 310043, 310313, 310394, 310406, 310577, 310863, 312885, 313132, 313405, 316033, 316493, 317137, 317769, 318020, 321546, 321887, 322359, 322374, 323313, 324202, 324299, 325288, 325425, 326364, 326431, 327000, 327545, 328622, 328948, 329859, 329939, 330195, 331154, 331280, 331290, 331297, 331302, 335037, 335041, 335313, 335587, 337918, 340348, 340369, 341203, 342058, 342446, 343277, 343878, 345040, 345094, 345783, 346752, 346959, 347714, 350087, 350419, 350941, 351767, 351895, 352265, 352930, 353879, 354459, 356649, 357195, 357768, 357773, 357782, 357795, 357980, 358023, 358036, 358065, 358069, 358498, 358694, 358816, 359010, 359240, 359241, 359253, 359440, 359714, 359760, 360114, 360166, 360327, 360897, 361074, 361327, 361380, 361713, 361839, 361843, 362324, 362330, 362356, 362360, 362366, 362872, 362887, 363025, 363366, 363396, 363792, 363800, 363933, 364063, 364067, 364483, 364547, 364854, 365048, 365165, 365331, 365374, 365395, 365459, 366108, 366947, 366998, 367402, 367494, 367507, 367579, 367840, 368377, 368519, 368668, 368674, 368682, 369227, 369533, 369617, 369896, 370244, 370675, 370681, 371007, 371042, 371098, 372472, 374048, 374049, 374122, 374808, 375004, 375213, 375218, 375301, 375546, 375556, 375628, 375667, 375673, 376022, 376034, 376173, 377134, 377601, 377613, 378093, 378280, 378285, 378292, 378969, 380531, 380562, 380775, 380780, 380972, 381027, 381133, 381219, 381291, 381941, 382021, 382173, 382199, 382512, 383374, 383702, 383883, 384075, 384185, 384378, 384761, 385038, 385067, 385566, 386905, 387224, 387499, 387620, 387966, 388087, 388150, 388440, 389705, 389850, 389900, 390032, 390038, 391480, 392128, 392241, 392338, 392517, 392523, 392855, 394175, 395329, 395387, 395944, 396165, 396177, 397506, 397603, 397621, 397977, 398003, 398064, 398372, 398580, 399231, 399948, 400393, 401554, 402142, 403226, 403254, 403341, 403778, 403810, 403862, 404224, 404319, 405033, 406021, 406283, 406401, 406406, 406584, 406949, 407421, 407641, 410608, 410657, 411604, 412392, 412911, 412914, 414029, 414036, 414231, 414463, 415139, 415416, 416581, 421171, 423031, 423894, 423985, 423993, 424315, 424634, 424885, 424969, 425506, 425513, 425525, 425825, 426055, 426289, 426788, 426822, 426850, 430020, 430026, 430080, 430091, 430141, 430144, 430155, 430225, 430254, 430422, 430427, 430436, 430601, 431072, 431657, 431687, 431877, 433138, 433963, 434412, 434470, 434472, 434496, 434571, 434708, 434749, 434756, 434790, 434903, 435218, 436216, 436727, 437304, 437700, 437929, 438419, 439434, 439709, 440214, 440305, 441525, 442149, 442207, 442665, 442749, 443256, 443509, 444904, 448874, 450579, 450600, 450664, 450714, 450836, 450839, 450904, 451500, 453343, 453380, 453383, 453389, 453449, 453454, 453508, 453517, 453594, 454508, 455253, 455258, 455283, 455294, 455302, 455306, 455328, 455337, 455378, 455384, 455416, 455424, 455449, 455779, 456098, 456163, 456226, 456371, 456390, 456422, 456515, 456669, 456783, 456888, 456942, 457007, 457055, 457162, 457275, 457367, 457977, 457994, 459327, 459372, 459454, 459543, 459708, 460167, 460201, 460305, 460473, 460704, 460919, 461171, 461311, 461691, 461937, 461940, 461943, 461959, 461962, 461965, 461981, 461984, 461987, 462002, 462005, 462008, 462707, 463572, 464267, 464875, 465058, 465183, 465798, 467315, 467362, 467616, 467689, 468097, 468275, 468367, 469453, 469782, 469788, 469838, 469897, 470090, 470169, 470254, 470746, 471271, 471354, 471371, 471825, 472573, 474853, 476252, 476264, 476271, 478194, 478589, 478598, 478615, 479486, 479568, 480151, 480974, 481032, 481477, 482072, 482815, 483485, 485099, 485306, 486230, 486851, 487942, 488043, 488261, 488906, 489130, 489160, 489230, 489240, 489400, 490397, 490419, 490498, 490789, 490800, 491892, 492129, 492654, 493075, 493117, 493134, 493170, 493310, 493645, 493656, 493853, 493879, 494176, 494237, 494242, 494364, 494432, 495028, 495167, 495171, 495309, 495318, 495351, 495386, 495780, 496968, 497957, 497959, 497974, 498220, 498252, 498371, 498996, 499005, 499083, 499123, 499349, 499541, 499649, 499713, 501569, 501752, 502422, 502501, 502664, 502790, 503182, 503573, 503586, 504006, 504140, 505869, 506236, 506240, 506244, 506756, 506766, 506863, 506879, 506915, 506966, 507006, 507150, 507226, 507371, 507468, 507476, 507673, 507702, 507937, 508177, 508197, 508344, 509075, 509310, 509595, 510070, 510276, 510324, 510342, 510351, 510438, 510925, 511063, 511068, 511419, 511559, 511573, 511936, 511944, 511989, 512132, 512234, 512304, 512435, 512526, 512741, 512866, 512878, 513206, 513314, 513384, 513812, 514517, 514673, 515391, 515468, 515718, 515759, 516187, 518013, 518437, 519146, 520200, 520504, 520856, 521086, 521390, 521394, 521398, 521484, 521597, 521799, 521985, 522007, 522071, 522184, 522206, 522236, 522352, 522360, 522498, 522528, 522576, 522922, 523786, 523966, 524390, 524429, 524496, 524760, 524791, 525601, 525760, 525775, 525776, 525786, 526092, 526178, 526245, 526578, 526636, 526653, 526796, 526804, 527029, 527120, 527265, 529201, 529409, 529766, 530153, 530384, 531510, 531647, 531768, 532697, 532741, 533057, 533265, 533638, 534125, 534184, 534316, 534994, 535396, 535546, 535802, 536048, 536307, 536311, 536315, 536509, 536618, 537661, 537688, 537739, 537853, 538518, 538552, 538721, 538828, 538944, 539160, 539201, 539659, 539982, 540091, 540230, 540526, 540792, 540847, 541209, 541266, 541290, 541342, 541492, 541617, 541830, 541992, 542001, 542081, 542329, 542355, 542399, 542626, 542742, 542774, 542947, 542950, 542964, 542977, 543151, 543226, 543321, 543365, 544151, 544491, 544573, 544625, 545452, 546577, 546739, 546786, 546951, 547373, 547421, 547555, 547687, 547780, 548347, 548355, 548620, 549263, 549316, 549535, 550346, 550538, 551327, 551404, 552471, 552492, 552613, 552618, 552899, 553253, 553728, 553744, 554042, 554492, 554673, 554674, 554825, 555202, 555340, 555936, 556055, 556475, 556478, 556664, 557627, 557650, 557695, 557838, 557878, 558621, 558922, 559031, 559039, 559050, 559225, 559233, 559245, 560001, 560095, 561111, 561263, 561273, 561295, 561298, 561307, 561633, 561711, 561801, 561861, 561868, 562114, 562153, 562523, 562858, 563229, 563499, 564243, 564551, 564721, 564809, 564811, 564910, 564984, 565256, 565458, 565596, 565889, 566145, 566591, 566761, 566764, 567126, 567210, 567383, 567550, 568479, 568529, 568537, 569037, 569129, 569283, 569359, 570150, 570804, 570824, 570893, 570900, 571191, 571316, 571401, 572202, 572481, 572716, 573334, 573530, 574916, 575154, 575707, 576142, 576508, 576552, 576818, 576909, 577414, 577504, 577820, 577864, 577921, 578023, 578650, 578895, 578922, 578947, 579094, 579339, 579524, 579905, 579959, 580393, 580660, 581412, 581942, 582785, 582802, 583655, 583872, 584154, 584543, 584760, 585129, 585325, 585337, 585507, 585536, 585766, 586299, 586377, 586450, 586463, 586474, 586483, 586494, 586499, 586514, 586520, 586530, 586542, 586551, 588257, 588439, 588717, 589767, 589780, 589785, 589787, 589846, 589853, 589899, 590133, 590280, 590340, 590343, 590488, 590498, 590605, 590693, 590746, 590755, 590758, 590771, 590905, 591450, 591854, 592521, 592577, 592922, 592926, 593204, 593271, 593396, 593508, 593536, 593723, 593729, 593737, 593870, 593920, 594110, 594217, 594613, 594633, 594644, 595214, 595246, 595390, 595525, 595528, 595535, 595857, 596077, 596088, 596096, 596301, 596417, 596465, 596478, 596488, 596493, 596498, 596504, 596519, 596525, 596585, 596596, 596610, 596705, 596710, 596718, 597385, 597413, 597417, 597453, 597486, 597531, 597532, 597772, 598237, 598262, 598270, 598285, 598561, 598775, 598837, 599430, 599557, 600350, 600432, 602053, 602227, 602572, 602745, 602781, 603316, 603330, 604286, 604346, 604401, 604480, 604483, 604607, 604916, 604947, 605242, 605249, 605263, 605270, 605304, 605420, 605423, 605434, 605445, 605837, 606305, 606331, 606343, 606373, 606765, 606778, 606781, 606786, 606790, 606792, 606794, 606796, 606813, 607114, 607215, 607219, 607488, 607641, 607656, 608279, 608454, 608457, 608533, 608535, 609177, 610681, 610745, 610749, 610786, 610802, 611051, 611107, 611603, 611983, 612065, 612152, 612323, 612481, 612716, 613895, 613898, 614051, 614075, 614190, 614649, 614865, 615910, 616742, 616832, 617178, 617484, 618053, 618196, 618514, 619109, 619133, 619344, 621040, 621062, 621200, 621219, 621691, 622489, 622971, 623750, 623826, 623884, 624459, 624493, 624731, 624880, 624884, 624947, 625386, 626015, 626019, 626453, 626467, 626741, 626884, 627915, 627918, 627928, 628303, 628575, 628619, 628746, 628917, 629116, 629124, 629309, 629455, 629462, 629526, 629535, 629693, 629811, 629832, 630027, 630179, 631397, 632132, 632797, 633121, 633224, 633417, 633426, 633500, 633692, 634151, 634867, 635620, 636375, 637112, 637449, 637991, 638246, 638296, 638303, 638615, 638685, 638857, 638928, 640191, 640470]
6,2,[68, 224]
7,1,[76]
8,3,[187, 212, 410]
9,15,[124, 318, 347, 481, 497, 795, 872, 892, 1241, 1425, 1562, 1899, 2002, 2508, 2664]
10,1969,[465, 1456, 1522, 1661, 2052, 2395, 2500, 5191, 5237, 5462, 5569, 5572, 5596, 5667, 5672, 5701, 6786, 7170, 7486, 7620, 9618, 9774, 9931, 9937, 11007, 11420, 13206, 14195, 14617, 14941, 15041, 15674, 15903, 16088, 17905, 17956, 19185, 19463, 20242, 20648, 20688, 20800, 22712, 23682, 24367, 24845, 24958, 25170, 25220, 25244, 25477, 25901, 26085, 26118, 26133, 26165, 26220, 26255, 26385, 26425, 26483, 26513, 27402, 27831, 27960, 29903, 30178, 30196, 30682, 30983, 31192, 32104, 32391, 32512, 35113, 36580, 36720, 36729, 37533, 37975, 38041, 38193, 38894, 39210, 39522, 39578, 39589, 40320, 40660, 40898, 41948, 42106, 42698, 42700, 42837, 43154, 44778, 45097, 46303, 46472, 46997, 47106, 47109, 47151, 47415, 47436, 47517, 47607, 47617, 47623, 47628, 47636, 47644, 47656, 47683, 47706, 47725, 47745, 47753, 47763, 47795, 47833, 47858, 47928, 47934, 47938, 47980, 48018, 48067, 48094, 48114, 48568, 48654, 49051, 49274, 49859, 49894, 50164, 50411, 50415, 50420, 50794, 50812, 51234, 51260, 51995, 52515, 53175, 53927, 54744, 54751, 54841, 55149, 55314, 55324, 55332, 55339, 55348, 55357, 55378, 55397, 55409, 55416, 55435, 55446, 55452, 55499, 55535, 55539, 55546, 55583, 55622, 55663, 55699, 55737, 55896, 55945, 55959, 55969, 56014, 56191, 56211, 56286, 56672, 56971, 57365, 60501, 60860, 60867, 60937, 61115, 61734, 62094, 62167, 62233, 63391, 63399, 65167, 65825, 65886, 67275, 67436, 67457, 67491, 67758, 67769, 67794, 68002, 68016, 68441, 68891, 69233, 69462, 69515, 70074, 70139, 70680, 71232, 71352, 71437, 71900, 72140, 73666, 74095, 74129, 74760, 75063, 75071, 75422, 75484, 76098, 76136, 76829, 77056, 78105, 78782, 78853, 79383, 79630, 79762, 81319, 81558, 81694, 81782, 81875, 81963, 82005, 82043, 82990, 83081, 83092, 83104, 83230, 83237, 83472, 83647, 83658, 83680, 83687, 83690, 83692, 83700, 83746, 83757, 83778, 83785, 83788, 83790, 83798, 83845, 83856, 83877, 83884, 83887, 83889, 83897, 83944, 83953, 83974, 83981, 83984, 83986, 83994, 84041, 84052, 84073, 84080, 84083, 84085, 84093, 84139, 84168, 84175, 84178, 84180, 84188, 84234, 84245, 84266, 84273, 84276, 84278, 84286, 84332, 84341, 84362, 84369, 84372, 84374, 84382, 84428, 84439, 84460, 84467, 84470, 84472, 84480, 84526, 84537, 84558, 84565, 84568, 84570, 84578, 84624, 84635, 84656, 84663, 84666, 84668, 84676, 84722, 84733, 84754, 84761, 84764, 84766, 84774, 84967, 85222, 85886, 86200, 87291, 87489, 87547, 87966, 88090, 88374, 88709, 88968, 89688, 89783, 89786, 89799, 89846, 89875, 89878, 90017, 90041, 90156, 90498, 90776, 90783, 90925, 91566, 91603, 91667, 91677, 92179, 92230, 92780, 92811, 93081, 93153, 93155, 94135, 96879, 96889, 98071, 98888, 98948, 99053, 99074, 99088, 99102, 99150, 99223, 99273, 99378, 99397, 99403, 99409, 99416, 99479, 99482, 99513, 99517, 99524, 99603, 99606, 99637, 99643, 99649, 99761, 99824, 99886, 99945, 100006, 100066, 100125, 100166, 100168, 100202, 101258, 101296, 101370, 101460, 101554, 101621, 103716, 104080, 104212, 104518, 104819, 104846, 104871, 104877, 105447, 105485, 105711, 106759, 107572, 108297, 108567, 109559, 113639, 114393, 114502, 115456, 116669, 116941, 117318, 117732, 117884, 117961, 118648, 119019, 120328, 120702, 121193, 121367, 121374, 122779, 123230, 124053, 124257, 127109, 127625, 127710, 133726, 134378, 135465, 136355, 136361, 136365, 136369, 136373, 136377, 136381, 136385, 136389, 136393, 136397, 136401, 136405, 136409, 136413, 136417, 136421, 136425, 136429, 136433, 136437, 136441, 136445, 136449, 136453, 136457, 136461, 136466, 136473, 136479, 136483, 136489, 137141, 139062, 139065, 139171, 140698, 141669, 141916, 142171, 143032, 143161, 143185, 147896, 148250, 148339, 148733, 148750, 149790, 150234, 150315, 150598, 151948, 152825, 153180, 155144, 155833, 156056, 156184, 156736, 157448, 157981, 158131, 158210, 158327, 158689, 159206, 159284, 159317, 159831, 160626, 160838, 161227, 161360, 161881, 162413, 163028, 163307, 163348, 163371, 163616, 164903, 165277, 165280, 165283, 165286, 165289, 166375, 167165, 167387, 167403, 167968, 168827, 169272, 169523, 169535, 169547, 169830, 170136, 170475, 170599, 172019, 172205, 172295, 172979, 173728, 174045, 174787, 175223, 175816, 175820, 176172, 176290, 176296, 176302, 176454, 176818, 178444, 179686, 179840, 179887, 179985, 181125, 182754, 183295, 183297, 183352, 183461, 183592, 183652, 184035, 184459, 184725, 184964, 186037, 186052, 186089, 186652, 186894, 187524, 187672, 188163, 188702, 188787, 188790, 188812, 189941, 190359, 190701, 190853, 190870, 190901, 191306, 191531, 192224, 193290, 193312, 193590, 194254, 194887, 195087, 196187, 196241, 196394, 198119, 198131, 198283, 198510, 198946, 200514, 201027, 201115, 202283, 202291, 202425, 202476, 202890, 204135, 204152, 204174, 204177, 204182, 204212, 204215, 204231, 204356, 204595, 204799, 204834, 204853, 204973, 205095, 205281, 205338, 205353, 205355, 205358, 205365, 205379, 205383, 205488, 205511, 207195, 207694, 208533, 208578, 208591, 208652, 209169, 209612, 209730, 210630, 210649, 211647, 212222, 212666, 213518, 214731, 215088, 215155, 215562, 215763, 216828, 217089, 217116, 218422, 218566, 218576, 218741, 218924, 219148, 220930, 221242, 221882, 221887, 222316, 222570, 223299, 223324, 223476, 224158, 224257, 224315, 224353, 224488, 225396, 225500, 225757, 225937, 227035, 228122, 228261, 229441, 229534, 229796, 232076, 232101, 233024, 233225, 233232, 233934, 235266, 235494, 237229, 237695, 238130, 238155, 238752, 244481, 244995, 245259, 245273, 245366, 246010, 246310, 246547, 247877, 247884, 248129, 248616, 248972, 250461, 251657, 252162, 252191, 252221, 252229, 252298, 252910, 253158, 253953, 255180, 256944, 256947, 256972, 257086, 257454, 257964, 257966, 258787, 259757, 260408, 260601, 260648, 260662, 260720, 262175, 263980, 264555, 264593, 264701, 264710, 264870, 266130, 267030, 269284, 269391, 269815, 270512, 272433, 272571, 272618, 273333, 273786, 275037, 276717, 277026, 277727, 277946, 278487, 278497, 278546, 278664, 279991, 280227, 282104, 282299, 282532, 282708, 283027, 283470, 284531, 285002, 285474, 285533, 285535, 285552, 285591, 285639, 285676, 285831, 286150, 286251, 286752, 286757, 286848, 287068, 287129, 287424, 287668, 288152, 288313, 289569, 289977, 290019, 290272, 290389, 290978, 291644, 292108, 292161, 292349, 293869, 294057, 294213, 294984, 295408, 295848, 296473, 296558, 296939, 297002, 297134, 297554, 297685, 297728, 297779, 298471, 298937, 299109, 299745, 299964, 300735, 301101, 301353, 301368, 302342, 302491, 302949, 303842, 304543, 304686, 304863, 306169, 306727, 306963, 307594, 310193, 310201, 310471, 310552, 310564, 310735, 311021, 313044, 313291, 313564, 316192, 316652, 317296, 317928, 318179, 321705, 322046, 322518, 322533, 323472, 324361, 324458, 325447, 325584, 326523, 326590, 327159, 327704, 328781, 329107, 330018, 330098, 330354, 331313, 331439, 331449, 331456, 331461, 335196, 335200, 335472, 335746, 338077, 340507, 340528, 341362, 342217, 342605, 343436, 344037, 345199, 345253, 345942, 346911, 347118, 347873, 350246, 350578, 351100, 351926, 352054, 352424, 353089, 354038, 354618, 356809, 357355, 357928, 357933, 357942, 357955, 358140, 358183, 358196, 358225, 358229, 358658, 358854, 358976, 359170, 359400, 359401, 359413, 359600, 359874, 359920, 360274, 360326, 360487, 361057, 361234, 361487, 361540, 361873, 361999, 362003, 362484, 362490, 362516, 362520, 362526, 363032, 363047, 363188, 363529, 363559, 363955, 363963, 364096, 364226, 364230, 364646, 364710, 365017, 365211, 365328, 365494, 365537, 365558, 365622, 366271, 367110, 367161, 367565, 367657, 367670, 367742, 368003, 368540, 368682, 368831, 368837, 368845, 369390, 369696, 369780, 370059, 370407, 370838, 370844, 371170, 371205, 371261, 372635, 374211, 374212, 374285, 374971, 375167, 375376, 375381, 375464, 375709, 375719, 375791, 375830, 375836, 376185, 376197, 376336, 377297, 377764, 377776, 378256, 378443, 378448, 378455, 379132, 380694, 380725, 380938, 380943, 381135, 381190, 381296, 381382, 381454, 382104, 382184, 382336, 382362, 382675, 383537, 383865, 384046, 384238, 384348, 384541, 384924, 385201, 385230, 385729, 387068, 387387, 387662, 387783, 388129, 388250, 388313, 388603, 389868, 390013, 390063, 390195, 390201, 391643, 392291, 392404, 392501, 392680, 392686, 393021, 394341, 395495, 395553, 396110, 396331, 396343, 397672, 397769, 397787, 398143, 398169, 398230, 398538, 398746, 399397, 400114, 400559, 401720, 402308, 403392, 403420, 403507, 403944, 403976, 404028, 404390, 404485, 405199, 406187, 406449, 406567, 406572, 406750, 407115, 407587, 407807, 410774, 410823, 411770, 412558, 413077, 413080, 414195, 414202, 414397, 414629, 415305, 415582, 416747, 421337, 423197, 424060, 424151, 424159, 424481, 424800, 425051, 425135, 425672, 425679, 425691, 425991, 426221, 426455, 426954, 426988, 427016, 430190, 430196, 430250, 430261, 430311, 430314, 430325, 430395, 430424, 430592, 430597, 430606, 430771, 431242, 431827, 431857, 432047, 433308, 434133, 434582, 434640, 434642, 434666, 434741, 434878, 434919, 434926, 434960, 435073, 435388, 436386, 436897, 437474, 437870, 438099, 438589, 439604, 439879, 440384, 440475, 441695, 442319, 442377, 442835, 442919, 443426, 443679, 445074, 449044, 450749, 450770, 450834, 450884, 451006, 451009, 451074, 451670, 453513, 453550, 453553, 453559, 453619, 453624, 453678, 453687, 453764, 454678, 455423, 455428, 455453, 455464, 455472, 455476, 455498, 455507, 455548, 455554, 455586, 455594, 455619, 455949, 456268, 456333, 456396, 456541, 456560, 456592, 456685, 456839, 456953, 457058, 457112, 457177, 457225, 457332, 457445, 457537, 458147, 458164, 459497, 459542, 459624, 459713, 459878, 460337, 460371, 460475, 460643, 460874, 461089, 461341, 461481, 461861, 462107, 462110, 462113, 462129, 462132, 462135, 462151, 462154, 462157, 462172, 462175, 462178, 462878, 463743, 464438, 465046, 465229, 465354, 465969, 467486, 467533, 467787, 467860, 468268, 468446, 468538, 469624, 469953, 469959, 470009, 470068, 470261, 470340, 470425, 470917, 471442, 471525, 471542, 471995, 472743, 475023, 476421, 476433, 476440, 478362, 478757, 478766, 478783, 479654, 479736, 480319, 481141, 481199, 481643, 482238, 482980, 483650, 485263, 485470, 486393, 487014, 488104, 488205, 488423, 489067, 489291, 489321, 489391, 489401, 489561, 490557, 490579, 490658, 490949, 490960, 492052, 492289, 492814, 493235, 493277, 493294, 493330, 493470, 493805, 493816, 494013, 494039, 494336, 494397, 494402, 494524, 494592, 495187, 495326, 495330, 495468, 495477, 495510, 495545, 495939, 497137, 498126, 498128, 498143, 498389, 498421, 498540, 499165, 499174, 499252, 499292, 499518, 499710, 499818, 499882, 501738, 501921, 502591, 502670, 502833, 502959, 503351, 503742, 503755, 504175, 504309, 506038, 506405, 506409, 506413, 506925, 506935, 507032, 507048, 507084, 507135, 507175, 507319, 507395, 507540, 507637, 507645, 507842, 507871, 508106, 508346, 508366, 508513, 509244, 509479, 509764, 510239, 510445, 510493, 510511, 510520, 510607, 511094, 511232, 511237, 511588, 511728, 511742, 512105, 512113, 512158, 512301, 512403, 512473, 512604, 512695, 512910, 513035, 513047, 513375, 513483, 513553, 513981, 514686, 514842, 515563, 515640, 515890, 515931, 516359, 518185, 518609, 519318, 520372, 520676, 521028, 521258, 521562, 521566, 521570, 521656, 521769, 521971, 522157, 522179, 522243, 522356, 522378, 522408, 522524, 522532, 522670, 522700, 522748, 523094, 523958, 524138, 524562, 524601, 524668, 524932, 524963, 525773, 525932, 525947, 525948, 525958, 526264, 526350, 526417, 526750, 526808, 526825, 526968, 526976, 527201, 527292, 527437, 529376, 529584, 529941, 530328, 530559, 531685, 531822, 531943, 532872, 532916, 533232, 533440, 533813, 534300, 534359, 534491, 535169, 535571, 535721, 535977, 536223, 536482, 536486, 536490, 536684, 536793, 537836, 537863, 537914, 538028, 538693, 538727, 538896, 539003, 539119, 539335, 539376, 539834, 540157, 540266, 540405, 540701, 540967, 541022, 541384, 541441, 541465, 541517, 541667, 541792, 542005, 542167, 542176, 542256, 542504, 542530, 542574, 542801, 542917, 542949, 543122, 543125, 543139, 543152, 543326, 543401, 543496, 543540, 544326, 544666, 544748, 544800, 545627, 546752, 546914, 546961, 547126, 547548, 547596, 547730, 547862, 547955, 548522, 548530, 548795, 549441, 549494, 549713, 550524, 550716, 551505, 551582, 552649, 552670, 552791, 552796, 553077, 553431, 553906, 553922, 554220, 554670, 554851, 554852, 555003, 555380, 555518, 556114, 556233, 556653, 556656, 556842, 557805, 557828, 557873, 558016, 558056, 558799, 559100, 559209, 559217, 559228, 559403, 559411, 559423, 560179, 560273, 561289, 561441, 561451, 561473, 561476, 561485, 561811, 561889, 561979, 562039, 562046, 562292, 562331, 562701, 563036, 563407, 563677, 564421, 564731, 564901, 564989, 564991, 565090, 565164, 565436, 565638, 565776, 566069, 566325, 566771, 566941, 566944, 567306, 567390, 567563, 567730, 568659, 568709, 568717, 569217, 569309, 569463, 569539, 570330, 570984, 571004, 571073, 571080, 571371, 571496, 571581, 572382, 572661, 572896, 573514, 573710, 575096, 575334, 575887, 576322, 576688, 576732, 576998, 577089, 577594, 577684, 578000, 578044, 578101, 578203, 578830, 579075, 579102, 579127, 579274, 579519, 579704, 580085, 580139, 580573, 580840, 581592, 582122, 582965, 582982, 583835, 584052, 584334, 584728, 584945, 585314, 585510, 585522, 585692, 585721, 585951, 586484, 586562, 586635, 586648, 586659, 586668, 586679, 586684, 586699, 586705, 586715, 586727, 586736, 588442, 588624, 588902, 589952, 589965, 589970, 589972, 590031, 590038, 590084, 590318, 590465, 590525, 590528, 590673, 590683, 590790, 590878, 590931, 590940, 590943, 590956, 591090, 591635, 592045, 592712, 592768, 593113, 593117, 593395, 593462, 593587, 593699, 593727, 593914, 593920, 593928, 594061, 594111, 594301, 594408, 594804, 594824, 594835, 595405, 595437, 595581, 595716, 595719, 595726, 596048, 596268, 596279, 596287, 596492, 596608, 596656, 596669, 596679, 596684, 596689, 596695, 596710, 596716, 596776, 596787, 596801, 596896, 596901, 596909, 597576, 597604, 597608, 597644, 597677, 597722, 597723, 597963, 598428, 598453, 598461, 598476, 598752, 598966, 599028, 599627, 599754, 600547, 600629, 602250, 602424, 602769, 602942, 602978, 603513, 603527, 604488, 604548, 604603, 604682, 604685, 604809, 605118, 605149, 605444, 605451, 605465, 605472, 605506, 605622, 605625, 605636, 605647, 606044, 606512, 606538, 606550, 606580, 606972, 606985, 606988, 606993, 606997, 606999, 607001, 607003, 607020, 607321, 607422, 607426, 607695, 607848, 607863, 608491, 608666, 608669, 608745, 608747, 609389, 610898, 610962, 610966, 611003, 611019, 611268, 611324, 611826, 612206, 612288, 612375, 612546, 612704, 612945, 614129, 614132, 614285, 614309, 614424, 614883, 615099, 616149, 616985, 617075, 617421, 617731, 618305, 618448, 618766, 619361, 619385, 619596, 621292, 621314, 621452, 621471, 621943, 622741, 623223, 624004, 624080, 624138, 624713, 624747, 624985, 625134, 625138, 625201, 625643, 626272, 626276, 626710, 626724, 626998, 627141, 628175, 628178, 628188, 628566, 628838, 628882, 629009, 629180, 629379, 629387, 629572, 629718, 629725, 629789, 629798, 629956, 630074, 630095, 630290, 630445, 631672, 632407, 633072, 633396, 633499, 633692, 633701, 633775, 633967, 634426, 635142, 635895, 636650, 637387, 637724, 638266, 638521, 638571, 638578, 638890, 638960, 639132, 639203, 640466, 640745]
11,101,[394, 424, 530, 600, 924, 973, 1511, 1725, 1898, 1961, 1969, 2067, 2102, 2520, 2933, 3105, 3853, 3913, 3991, 4040, 4089, 4577, 4614, 5242, 5264, 5270, 5329, 5382, 5395, 5421, 5463, 5696, 5837, 5981, 6212, 6232, 6402, 6641, 7267, 7339, 7441, 7588, 7604, 8318, 8384, 8700, 8841, 8899, 8965, 9196, 9888, 10342, 10541, 10549, 10573, 11257, 11296, 11529, 11827, 11874, 11906, 12215, 12368, 12421, 12529, 12977, 13038, 13582, 13670, 13727, 13930, 14039, 14538, 14817, 15237, 15239, 15672, 16184, 17177, 17280, 17284, 17523, 17898, 18206, 18231, 18289, 18404, 18579, 18737, 18911, 18942, 18955, 19128, 19576, 19822, 19902, 20129, 20221, 20299, 20355, 20430]
12,152,[328, 396, 628, 784, 793, 991, 1201, 1440, 1449, 1638, 1643, 1661, 1872, 2058, 2480, 2715, 2717, 3204, 3297, 3404, 3483, 3492, 3664, 3766, 3769, 3800, 4403, 4913, 5045, 5069, 5261, 5297, 5548, 5570, 5592, 5983, 6778, 6925, 6964, 7307, 7360, 7473, 7531, 7555, 7785, 7844, 7903, 8566, 8698, 8876, 9285, 9367, 9376, 9379, 9587, 9598, 9888, 9946, 10109, 10125, 10129, 10137, 10700, 10703, 10735, 11106, 11112, 11591, 11610, 11641, 11757, 11958, 11970, 12225, 12651, 12754, 12886, 13026, 13058, 13136, 13140, 13430, 13621, 13838, 14085, 14258, 14270, 14492, 14709, 14842, 14845, 14865, 14868, 14881, 14884, 15308, 15349, 15437, 15936, 15995, 16542, 16755, 16868, 16872, 17060, 17247, 17263, 17712, 17966, 17972, 18147, 18470, 18756, 18789, 18867, 18989, 19459, 19705, 20059, 20106, 20108, 20110, 20112, 20114, 20116, 20118, 20120, 20122, 20124, 20370, 20624, 20639, 20679, 20892, 21106, 21131, 21153, 21233, 21270, 21474, 21588, 21760, 21774, 21864, 21880, 21954, 22462, 22698, 22954, 23089, 23157, 23201]
13,28,[277, 344, 367, 463, 729, 878, 945, 949, 992, 999, 1067, 1070, 1121, 1125, 1176, 1183, 1285, 1626, 2458, 2772, 2779, 2887, 2938, 3057, 3172, 3326, 3357, 4036]
14,189,[803, 1098, 1652, 2108, 2497, 3492, 4575, 5833, 9711, 13198, 15057, 16253, 16900, 17745, 19455, 20352, 21101, 21695, 21816, 22731, 24699, 24864, 27664, 28374, 29170, 30049, 30941, 31516, 31794, 32691, 32699, 32866, 34376, 34665, 34809, 35075, 35971, 36412, 40348, 40999, 41921, 42628, 44017, 49589, 52110, 52276, 52304, 52522, 52895, 55087, 55388, 57657, 59835, 59889, 59895, 60091, 61058, 61116, 61437, 62048, 63108, 63263, 63942, 65138, 69201, 69208, 69902, 71306, 73534, 74044, 74065, 77284, 78591, 78846, 80723, 85177, 88844, 89511, 89873, 89997, 90819, 91906, 92528, 93175, 94435, 94563, 94717, 94943, 95546, 95676, 95898, 96337, 96547, 96642, 99175, 100300, 100718, 102830, 104405, 105132, 105135, 105866, 106282, 106893, 109267, 112422, 113742, 117269, 120585, 121780, 121854, 122091, 122274, 127684, 129856, 130133, 130140, 131664, 133998, 136971, 137508, 137751, 140879, 143852, 144071, 144445, 146640, 146704, 151673, 152426, 152993, 155417, 157733, 158808, 158870, 161837, 163697, 164195, 165659, 166418, 169281, 169537, 169965, 170315, 171351, 172073, 172089, 172367, 175364, 176458, 179061, 180294, 180396, 180852, 180858, 180875, 181894, 186305, 186596, 186626, 190195, 191060, 191374, 192079, 192094, 192915, 193506, 193521, 193556, 194068, 195095, 195323, 195590, 197664, 197666, 197668, 197670, 197672, 197674, 197676, 197679, 197680, 197682, 197684, 197686, 197688, 197690, 197692, 197694]
15,922,[807, 930, 1070, 1139, 1258, 1656, 1682, 1771, 2132, 2323, 2468, 2508, 3209, 3222, 3727, 3791, 3927, 4232, 4315, 4360, 4463, 4708, 4760, 4964, 5008, 5102, 5275, 5425, 5784, 5818, 5997, 6097, 6176, 6183, 6397, 6523, 6722, 7022, 7126, 7369, 7441, 7491, 7567, 7740, 8014, 8073, 8438, 8458, 8503, 8626, 8629, 8785, 8983, 9336, 9366, 9569, 10268, 10525, 10634, 10709, 11114, 11199, 11200, 11514, 11958, 12080, 12162, 12211, 12454, 12775, 12915, 13023, 13407, 13511, 14090, 14172, 14173, 14197, 15039, 15492, 15515, 15773, 16110, 16143, 16709, 17047, 17104, 17704, 17792, 17950, 18610, 19093, 19127, 19346, 19587, 19640, 20080, 20390, 20443, 20705, 20773, 20988, 21237, 21295, 21393, 21430, 21670, 22213, 22425, 22429, 22663, 22932, 23660, 23737, 23789, 23844, 23969, 24400, 24409, 24648, 24821, 25080, 25139, 25236, 25243, 25338, 25925, 25944, 25997, 26188, 26462, 26975, 27063, 27221, 27272, 27683, 27845, 27936, 27952, 27998, 28123, 28246, 28912, 28956, 29040, 29041, 29120, 29639, 29678, 29759, 29918, 30784, 30791, 30982, 31417, 31648, 31684, 31770, 32257, 32541, 33235, 34193, 34340, 34612, 34970, 34990, 34999, 35577, 35603, 35661, 36113, 36505, 36958, 37299, 37345, 37384, 37392, 37592, 37736, 38129, 38295, 38670, 38723, 38818, 38855, 38937, 39202, 39429, 39760, 39958, 40020, 40562, 41314, 41657, 41788, 41926, 42013, 42342, 42695, 42802, 42812, 43502, 43520, 43629, 43693, 43955, 44315, 44776, 44867, 45540, 46111, 46507, 46701, 47457, 47721, 47822, 48085, 48100, 48366, 48401, 48611, 48801, 49406, 49509, 49524, 49646, 49674, 49827, 50031, 50070, 50161, 50288, 50534, 50646, 50838, 50893, 51246, 51532, 51555, 51576, 52225, 52553, 52558, 52641, 52667, 53076, 53311, 53766, 54213, 54486, 54827, 55577, 55610, 56260, 56428, 56613, 56634, 56848, 56861, 56912, 56929, 57245, 57276, 57315, 57327, 57522, 57552, 57758, 57987, 58044, 59123, 59730, 60428, 60539, 60611, 60754, 61016, 61033, 61124, 61231, 61264, 61307, 61319, 61668, 61704, 61777, 61978, 62097, 62353, 62485, 62503, 62598, 62735, 63236, 63262, 63347, 63352, 63453, 63468, 63478, 63502, 63621, 64315, 64477, 64512, 64562, 64594, 64724, 64739, 64878, 64887, 64982, 65297, 65385, 65831, 66282, 66717, 66761, 66829, 66835, 66928, 66956, 67645, 68093, 68475, 68495, 68622, 68670, 68870, 68953, 69252, 69657, 69746, 70113, 70865, 70909, 71202, 71546, 71726, 71818, 71850, 72023, 72056, 72156, 72173, 72245, 72653, 72803, 72856, 73123, 73139, 73779, 73834, 73897, 73978, 74070, 74516, 74968, 75030, 75162, 75247, 76251, 76386, 76752, 77268, 77450, 77730, 77742, 77761, 77862, 78290, 78770, 78900, 78917, 79526, 79777, 79904, 80223, 80795, 80866, 81216, 81244, 81370, 81695, 81709, 81959, 82000, 82036, 82061, 82158, 82162, 82319, 82531, 82581, 82609, 82740, 82768, 82779, 83024, 83088, 83153, 83248, 83539, 83705, 83710, 83775, 83947, 84188, 84266, 84874, 85096, 85099, 85253, 85499, 85586, 85766, 85795, 86072, 86144, 86479, 86487, 86534, 86626, 86677, 86701, 86804, 87291, 87459, 88277, 88393, 88625, 89175, 89248, 89270, 89279, 89455, 89539, 89714, 89727, 89903, 89947, 90012, 90108, 90206, 90309, 90501, 90538, 90895, 91249, 91273, 91524, 91543, 91608, 91788, 91875, 91944, 92176, 92228, 92282, 92432, 92565, 92607, 92878, 92927, 93227, 93253, 93403, 93594, 93709, 93836, 93900, 94033, 94108, 94127, 94235, 94629, 94805, 94978, 95612, 95746, 95829, 96038, 96264, 97349, 97552, 97565, 97737, 97814, 97822, 97913, 98262, 98265, 98432, 98457, 98545, 98711, 98782, 98996, 99525, 99772, 99839, 99902, 100268, 100441, 100531, 100695, 101105, 101389, 101572, 101702, 101752, 101870, 101882, 101899, 101932, 101984, 101985, 102325, 102328, 103117, 103201, 103456, 103471, 103641, 103760, 103837, 104164, 104230, 104408, 104423, 104667, 104765, 104860, 104971, 105149, 105171, 105244, 105353, 105382, 105419, 105590, 105610, 105705, 105923, 106119, 106641, 106645, 106660, 107057, 107194, 107566, 107627, 107888, 107891, 108093, 108285, 108296, 108879, 108912, 109228, 109472, 109790, 109857, 110097, 110729, 110930, 111216, 111286, 111368, 111697, 111841, 111935, 111981, 112151, 112159, 112174, 112185, 112796, 112888, 113169, 113378, 113446, 113483, 113658, 113907, 113984, 114011, 114236, 114249, 114377, 114638, 115140, 115412, 115547, 115661, 115771, 116126, 116197, 117039, 117306, 117458, 117714, 118045, 118238, 118251, 118311, 118488, 118598, 118700, 119008, 119288, 119394, 119396, 119480, 119532, 119552, 119866, 120054, 120167, 120180, 120241, 120274, 120349, 120533, 120656, 120686, 120865, 121150, 121159, 121384, 121417, 121439, 121729, 122207, 122644, 122869, 122990, 123079, 123164, 123568, 123641, 123754, 124028, 124270, 124810, 124817, 125045, 125230, 125828, 125881, 126158, 126253, 126260, 126436, 127238, 128092, 128305, 128403, 128407, 128997, 130324, 130756, 130765, 131125, 131482, 131647, 131657, 131804, 132400, 132790, 132858, 132863, 133370, 133545, 133648, 133774, 133946, 133957, 134080, 134338, 134463, 134485, 134543, 134832, 134957, 135020, 135132, 135181, 135231, 135655, 136397, 136691, 136751, 137170, 137496, 137517, 137917, 138288, 138290, 138425, 138555, 138648, 138864, 139112, 139145, 139161, 139522, 139603, 140172, 140315, 140345, 140482, 140670, 140705, 140919, 141030, 141110, 141213, 141491, 141828, 141873, 142080, 142318, 142380, 142476, 142598, 142781, 142794, 143432, 143496, 143506, 143643, 143706, 143910, 143933, 143987, 143997, 144066, 144096, 144309, 144336, 144440, 144690, 144698, 145522, 145896, 145972, 146038, 146161, 146167, 146702, 146756, 146815, 147001, 147043, 147335, 147348, 147400, 147461, 147959, 148181, 148206, 148238, 148247, 148251, 148295, 148412, 148413, 148429, 148445, 148472, 148542, 148780, 148838, 149083, 149234, 149352, 150084, 150231, 150370, 150673, 150676, 150773, 150776, 150780, 150782, 150795, 150994, 151134, 151513, 151569, 151577, 151580, 151806, 151866, 151893, 152161, 152332, 152487, 152889, 152997, 153711, 153926, 154377, 154780, 154804, 154978, 155044, 155135, 155212, 155213, 155934, 155956, 156052, 156068, 156163, 156233, 156475, 156621, 156681, 156698, 156911, 157189, 157408, 157530, 157610, 157754, 157982, 158126, 158299, 158729, 158908, 159120, 159274, 159564, 159664, 159839, 159865, 160015, 160124, 160600, 160749, 160885, 160923, 161151, 161207, 161529, 161549, 161586, 161855, 161888, 161941, 161954, 162024, 162109, 162125, 162175, 162195, 162249, 162628, 162643, 162893, 163142, 163177, 163408, 163507, 163663, 163921, 163934, 163939, 164894, 165364, 165500, 165762, 166278, 166314, 166336, 166377, 166396, 166518, 166538, 166711, 166857, 166889, 167194, 167556, 167570, 167784, 167790, 167822, 167868, 167895, 167980, 168242, 168291, 168592, 168757, 169006, 169075, 169146, 169152, 169440, 169540, 170576, 170861, 170924, 171146, 171201, 171626, 171658, 171997, 172129, 172257, 172682, 172788, 172915, 173196, 173232, 173422, 173652, 173656, 173806]
16,210,[134, 150, 238, 259, 275, 283, 398, 409, 576, 701, 718, 761, 838, 903, 1065, 1486, 1692, 2015, 2118, 2330, 2331, 2995, 3099, 3727, 4167, 4674, 4959, 5490, 5722, 5843, 6265, 6403, 6488, 6728, 7197, 7469, 7800, 7826, 7840, 8557, 9111, 9828, 10066, 10068, 10314, 10403, 10415, 11004, 11033, 11174, 11463, 11570, 11621, 11877, 11941, 11960, 12060, 12270, 12324, 12354, 12509, 12542, 12849, 12855, 13013, 13142, 13156, 13514, 13605, 13719, 14123, 14660, 15013, 15061, 15199, 15396, 15623, 15772, 15830, 16463, 16522, 16549, 16875, 16884, 16902, 17010, 17069, 17174, 17251, 17278, 17315, 17369, 17443, 17531, 17591, 17629, 17725, 17786, 18070, 18089, 18097, 18126, 18207, 18286, 18341, 18405, 18427, 18701, 18810, 19059, 19649, 19657, 19762, 19868, 19875, 20422, 20436, 20479, 20480, 20904, 21151, 21334, 21352, 21904, 22439, 22686, 22768, 23063, 23143, 23185, 23481, 23629, 23664, 23880, 23888, 23983, 24437, 24652, 25029, 25075, 25233, 25542, 25672, 26060, 26121, 26394, 26734, 26847, 27050, 27058, 27147, 27176, 27197, 27212, 27395, 27437, 27561, 27617, 27760, 28357, 28374, 28809, 28886, 29935, 29936, 29973, 30224, 30253, 30340, 30423, 30603, 30623, 31025, 31265, 31307, 31412, 31418, 31505, 31670, 31925, 31983, 32327, 32531, 32691, 32711, 32752, 33065, 33260, 33450, 33638, 33920, 33995, 34664, 34780, 35124, 35265, 35317, 35381, 35619, 35942, 36040, 36132, 36313, 36453, 36707, 37084, 37138, 37148, 37343, 37727]
17,455,[442, 1044, 2429, 3394, 5371, 5381, 5721, 6891, 7067, 7331, 8489, 10632, 10635, 10638, 10963, 11072, 11438, 11766, 13088, 13198, 15350, 16395, 17400, 17404, 17835, 17872, 18630, 18954, 19511, 19719, 20025, 20085, 20299, 20399, 20552, 20585, 20588, 20633, 20665, 21213, 21264, 21573, 21576, 22357, 22416, 22419, 22637, 22669, 23228, 23986, 24790, 26316, 26359, 26366, 26624, 26717, 28103, 28171, 28181, 28311, 28433, 28441, 28485, 28604, 28638, 28667, 28737, 28776, 28998, 29018, 29076, 29102, 29432, 29488, 30799, 30958, 30968, 31271, 31275, 31693, 31753, 32063, 32254, 32364, 32575, 32596, 32660, 33312, 34155, 34204, 34612, 34703, 34717, 34789, 35049, 35591, 35730, 35878, 35884, 35893, 36482, 37195, 37664, 38140, 38815, 39205, 39361, 40514, 40527, 40611, 40702, 40722, 40737, 40745, 40771, 40878, 41881, 41952, 41963, 42013, 42240, 42372, 43256, 43612, 44365, 45547, 45703, 45886, 46332, 46375, 47843, 50019, 50251, 54098, 54262, 54321, 55583, 55867, 56167, 56485, 56672, 56752, 56793, 58613, 59131, 59168, 59207, 59211, 59458, 59858, 60432, 60524, 60744, 61502, 61517, 61528, 62024, 62258, 62287, 63274, 64088, 64113, 64182, 65080, 65767, 67180, 67440, 67463, 67743, 68782, 69537, 69672, 69832, 69906, 69980, 69990, 69993, 69996, 70006, 70068, 70157, 70231, 70824, 70829, 70858, 71067, 71183, 71299, 73859, 73863, 74042, 74822, 74870, 74882, 74948, 75891, 76055, 76065, 76109, 76909, 77139, 77390, 78586, 78794, 79138, 79666, 81016, 81457, 81524, 82181, 82916, 83984, 84029, 84406, 84529, 85681, 85848, 85856, 85868, 85892, 85902, 85918, 86510, 86689, 86713, 86752, 87697, 88269, 89577, 89626, 89656, 91180, 91431, 91833, 91849, 92485, 92568, 92906, 93781, 95044, 95778, 97883, 97950, 98875, 99037, 99266, 99649, 100393, 101832, 102097, 102823, 102944, 103838, 105310, 106254, 106514, 106875, 110946, 113036, 114394, 114446, 115176, 115389, 115822, 116644, 118517, 119105, 119593, 120127, 120431, 120641, 122867, 122877, 122908, 122921, 122999, 123017, 123874, 123875, 123882, 124004, 124995, 126954, 127028, 127163, 127657, 129093, 129101, 130976, 134136, 134631, 137612, 138182, 138198, 139192, 139720, 139727, 140812, 142211, 143130, 143141, 144830, 148311, 148539, 149548, 149695, 150133, 150560, 151101, 151165, 151173, 151249, 152058, 153405, 153411, 154315, 154948, 155579, 155585, 155740, 156083, 156246, 157696, 158264, 158897, 159465, 159542, 159543, 160699, 162164, 162244, 162779, 164331, 164338, 164394, 164924, 166605, 167070, 167701, 169156, 169337, 169617, 169620, 169850, 169875, 170856, 170894, 171552, 172481, 172657, 172731, 172799, 172806, 173023, 173063, 173222, 173259, 173884, 174387, 175944, 175950, 175989, 176191, 176405, 176406, 176460, 176689, 176701, 176761, 176774, 176937, 177504, 177738, 177900, 178515, 178524, 178641, 178681, 178928, 179119, 179227, 179661, 179664, 179775, 179778, 179935, 179938, 180801, 180836, 181075, 181167, 181168, 181400, 182022, 182244, 182245, 183001, 183216, 183569, 184074, 184351, 185714, 186313, 186758, 187138, 187140, 187603, 187617, 188622, 188623, 188919, 188953, 190195, 190305, 190805, 191753, 192482, 192700, 192755, 196014, 196801, 197170, 197179, 197186, 197346, 197744, 197791, 198115, 198761, 201720, 201721, 202242, 203345, 203989, 204123, 204225, 204544, 207922, 208442, 208504, 209430, 211441, 212571, 212610, 213854, 214448, 215043, 215850, 216366, 216425, 217382, 217648, 217651, 217738, 217745]
18,561,[250, 550, 1212, 1570, 1891, 1982, 2154, 2223, 2226, 2251, 2398, 2486, 2489, 2600, 2781, 3350, 3534, 3852, 4001, 4069, 4088, 4226, 4260, 4294, 4935, 5023, 5207, 5213, 5229, 5331, 5349, 5441, 5454, 5565, 5724, 5766, 5864, 5975, 6134, 6170, 6194, 6381, 6404, 6452, 6678, 6849, 6921, 7542, 7952, 8142, 8895, 9464, 9732, 9900, 10632, 10801, 10860, 10928, 11444, 12135, 12588, 12624, 12766, 12958, 13057, 13068, 13136, 13173, 13186, 13199, 13460, 13580, 13981, 14047, 14066, 14573, 14741, 14907, 15213, 15807, 16021, 16710, 17480, 17560, 17882, 18181, 18898, 18912, 19096, 19142, 19616, 19639, 19644, 19716, 19802, 19929, 20183, 20205, 20207, 20934, 20990, 21406, 21644, 23743, 24600, 25222, 26417, 27087, 27362, 28068, 28209, 28469, 28652, 28839, 28959, 29306, 29434, 29586, 29601, 29675, 29680, 30225, 30284, 30662, 31196, 31216, 31574, 32338, 34186, 34477, 34795, 34940, 35134, 35174, 35248, 35331, 35753, 35960, 35986, 36014, 36224, 37265, 37424, 37528, 37561, 37607, 38208, 38504, 38638, 38854, 39222, 40062, 40469, 40502, 41250, 41769, 42026, 42888, 42898, 43707, 43802, 44367, 44384, 44740, 44947, 45618, 45871, 46314, 46366, 47001, 47140, 47518, 47803, 49013, 49206, 49288, 49383, 49759, 51248, 51385, 51681, 52157, 52548, 52614, 52775, 52962, 53005, 53013, 53206, 53883, 54044, 54679, 54883, 55281, 55512, 55557, 55643, 56207, 56443, 57176, 57588, 57638, 57781, 58512, 58782, 59452, 59590, 59713, 59795, 60018, 60050, 60123, 60131, 60373, 60462, 60481, 60643, 60797, 61789, 61857, 62067, 62072, 62158, 62267, 62402, 62600, 62634, 62702, 62765, 63209, 63290, 64024, 64468, 64688, 64826, 64915, 65139, 65661, 65669, 65853, 66357, 66595, 66803, 66872, 67291, 68015, 68060, 68393, 68793, 69023, 69485, 70025, 70360, 70506, 70545, 72109, 72268, 72624, 72630, 72642, 72791, 72809, 72946, 72973, 73255, 73366, 73401, 73451, 73715, 73953, 74145, 75054, 75556, 75769, 76315, 76324, 76484, 78151, 78343, 78702, 78742, 78765, 78820, 78958, 79040, 79047, 79565, 79675, 79726, 79989, 79993, 80126, 80273, 80292, 80533, 80709, 80926, 80977, 81010, 81164, 81189, 81288, 81363, 81757, 82493, 82494, 82503, 82531, 82553, 82601, 82847, 83120, 83218, 83342, 83504, 83914, 84670, 84673, 84846, 85054, 85475, 86157, 86194, 86331, 86898, 87768, 87786, 88146, 88331, 88401, 88431, 88460, 88930, 88956, 89686, 89973, 90092, 90166, 90743, 90821, 90849, 91256, 91590, 91617, 91637, 91663, 91675, 91688, 92023, 92060, 92070, 92931, 93298, 93655, 93898, 93909, 94058, 94357, 94878, 95155, 95307, 95388, 95415, 95648, 95697, 95827, 95861, 96058, 96080, 96191, 96839, 97056, 97618, 98024, 98260, 98880, 99074, 99462, 99474, 99640, 100131, 100518, 101127, 101500, 101570, 102080, 102315, 102563, 102976, 103115, 103119, 103636, 103940, 103994, 104020, 104309, 104357, 104578, 104673, 105370, 105985, 106950, 107244, 107470, 107884, 108087, 108512, 108552, 109089, 109172, 109429, 110293, 110331, 110369, 110919, 111332, 111769, 111784, 112484, 112535, 112537, 112571, 112931, 113208, 113285, 113743, 114702, 114816, 115207, 115222, 115239, 115271, 115293, 115309, 115333, 115380, 116031, 116071, 116190, 116347, 116947, 117044, 117640, 117749, 117793, 117961, 118424, 118464, 118583, 118740, 119339, 119436, 120032, 120141, 120185, 120353, 120523, 120997, 121038, 121203, 121212, 121461, 121516, 121604, 122138, 122202, 122750, 122987, 123767, 123794, 123836, 124040, 124129, 124149, 124686, 124969, 125414, 125454, 125727, 125884, 125894, 126176, 126899, 127234, 127489, 127632, 127659, 127833, 127900, 128114, 128181, 128347, 128426, 128655, 129052, 129566, 129629, 129904, 130737, 131121, 131227, 131572, 131627, 132265, 132480, 133312, 134140, 134169, 134211, 134499, 135124, 135535, 135554, 135936, 136544, 136981, 137238, 137289, 137626, 137644, 137684, 138567, 138660, 138693, 138743, 138772, 139036, 139116, 139233, 139401, 139813, 139910, 140300, 141692, 141812, 141823, 141890, 142023, 142081, 142144, 142422, 142431, 142723, 142757, 142922, 143049, 143092, 143194, 144051, 144533, 145221, 145279, 146182, 147244, 147739, 147990, 148005, 148168, 148224, 148331, 148755]
19,47,[1731, 2072, 2257, 2649, 3003, 3007, 3109, 4297, 4364, 4394, 5865, 5874, 6833, 7004, 8511, 10836, 10869, 12104, 13369, 13933, 14627, 14786, 16405, 16415, 17550, 17894, 19415, 19432, 19438, 19464, 19499, 19795, 19900, 20063, 20068, 20821, 22684, 22930, 22995, 23049, 23746, 23748, 25611, 25956, 26158, 26766, 27099]
20,142,[47, 217, 403, 511, 1596, 2802, 2893, 2965, 2973, 3900, 4339, 5996, 6068, 7259, 8653, 8664, 8914, 9263, 9477, 10090, 11803, 15321, 15576, 16337, 16528, 17297, 17316, 17337, 18709, 18765, 18863, 18940, 19407, 19457, 19655, 19660, 19824, 21964, 22908, 23027, 23031, 25293, 25690, 25708, 26534, 26951, 27071, 27072, 27421, 27584, 27589, 27818, 27880, 27907, 27957, 28525, 28531, 28962, 29236, 29402, 30371, 30649, 31017, 31022, 31160, 31502, 31605, 33242, 33666, 34479, 35032, 35062, 35470, 35836, 38339, 38371, 40061, 40640, 40844, 41323, 41325, 41327, 41661, 41977, 43075, 43102, 43543, 43913, 44969, 45090, 45371, 45586, 45594, 46091, 46999, 47933, 48019, 48178, 48179, 48220, 48222, 48250, 48252, 48572, 52052, 52058, 52060, 53026, 53541, 54445, 54612, 54685, 54898, 55325, 55338, 55458, 56737, 56741, 56980, 57367, 57723, 57824, 57888, 58048, 59923, 60470, 60596, 61169, 61519, 61577, 61966, 61975, 62069, 62162, 62287, 62807, 62819, 63294, 63617, 63656, 65756, 65893]
21,183,[550, 1737, 2004, 2106, 2777, 3010, 3384, 3436, 3631, 3646, 3760, 4095, 4597, 4833, 4892, 5026, 5053, 5167, 5599, 5777, 5821, 5822, 5845, 6012, 6299, 6423, 7237, 7240, 7256, 7375, 7394, 7677, 7786, 8089, 8126, 8339, 8340, 8436, 8626, 8914, 8972, 9049, 9166, 9552, 9921, 10075, 10136, 10203, 10259, 10471, 10636, 10705, 10806, 10906, 11489, 11497, 11604, 11727, 12345, 12452, 12511, 12613, 12716, 12770, 12810, 12851, 12899, 13049, 13249, 13851, 14103, 14118, 14453, 14577, 14644, 14733, 14783, 14832, 14835, 14840, 15502, 15782, 16030, 16295, 16363, 16544, 17293, 17346, 17480, 17515, 17603, 17625, 17907, 18085, 18131, 18256, 18410, 18411, 18453, 18865, 18910, 19239, 19282, 19308, 19462, 19463, 19756, 20017, 20037, 20054, 20101, 20542, 20560, 20707, 20718, 21290, 21385, 21431, 21602, 21732, 21830, 22054, 22282, 22283, 22586, 22902, 23052, 23106, 23220, 23229, 23533, 23715, 23738, 24260, 24319, 24415, 24437, 24450, 24621, 25036, 25614, 25615, 25830, 26255, 26258, 26277, 26630, 26736, 26759, 26806, 26864, 27287, 27631, 27635, 27748, 28038, 28039, 28053, 28054, 28077, 28078, 28341, 28386, 28461, 28514, 28895, 29613, 29701, 29922, 30604, 30887, 31299, 31485, 32099, 32104, 32264, 32583, 32745, 33355, 33655, 33735, 34141, 35548]
22,2067,[202, 237, 669, 1123, 1126, 1127, 2075, 2178, 2216, 2227, 2255, 2264, 2708, 3471, 3519, 3521, 3565, 3938, 4066, 4081, 4254, 4408, 5356, 6081, 6581, 6992, 6993, 7343, 7430, 7512, 7916, 7932, 7995, 8320, 8373, 8376, 8379, 9548, 9805, 9836, 10860, 10991, 10992, 10993, 11303, 11626, 11643, 11645, 11647, 11723, 11824, 12379, 12386, 12396, 12401, 12462, 12463, 12464, 12467, 12489, 12661, 13096, 13122, 13157, 13205, 13211, 13226, 13250, 13275, 13294, 13296, 13300, 13428, 13467, 13589, 14112, 14115, 14118, 14254, 14731, 15045, 15051, 15067, 15601, 15604, 15607, 15687, 15842, 16545, 16789, 16906, 16934, 17038, 17134, 17216, 17220, 17232, 17238, 17350, 17357, 17543, 17546, 17606, 17616, 17619, 17677, 17903, 18321, 18330, 18847, 18850, 18853, 18856, 18997, 19000, 19003, 19006, 19153, 19159, 19165, 19503, 19596, 19985, 19988, 20255, 20257, 20259, 20404, 20434, 21081, 21083, 21089, 21115, 21312, 21314, 21539, 21546, 21622, 21627, 21773, 21776, 21780, 22001, 22667, 23638, 23641, 23644, 23842, 24225, 24248, 24478, 24480, 24485, 25106, 25109, 25127, 25131, 25240, 25242, 25251, 25275, 25295, 25456, 25642, 25997, 27390, 27674, 27676, 27678, 27680, 27683, 27687, 27690, 28958, 28961, 28990, 29242, 29243, 29369, 29730, 29998, 30330, 31326, 31427, 31511, 31900, 31903, 32019, 32079, 32113, 32262, 32502, 32547, 35122, 35125, 35128, 35131, 35296, 35299, 35603, 35669, 35672, 35675, 35678, 35681, 35684, 35687, 35690, 35693, 35696, 35900, 35903, 36292, 36924, 37331, 37334, 37338, 37351, 37354, 37359, 37362, 37487, 37491, 37493, 37497, 37499, 37507, 37599, 37632, 37666, 37738, 37902, 37906, 37950, 38152, 38156, 38159, 38162, 38165, 38168, 38171, 38181, 38351, 38441, 38446, 38695, 38698, 38702, 38747, 38750, 38753, 38756, 38759, 38762, 38765, 38803, 38957, 38960, 38964, 39145, 39147, 39453, 39466, 39660, 39666, 39686, 39801, 39850, 39857, 39870, 39899, 39902, 40044, 40461, 41093, 41104, 41119, 41127, 41134, 41474, 41477, 41480, 41483, 41490, 41736, 41978, 41983, 41999, 42001, 42091, 42214, 42218, 42264, 42314, 43427, 44430, 46630, 46728, 46961, 46964, 46970, 46973, 46976, 46979, 46982, 46985, 46988, 46992, 47009, 47013, 47016, 47019, 47030, 47043, 47054, 47065, 47073, 47076, 47079, 47082, 47102, 47105, 47114, 47118, 47134, 47149, 47194, 47199, 47204, 47226, 47227, 47230, 47242, 47248, 47275, 47279, 47282, 47285, 47294, 47306, 47558, 47592, 47596, 47618, 47625, 47629, 47633, 48776, 48778, 48780, 49181, 49545, 50172, 50652, 51587, 52226, 52287, 52292, 52442, 52504, 52508, 53222, 53227, 53232, 53237, 53612, 54448, 54524, 54527, 54530, 56999, 57009, 57030, 57034, 57051, 57073, 57123, 57144, 57238, 57244, 57250, 57468, 57471, 57698, 57892, 57956, 57959, 57962, 57965, 57976, 58193, 58819, 58840, 58844, 58847, 58850, 58853, 58856, 58859, 58862, 58866, 58879, 58891, 58895, 58898, 58906, 58938, 59142, 59394, 59560, 59628, 59693, 59696, 59730, 59758, 59762, 59927, 60114, 60117, 60123, 60127, 60131, 60135, 60139, 60143, 60160, 60167, 60180, 60209, 60300, 60332, 60336, 60344, 60351, 60446, 60452, 60455, 60466, 60469, 60472, 60475, 60480, 60489, 60511, 60714, 60723, 60735, 60755, 60762, 60766, 60785, 61092, 61284, 61606, 61619, 61623, 61689, 61695, 61721, 61780, 61784, 62283, 62432, 62440, 62551, 63082, 63085, 63088, 63091, 63094, 63239, 63675, 63690, 63692, 63694, 63704, 63707, 63823, 63830, 64049, 64120, 64424, 64498, 64554, 64647, 64666, 64671, 64675, 64692, 64697, 64822, 65033, 65036, 65189, 65192, 65203, 65214, 65225, 65288, 65315, 65330, 65363, 65735, 65749, 65796, 65799, 65805, 65812, 65815, 65895, 65899, 66017, 66152, 66195, 66198, 66201, 66204, 66313, 66454, 66457, 66577, 66591, 66597, 66659, 66675, 66677, 66682, 66767, 66770, 66773, 66794, 66796, 66885, 67158, 67161, 67177, 67181, 67284, 67288, 67291, 67473, 67564, 67568, 67723, 68335, 68391, 68771, 68774, 68874, 68924, 68930, 69053, 69057, 69117, 69124, 69552, 69560, 69618, 69621, 69627, 69635, 69655, 69658, 69662, 69751, 69765, 69768, 69771, 69774, 69780, 69787, 69791, 69798, 69816, 69841, 69844, 69869, 69899, 69952, 69955, 69959, 69962, 69967, 69972, 69975, 69978, 69984, 69987, 69990, 70006, 70213, 70275, 70278, 70281, 70284, 70287, 70290, 70292, 70295, 70298, 70301, 70304, 70307, 70310, 70322, 70394, 70398, 70401, 70404, 70407, 70414, 70420, 70524, 70535, 70539, 70673, 70679, 70682, 70733, 70736, 70759, 70763, 70782, 70875, 70890, 70898, 70901, 70938, 70940, 71044, 71047, 71050, 71053, 71056, 71059, 71093, 71097, 71110, 71135, 71177, 71181, 71217, 71249, 71255, 71258, 71263, 71267, 71278, 71281, 71284, 71287, 71290, 71293, 71296, 71303, 71325, 71350, 71412, 71604, 72068, 72101, 72150, 72376, 72380, 72383, 72386, 72389, 72392, 72856, 73021, 73044, 73102, 73175, 73642, 73645, 73648, 73649, 73652, 73658, 73685, 73691, 73694, 73726, 73797, 73840, 73843, 73845, 74013, 74105, 74109, 74304, 74307, 74310, 74324, 74327, 74371, 74409, 74412, 74430, 74442, 74452, 74455, 74458, 74512, 74513, 74529, 74617, 74698, 74702, 74728, 74733, 74889, 75007, 75233, 75236, 75239, 75242, 75245, 75248, 75251, 75255, 75259, 75362, 75367, 75942, 76179, 76216, 76225, 76238, 76244, 76270, 76287, 76307, 76486, 76871, 77133, 77142, 77145, 77148, 77194, 77606, 77614, 77652, 77709, 78388, 78400, 78507, 78517, 78522, 78526, 78528, 78538, 78582, 79775, 81328, 81387, 82511, 82514, 82685, 82690, 82695, 82700, 82703, 82706, 82709, 82737, 82740, 82743, 82749, 82752, 82758, 82775, 82783, 82786, 82876, 82947, 83177, 83180, 83183, 83190, 83214, 83217, 83220, 83223, 83231, 83253, 83496, 83755, 83766, 84304, 85200, 85335, 85338, 85343, 85347, 85350, 85354, 85357, 85363, 85370, 85373, 85377, 85415, 85421, 85424, 85437, 85583, 85691, 85695, 85929, 85952, 85966, 86021, 86089, 86092, 86099, 86103, 86107, 86117, 86142, 86206, 86212, 86260, 86265, 86271, 86274, 86278, 86297, 86302, 86307, 86312, 86337, 86341, 86446, 86566, 86570, 86573, 86576, 86579, 86599, 86766, 86787, 86843, 86972, 87153, 87156, 87159, 87162, 87181, 87186, 87191, 87196, 87205, 87231, 87234, 87247, 87254, 87354, 87467, 87492, 87503, 87506, 87515, 87524, 87560, 87563, 87595, 87620, 87632, 87806, 87995, 88092, 88139, 88142, 88235, 88635, 88650, 88653, 88841, 88943, 88946, 88949, 89077, 89181, 89183, 89185, 89286, 89392, 89424, 89487, 89676, 89706, 89962, 89965, 89968, 89974, 89977, 89984, 90043, 90078, 90097, 90131, 90134, 90139, 90203, 90210, 90227, 90230, 90245, 90248, 90360, 90373, 90376, 90379, 90431, 90434, 90512, 90515, 90518, 90532, 90540, 90572, 90575, 90578, 90584, 90589, 90595, 90598, 90638, 90643, 90646, 90652, 90664, 90677, 90690, 90870, 91099, 91198, 91495, 91871, 91963, 91988, 92061, 92205, 92208, 92211, 92307, 92506, 92614, 92684, 92702, 92721, 92783, 92814, 92816, 92920, 93442, 93492, 93613, 93636, 93654, 93657, 93686, 94160, 94276, 94718, 94896, 94914, 95027, 95670, 95734, 96129, 96439, 96442, 96901, 97080, 97218, 97283, 98159, 98166, 98177, 98180, 98265, 98455, 98463, 98468, 98532, 98595, 98651, 99045, 99057, 99075, 99317, 99320, 99323, 99421, 99424, 99428, 99443, 99446, 99463, 99797, 99800, 99860, 99873, 99891, 99894, 99932, 99947, 100003, 100012, 100077, 100289, 100294, 100297, 100300, 100303, 100306, 100309, 100312, 100321, 100324, 100340, 100391, 100423, 100426, 100431, 100436, 100439, 100444, 100449, 100538, 100851, 100862, 100877, 100951, 101049, 101091, 101094, 101138, 101152, 101155, 101167, 101174, 101177, 101204, 101271, 101433, 101445, 101462, 101465, 101485, 101488, 101505, 101518, 101526, 101539, 101554, 101559, 101577, 101580, 101583, 101611, 101621, 101635, 101638, 101726, 101733, 101745, 101752, 102028, 102031, 102049, 102148, 102425, 102430, 102618, 102636, 102639, 102642, 102653, 102666, 102683, 102742, 102765, 102768, 102816, 102829, 102858, 102877, 102880, 102884, 102888, 102890, 102893, 102896, 102901, 102904, 102907, 102910, 102914, 102917, 102921, 102925, 102928, 102931, 102935, 102940, 102945, 102952, 103011, 103024, 103053, 103146, 103158, 103163, 103343, 103347, 103434, 103437, 103440, 103443, 103447, 103783, 103786, 103789, 103792, 103798, 103802, 103965, 104276, 104279, 104649, 104654, 104662, 104667, 104671, 104686, 104689, 104691, 104709, 104712, 104715, 104718, 104731, 104735, 104883, 105016, 105029, 105073, 105076, 105118, 105122, 105129, 105133, 105138, 105144, 105158, 105161, 105165, 105168, 105174, 105188, 105194, 105287, 105303, 105306, 105387, 105697, 105702, 105723, 105878, 105882, 105895, 105899, 106142, 106148, 106151, 106154, 106157, 106162, 106164, 106237, 106252, 106255, 106461, 106468, 106472, 106474, 106502, 106512, 106669, 106673, 106679, 106699, 106702, 106849, 106979, 107141, 107208, 107213, 107227, 107326, 107364, 107367, 107370, 107390, 107524, 107561, 107563, 107689, 107697, 107702, 107713, 107780, 107843, 107862, 107927, 107960, 107965, 107973, 108011, 108093, 108573, 108785, 108791, 108861, 108863, 108873, 108880, 108935, 108946, 108989, 109178, 109181, 109184, 109187, 109266, 109269, 109280, 109682, 109685, 109689, 109827, 109849, 109853, 109868, 109871, 109876, 109975, 109983, 109986, 110017, 110062, 110370, 110379, 110717, 110742, 110754, 110832, 110838, 111100, 111117, 111226, 111229, 111237, 111252, 111267, 111298, 111301, 111343, 111383, 111386, 112371, 112445, 112589, 112633, 112704, 112707, 112758, 112761, 112786, 112792, 112798, 112801, 112811, 112823, 112826, 112829, 112832, 112861, 112882, 112920, 112979, 113029, 113099, 113142, 113153, 113155, 113362, 113366, 113391, 113397, 113430, 113453, 113473, 113479, 113485, 113491, 113497, 113510, 113573, 113627, 113735, 113738, 113741, 113753, 113763, 113825, 113959, 113962, 113966, 113969, 113972, 113975, 113978, 113992, 113997, 114002, 114005, 114008, 114011, 114014, 114068, 114083, 114114, 114122, 114305, 114320, 114336, 114342, 114385, 114399, 114452, 114574, 114578, 114581, 114589, 114593, 114599, 114607, 114659, 114661, 114663, 114680, 115076, 115414, 115419, 115492, 115495, 115498, 115508, 115511, 115822, 116170, 116266, 116268, 116271, 116298, 116300, 116302, 116304, 116490, 116493, 116508, 117043, 117045, 117047, 117191, 117196, 117199, 117202, 117205, 117208, 117211, 117217, 117221, 117224, 117339, 117374, 117439, 117461, 117530, 117533, 117536, 117549, 117644, 117647, 117650, 117672, 117808, 118444, 118512, 118528, 118538, 118596, 118778, 118805, 118908, 118971, 119091, 119097, 119170, 119182, 119197, 119246, 119249, 119273, 119277, 119287, 119296, 119310, 119315, 119492, 119533, 119541, 119556, 119590, 119592, 119595, 119808, 119811, 119814, 119817, 119820, 119823, 119826, 119829, 119879, 119901, 120028, 120029, 120287, 120302, 120306, 120309, 120312, 120315, 120321, 120344, 120404, 120407, 120445, 120485, 120688, 120707, 120726, 120732, 120824, 120923, 120929, 120955, 120959, 120961, 120963, 120965, 120967, 120969, 121315, 121318, 121439, 121443, 121452, 121458, 121473, 121475, 121479, 121485, 121491, 121497, 121550, 121554, 121558, 121562, 121701, 121761, 121833, 122130, 122134, 122139, 122147, 122151, 122154, 122157, 122160, 122163, 122165, 122169, 122251, 122445, 122463, 122484, 122487, 122495, 122603, 122616, 122619, 122697, 122936, 123242, 123368, 123475, 124090, 124766, 124790, 124794, 124860, 125025, 125028, 125119, 125122, 125234, 125237, 125240, 125352, 125464, 125467, 125470, 125663, 125803, 126102, 126109, 126157, 126409, 126515, 126545, 126647, 126729, 126732, 126742, 126745, 126775, 126956, 126960, 126964, 126968, 126972, 126976, 126980, 127025, 127124, 127274, 127286, 127368, 127677, 128134, 128264, 128317, 128322, 128369, 128385, 128388, 128407, 128412, 128418, 128484, 128507, 128523, 128580, 128597, 128605, 128755, 128758, 128777, 128973, 129090, 129104, 129107, 129110, 129113, 129119, 129123, 129127, 129298, 129547, 129843, 129955, 130112, 130115, 130118, 130121, 130137, 130180, 130182, 130184, 130358, 130376, 130537, 130598, 130611, 130614, 130644, 130668, 130677, 130776, 130890, 130976, 130990, 131009, 131013, 131017, 131021, 131047, 131077, 131089, 131143, 131238, 131245, 131264, 131539, 131546, 131551, 131736, 132131, 132154, 132164, 132167, 132170, 132243, 132385, 132400, 132456, 132459, 132466, 132469, 132475, 132711, 132733, 132765, 132768, 132771, 132774, 132799, 132827, 133168, 133445, 133449, 133691, 133739, 133743, 133746, 133785, 133807, 133810, 133814, 133976, 133980, 133984, 133988, 134000, 134099, 134295, 134687, 135721, 135723, 135726, 136110, 136226, 136531, 136556, 136781, 136786, 136790, 136871, 136888, 136897, 136904, 137230, 137233, 137236, 137280, 137486, 137515, 137517, 137552, 137556, 137560, 137564, 137587, 137591, 137596, 137601, 137606, 137609, 137612, 137659, 137741, 137744, 137937, 137940, 137948, 138012, 138107, 138113, 138226, 138336, 138388, 138443, 138456, 138474, 138481, 138489, 138554, 138580, 138640, 138642, 138657, 138667, 138670, 138673, 138676, 138691, 138740, 138748, 138985, 139029, 139036, 139048, 139055, 139058, 139062, 139166, 139177, 139490, 139496, 139666, 139685, 139768, 139863, 139917, 139920, 139923, 139928, 139931, 139947, 139951, 139955, 139965, 139967, 139969, 139996, 140005, 140010, 140015, 140020, 140023, 140065, 140117, 140228, 140514, 140617, 140620, 140632, 140635, 140638, 140652, 140662, 140686, 140735, 140827, 140832, 140986, 141016, 141021, 141033, 141042, 141077, 141187, 141199, 141216, 141240, 141303, 141652, 141741, 141757, 141916, 141937, 141982, 141997, 142000, 142003, 142006, 142032, 142036, 142066, 142072, 142146, 142148, 142151, 142154, 142244, 142247, 142252, 142257, 142260, 142266, 142301, 142325, 142331, 142369, 142401, 142404, 142407, 142418, 142433, 142526, 142541, 142545, 142579, 142617, 142685, 142688, 142696, 142702, 142712, 142918, 143289, 143308, 143416, 143495, 143612, 143723, 143742, 143745, 143989, 144100, 144103, 144143, 144232, 144428, 144647, 144697, 144699, 144706, 144942, 144956, 145034, 145242, 145252, 145267, 145270, 145342, 145366, 145382, 145385, 145417, 145607, 145611, 145641, 145770, 145773, 145777, 145780, 145975, 145980, 146011, 146072, 146077, 146136, 146139, 146142, 146145, 146148, 146150, 146152, 146154, 146157, 146164, 146167, 146404, 146408, 146609, 146615, 146639, 146642, 146645, 146674, 146677, 146680, 146683, 146768, 146790, 146793, 146796, 146799, 146802, 146808, 146820, 146831, 146840, 146908, 146939, 146942, 146945, 147067, 147397, 147400, 147432, 147435, 147438, 147444, 147478, 147481, 147574, 147671, 147674, 147706, 147707, 147710, 147941, 148263, 148265, 148272, 148276, 149021, 149044, 149103, 149118, 149190, 149270, 149273, 149277, 149280, 149443, 149540, 149543, 149550, 149553, 149792, 149808, 149818, 149985, 150015, 150115, 150152, 150156, 150159, 150162, 150497, 150503, 150506, 150593, 150596, 150599, 150602, 150605, 150609, 150657, 150660, 150765, 150940, 150944, 150975, 151119, 151123, 151222, 151339, 151342, 151345, 151348, 151351, 151363, 151387, 151794, 152034, 152108, 152110, 152196, 152280, 152294, 152303, 152316, 152319, 152338, 152351, 152568, 152577, 152684, 152717, 152988, 153032, 153046, 153110, 153190, 153200, 153203, 153404, 153408, 153411, 153414, 153417, 153443, 153479, 153499, 153732, 153735, 153738, 153746, 153770, 153786, 153829, 153847, 153982, 153991, 154105, 154109, 154114, 154118, 154123, 154132, 154244, 154247, 154250, 154253, 154256, 154259, 154264, 154274, 154277, 154288, 154291, 154515, 154922, 155011, 155014, 155090, 155501, 155526, 155530, 155533, 155589, 155594, 155764, 155768, 155771, 155985, 156218, 156237, 156255, 156264, 156273, 157023, 158052, 158061, 158096, 158137, 158144, 158251, 158389, 158400, 158978, 158991, 160326, 160651, 160670, 160673, 160710]
23,183,[365, 560, 801, 941, 969, 1257, 1279, 1429, 1436, 1646, 1663, 1781, 2106, 2199, 2516, 2714, 2758, 2806, 2817, 2834, 2913, 3898, 3969, 4214, 4245, 4268, 4308, 4716, 5077, 5088, 5207, 5430, 5442, 5449, 5451, 5460, 5464, 5553, 5647, 5689, 5745, 6063, 6104, 6239, 6494, 6645, 6788, 6976, 6988, 7259, 7345, 7891, 7950, 8036, 8288, 8373, 8459, 8484, 8562, 8644, 9056, 9591, 9632, 9654, 9956, 10075, 10513, 11156, 11310, 11381, 11487, 11649, 11697, 11840, 12010, 12098, 12108, 12367, 12463, 12483, 12540, 12561, 12713, 13596, 13654, 13673, 13719, 14274, 14756, 14818, 14827, 14833, 15485, 15706, 15757, 15858, 15929, 16055, 16088, 16114, 16303, 16362, 16497, 16635, 17057, 17098, 17117, 17188, 17542, 17620, 17631, 17746, 17773, 17829, 17881, 17947, 17953, 17971, 18007, 18043, 18548, 19803, 19969, 20067, 20354, 20463, 20724, 20768, 20864, 21391, 21616, 21755, 21818, 21966, 22097, 22099, 22147, 22357, 22483, 22504, 22754, 22782, 23014, 23225, 23574, 23618, 23696, 23697, 23801, 23856, 24002, 24057, 24200, 24402, 24599, 24607, 24611, 24622, 24669, 24736, 25011, 25179, 25326, 25365, 25903, 26427, 26508, 26995, 27126, 27153, 27228, 27236, 27242, 27302, 27362, 27752, 28262, 29356, 29372, 29409, 29905, 29976, 30675]
24,193,[151, 373, 413, 509, 633, 1065, 1554, 1681, 1735, 1947, 2743, 2819, 2934, 3029, 3039, 3214, 3242, 3257, 3639, 3662, 4035, 4039, 4179, 4695, 5223, 5234, 5245, 5268, 5511, 5717, 5847, 5869, 5888, 6033, 6088, 6404, 6756, 7260, 7459, 7534, 7632, 7860, 7863, 7995, 8008, 8765, 8849, 9949, 10350, 10860, 11183, 11218, 11264, 11436, 11459, 11704, 11726, 11756, 12169, 12488, 12497, 12528, 12867, 12884, 13091, 13200, 13391, 13773, 13902, 14196, 14688, 14947, 15087, 15110, 15347, 15352, 15529, 15843, 16942, 17137, 17179, 17872, 17960, 18065, 18247, 18331, 18366, 18401, 18438, 18482, 18638, 18908, 19235, 19571, 19954, 19973, 20154, 20315, 20362, 20406, 20686, 21312, 21354, 21508, 21558, 21572, 21972, 22035, 22546, 24282, 24314, 25032, 25057, 25943, 26459, 26525, 26904, 26925, 27110, 27139, 27197, 27310, 27571, 27768, 28116, 28318, 28595, 28679, 29197, 29627, 29843, 30000, 30036, 30095, 30110, 30159, 30455, 30468, 30476, 30748, 30821, 31735, 31742, 32032, 32095, 32559, 32609, 32690, 33237, 33410, 33584, 33639, 33709, 33781, 33868, 33896, 34072, 34211, 34246, 34827, 34832, 35011, 35153, 35368, 35963, 36211, 36333, 36489, 36567, 36774, 36885, 37267, 37946, 38179, 38345, 38736, 39385, 39667, 39828, 40248, 40665, 40932, 41170, 41790, 41842, 41891, 41918, 42589, 43476, 43711, 44083, 44395, 45034]
25,200,[985, 1212, 1892, 1903, 1943, 2412, 2851, 3902, 4563, 4992, 6165, 7527, 7633, 9943, 13242, 15004, 16094, 16658, 16826, 17408, 17460, 19026, 20023, 20702, 21223, 21326, 22245, 24029, 26570, 26782, 27483, 29104, 29903, 30706, 31561, 31569, 31733, 33129, 33387, 33522, 34610, 35053, 38821, 39410, 40301, 40949, 42216, 47649, 49989, 50167, 50377, 50728, 51154, 52909, 53132, 54588, 55298, 57484, 57538, 57721, 58602, 58653, 58994, 60645, 60687, 60792, 61448, 61540, 62485, 65016, 65035, 65992, 65999, 66702, 68000, 70011, 70480, 70498, 72714, 73678, 74008, 75047, 75276, 77049, 85179, 86174, 86291, 88056, 88653, 89220, 90599, 90750, 90964, 91507, 91625, 91840, 92551, 95067, 96272, 96656, 97430, 98686, 99118, 100223, 100888, 100891, 101538, 101950, 102502, 104715, 107773, 109036, 112270, 115531, 116711, 116777, 116992, 117157, 122322, 124347, 124603, 124610, 125982, 128255, 131148, 131694, 131912, 135033, 137895, 138109, 138396, 138475, 139717, 140568, 140647, 145339, 146075, 148813, 151045, 152008, 152068, 152453, 153194, 155110, 156873, 157379, 158794, 162609, 163015, 163367, 164543, 165223, 165236, 168289, 169349, 171705, 172915, 173015, 173039, 173444, 173450, 173467, 174478, 177354, 178682, 178945, 178976, 182485, 182731, 183204, 184040, 184055, 184153, 184783, 185385, 185402, 185466, 185925, 186267, 186907, 187114, 187359, 193014, 199055, 199998, 200000, 200002, 200004, 200006, 200008, 200010, 200013, 200014, 200016, 200018, 200020, 200022, 200024, 200026, 200028]
26,143,[25, 406, 581, 767, 875, 1970, 3244, 3347, 3428, 3437, 4399, 4844, 6515, 6587, 7782, 9192, 9203, 9462, 9815, 10030, 10641, 12389, 15958, 16218, 16986, 17178, 17961, 17980, 18003, 19418, 19474, 19571, 19647, 20115, 20166, 20364, 20369, 20541, 22718, 23677, 23797, 23802, 26087, 26490, 26508, 27335, 27775, 27896, 27897, 28246, 28412, 28417, 28646, 28709, 28736, 28788, 29355, 29361, 29798, 30079, 30244, 31220, 31504, 31884, 31889, 32029, 32373, 32476, 34121, 34539, 35368, 35924, 35955, 36368, 36736, 39282, 39314, 41000, 41578, 41780, 42260, 42262, 42264, 42597, 42911, 44024, 44052, 44499, 44874, 45957, 46079, 46370, 46587, 46595, 47093, 48002, 48944, 49189, 49190, 49234, 49236, 49263, 49265, 49593, 53134, 53140, 53142, 54136, 54665, 55606, 55774, 55847, 56059, 56487, 56500, 56617, 57885, 57889, 58130, 58532, 58897, 59001, 59068, 59234, 61213, 61767, 61893, 62469, 62824, 62881, 63267, 63276, 63372, 63462, 63499, 63624, 64149, 64161, 64658, 64996, 65036, 67172, 67308]
27,379,[284, 572, 938, 973, 994, 1137, 1592, 1648, 1701, 1911, 2165, 2381, 2467, 3372, 3622, 3907, 4300, 4328, 4429, 4897, 5036, 5329, 5627, 5720, 5842, 5861, 6140, 6341, 6485, 6508, 7328, 7351, 7634, 7999, 8025, 8445, 8587, 8629, 8797, 8801, 9001, 9185, 9209, 9709, 9741, 9786, 10146, 10255, 10359, 10684, 10803, 11893, 12155, 12515, 12872, 12924, 13251, 13511, 13793, 14538, 14629, 14841, 15532, 16309, 16594, 16609, 16803, 16854, 17181, 17476, 17709, 17820, 18036, 18846, 19064, 19256, 19623, 19764, 20550, 20586, 20863, 21212, 21358, 21581, 22640, 22688, 23182, 23332, 23398, 23520, 23566, 23689, 24042, 24175, 24314, 24904, 25117, 25526, 26385, 26391, 27156, 27232, 27407, 27549, 28008, 28181, 28293, 28317, 28970, 28988, 29859, 29929, 30227, 30937, 30987, 31136, 31521, 31737, 32150, 32961, 33021, 33202, 33289, 33439, 34185, 34980, 35140, 35182, 36450, 37026, 37082, 37271, 37291, 37368, 37906, 38008, 38179, 38182, 38615, 38726, 38791, 39185, 39343, 39509, 39631, 39670, 41072, 41809, 42283, 42295, 42608, 42626, 43103, 43317, 43798, 44889, 45288, 45304, 45502, 46365, 46644, 46684, 47005, 47187, 47350, 47487, 47491, 47517, 47668, 47681, 47722, 47932, 48212, 48228, 48683, 48852, 48983, 49112, 49333, 49377, 49382, 49392, 49522, 50351, 50438, 50594, 50625, 50883, 50915, 50946, 51421, 51556, 51597, 52719, 53660, 54881, 55773, 57033, 57042, 57083, 57159, 57760, 58022, 58326, 58763, 58801, 58867, 59679, 60147, 60471, 60928, 61190, 62097, 62806, 63058, 63351, 63394, 64218, 64274, 64412, 64451, 64507, 64521, 65105, 65371, 65731, 65994, 66203, 66313, 66550, 66909, 66990, 67172, 67173, 67550, 67639, 68566, 68917, 68927, 69046, 69112, 69118, 69240, 69534, 69562, 69854, 70028, 70050, 70796, 70846, 71161, 71332, 71428, 71486, 72350, 72475, 72525, 72574, 72763, 73188, 74734, 75331, 75475, 75629, 75684, 76576, 76612, 77181, 77199, 77376, 77431, 78474, 78592, 79328, 79636, 79944, 80045, 80211, 80223, 80837, 80973, 81021, 81166, 81232, 81247, 81702, 82685, 82688, 82775, 83117, 83408, 84051, 84091, 84113, 84683, 84804, 85560, 85578, 85694, 85880, 86073, 86127, 86397, 86490, 88218, 88322, 89590, 89626, 89686, 89722, 89801, 89888, 90715, 90755, 91848, 92048, 92060, 92556, 92683, 92802, 92911, 92948, 94299, 94559, 95071, 95690, 95743, 95850, 96570, 96923, 96931, 97044, 97182, 97445, 97461, 97485, 97720, 97820, 98152, 98301, 98415, 99024, 99074, 99191, 100213, 100301, 100307, 100368, 100396, 100723, 100883, 101185, 101369, 101947, 102133, 102191, 102340, 102389, 102458, 102483, 102566, 103073, 103412, 103479, 103505, 104552, 104602, 105048, 105457, 105674, 105789, 105830, 106130, 106322, 107058, 107361, 107819, 108048, 108212]
28,80,[346, 446, 906, 1089, 1209, 1219, 1453, 1563, 2770, 3313, 3498, 3833, 4012, 4096, 4134, 4176, 4275, 4331, 4412, 4470, 4500, 4588, 4731, 4899, 4980, 4988, 5375, 5551, 5579, 5745, 5771, 5932, 6018, 6064, 6143, 6337, 6471, 6596, 6718, 6764, 6801, 6830, 7027, 7038, 7084, 7447, 7453, 7777, 7817, 7881, 7939, 8045, 8048, 8073, 8142, 8153, 8177, 8178, 8277, 8363, 8538, 8678, 8858, 8889, 8947, 9309, 9391, 9424, 9549, 9800, 9816, 9842, 9851, 9859, 9909, 10072, 10115, 10314, 11076, 11641]
30,1969,[372, 1363, 1429, 1568, 1959, 2302, 2407, 5097, 5143, 5368, 5475, 5478, 5502, 5573, 5578, 5607, 6692, 7076, 7392, 7526, 9524, 9680, 9837, 9843, 10913, 11326, 13112, 14101, 14523, 14847, 14947, 15580, 15809, 15994, 17811, 17862, 19091, 19369, 20148, 20554, 20594, 20706, 22618, 23588, 24273, 24751, 24864, 25076, 25126, 25150, 25383, 25807, 25991, 26024, 26039, 26071, 26126, 26161, 26291, 26331, 26389, 26419, 27308, 27737, 27866, 29809, 30084, 30102, 30588, 30889, 31098, 32006, 32293, 32414, 35015, 36482, 36622, 36631, 37435, 37877, 37943, 38095, 38796, 39112, 39424, 39480, 39491, 40222, 40562, 40800, 41850, 42008, 42600, 42602, 42739, 43056, 44680, 44999, 46205, 46374, 46899, 47008, 47011, 47053, 47317, 47338, 47419, 47509, 47519, 47525, 47530, 47538, 47546, 47558, 47585, 47608, 47627, 47647, 47655, 47665, 47697, 47735, 47760, 47830, 47836, 47840, 47882, 47920, 47969, 47996, 48016, 48470, 48556, 48953, 49176, 49761, 49796, 50066, 50313, 50317, 50322, 50696, 50714, 51136, 51162, 51897, 52417, 53076, 53828, 54645, 54652, 54742, 55050, 55215, 55225, 55233, 55240, 55249, 55258, 55279, 55298, 55310, 55317, 55336, 55347, 55353, 55400, 55436, 55440, 55447, 55484, 55523, 55564, 55600, 55638, 55797, 55846, 55860, 55870, 55915, 56092, 56112, 56187, 56573, 56872, 57266, 60398, 60757, 60764, 60834, 61012, 61631, 61991, 62064, 62130, 63288, 63296, 65064, 65722, 65783, 67172, 67333, 67354, 67388, 67655, 67666, 67691, 67899, 67913, 68338, 68788, 69130, 69359, 69412, 69971, 70036, 70577, 71129, 71249, 71334, 71797, 72037, 73563, 73992, 74026, 74657, 74960, 74968, 75319, 75381, 75995, 76033, 76726, 76953, 77998, 78675, 78746, 79276, 79523, 79655, 81212, 81451, 81587, 81675, 81768, 81856, 81898, 81936, 82883, 82974, 82985, 82997, 83123, 83130, 83365, 83540, 83551, 83573, 83580, 83583, 83585, 83593, 83639, 83650, 83671, 83678, 83681, 83683, 83691, 83738, 83749, 83770, 83777, 83780, 83782, 83790, 83837, 83846, 83867, 83874, 83877, 83879, 83887, 83934, 83945, 83966, 83973, 83976, 83978, 83986, 84032, 84061, 84068, 84071, 84073, 84081, 84127, 84138, 84159, 84166, 84169, 84171, 84179, 84225, 84234, 84255, 84262, 84265, 84267, 84275, 84321, 84332, 84353, 84360, 84363, 84365, 84373, 84419, 84430, 84451, 84458, 84461, 84463, 84471, 84517, 84528, 84549, 84556, 84559, 84561, 84569, 84615, 84626, 84647, 84654, 84657, 84659, 84667, 84860, 85115, 85779, 86093, 87184, 87382, 87440, 87859, 87983, 88267, 88602, 88861, 89581, 89676, 89679, 89692, 89739, 89768, 89771, 89910, 89934, 90049, 90391, 90669, 90676, 90818, 91459, 91496, 91560, 91570, 92072, 92123, 92673, 92704, 92974, 93046, 93048, 94028, 96772, 96782, 97964, 98781, 98841, 98946, 98967, 98981, 98995, 99043, 99116, 99166, 99271, 99290, 99296, 99302, 99309, 99372, 99375, 99406, 99410, 99417, 99496, 99499, 99530, 99536, 99542, 99654, 99717, 99779, 99838, 99899, 99959, 100018, 100059, 100061, 100095, 101151, 101189, 101263, 101353, 101447, 101514, 103609, 103973, 104105, 104411, 104712, 104739, 104764, 104770, 105336, 105374, 105600, 106648, 107461, 108186, 108456, 109448, 113528, 114282, 114391, 115345, 116558, 116830, 117207, 117621, 117773, 117850, 118537, 118908, 120217, 120591, 121082, 121256, 121263, 122668, 123119, 123942, 124146, 126998, 127514, 127599, 133614, 134266, 135353, 136243, 136249, 136253, 136257, 136261, 136265, 136269, 136273, 136277, 136281, 136285, 136289, 136293, 136297, 136301, 136305, 136309, 136313, 136317, 136321, 136325, 136329, 136333, 136337, 136341, 136345, 136349, 136354, 136361, 136367, 136371, 136377, 137029, 138950, 138953, 139059, 140586, 141557, 141804, 142059, 142920, 143049, 143073, 147783, 148137, 148226, 148620, 148637, 149677, 150121, 150202, 150485, 151835, 152712, 153067, 155031, 155720, 155943, 156071, 156623, 157335, 157868, 158018, 158097, 158214, 158576, 159093, 159171, 159204, 159717, 160512, 160724, 161113, 161246, 161758, 162290, 162905, 163184, 163225, 163248, 163493, 164780, 165154, 165157, 165160, 165163, 165166, 166252, 167042, 167264, 167280, 167845, 168704, 169149, 169400, 169412, 169424, 169707, 170013, 170352, 170476, 171896, 172082, 172172, 172856, 173605, 173922, 174664, 175100, 175693, 175697, 176049, 176167, 176173, 176179, 176331, 176695, 178321, 179563, 179717, 179764, 179862, 181002, 182622, 183163, 183165, 183220, 183329, 183460, 183520, 183903, 184327, 184593, 184832, 185905, 185920, 185957, 186520, 186762, 187392, 187540, 188031, 188570, 188655, 188658, 188680, 189809, 190227, 190569, 190721, 190738, 190769, 191174, 191399, 192092, 193158, 193180, 193458, 194122, 194755, 194955, 196055, 196109, 196262, 197987, 197999, 198151, 198378, 198814, 200372, 200885, 200973, 202141, 202149, 202283, 202334, 202748, 203993, 204010, 204032, 204035, 204040, 204070, 204073, 204089, 204214, 204453, 204657, 204692, 204711, 204831, 204953, 205139, 205196, 205211, 205213, 205216, 205223, 205237, 205241, 205346, 205369, 207053, 207552, 208391, 208436, 208449, 208510, 209027, 209470, 209588, 210488, 210507, 211505, 212080, 212524, 213376, 214589, 214946, 215013, 215420, 215621, 216687, 216948, 216975, 218282, 218426, 218436, 218601, 218784, 219008, 220780, 221092, 221732, 221737, 222166, 222420, 223149, 223174, 223326, 224008, 224107, 224165, 224203, 224338, 225246, 225350, 225607, 225787, 226885, 227972, 228111, 229291, 229384, 229646, 231926, 231951, 232874, 233075, 233082, 233784, 235116, 235344, 237079, 237545, 237980, 238005, 238599, 244328, 244842, 245106, 245120, 245213, 245857, 246157, 246394, 247724, 247731, 247976, 248463, 248819, 250308, 251504, 252009, 252038, 252068, 252076, 252145, 252757, 253005, 253800, 255027, 256788, 256791, 256816, 256930, 257298, 257808, 257810, 258631, 259601, 260252, 260445, 260492, 260506, 260564, 262019, 263824, 264399, 264437, 264545, 264554, 264714, 265974, 266874, 269128, 269235, 269659, 270356, 272277, 272415, 272462, 273177, 273630, 274881, 276561, 276870, 277572, 277791, 278332, 278342, 278391, 278509, 279836, 280072, 281949, 282144, 282377, 282553, 282872, 283314, 284375, 284846, 285318, 285377, 285379, 285396, 285435, 285483, 285520, 285675, 285994, 286095, 286596, 286601, 286692, 286912, 286973, 287268, 287512, 287996, 288157, 289413, 289821, 289863, 290116, 290233, 290822, 291488, 291952, 292005, 292192, 293712, 293900, 294056, 294827, 295251, 295691, 296316, 296401, 296781, 296844, 296976, 297396, 297527, 297570, 297621, 298313, 298779, 298951, 299587, 299806, 300577, 300943, 301195, 301210, 302184, 302333, 302791, 303684, 304385, 304528, 304705, 306011, 306569, 306805, 307436, 310035, 310043, 310313, 310394, 310406, 310577, 310863, 312885, 313132, 313405, 316033, 316493, 317137, 317769, 318020, 321546, 321887, 322359, 322374, 323313, 324202, 324299, 325288, 325425, 326364, 326431, 327000, 327545, 328622, 328948, 329859, 329939, 330195, 331154, 331280, 331290, 331297, 331302, 335037, 335041, 335313, 335587, 337918, 340348, 340369, 341203, 342058, 342446, 343277, 343878, 345040, 345094, 345783, 346752, 346959, 347714, 350087, 350419, 350941, 351767, 351895, 352265, 352930, 353879, 354459, 356649, 357195, 357768, 357773, 357782, 357795, 357980, 358023, 358036, 358065, 358069, 358498, 358694, 358816, 359010, 359240, 359241, 359253, 359440, 359714, 359760, 360114, 360166, 360327, 360897, 361074, 361327, 361380, 361713, 361839, 361843, 362324, 362330, 362356, 362360, 362366, 362872, 362887, 363025, 363366, 363396, 363792, 363800, 363933, 364063, 364067, 364483, 364547, 364854, 365048, 365165, 365331, 365374, 365395, 365459, 366108, 366947, 366998, 367402, 367494, 367507, 367579, 367840, 368377, 368519, 368668, 368674, 368682, 369227, 369533, 369617, 369896, 370244, 370675, 370681, 371007, 371042, 371098, 372472, 374048, 374049, 374122, 374808, 375004, 375213, 375218, 375301, 375546, 375556, 375628, 375667, 375673, 376022, 376034, 376173, 377134, 377601, 377613, 378093, 378280, 378285, 378292, 378969, 380531, 380562, 380775, 380780, 380972, 381027, 381133, 381219, 381291, 381941, 382021, 382173, 382199, 382512, 383374, 383702, 383883, 384075, 384185, 384378, 384761, 385038, 385067, 385566, 386905, 387224, 387499, 387620, 387966, 388087, 388150, 388440, 389705, 389850, 389900, 390032, 390038, 391480, 392128, 392241, 392338, 392517, 392523, 392855, 394175, 395329, 395387, 395944, 396165, 396177, 397506, 397603, 397621, 397977, 398003, 398064, 398372, 398580, 399231, 399948, 400393, 401554, 402142, 403226, 403254, 403341, 403778, 403810, 403862, 404224, 404319, 405033, 406021, 406283, 406401, 406406, 406584, 406949, 407421, 407641, 410608, 410657, 411604, 412392, 412911, 412914, 414029, 414036, 414231, 414463, 415139, 415416, 416581, 421171, 423031, 423894, 423985, 423993, 424315, 424634, 424885, 424969, 425506, 425513, 425525, 425825, 426055, 426289, 426788, 426822, 426850, 430020, 430026, 430080, 430091, 430141, 430144, 430155, 430225, 430254, 430422, 430427, 430436, 430601, 431072, 431657, 431687, 431877, 433138, 433963, 434412, 434470, 434472, 434496, 434571, 434708, 434749, 434756, 434790, 434903, 435218, 436216, 436727, 437304, 437700, 437929, 438419, 439434, 439709, 440214, 440305, 441525, 442149, 442207, 442665, 442749, 443256, 443509, 444904, 448874, 450579, 450600, 450664, 450714, 450836, 450839, 450904, 451500, 453343, 453380, 453383, 453389, 453449, 453454, 453508, 453517, 453594, 454508, 455253, 455258, 455283, 455294, 455302, 455306, 455328, 455337, 455378, 455384, 455416, 455424, 455449, 455779, 456098, 456163, 456226, 456371, 456390, 456422, 456515, 456669, 456783, 456888, 456942, 457007, 457055, 457162, 457275, 457367, 457977, 457994, 459327, 459372, 459454, 459543, 459708, 460167, 460201, 460305, 460473, 460704, 460919, 461171, 461311, 461691, 461937, 461940, 461943, 461959, 461962, 461965, 461981, 461984, 461987, 462002, 462005, 462008, 462707, 463572, 464267, 464875, 465058, 465183, 465798, 467315, 467362, 467616, 467689, 468097, 468275, 468367, 469453, 469782, 469788, 469838, 469897, 470090, 470169, 470254, 470746, 471271, 471354, 471371, 471825, 472573, 474853, 476252, 476264, 476271, 478194, 478589, 478598, 478615, 479486, 479568, 480151, 480974, 481032, 481477, 482072, 482815, 483485, 485099, 485306, 486230, 486851, 487942, 488043, 488261, 488906, 489130, 489160, 489230, 489240, 489400, 490397, 490419, 490498, 490789, 490800, 491892, 492129, 492654, 493075, 493117, 493134, 493170, 493310, 493645, 493656, 493853, 493879, 494176, 494237, 494242, 494364, 494432, 495028, 495167, 495171, 495309, 495318, 495351, 495386, 495780, 496968, 497957, 497959, 497974, 498220, 498252, 498371, 498996, 499005, 499083, 499123, 499349, 499541, 499649, 499713, 501569, 501752, 502422, 502501, 502664, 502790, 503182, 503573, 503586, 504006, 504140, 505869, 506236, 506240, 506244, 506756, 506766, 506863, 506879, 506915, 506966, 507006, 507150, 507226, 507371, 507468, 507476, 507673, 507702, 507937, 508177, 508197, 508344, 509075, 509310, 509595, 510070, 510276, 510324, 510342, 510351, 510438, 510925, 511063, 511068, 511419, 511559, 511573, 511936, 511944, 511989, 512132, 512234, 512304, 512435, 512526, 512741, 512866, 512878, 513206, 513314, 513384, 513812, 514517, 514673, 515391, 515468, 515718, 515759, 516187, 518013, 518437, 519146, 520200, 520504, 520856, 521086, 521390, 521394, 521398, 521484, 521597, 521799, 521985, 522007, 522071, 522184, 522206, 522236, 522352, 522360, 522498, 522528, 522576, 522922, 523786, 523966, 524390, 524429, 524496, 524760, 524791, 525601, 525760, 525775, 525776, 525786, 526092, 526178, 526245, 526578, 526636, 526653, 526796, 526804, 527029, 527120, 527265, 529201, 529409, 529766, 530153, 530384, 531510, 531647, 531768, 532697, 532741, 533057, 533265, 533638, 534125, 534184, 534316, 534994, 535396, 535546, 535802, 536048, 536307, 536311, 536315, 536509, 536618, 537661, 537688, 537739, 537853, 538518, 538552, 538721, 538828, 538944, 539160, 539201, 539659, 539982, 540091, 540230, 540526, 540792, 540847, 541209, 541266, 541290, 541342, 541492, 541617, 541830, 541992, 542001, 542081, 542329, 542355, 542399, 542626, 542742, 542774, 542947, 542950, 542964, 542977, 543151, 543226, 543321, 543365, 544151, 544491, 544573, 544625, 545452, 546577, 546739, 546786, 546951, 547373, 547421, 547555, 547687, 547780, 548347, 548355, 548620, 549263, 549316, 549535, 550346, 550538, 551327, 551404, 552471, 552492, 552613, 552618, 552899, 553253, 553728, 553744, 554042, 554492, 554673, 554674, 554825, 555202, 555340, 555936, 556055, 556475, 556478, 556664, 557627, 557650, 557695, 557838, 557878, 558621, 558922, 559031, 559039, 559050, 559225, 559233, 559245, 560001, 560095, 561111, 561263, 561273, 561295, 561298, 561307, 561633, 561711, 561801, 561861, 561868, 562114, 562153, 562523, 562858, 563229, 563499, 564243, 564551, 564721, 564809, 564811, 564910, 564984, 565256, 565458, 565596, 565889, 566145, 566591, 566761, 566764, 567126, 567210, 567383, 567550, 568479, 568529, 568537, 569037, 569129, 569283, 569359, 570150, 570804, 570824, 570893, 570900, 571191, 571316, 571401, 572202, 572481, 572716, 573334, 573530, 574916, 575154, 575707, 576142, 576508, 576552, 576818, 576909, 577414, 577504, 577820, 577864, 577921, 578023, 578650, 578895, 578922, 578947, 579094, 579339, 579524, 579905, 579959, 580393, 580660, 581412, 581942, 582785, 582802, 583655, 583872, 584154, 584543, 584760, 585129, 585325, 585337, 585507, 585536, 585766, 586299, 586377, 586450, 586463, 586474, 586483, 586494, 586499, 586514, 586520, 586530, 586542, 586551, 588257, 588439, 588717, 589767, 589780, 589785, 589787, 589846, 589853, 589899, 590133, 590280, 590340, 590343, 590488, 590498, 590605, 590693, 590746, 590755, 590758, 590771, 590905, 591450, 591854, 592521, 592577, 592922, 592926, 593204, 593271, 593396, 593508, 593536, 593723, 593729, 593737, 593870, 593920, 594110, 594217, 594613, 594633, 594644, 595214, 595246, 595390, 595525, 595528, 595535, 595857, 596077, 596088, 596096, 596301, 596417, 596465, 596478, 596488, 596493, 596498, 596504, 596519, 596525, 596585, 596596, 596610, 596705, 596710, 596718, 597385, 597413, 597417, 597453, 597486, 597531, 597532, 597772, 598237, 598262, 598270, 598285, 598561, 598775, 598837, 599430, 599557, 600350, 600432, 602053, 602227, 602572, 602745, 602781, 603316, 603330, 604286, 604346, 604401, 604480, 604483, 604607, 604916, 604947, 605242, 605249, 605263, 605270, 605304, 605420, 605423, 605434, 605445, 605837, 606305, 606331, 606343, 606373, 606765, 606778, 606781, 606786, 606790, 606792, 606794, 606796, 606813, 607114, 607215, 607219, 607488, 607641, 607656, 608279, 608454, 608457, 608533, 608535, 609177, 610681, 610745, 610749, 610786, 610802, 611051, 611107, 611603, 611983, 612065, 612152, 612323, 612481, 612716, 613895, 613898, 614051, 614075, 614190, 614649, 614865, 615910, 616742, 616832, 617178, 617484, 618053, 618196, 618514, 619109, 619133, 619344, 621040, 621062, 621200, 621219, 621691, 622489, 622971, 623750, 623826, 623884, 624459, 624493, 624731, 624880, 624884, 624947, 625386, 626015, 626019, 626453, 626467, 626741, 626884, 627915, 627918, 627928, 628303, 628575, 628619, 628746, 628917, 629116, 629124, 629309, 629455, 629462, 629526, 629535, 629693, 629811, 629832, 630027, 630179, 631397, 632132, 632797, 633121, 633224, 633417, 633426, 633500, 633692, 634151, 634867, 635620, 636375, 637112, 637449, 637991, 638246, 638296, 638303, 638615, 638685, 638857, 638928, 640191, 640470]
