9,2,[926, 2041]
10,2775,[1189, 1225, 1377, 1502, 1999, 2095, 2368, 2432, 4306, 4507, 4787, 5272, 5311, 6103, 6184, 6553, 7057, 7274, 7511, 7562, 7702, 8250, 9545, 9554, 9587, 9719, 9747, 9762, 10012, 10102, 10118, 10884, 11061, 11147, 11635, 11735, 11966, 12030, 12562, 12598, 12666, 12948, 13281, 13692, 14227, 14246, 14567, 15179, 15699, 16310, 16473, 16636, 17557, 17565, 18405, 18821, 19832, 20391, 20483, 20494, 20843, 20856, 20913, 20918, 21231, 21282, 22627, 22754, 22788, 22810, 22921, 23684, 23701, 23715, 23737, 24046, 24112, 24158, 24575, 24583, 24641, 24775, 24796, 25019, 25087, 25367, 25627, 25648, 26686, 27175, 27338, 27499, 27585, 27593, 27735, 27962, 28121, 28500, 28616, 28622, 29155, 29390, 29595, 30143, 30426, 30470, 30689, 31022, 31810, 31905, 31993, 32008, 32485, 32499, 32540, 32671, 32833, 32882, 32973, 32981, 33055, 33075, 33100, 33249, 33346, 33550, 33576, 33649, 34347, 34648, 34732, 34743, 34752, 34779, 34848, 34900, 35145, 35165, 35265, 35304, 35327, 35503, 35628, 35942, 36092, 36121, 36124, 36128, 36172, 36196, 36506, 36548, 36930, 37269, 37351, 37564, 37612, 37741, 37752, 37945, 38001, 38214, 38280, 38386, 38398, 38401, 38448, 38551, 38793, 38865, 38954, 38997, 39267, 39385, 39395, 39448, 39462, 39535, 39631, 39673, 39676, 39687, 39699, 39809, 39842, 39959, 40029, 40092, 40342, 40402, 40431, 40535, 40672, 40815, 40932, 41187, 41373, 41412, 41596, 41675, 41733, 42217, 42270, 42485, 42561, 42615, 42618, 42751, 42813, 42913, 42990, 43005, 43011, 43263, 43369, 43434, 43482, 43817, 44028, 44032, 44510, 44517, 44525, 44551, 44566, 44612, 44683, 44937, 45245, 45279, 45960, 45997, 46035, 46284, 46299, 46324, 46372, 46763, 47406, 47413, 47422, 47456, 47504, 49619, 50422, 50951, 52118, 52145, 52222, 52283, 52295, 52324, 52388, 52411, 52610, 52700, 52731, 52801, 52931, 52951, 53014, 53043, 53181, 53198, 53302, 53838, 53991, 54099, 54357, 54360, 55958, 55983, 55998, 56181, 56189, 56199, 56232, 56275, 58655, 58996, 59385, 60125, 60138, 60288, 60460, 60594, 60707, 60997, 61160, 61251, 61421, 61568, 61603, 62234, 62719, 63380, 63583, 63875, 64156, 64175, 64237, 64305, 64316, 64372, 64555, 65581, 66138, 66311, 66419, 67121, 67124, 67127, 67130, 67231, 67379, 68172, 68244, 68287, 68348, 68522, 68599, 68920, 69108, 69785, 69804, 70322, 70620, 71121, 71139, 71191, 71196, 71944, 72483, 72494, 72871, 73722, 74056, 74658, 74853, 75095, 75393, 75698, 75752, 75778, 75816, 75912, 75993, 76219, 76280, 76303, 76427, 76535, 76961, 77274, 77734, 78045, 79943, 82036, 82058, 82083, 82563, 82603, 83233, 85591, 86393, 86792, 86809, 87157, 87311, 87336, 87413, 87514, 87808, 87819, 87975, 88014, 88031, 88217, 88233, 89569, 90414, 90711, 90750, 91013, 91202, 91237, 91464, 91740, 92632, 92652, 93363, 93453, 93498, 93518, 93633, 93697, 93741, 94043, 94216, 94406, 94492, 94518, 94590, 94600, 94619, 94794, 94835, 94935, 94955, 95217, 95450, 95549, 95790, 96100, 96380, 96405, 96632, 96638, 96667, 97240, 98656, 98669, 98767, 99355, 100312, 100416, 100564, 100746, 101238, 101256, 101399, 101947, 102173, 102223, 102241, 102590, 102608, 102624, 102648, 102799, 103053, 103220, 103313, 103467, 103501, 103511, 103534, 103545, 103588, 104385, 105459, 105503, 105557, 105678, 105918, 106281, 106459, 106534, 106673, 106814, 106960, 107786, 107860, 107971, 107976, 108325, 108358, 108394, 108418, 108437, 108444, 108447, 108623, 108654, 108775, 108814, 109016, 109023, 109130, 109164, 109208, 109262, 109733, 109861, 109914, 109943, 110012, 110232, 110239, 110533, 110542, 110601, 110830, 110904, 110944, 111050, 111084, 111283, 111308, 111333, 111364, 111428, 111525, 111577, 111587, 111621, 111680, 111697, 111819, 111929, 111960, 111983, 111999, 112006, 112100, 112559, 112746, 113056, 113171, 113369, 113390, 114021, 114302, 114309, 114315, 114474, 114523, 115592, 115646, 115662, 115666, 115670, 115929, 115981, 115996, 116086, 117030, 117210, 117233, 117364, 118109, 118137, 119142, 119722, 119815, 120067, 120193, 120477, 120595, 120602, 120629, 120690, 120795, 120827, 121186, 121249, 121381, 121490, 121552, 121673, 121761, 121914, 122504, 122758, 122776, 123088, 123229, 123560, 124056, 124564, 124872, 124886, 125025, 125076, 125231, 125710, 126286, 126756, 126761, 127286, 127980, 128157, 128679, 128967, 129009, 129038, 129081, 129141, 129206, 129452, 129838, 129884, 129888, 130106, 130109, 130120, 130124, 130165, 130277, 130483, 130492, 130510, 130547, 130569, 130771, 130789, 130797, 130814, 130840, 131137, 131400, 131742, 131751, 131773, 131792, 131869, 132549, 132568, 132771, 132826, 132839, 133056, 133133, 133153, 133169, 133184, 133193, 133282, 133395, 133947, 134287, 134883, 134888, 134902, 134927, 135567, 136623, 136765, 137360, 137476, 137517, 137625, 137659, 137667, 137765, 137828, 137875, 137894, 137900, 138448, 138488, 138518, 138561, 138595, 138600, 138611, 138651, 139014, 139048, 139195, 139271, 139530, 139591, 139619, 139624, 139947, 140035, 140051, 140104, 140185, 140240, 140317, 140360, 140442, 140503, 140658, 140843, 140850, 140857, 140965, 140981, 140999, 141004, 141009, 141023, 141030, 141035, 141048, 141055, 141060, 141065, 141079, 141084, 141089, 141118, 141125, 141259, 141264, 141321, 141358, 141381, 141422, 141448, 141471, 141495, 141546, 141570, 141595, 142015, 142706, 142731, 142925, 143011, 143102, 143418, 143423, 143553, 143606, 143752, 143787, 144091, 144486, 144566, 144575, 144607, 144662, 144739, 144798, 144803, 144820, 144841, 144876, 144881, 144976, 145028, 145224, 145303, 145337, 145368, 145401, 145499, 145541, 145762, 145965, 145994, 146038, 146045, 146067, 146364, 146589, 146699, 146822, 146934, 146939, 147129, 147143, 147149, 147413, 147688, 147695, 147701, 147711, 147963, 147993, 148025, 148042, 148282, 148494, 149272, 149275, 149278, 150153, 150281, 150524, 150576, 150644, 150660, 150803, 150888, 150974, 151011, 151114, 151124, 151160, 151180, 151212, 151844, 151998, 152038, 152071, 152103, 152252, 152538, 152782, 152858, 153027, 153413, 154150, 154209, 154248, 154255, 154422, 154912, 155369, 155565, 155571, 155595, 155710, 156085, 156100, 156271, 156513, 156516, 156565, 156641, 157091, 157514, 157718, 157753, 157850, 157954, 157974, 158174, 158274, 158279, 158293, 158404, 158425, 158516, 158611, 158665, 158738, 158753, 158757, 158770, 158892, 158932, 158995, 159513, 159530, 159602, 159607, 159716, 159903, 160064, 160221, 160259, 160402, 160721, 160874, 161398, 161902, 162189, 162202, 162539, 162573, 162623, 162683, 163113, 163431, 163836, 163910, 163919, 164051, 164144, 164195, 164244, 164250, 164725, 165514, 165559, 165631, 165703, 165788, 165999, 166203, 166254, 166594, 166691, 166719, 166736, 167029, 167517, 167522, 167528, 167549, 167811, 167850, 167882, 167966, 168033, 168330, 168383, 168451, 168474, 169075, 169265, 169415, 169689, 170683, 170920, 171973, 172223, 172225, 172316, 172637, 172935, 172940, 172948, 172996, 173002, 173009, 173089, 173398, 173657, 173706, 173837, 173872, 173913, 174324, 174469, 174524, 175104, 175111, 175329, 175677, 175698, 175797, 175990, 177170, 177224, 177414, 177588, 177733, 177746, 177918, 177945, 178083, 178212, 178457, 178877, 178878, 179098, 179355, 179805, 179836, 179947, 180016, 180323, 180386, 180536, 180625, 180735, 181157, 181722, 181728, 182452, 182491, 183269, 183283, 183525, 184143, 184149, 184352, 184367, 184781, 184960, 185093, 185347, 185566, 185649, 185670, 186067, 186264, 186345, 186446, 186867, 187338, 187660, 187772, 187966, 188269, 188423, 188499, 188640, 188953, 189065, 189837, 189847, 189854, 190043, 190076, 190990, 191001, 191707, 192080, 192342, 192537, 192590, 192592, 193002, 193541, 193874, 193900, 193943, 194964, 194971, 194979, 195230, 196059, 196078, 196124, 196163, 196226, 196250, 196326, 196497, 196877, 197085, 197230, 197237, 197314, 197342, 197347, 197419, 197455, 197850, 198011, 198309, 198329, 198460, 198554, 198751, 198817, 199059, 199180, 200035, 200269, 201308, 201625, 201770, 201864, 202057, 202907, 203128, 203288, 203488, 203614, 203829, 204728, 205579, 205747, 205900, 205910, 205957, 205969, 206076, 206080, 206148, 206212, 206763, 206784, 206839, 207066, 207127, 207660, 207677, 207734, 207819, 208081, 208830, 208848, 208877, 209153, 209261, 209272, 209540, 209599, 209627, 209683, 209712, 210545, 210623, 210758, 210850, 210906, 212081, 212240, 212322, 212699, 212811, 213273, 214470, 214564, 215258, 215656, 216066, 216740, 216770, 216775, 216785, 216792, 216801, 216815, 216854, 216942, 217183, 217413, 217504, 217806, 217895, 218205, 218320, 219023, 219074, 219102, 219346, 220643, 220679, 220805, 221495, 221530, 221814, 221870, 222277, 222318, 222352, 222368, 222397, 222530, 222537, 222781, 223251, 223374, 223877, 223880, 224464, 224475, 224591, 224719, 224809, 225527, 225880, 225974, 226044, 226051, 226119, 226293, 226323, 226502, 226693, 227175, 227189, 227220, 227639, 227673, 228350, 228386, 228721, 229225, 229237, 229890, 230898, 230982, 230989, 231517, 231543, 231831, 231883, 231936, 231950, 232301, 232310, 232376, 232861, 233170, 233214, 233290, 233315, 233332, 233341, 233610, 233836, 234072, 234168, 234177, 234259, 234411, 234478, 234921, 235047, 235065, 235248, 236208, 236294, 236355, 236660, 236742, 236993, 237347, 237420, 237517, 237546, 237747, 237919, 238219, 238300, 238511, 241337, 242295, 242337, 242342, 242357, 242362, 242367, 242372, 242389, 242394, 242399, 242421, 242428, 242435, 242460, 242506, 242534, 242552, 242575, 242599, 242626, 242651, 242677, 242957, 244436, 245047, 245390, 245410, 245549, 245843, 246068, 246766, 247037, 247182, 247217, 247700, 247813, 248307, 248994, 249004, 249159, 249579, 249666, 249669, 249672, 249725, 249761, 250037, 250101, 250106, 250639, 250768, 253203, 253402, 253606, 254829, 255982, 256157, 256176, 256193, 256226, 256412, 256583, 256629, 257518, 257684, 257828, 257883, 257893, 258108, 258198, 258883, 258941, 259722, 259738, 259791, 260024, 260919, 260922, 261026, 261642, 261699, 261932, 262039, 262195, 262461, 262899, 262992, 262998, 263020, 263041, 263214, 263292, 263356, 263364, 263397, 263402, 263408, 263588, 263659, 263667, 263671, 263830, 264137, 264885, 264907, 264929, 265150, 265214, 265266, 265307, 265323, 265613, 265681, 265767, 265787, 265946, 266060, 266841, 266932, 267153, 267389, 267547, 267578, 267648, 267758, 268072, 268121, 268124, 268933, 269033, 269213, 269794, 269996, 270070, 270077, 270436, 270592, 270935, 270941, 271219, 271269, 271481, 271504, 272275, 272785, 272792, 272860, 272883, 273758, 273818, 273839, 273849, 273878, 273882, 273894, 273936, 273947, 274421, 274575, 274764, 274787, 275431, 275615, 275745, 276002, 276595, 276696, 277602, 277700, 278778, 279963, 279982, 280189, 280208, 280660, 281146, 281377, 282125, 282341, 282687, 283683, 284099, 284933, 284972, 284987, 285151, 285213, 285983, 286001, 286395, 286824, 288188, 288450, 288663, 288759, 289050, 290875, 290908, 290926, 291281, 291593, 291734, 293051, 293173, 293461, 293914, 293960, 294226, 294438, 295363, 295398, 295555, 295903, 295922, 296124, 297340, 297448, 297976, 298136, 298508, 298528, 299014, 299564, 299676, 299778, 299800, 299827, 299879, 300208, 300244, 300352, 300509, 300514, 300583, 300895, 300966, 300970, 301100, 301365, 301489, 301575, 301590, 301803, 301910, 301949, 302019, 302271, 302337, 302606, 302616, 302636, 302732, 302788, 302896, 303358, 303501, 303509, 303762, 304187, 304650, 304769, 304778, 304973, 305138, 305495, 305510, 305523, 305541, 305547, 305555, 305568, 305590, 305645, 305856, 305932, 305937, 306059, 306070, 306087, 306158, 306374, 306469, 306619, 306647, 306689, 306959, 307202, 307227, 307397, 307575, 308329, 308606, 308745, 308831, 308845, 308929, 308937, 309047, 309100, 309113, 309140, 309230, 309298, 309495, 309712, 309735, 310128, 310365, 310587, 310596, 310597, 310602, 310613, 311443, 311776, 312210, 312403, 312705, 312866, 312884, 313338, 313420, 313599, 313899, 313932, 313937, 314024, 314032, 314064, 314407, 314454, 314564, 314586, 314769, 314978, 314987, 315167, 315194, 315250, 315257, 315937, 315958, 316005, 316353, 316891, 317014, 317743, 317891, 317920, 317984, 318781, 319625, 319628, 320138, 320337, 320423, 320441, 320691, 320701, 320898, 321787, 321885, 321890, 322104, 322204, 322397, 322404, 322586, 322674, 323018, 323440, 323623, 323884, 323907, 323939, 324157, 324447, 324914, 325197, 325600, 325606, 325635, 325659, 325860, 325874, 326016, 326073, 326313, 326318, 326348, 327007, 327053, 327441, 327723, 327738, 328131, 328136, 328408, 328415, 328470, 328966, 329108, 329293, 329539, 329544, 329581, 329612, 329769, 329842, 329929, 329975, 329996, 330279, 330494, 330573, 331064, 331463, 331641, 332784, 333412, 334574, 334749, 335034, 335521, 336258, 336303, 336399, 336404, 336479, 336596, 336878, 336900, 337070, 337116, 337134, 337399, 337514, 337848, 337855, 337886, 338751, 338982, 339242, 340829, 341082, 341421, 341540, 341716, 341982, 342082, 342246, 342317, 342376, 342393, 343501, 343577, 343752, 343844, 343858, 343979, 344623, 345314, 345331, 345519, 345714, 345836, 346441, 346664, 346671, 346894, 347658, 347963, 348561, 348669, 349154, 349468, 350124, 350458, 351102, 351213, 352048, 352239, 352561, 352870, 352876, 353854, 354058, 354069, 354306, 354648, 355291, 356165, 356608, 356624, 356977, 357766, 358258, 359338, 359347, 359403, 359441, 359481, 359807, 359820, 360885, 361018, 361028, 361726, 362112, 363041, 363758, 364822, 365377, 366498, 367078, 367182, 367284, 367380, 368010, 368018, 368437, 368487, 368530, 368711, 368796, 369398, 369581, 369600, 369629, 369805, 369815, 369950, 370007, 370107, 370150, 370168, 370632, 370773, 371326, 371717, 372150, 372156, 372536, 373078, 373804, 373826, 373889, 373920, 374393, 374412, 374856, 374956, 374964, 374976, 374984, 375109, 375131, 375353, 375356, 375698, 375703, 375742, 375780, 376392, 377445, 377451, 377659, 377769, 377941, 378439, 378499, 378522, 378538, 378546, 379266, 379360, 379369, 379639, 380432, 380627, 380634, 380708, 381576, 381586, 381631, 381642, 382320, 382551, 382886, 382890, 382898, 383130, 383565, 383846, 384003, 384058, 384562, 384614, 385028, 385041, 386459, 386568, 386853, 386859, 386873, 386976, 387122, 387232, 387904, 387926, 388342, 388592, 388918, 389004, 389266, 389626, 389630, 389636, 390749, 390802, 391050, 391511, 391664, 391667, 392225, 392363, 392603, 392820, 392911, 392986, 393262, 393433, 394460, 394662, 394996, 395475, 395498, 396056, 396073, 396135, 396172, 396177, 396266, 396310, 396994, 396998, 397064, 397103, 397163, 397232, 397501, 397528, 398227, 398489, 398496, 398514, 398749, 398961, 398994, 399056, 399070, 399155, 399195, 399286, 399371, 399890, 400032, 400180, 400185, 400201, 401225, 401451, 401590, 401965, 401974, 402194, 402325, 402372, 402446, 402738, 402911, 402976, 403027, 403632, 403702, 404099, 404222, 404396, 404630, 404895, 404970, 404977, 405096, 405309, 405373, 405643, 405686, 405795, 405909, 405927, 406163, 406688, 406838, 408529, 408853, 408988, 410600, 410908, 411828, 411996, 412181, 412502, 412601, 412617, 412822, 413037, 413987, 414276, 414280, 415289, 415433, 415684, 415947, 416116, 416134, 416286, 416404, 416531, 416773, 416839, 416912, 417086, 417202, 417216, 417459, 417476, 417538, 417684, 418235, 420075, 420383, 420395, 420439, 420466, 420479, 420675, 420771, 421419, 421689, 422120, 422399, 422705, 422742, 422936, 423309, 423796, 423939, 423945, 424422, 424911, 425054, 425286, 425319, 425521, 425764, 425931, 425956, 426189, 426509, 426604, 426700, 427085, 427171, 427281, 427615, 428093, 428208, 428347, 428551, 428559, 428740, 428751, 429040, 429222, 429358, 429387, 429562, 429899, 430141, 430155, 430162, 430168, 430372, 431565, 431933, 432127, 432414, 432923, 433088, 434333, 434618, 434869, 435117, 435138, 435348, 435403, 435640, 435796, 435857, 436199, 436561, 436691, 436751, 436983, 437065, 437206, 437472, 437593, 437866, 438129, 438332, 440711, 440942, 440981, 440989, 441063, 441087, 441229, 441431, 441551, 441557, 441566, 441574, 441586, 441592, 441648, 441663, 441771, 441778, 442025, 442056, 442079, 442376, 442665, 443033, 443180, 443386, 444005, 444188, 444534, 444694, 444696, 444816, 445325, 445351, 445478, 445565, 446290, 446876, 447315, 447706, 447831, 448477, 448677, 448759, 449055, 449424, 449514, 449862, 450774, 451374, 451377, 451391, 451397, 451414, 451718, 451794, 451925, 452022, 452111, 452381, 452740, 452841, 452894, 453182, 453443, 453468, 453733, 454038, 454053, 454163, 454251, 454568, 454578, 454742, 454749, 454866, 455197, 455253, 457500, 457607, 457864, 458016, 458378, 458429, 458551, 459700, 459715, 459718, 459721, 460248, 460509, 460518, 460592, 460701, 460738, 460763, 460885, 461046, 461825, 462080, 463487, 463796, 464353, 464386, 465849, 465878, 466211, 467276, 467282, 467891, 468062, 468100, 468301, 468415, 468445, 468739, 469252, 470335, 471299, 471356, 471360, 472001, 472038, 472242, 472379, 472407, 472453, 472731, 473279, 473658, 474477, 474747, 474866, 475059, 475063, 475219, 475311, 475408, 475414, 476646, 476957, 476995, 477208, 477383, 477472, 478344, 478506, 478520, 478652, 478890, 478992, 479053, 479110, 479554, 479560, 479671, 479674, 480023, 480332, 480575, 480680, 480705, 480925, 481064, 481122, 481126, 481553, 481914, 481929, 481965, 482070, 482369, 482604, 483090, 483194, 483684, 483751, 483781, 483926, 484158, 484187, 484207, 484225, 484306, 484313, 484630, 484932, 484973, 485187, 485265, 485331, 485426, 485579, 486170, 486761, 486767, 487040, 487226, 487251, 487457, 487797, 487913, 488122, 488459, 488546, 488645, 489166, 489407, 489410, 490090, 490151, 490348, 490396, 490614, 490869, 491098, 491170, 491402, 492042, 492341, 492430, 492494, 492636, 492882, 492888, 492892, 492897, 493048, 493055, 493253, 493929, 493948, 494364, 495282, 495388, 495418, 495815, 496695, 496924, 497175, 497377, 497467, 498047, 498331, 498379, 499437, 499440, 499453, 499456, 499467, 499470, 499747, 500096, 500178, 500393, 500408, 500445, 500461, 500517, 500531, 500853, 501117, 501133, 501151, 501251, 501363, 501448, 502050, 502063, 502082, 502685, 502721, 502878, 502915, 502929, 502936, 502944, 503080, 503090, 503103, 503268, 503288, 503416, 504221, 504427, 504736, 504973, 505010, 505104, 505291, 505384, 505393, 505407, 505452, 506427, 506651, 506675, 506717, 507020, 507392, 508152, 508178, 508211, 508227, 508696, 508972, 509070, 509085, 509445, 509543, 509574, 509833, 509939, 511057, 511332, 511474, 511974, 512001, 513187, 513560, 513637, 513934, 514023, 514420, 514585, 514920, 515051, 515593, 515687, 515909, 515943, 515959, 516011, 516101, 516123, 516185, 516282, 516998, 517175, 517252, 517278, 517294, 517510, 518019, 518219, 518226, 518334, 518364, 518406, 518450, 518511, 518745, 518929, 519010, 519255, 519265, 519666, 519681, 519976, 520053, 520393, 520461, 520473, 520483, 520572, 520628, 520643, 521157, 521224, 521593, 521810, 521915, 521950, 521967, 522006, 522181, 522346, 522858, 523264, 523292, 523610, 523686, 523773, 524060, 524181, 524929, 525241, 526067, 526443, 526788, 527072, 527089, 527195, 527207, 527498, 527643, 527809, 527848, 527979, 528446, 528805, 529242, 529349, 529387, 531316, 531464, 531591, 531660, 531697, 531709, 531740, 531746, 531756, 531831, 531834, 531933, 531955, 531967, 531979, 532249, 532632, 532930, 533014, 533058, 533117, 533475, 533495, 533499, 533510, 533554, 533568, 533907, 534149, 534163, 534185, 534699, 534733, 534740, 534874, 535205, 535229, 535261, 535316, 535348, 535393, 535405, 535473, 535662, 535804, 535913, 536518, 536578, 536597, 536617, 536795, 537204, 537699, 538098, 538111, 538124, 538175, 538182, 538189, 538201, 538259, 538277, 538873, 539892, 540528, 540583, 540602, 540630, 540773, 540799, 541089, 541132, 541334, 541833, 541994, 542947, 543044, 544247, 544586, 544686, 544946, 544994, 545869, 546170, 546792, 547009, 547190, 547604, 547734, 548789, 549071, 549830, 550049, 550201, 550212, 551474, 551753, 551897, 553383, 554506, 554566, 554580, 554699, 554850, 555673, 556075, 556264, 556272, 556428, 556526, 556822, 556836, 556964, 557181, 557475, 557930, 558284, 558520, 558544, 558726, 558868, 559342, 559350, 560304, 560481, 560954, 561169, 561219, 561365, 561853, 562114, 562310, 562448, 562569, 562633, 563048, 563255, 564627, 564827, 564885, 565054, 565238, 565271, 566165, 566600, 567174, 567244, 567367, 567970, 568254, 568272, 568416, 568470, 568583, 568613, 568896, 568999, 569119, 569296, 569314, 569488, 569533, 570083, 570123, 570671, 571836, 572608, 572657, 572690, 572817, 573371, 573815, 574008, 574296, 574409, 574874, 575069, 575593, 575732, 575736, 575897, 575907, 575954, 576084, 576095, 576124, 576129, 576135, 576188, 576273, 577649, 577728, 577972, 578069, 578109, 579059, 579549, 579624, 579790, 580206, 580300, 580582, 581363, 583296, 583480, 583494, 583515, 583650, 583756, 583859, 584238, 584296, 584301, 585357, 585707, 589651, 589717, 589832, 590390, 593494, 593562, 595095, 597800, 597965, 599217, 599367, 599562, 600189, 601002, 601567, 602934, 602954, 603976, 605031, 605244, 607370, 608440, 608895, 610631, 610643, 610893, 611576, 613246, 613798, 615049, 615292, 615853, 616219, 616271, 616434, 616564, 616803, 618820, 619207, 619857, 619991, 620420, 621864, 621876, 622018, 622331, 622691, 624243, 624420, 624475, 625851, 627715, 628127, 628973, 628992, 629614, 629889, 630748, 630947, 631139, 631311, 631734, 631959, 632626, 632629, 632802, 632823, 632899, 633130, 633468, 633539, 633751, 634056, 634458, 634626, 634912, 634935, 635259, 635286, 635617, 635686, 635751, 635810, 636336, 636352, 636361, 636513, 636549, 636591, 636827, 637270, 637408, 637457, 637470, 637544, 637703, 637782, 637793, 637808, 637842, 637866, 637924, 637943, 637989, 638031, 638062, 638068, 638074, 638142, 638153, 638239, 638456, 638807, 639433, 639650, 639848, 640047, 640052, 640101, 640193, 640295, 640307, 640512, 640876, 641285, 641290]
11,117,[170, 208, 238, 278, 349, 582, 944, 1072, 1129, 1416, 1438, 1526, 1739, 1791, 1812, 2571, 2752, 2782, 2817, 2839, 2859, 2883, 2991, 3517, 3887, 3958, 4051, 4070, 4497, 4636, 4854, 4864, 4911, 4966, 5024, 5198, 5266, 5313, 5592, 5672, 5753, 5788, 5826, 6092, 6175, 6255, 6285, 6401, 6455, 6580, 6610, 6811, 7108, 7564, 7626, 7638, 7801, 8029, 8434, 8482, 8551, 8644, 8763, 8828, 9517, 9529, 9548, 9580, 9598, 9626, 9653, 10487, 10555, 10728, 10883, 11416, 11459, 11961, 11973, 12372, 12536, 12567, 13395, 13423, 13622, 14089, 14201, 14453, 14941, 15205, 15385, 16314, 16373, 16610, 16864, 16882, 17353, 17464, 18159, 18174, 18204, 18275, 18392, 18593, 18617, 18867, 19135, 19238, 19264, 19271, 19293, 19372, 19557, 19609, 19758, 19762, 20290]
12,115,[627, 759, 1898, 2026, 2067, 2201, 2239, 2413, 2471, 2801, 2853, 2912, 3103, 3341, 3789, 3907, 3992, 4098, 4308, 4350, 4478, 4603, 4622, 4819, 4873, 5050, 5120, 5330, 5492, 6126, 6698, 7110, 7210, 7234, 7401, 7594, 7664, 7705, 7728, 7759, 7790, 7840, 7896, 7907, 8001, 8393, 8497, 8527, 8821, 8960, 9018, 9198, 9235, 9655, 9668, 9744, 9929, 10429, 10793, 10889, 11048, 11309, 11766, 11976, 12401, 12480, 12546, 13171, 13737, 13837, 13995, 14233, 14557, 14745, 14895, 15076, 15304, 15326, 15340, 15407, 15448, 15625, 15702, 15873, 15961, 16003, 16012, 16021, 16100, 16262, 16437, 16501, 16508, 16842, 16863, 17057, 17190, 17287, 17293, 17866, 18187, 18249, 18286, 18375, 19484, 19587, 20432, 20506, 21188, 21290, 21482, 21960, 22016, 22678, 22900]
13,9,[305, 592, 1276, 1434, 1488, 2285, 2317, 2836, 2886]
14,12,[7453, 8774, 16757, 68418, 98302, 112143, 122133, 138480, 139501, 144495, 162646, 169321]
15,538,[609, 860, 890, 1257, 1458, 1924, 2118, 2707, 2749, 2751, 3143, 3513, 4014, 4245, 5189, 5646, 5851, 5983, 6073, 6348, 6405, 7207, 7365, 7625, 8141, 8274, 8375, 8511, 8658, 8701, 9144, 9234, 9241, 9617, 9663, 9708, 9719, 10076, 10128, 10250, 10291, 10316, 10329, 10846, 10958, 11398, 11821, 11894, 12367, 12516, 13254, 13417, 14742, 15633, 15851, 15878, 16391, 16665, 16739, 16801, 17229, 17286, 17444, 17539, 17635, 17925, 18004, 18212, 18387, 18492, 18580, 18591, 18637, 18991, 18994, 19209, 19603, 19635, 20009, 20117, 21372, 21434, 21561, 21774, 21787, 21835, 21944, 21977, 22144, 22458, 22522, 22647, 22659, 23203, 23287, 23363, 23394, 24348, 24380, 24386, 24515, 24587, 24812, 25458, 25490, 25911, 26121, 26519, 26532, 26821, 27040, 27202, 28288, 28611, 29188, 29287, 29345, 29362, 29657, 29707, 29777, 29913, 30042, 30060, 30435, 30935, 31299, 31820, 31943, 31984, 32868, 33038, 33486, 34865, 34969, 35053, 35134, 36648, 36950, 36966, 37040, 37235, 37313, 37342, 38236, 38685, 38845, 38902, 39015, 39058, 39214, 39417, 39539, 40216, 40454, 41043, 41100, 44201, 46744, 47331, 47352, 47409, 47485, 47645, 47870, 47891, 47953, 48234, 48245, 48310, 48336, 48346, 48961, 49605, 50244, 50433, 50741, 51044, 51095, 51583, 51709, 51886, 52099, 52364, 52776, 53018, 53171, 54177, 54925, 55199, 55980, 56229, 60002, 60808, 60928, 60974, 61032, 61171, 61490, 62053, 62405, 62780, 63182, 63200, 64249, 64358, 64648, 64661, 65169, 65434, 66090, 66503, 66802, 66886, 67068, 67158, 67241, 67470, 67473, 67745, 67986, 68044, 68191, 68758, 68973, 69273, 69736, 69943, 71162, 71219, 71308, 71800, 73431, 73610, 74427, 75383, 75542, 75681, 75774, 76059, 76220, 77589, 77628, 77932, 77950, 77995, 78038, 78057, 78196, 78280, 78775, 78930, 78956, 79032, 79343, 79417, 79626, 80093, 80135, 80350, 80474, 80508, 80665, 80772, 81259, 81694, 82099, 82480, 82488, 82803, 83859, 84074, 84095, 84138, 84310, 84573, 85725, 86567, 86846, 86963, 87232, 87244, 87331, 87623, 87963, 88076, 88198, 88244, 88488, 88778, 88971, 89023, 89044, 89107, 89347, 89411, 89585, 89590, 89596, 89602, 89730, 89795, 90246, 90706, 90733, 91518, 92248, 92656, 93039, 94146, 95875, 96552, 96937, 96943, 97076, 97157, 97630, 97927, 98023, 98184, 99409, 99869, 99898, 100319, 100913, 101544, 101777, 102304, 102407, 102541, 102550, 104073, 104738, 104751, 104816, 105176, 105222, 105362, 105459, 105703, 105786, 106258, 107314, 107397, 107511, 107756, 108867, 109114, 109193, 110518, 110753, 111594, 112120, 113264, 113891, 113922, 114195, 114385, 115917, 115951, 115972, 116414, 116700, 116718, 118444, 118483, 118708, 118789, 119419, 120727, 123567, 123795, 124055, 124264, 124306, 124491, 125025, 125058, 125209, 125267, 125553, 125584, 125768, 125917, 125978, 126039, 126094, 126488, 126635, 126968, 127020, 127066, 127359, 128631, 128798, 129231, 129466, 129587, 130207, 130260, 130975, 131029, 131109, 131559, 131956, 132268, 132408, 132529, 132555, 132584, 132631, 132697, 132770, 132950, 133675, 133810, 133825, 134011, 134234, 134247, 134307, 134400, 134438, 134557, 134638, 134834, 135533, 135617, 135767, 136098, 136338, 136869, 136875, 137783, 138045, 138337, 138805, 139042, 139200, 139552, 139615, 141710, 141871, 142089, 142399, 142472, 143150, 144027, 144108, 144418, 144422, 144866, 144953, 145039, 145340, 145601, 146043, 146166, 146231, 146335, 146576, 146674, 147385, 147392, 148200, 150349, 150847, 151770, 151978, 152707, 153551, 153556, 153559, 153920, 154565, 155093, 155632, 155996, 156203, 156468, 156606, 157150, 157249, 157263, 158139, 158924, 158963, 159091, 159101, 159550, 159725, 159998, 162132, 162576, 163050, 163205, 163294, 163533, 163818, 164147, 164541, 164801, 165142, 165573, 165768, 165795, 165848, 166198, 166294, 166440, 166928, 166957, 167261, 167647, 167686, 167915, 167940, 167950, 168535, 168719, 168754, 168831, 169737, 170133, 170493, 171034, 171614, 171652, 172406, 172459, 172578, 172675, 172706, 173300, 173320, 173371, 173430, 173697]
16,166,[461, 1071, 1332, 1366, 1533, 1778, 2592, 2637, 2733, 2769, 2795, 3496, 3501, 4071, 4524, 4645, 4879, 4897, 4922, 4996, 5037, 5158, 5516, 5622, 5866, 5912, 6185, 6433, 6639, 6694, 6723, 7212, 7346, 7502, 7516, 7964, 8016, 8162, 8179, 8766, 8872, 9011, 9135, 9905, 9923, 10003, 10009, 10019, 10328, 10371, 10632, 10639, 10648, 10657, 10694, 10722, 10952, 11838, 11896, 11918, 12239, 12745, 13079, 13307, 13370, 13788, 14161, 14615, 14801, 14846, 14960, 14986, 15076, 15156, 15473, 16232, 16529, 16540, 16672, 16742, 16771, 16931, 17032, 17295, 17467, 18056, 18362, 18463, 18481, 18563, 19375, 19389, 20228, 20268, 20353, 20570, 20703, 20712, 20888, 21331, 21668, 21947, 21999, 22606, 22665, 22754, 22984, 24085, 24232, 24331, 24441, 24562, 24641, 24989, 25100, 25564, 25641, 26095, 26198, 26397, 26440, 27004, 27467, 27613, 27883, 27895, 27913, 27919, 27936, 28053, 28110, 28565, 28633, 29180, 29459, 29543, 29571, 29789, 30905, 30976, 31051, 31185, 31209, 31215, 31607, 31736, 32238, 32301, 32589, 33037, 33193, 33305, 33607, 33632, 33808, 34039, 34141, 34358, 35036, 35064, 35331, 35378, 35609, 35781, 36525, 37598]
17,590,[678, 1046, 1462, 1837, 2492, 2519, 2640, 2652, 2828, 3100, 3623, 4150, 4233, 4450, 4453, 5075, 5195, 6768, 6776, 7575, 8078, 8114, 8243, 8660, 9429, 9522, 9593, 9600, 9648, 9965, 9980, 10006, 10034, 11298, 11367, 11491, 11501, 11511, 12867, 13594, 13598, 13974, 14674, 14706, 14844, 14892, 15019, 15041, 15053, 15088, 15285, 15312, 15507, 16827, 16875, 17600, 17602, 18215, 18219, 18281, 18735, 18748, 18781, 19991, 20006, 20009, 20195, 20814, 20865, 20936, 21065, 21439, 21635, 21922, 22769, 23238, 23295, 23344, 23349, 23353, 23389, 23491, 23499, 23615, 23918, 24863, 27480, 27589, 28012, 28417, 30208, 30728, 31869, 32413, 33549, 34123, 34226, 34327, 34424, 35058, 35066, 35485, 35538, 35581, 35759, 35842, 36491, 36675, 36693, 36722, 36972, 36997, 37734, 38167, 38285, 38800, 38808, 38836, 38844, 39135, 39138, 39617, 39640, 40488, 40491, 40663, 40969, 41588, 41618, 41702, 42093, 42441, 44402, 45832, 45996, 46283, 46984, 49972, 50028, 50227, 50586, 51782, 51800, 52066, 53046, 53532, 53597, 53762, 53778, 53800, 53907, 54133, 54225, 54790, 54895, 54938, 55006, 55641, 55683, 55709, 56066, 56075, 57410, 57581, 57799, 58483, 59248, 59383, 59995, 60204, 60219, 60321, 60924, 61059, 61070, 61138, 61141, 61340, 61384, 61888, 61959, 61969, 62121, 62688, 62914, 63238, 63293, 63531, 63744, 63881, 64043, 64550, 64682, 64979, 65019, 66113, 66117, 67088, 67234, 67344, 67480, 68344, 68846, 69634, 69687, 69746, 69789, 70464, 70583, 71235, 71371, 72194, 72264, 72456, 72500, 73191, 73220, 73260, 73300, 73378, 73686, 74000, 74005, 74963, 75052, 75098, 75222, 75241, 75335, 75353, 75412, 75426, 75449, 75670, 75720, 75918, 76171, 76551, 77052, 78117, 78751, 79163, 79756, 81063, 81565, 81865, 82673, 82693, 82817, 82872, 83581, 83806, 83899, 83936, 85014, 85055, 85133, 85745, 86861, 86879, 86984, 87196, 87955, 88457, 88815, 88937, 89309, 89725, 89751, 90268, 90304, 90808, 91582, 91602, 91636, 91772, 91972, 93171, 95911, 95934, 96799, 96826, 96888, 96945, 96953, 96970, 96978, 97628, 97916, 98165, 98374, 98644, 99174, 99673, 100389, 101697, 101734, 102307, 102638, 102803, 102884, 103311, 103361, 103491, 103566, 103641, 104072, 104164, 104215, 104578, 104645, 104801, 105037, 106112, 107530, 107546, 108790, 109334, 109488, 110023, 110170, 110199, 110258, 111695, 111720, 111736, 111744, 111868, 111913, 112503, 113818, 115299, 115423, 115439, 115534, 115574, 115596, 115940, 116073, 116441, 116697, 116867, 117939, 117965, 118058, 118239, 118339, 118365, 118492, 118659, 118674, 118696, 118760, 118775, 118796, 118903, 118999, 119909, 119933, 119947, 119959, 120864, 120936, 121861, 121974, 123239, 123671, 123956, 124210, 124304, 125946, 127148, 128116, 128605, 129370, 130002, 130242, 131030, 131061, 132411, 132820, 133877, 136021, 136321, 136810, 136870, 137169, 137180, 137222, 137244, 137274, 137357, 138080, 139424, 139538, 140650, 141195, 142735, 143099, 143327, 143464, 143557, 143841, 143851, 144008, 144052, 144075, 144087, 144159, 144169, 144574, 144591, 144769, 145641, 145909, 146146, 146330, 146576, 146917, 146988, 147609, 148033, 148059, 148090, 148247, 148824, 149224, 149397, 149520, 151056, 151255, 151467, 151654, 152338, 152386, 152551, 152869, 153921, 155352, 156655, 156805, 157210, 157350, 157433, 157761, 157932, 158041, 158131, 158651, 158665, 159451, 160641, 161681, 161744, 161818, 161822, 162111, 162438, 162692, 162810, 163243, 163267, 163599, 163662, 163714, 163749, 164020, 164524, 166237, 166808, 166868, 166908, 166912, 167144, 168508, 169228, 169290, 169734, 170119, 170574, 170670, 170952, 170962, 171179, 171547, 171561, 173171, 173295, 173468, 173574, 174452, 174866, 174891, 175823, 175871, 175996, 176158, 176246, 176458, 176662, 177421, 177722, 178851, 178866, 178879, 179156, 179626, 180154, 180212, 180454, 181220, 181872, 182066, 182128, 182699, 182724, 182772, 182877, 182918, 183198, 183567, 184115, 184490, 184498, 184512, 185184, 185212, 185232, 185250, 185481, 185540, 185548, 186634, 188315, 188347, 189017, 189193, 189402, 189764, 192386, 192656, 192665, 193925, 193949, 194297, 194697, 194764, 195848, 196066, 197412, 197423, 197430, 197544, 197761, 199068, 199217, 199300, 200079, 200085, 201346, 201357, 201460, 201619, 202448, 203330, 204035, 204406, 204412, 204654, 205904, 206011, 206017, 206233, 206541, 206583, 206864, 207446, 207956, 210280, 210398, 210649, 210699, 211358, 213915, 214649, 215899, 216184, 216693, 217747, 217764]
18,99,[2107, 3737, 4842, 5118, 8265, 8288, 8428, 8721, 10602, 11322, 19034, 20280, 22342, 26012, 27565, 28414, 28707, 29152, 30351, 31369, 31380, 32493, 38367, 40901, 41809, 42468, 42812, 44891, 44969, 46297, 46437, 46752, 47301, 48673, 50156, 52252, 52846, 53381, 56153, 57541, 59674, 61268, 62340, 64984, 65297, 65541, 65618, 68585, 69703, 69780, 72943, 79259, 81954, 82727, 83431, 84247, 92784, 102958, 103113, 103447, 104128, 104502, 108126, 111303, 112950, 113189, 113387, 116264, 116301, 118657, 118694, 122814, 125800, 125807, 126260, 127852, 128026, 128133, 128307, 129726, 130532, 132510, 132530, 133036, 133648, 135036, 135397, 136436, 136765, 137142, 137755, 138095, 138840, 140931, 141706, 141821, 145845, 147399, 148999]
19,18,[1895, 2600, 4220, 4495, 7390, 8901, 9621, 12184, 13452, 14034, 19236, 19394, 20080, 20248, 21714, 21841, 22892, 26180]
20,78,[82, 251, 1024, 1038, 1313, 2260, 2420, 3792, 4055, 4223, 4350, 5446, 6516, 7417, 7577, 9634, 9826, 10056, 11137, 11807, 13135, 13248, 15768, 16862, 17552, 18550, 19274, 23850, 25272, 26551, 28006, 28704, 29216, 30078, 31237, 32501, 32848, 33536, 33718, 35031, 35212, 35230, 35561, 36744, 37032, 38834, 38891, 41209, 41927, 42579, 49861, 50906, 51368, 51572, 52485, 52548, 54402, 54568, 54822, 54974, 55107, 55178, 57114, 57315, 58830, 59204, 59211, 59261, 61443, 61659, 61834, 62079, 62389, 62467, 63289, 64602, 64745, 65074]
21,103,[1803, 3736, 4066, 4193, 4325, 5685, 5720, 6177, 6496, 6906, 7032, 7594, 7888, 7931, 8191, 8197, 9196, 9243, 9285, 9475, 9874, 9993, 10064, 10155, 10162, 10265, 10269, 10601, 10732, 10901, 11247, 11535, 11547, 11778, 11807, 12148, 12496, 14163, 14200, 14432, 16113, 17109, 17316, 17350, 17816, 17864, 17886, 17942, 18458, 18515, 18529, 18689, 18736, 19627, 19731, 19878, 20891, 21652, 21701, 21721, 21800, 23366, 23421, 24098, 24106, 24423, 24849, 24945, 25408, 25495, 25765, 26036, 26422, 26647, 27049, 27272, 27396, 27405, 27721, 27796, 27942, 28308, 28892, 29439, 29506, 30297, 30323, 30665, 30866, 30956, 31135, 31178, 31609, 31923, 32529, 32565, 32773, 33142, 33211, 33353, 33372, 33469, 33523]
22,754,[99, 982, 1649, 1670, 1975, 1981, 2337, 3089, 3644, 3724, 3726, 3728, 3730, 3732, 3734, 3736, 3738, 4774, 5323, 5341, 5353, 5358, 6036, 6842, 7756, 7758, 7852, 7883, 7885, 8161, 8163, 8165, 8186, 8623, 8632, 8634, 8636, 8654, 8670, 8841, 8850, 8993, 8996, 9434, 9555, 9764, 9785, 9829, 10548, 10563, 10931, 11479, 11623, 11714, 11716, 11718, 11720, 11722, 11739, 11747, 11750, 11757, 11771, 11780, 12761, 13974, 14129, 14189, 14369, 14484, 14486, 14488, 14490, 14540, 15261, 16029, 16145, 16274, 16459, 16461, 16463, 16474, 16478, 17231, 17381, 17579, 17581, 17583, 17585, 18066, 18068, 18981, 18983, 19018, 19289, 19488, 19573, 19595, 20201, 20203, 20312, 20797, 20909, 21538, 21557, 21614, 21616, 22568, 22607, 22630, 22674, 22676, 22678, 22680, 23604, 23657, 23659, 23661, 24038, 24185, 25167, 25205, 25207, 25213, 25395, 27064, 27113, 27421, 27451, 27454, 27489, 27496, 27523, 27525, 27963, 27987, 27989, 27991, 28960, 29327, 29986, 29990, 30179, 30181, 30212, 30214, 30218, 30728, 31192, 31328, 32309, 32311, 32489, 33255, 33571, 33573, 33575, 33577, 33599, 33758, 33761, 34791, 35565, 35656, 36507, 37535, 37916, 38440, 38559, 38562, 38902, 39804, 39829, 40059, 40121, 40133, 40135, 40137, 40139, 40141, 40143, 40145, 40152, 40169, 40172, 40189, 40269, 40310, 40324, 40326, 40328, 40330, 40332, 40377, 40379, 40397, 40400, 40410, 40418, 40422, 40449, 40451, 40473, 40478, 40483, 40498, 40503, 40506, 40529, 40536, 40550, 40554, 40556, 40577, 40611, 40648, 41258, 41371, 41373, 41375, 41377, 41379, 41381, 41383, 41393, 41395, 41397, 41399, 41423, 41425, 41659, 41684, 41909, 42263, 42409, 42555, 42733, 44421, 44776, 45002, 45636, 45670, 47121, 47125, 47168, 47299, 47560, 47606, 47628, 47632, 47888, 49784, 50247, 50659, 50661, 50663, 50665, 50670, 51125, 51127, 51129, 51137, 51139, 51143, 51145, 51891, 52180, 52606, 52932, 53210, 53212, 53214, 53648, 53877, 54562, 54724, 54738, 54741, 54990, 54992, 54994, 54997, 55834, 56953, 57240, 57836, 57841, 57843, 57845, 57872, 58007, 58022, 58064, 58345, 58367, 59120, 59726, 59728, 59930, 60183, 60208, 60214, 60310, 60380, 60639, 60642, 60722, 60854, 60856, 61007, 61061, 61065, 61067, 61069, 61113, 61167, 61415, 61572, 61630, 61633, 61655, 61657, 61664, 61726, 62465, 62507, 62973, 63059, 63061, 63081, 63319, 63320, 63713, 63822, 64333, 64341, 64493, 64495, 64696, 64974, 64976, 64978, 64980, 64982, 64984, 64986, 64988, 64991, 64993, 64999, 66930, 66979, 67138, 68389, 68390, 68426, 68946, 69795, 69971, 69974, 69977, 69983, 69986, 70000, 70321, 70613, 70615, 70685, 70749, 70758, 70762, 70831, 71008, 71134, 71324, 71592, 72086, 72088, 72372, 72848, 73354, 73359, 73361, 73655, 73668, 73670, 73672, 73699, 74321, 74363, 74386, 74516, 74519, 74522, 74525, 74603, 74670, 74674, 74785, 75166, 75179, 75186, 75189, 75199, 75204, 75211, 75228, 75322, 75324, 75326, 75328, 75330, 75332, 75353, 75358, 75536, 75551, 75634, 76201, 76295, 77158, 77175, 77182, 78019, 78023, 78448, 78450, 79141, 79722, 79763, 80157, 80159, 80161, 80163, 80165, 80167, 80169, 80171, 80197, 80208, 80385, 80653, 81825, 81834, 81836, 81860, 81862, 81864, 81882, 81884, 82418, 82678, 82681, 82683, 83077, 83714, 83716, 83932, 85211, 85436, 85751, 86555, 86996, 87245, 87472, 87532, 87534, 87568, 87799, 88817, 88866, 88894, 89004, 89082, 89279, 89327, 90084, 90088, 90206, 90340, 90880, 90882, 90884, 90886, 90888, 90893, 90896, 91197, 92095, 92458, 92806, 93939, 94188, 94943, 94945, 95186, 95188, 95190, 95881, 96143, 96173, 96175, 96467, 96730, 96882, 96976, 96978, 97045, 97049, 97058, 97099, 97820, 98169, 98273, 98275, 98278, 98281, 98643, 99089, 99439, 99478, 99481, 99499, 99546, 99748, 99751, 99753, 99780, 99885, 100242, 100244, 101246, 101248, 103080, 103083, 103266, 103304, 103315, 103351, 103741, 103749, 103897, 104851, 104998, 105065, 105350, 105410, 105565, 105893, 106152, 106441, 106511, 106515, 106746, 107212, 107357, 107360, 107438, 108590, 108665, 108670, 108957, 109210, 109258, 109941, 109943, 109945, 109981, 109989, 110041, 110827, 111058, 112312, 112326, 112361, 112387, 112474, 112486, 112509, 112572, 112978, 113001, 113031, 113075, 113559, 113602, 113641, 113713, 113762, 114226, 114354, 115375, 115952, 116099, 117287, 117612, 117680, 118298, 118426, 118430, 118453, 118955, 119168, 119355, 119858, 120278, 120502, 120651, 120816, 121986, 121988, 121990, 121992, 121994, 121996, 122232, 122234, 122236, 122242, 122305, 122308, 122657, 123281, 123430, 124440, 124853, 125076, 125078, 125093, 125096, 125098, 125368, 125484, 125486, 125585, 125722, 125723, 125725, 125782, 125784, 125786, 126756, 126923, 126932, 127104, 127735, 128506, 128697, 128745, 128761, 128763, 128765, 129882, 131296, 131333, 131335, 131642, 132271, 132273, 132275, 132277, 132735, 132739, 132754, 132797, 133798, 133975, 133979, 133983, 133987, 133991, 133995, 133999, 134003, 134082, 134701, 135287, 135289, 135344, 135943, 136264, 136919, 137266, 137555, 137559, 137563, 137957, 138339, 138442, 138720, 138724, 138799, 139170, 139173, 139702, 139713, 141167, 141189, 141192, 141194, 141225, 141227, 141229, 141231, 141246, 142352, 142355, 142395, 142743, 142829, 142831, 142929, 142931, 143020, 143023, 143309, 143423, 143479, 143486, 143489, 143995, 143997, 144008, 144185, 144681, 144709, 144995, 144998, 145288, 145598, 146612, 146658, 146784, 146787, 147247, 147249, 147292, 148522, 148555, 148559, 148602, 149020, 150137, 150385, 152193, 152450, 152464, 153001, 155960, 155999, 158042, 158044, 158214, 160709]
23,83,[797, 2130, 2562, 2920, 3764, 4200, 4715, 4735, 4813, 5010, 5057, 6034, 6065, 6091, 6230, 6780, 7070, 7333, 7698, 7893, 8321, 8336, 8401, 8652, 9104, 9253, 9728, 9754, 9799, 10402, 10559, 10766, 12219, 13527, 13938, 14399, 15651, 15696, 15849, 16200, 16308, 16315, 16469, 16600, 16618, 16735, 17486, 18034, 18655, 18920, 19048, 19146, 19241, 19299, 19313, 20223, 20816, 20883, 21499, 22887, 23151, 23195, 23266, 23524, 23726, 23743, 23844, 24017, 24343, 24373, 24469, 24789, 24849, 24908, 25862, 26037, 26116, 26547, 26749, 27549, 27763, 28551, 30261]
24,223,[122, 139, 143, 372, 772, 784, 837, 925, 964, 972, 1473, 2010, 2525, 2958, 3097, 3131, 3347, 3622, 3725, 4186, 4224, 4909, 5136, 5316, 5367, 5742, 5761, 5776, 6023, 6251, 6971, 7399, 7680, 7835, 7868, 8092, 8925, 8932, 9089, 9099, 9179, 9249, 9380, 9745, 9816, 10284, 10331, 10367, 10775, 10892, 10898, 10941, 11185, 11522, 12110, 12597, 12660, 13095, 13130, 13399, 13479, 13495, 13734, 13827, 13866, 13986, 14113, 14767, 15324, 15458, 15703, 15734, 15828, 15870, 15937, 16300, 16397, 16737, 16781, 16864, 16925, 16980, 17342, 17403, 17564, 17911, 18265, 18292, 18645, 18824, 18999, 19334, 20182, 20434, 20607, 21029, 21224, 21293, 21503, 21543, 21689, 21733, 22254, 23222, 23314, 24076, 24379, 24475, 24570, 24744, 24796, 24811, 25018, 25149, 25423, 25523, 25547, 25609, 25757, 25789, 25894, 26235, 26577, 26732, 27469, 27597, 27746, 27791, 27838, 27976, 28184, 28217, 28395, 28630, 28686, 28706, 28764, 28943, 29015, 29550, 29568, 30651, 30742, 30824, 30912, 31294, 31315, 31376, 31629, 31734, 31824, 32145, 32153, 32370, 32469, 32487, 32537, 33014, 33150, 33548, 33817, 33835, 33889, 34662, 34936, 34989, 35100, 35184, 35248, 35593, 35698, 35739, 35993, 36331, 36702, 36707, 36868, 37423, 37652, 37990, 38028, 38073, 38127, 38155, 38356, 38712, 38960, 39236, 39550, 39686, 39906, 39948, 40271, 40353, 40400, 40461, 40554, 40676, 40852, 41489, 41750, 41819, 41840, 41871, 42280, 42320, 42353, 42536, 42624, 42703, 42764, 42858, 43219, 43236, 43259, 43408, 43630, 43683, 43828, 44245, 44563, 44674, 45045]
25,14,[9020, 47373, 65257, 75702, 76788, 92038, 94193, 107532, 117034, 133662, 138525, 140714, 155870, 162382]
26,77,[442, 615, 1389, 1403, 1685, 2653, 2814, 4291, 4726, 4855, 5963, 7035, 7940, 8101, 10186, 10377, 10608, 11709, 12393, 13719, 13833, 16413, 17514, 18228, 19259, 19979, 24614, 26066, 27351, 28839, 29536, 30059, 30925, 32106, 33375, 33724, 34410, 34592, 35923, 36105, 36125, 36460, 37655, 37947, 39778, 39834, 42147, 43517, 44446, 50907, 51961, 52424, 52646, 53585, 53647, 55564, 55729, 55983, 56136, 56267, 56338, 58266, 58479, 60029, 60458, 60465, 60518, 62747, 62962, 63137, 63382, 63726, 63805, 64653, 66002, 66145, 66486]
27,255,[711, 933, 1633, 2286, 3265, 4398, 4632, 6538, 6698, 7145, 7607, 8035, 8147, 8376, 9253, 9420, 9934, 10583, 11028, 11172, 11227, 11387, 12131, 12977, 13065, 13569, 14422, 16069, 16155, 16160, 16402, 18178, 18280, 18532, 18563, 18684, 18972, 18986, 19049, 19198, 19456, 19547, 20148, 20848, 21544, 21657, 21667, 22228, 22656, 22822, 24514, 25533, 25587, 25731, 26720, 27023, 27032, 27141, 27398, 28245, 28278, 28457, 29365, 30053, 30311, 31980, 33365, 33419, 33872, 34405, 34452, 34688, 35705, 36211, 36585, 36665, 36803, 36814, 36928, 37216, 37338, 37698, 37896, 37943, 38914, 39796, 40305, 40357, 40394, 40458, 40602, 40840, 41234, 41761, 41786, 41850, 42568, 42673, 43699, 44627, 46025, 46175, 46343, 46544, 46687, 47114, 47179, 47641, 47880, 47937, 48704, 49669, 49773, 52070, 52705, 53033, 53040, 53104, 53145, 53282, 53713, 53742, 53842, 54339, 55190, 56318, 56363, 56462, 57534, 57581, 57932, 58407, 58472, 58562, 58823, 59195, 59542, 59665, 59796, 61023, 61035, 61196, 61814, 62005, 62794, 62862, 63467, 64972, 65823, 66248, 67027, 67156, 69840, 69974, 70727, 70842, 71822, 73398, 73461, 73635, 74390, 74876, 75560, 75585, 76355, 77056, 78603, 78614, 79098, 79180, 79598, 80745, 81229, 81480, 81768, 81801, 82085, 82132, 82529, 82638, 83047, 83541, 84281, 84527, 84698, 85445, 85662, 85884, 86174, 86304, 86746, 87490, 88252, 88463, 88740, 88865, 89903, 90305, 90419, 91887, 93407, 93501, 93665, 93972, 94503, 94587, 94628, 94733, 95858, 96615, 96679, 96916, 97584, 97671, 97980, 98040, 98665, 98969, 99083, 99553, 99655, 99683, 100056, 100699, 100975, 101182, 101323, 101435, 102075, 102522, 102932, 103048, 103407, 103681, 104133, 104328, 105247, 105380, 105400, 105459, 105532, 105825, 106562, 106599, 106697, 106996, 107013, 107409, 108231, 108568, 108627, 108994, 109007, 109021, 109246]
28,61,[485, 2160, 2318, 2326, 2404, 2492, 2569, 2782, 2822, 2854, 3876, 3987, 4018, 4146, 4228, 4483, 4956, 4960, 4964, 4983, 5081, 5106, 5187, 5451, 5986, 6131, 6904, 7088, 7178, 7185, 7225, 7239, 7499, 7533, 7667, 7783, 7846, 7936, 8076, 8368, 8565, 8652, 9111, 9307, 9554, 9772, 9904, 10161, 10245, 10620, 10716, 10746, 10784, 10859, 10869, 10883, 10974, 11055, 11201, 11670, 11707]
30,2775,[1096, 1132, 1284, 1409, 1906, 2002, 2275, 2339, 4212, 4413, 4693, 5178, 5217, 6009, 6090, 6459, 6963, 7180, 7417, 7468, 7608, 8156, 9451, 9460, 9493, 9625, 9653, 9668, 9918, 10008, 10024, 10790, 10967, 11053, 11541, 11641, 11872, 11936, 12468, 12504, 12572, 12854, 13187, 13598, 14133, 14152, 14473, 15085, 15605, 16216, 16379, 16542, 17463, 17471, 18311, 18727, 19738, 20297, 20389, 20400, 20749, 20762, 20819, 20824, 21137, 21188, 22533, 22660, 22694, 22716, 22827, 23590, 23607, 23621, 23643, 23952, 24018, 24064, 24481, 24489, 24547, 24681, 24702, 24925, 24993, 25273, 25533, 25554, 26592, 27081, 27244, 27405, 27491, 27499, 27641, 27868, 28027, 28406, 28522, 28528, 29061, 29296, 29501, 30049, 30332, 30376, 30595, 30928, 31716, 31807, 31895, 31910, 32387, 32401, 32442, 32573, 32735, 32784, 32875, 32883, 32957, 32977, 33002, 33151, 33248, 33452, 33478, 33551, 34249, 34550, 34634, 34645, 34654, 34681, 34750, 34802, 35047, 35067, 35167, 35206, 35229, 35405, 35530, 35844, 35994, 36023, 36026, 36030, 36074, 36098, 36408, 36450, 36832, 37171, 37253, 37466, 37514, 37643, 37654, 37847, 37903, 38116, 38182, 38288, 38300, 38303, 38350, 38453, 38695, 38767, 38856, 38899, 39169, 39287, 39297, 39350, 39364, 39437, 39533, 39575, 39578, 39589, 39601, 39711, 39744, 39861, 39931, 39994, 40244, 40304, 40333, 40437, 40574, 40717, 40834, 41089, 41275, 41314, 41498, 41577, 41635, 42119, 42172, 42387, 42463, 42517, 42520, 42653, 42715, 42815, 42892, 42907, 42913, 43165, 43271, 43336, 43384, 43719, 43930, 43934, 44412, 44419, 44427, 44453, 44468, 44514, 44585, 44839, 45147, 45181, 45862, 45899, 45937, 46186, 46201, 46226, 46274, 46665, 47308, 47315, 47324, 47358, 47406, 49521, 50324, 50853, 52020, 52047, 52124, 52185, 52197, 52226, 52290, 52313, 52512, 52602, 52633, 52703, 52832, 52852, 52915, 52944, 53082, 53099, 53203, 53739, 53892, 54000, 54258, 54261, 55859, 55884, 55899, 56082, 56090, 56100, 56133, 56176, 58552, 58893, 59282, 60022, 60035, 60185, 60357, 60491, 60604, 60894, 61057, 61148, 61318, 61465, 61500, 62131, 62616, 63277, 63480, 63772, 64053, 64072, 64134, 64202, 64213, 64269, 64452, 65478, 66035, 66208, 66316, 67018, 67021, 67024, 67027, 67128, 67276, 68069, 68141, 68184, 68245, 68419, 68496, 68817, 69005, 69682, 69701, 70219, 70517, 71018, 71036, 71088, 71093, 71841, 72380, 72391, 72768, 73619, 73953, 74555, 74750, 74992, 75290, 75595, 75649, 75675, 75713, 75809, 75890, 76116, 76177, 76200, 76324, 76432, 76858, 77171, 77631, 77938, 79836, 81929, 81951, 81976, 82456, 82496, 83126, 85484, 86286, 86685, 86702, 87050, 87204, 87229, 87306, 87407, 87701, 87712, 87868, 87907, 87924, 88110, 88126, 89462, 90307, 90604, 90643, 90906, 91095, 91130, 91357, 91633, 92525, 92545, 93256, 93346, 93391, 93411, 93526, 93590, 93634, 93936, 94109, 94299, 94385, 94411, 94483, 94493, 94512, 94687, 94728, 94828, 94848, 95110, 95343, 95442, 95683, 95993, 96273, 96298, 96525, 96531, 96560, 97133, 98549, 98562, 98660, 99248, 100205, 100309, 100457, 100639, 101131, 101149, 101292, 101840, 102066, 102116, 102134, 102483, 102501, 102517, 102541, 102692, 102946, 103113, 103206, 103360, 103394, 103404, 103427, 103438, 103481, 104278, 105348, 105392, 105446, 105567, 105807, 106170, 106348, 106423, 106562, 106703, 106849, 107675, 107749, 107860, 107865, 108214, 108247, 108283, 108307, 108326, 108333, 108336, 108512, 108543, 108664, 108703, 108905, 108912, 109019, 109053, 109097, 109151, 109622, 109750, 109803, 109832, 109901, 110121, 110128, 110422, 110431, 110490, 110719, 110793, 110833, 110939, 110973, 111172, 111197, 111222, 111253, 111317, 111414, 111466, 111476, 111510, 111569, 111586, 111708, 111818, 111849, 111872, 111888, 111895, 111989, 112448, 112635, 112945, 113060, 113258, 113279, 113910, 114191, 114198, 114204, 114363, 114412, 115481, 115535, 115551, 115555, 115559, 115818, 115870, 115885, 115975, 116919, 117099, 117122, 117253, 117998, 118026, 119031, 119611, 119704, 119956, 120082, 120366, 120484, 120491, 120518, 120579, 120684, 120716, 121075, 121138, 121270, 121379, 121441, 121562, 121650, 121803, 122393, 122647, 122665, 122977, 123118, 123449, 123945, 124453, 124761, 124775, 124914, 124965, 125120, 125599, 126175, 126645, 126650, 127175, 127869, 128046, 128567, 128855, 128897, 128926, 128969, 129029, 129094, 129340, 129726, 129772, 129776, 129994, 129997, 130008, 130012, 130053, 130165, 130371, 130380, 130398, 130435, 130457, 130659, 130677, 130685, 130702, 130728, 131025, 131288, 131630, 131639, 131661, 131680, 131757, 132437, 132456, 132659, 132714, 132727, 132944, 133021, 133041, 133057, 133072, 133081, 133170, 133283, 133835, 134175, 134771, 134776, 134790, 134815, 135455, 136511, 136653, 137248, 137364, 137405, 137513, 137547, 137555, 137653, 137716, 137763, 137782, 137788, 138336, 138376, 138406, 138449, 138483, 138488, 138499, 138539, 138902, 138936, 139083, 139159, 139418, 139479, 139507, 139512, 139835, 139923, 139939, 139992, 140073, 140128, 140205, 140248, 140330, 140391, 140546, 140731, 140738, 140745, 140853, 140869, 140887, 140892, 140897, 140911, 140918, 140923, 140936, 140943, 140948, 140953, 140967, 140972, 140977, 141006, 141013, 141147, 141152, 141209, 141246, 141269, 141310, 141336, 141359, 141383, 141434, 141458, 141483, 141903, 142594, 142619, 142813, 142899, 142990, 143306, 143311, 143441, 143494, 143640, 143675, 143979, 144373, 144453, 144462, 144494, 144549, 144626, 144685, 144690, 144707, 144728, 144763, 144768, 144863, 144915, 145111, 145190, 145224, 145255, 145288, 145386, 145428, 145649, 145852, 145881, 145925, 145932, 145954, 146251, 146476, 146586, 146709, 146821, 146826, 147016, 147030, 147036, 147300, 147575, 147582, 147588, 147598, 147850, 147880, 147912, 147929, 148169, 148381, 149159, 149162, 149165, 150040, 150168, 150411, 150463, 150531, 150547, 150690, 150775, 150861, 150898, 151001, 151011, 151047, 151067, 151099, 151731, 151885, 151925, 151958, 151990, 152139, 152425, 152669, 152745, 152914, 153300, 154037, 154096, 154135, 154142, 154309, 154799, 155256, 155452, 155458, 155482, 155597, 155972, 155987, 156158, 156400, 156403, 156452, 156528, 156978, 157401, 157605, 157640, 157737, 157841, 157861, 158061, 158161, 158166, 158180, 158291, 158312, 158403, 158498, 158552, 158625, 158640, 158644, 158657, 158779, 158819, 158882, 159400, 159417, 159489, 159494, 159603, 159789, 159950, 160107, 160145, 160288, 160607, 160760, 161284, 161779, 162066, 162079, 162416, 162450, 162500, 162560, 162990, 163308, 163713, 163787, 163796, 163928, 164021, 164072, 164121, 164127, 164602, 165391, 165436, 165508, 165580, 165665, 165876, 166080, 166131, 166471, 166568, 166596, 166613, 166906, 167394, 167399, 167405, 167426, 167688, 167727, 167759, 167843, 167910, 168207, 168260, 168328, 168351, 168952, 169142, 169292, 169566, 170560, 170797, 171850, 172100, 172102, 172193, 172514, 172812, 172817, 172825, 172873, 172879, 172886, 172966, 173275, 173534, 173583, 173714, 173749, 173790, 174201, 174346, 174401, 174981, 174988, 175206, 175554, 175575, 175674, 175867, 177047, 177101, 177291, 177465, 177610, 177623, 177795, 177822, 177960, 178089, 178334, 178754, 178755, 178975, 179232, 179682, 179713, 179824, 179893, 180200, 180263, 180413, 180502, 180612, 181034, 181599, 181605, 182320, 182359, 183137, 183151, 183393, 184011, 184017, 184220, 184235, 184649, 184828, 184961, 185215, 185434, 185517, 185538, 185935, 186132, 186213, 186314, 186735, 187206, 187528, 187640, 187834, 188137, 188291, 188367, 188508, 188821, 188933, 189705, 189715, 189722, 189911, 189944, 190858, 190869, 191575, 191948, 192210, 192405, 192458, 192460, 192870, 193409, 193742, 193768, 193811, 194832, 194839, 194847, 195098, 195927, 195946, 195992, 196031, 196094, 196118, 196194, 196365, 196745, 196953, 197098, 197105, 197182, 197210, 197215, 197287, 197323, 197718, 197879, 198177, 198197, 198328, 198422, 198619, 198685, 198927, 199048, 199893, 200127, 201166, 201483, 201628, 201722, 201915, 202765, 202986, 203146, 203346, 203472, 203687, 204586, 205437, 205605, 205758, 205768, 205815, 205827, 205934, 205938, 206006, 206070, 206621, 206642, 206697, 206924, 206985, 207518, 207535, 207592, 207677, 207939, 208688, 208706, 208735, 209011, 209119, 209130, 209398, 209457, 209485, 209541, 209570, 210403, 210481, 210616, 210708, 210764, 211939, 212098, 212180, 212557, 212669, 213131, 214328, 214422, 215116, 215514, 215924, 216599, 216629, 216634, 216644, 216651, 216660, 216674, 216713, 216801, 217042, 217273, 217364, 217666, 217755, 218065, 218180, 218883, 218934, 218962, 219206, 220493, 220529, 220655, 221345, 221380, 221664, 221720, 222127, 222168, 222202, 222218, 222247, 222380, 222387, 222631, 223101, 223224, 223727, 223730, 224314, 224325, 224441, 224569, 224659, 225377, 225730, 225824, 225894, 225901, 225969, 226143, 226173, 226352, 226543, 227025, 227039, 227070, 227489, 227523, 228200, 228236, 228571, 229075, 229087, 229740, 230748, 230832, 230839, 231367, 231393, 231681, 231733, 231786, 231800, 232151, 232160, 232226, 232711, 233020, 233064, 233140, 233165, 233182, 233191, 233460, 233686, 233922, 234018, 234027, 234109, 234261, 234328, 234771, 234897, 234915, 235098, 236058, 236144, 236205, 236510, 236592, 236843, 237197, 237270, 237367, 237396, 237597, 237769, 238069, 238150, 238361, 241184, 242142, 242184, 242189, 242204, 242209, 242214, 242219, 242236, 242241, 242246, 242268, 242275, 242282, 242307, 242353, 242381, 242399, 242422, 242446, 242473, 242498, 242524, 242804, 244283, 244894, 245237, 245257, 245396, 245690, 245915, 246613, 246884, 247029, 247064, 247547, 247660, 248154, 248841, 248851, 249006, 249426, 249513, 249516, 249519, 249572, 249608, 249884, 249948, 249953, 250486, 250615, 253050, 253249, 253453, 254676, 255826, 256001, 256020, 256037, 256070, 256256, 256427, 256473, 257362, 257528, 257672, 257727, 257737, 257952, 258042, 258727, 258785, 259566, 259582, 259635, 259868, 260763, 260766, 260870, 261486, 261543, 261776, 261883, 262039, 262305, 262743, 262836, 262842, 262864, 262885, 263058, 263136, 263200, 263208, 263241, 263246, 263252, 263432, 263503, 263511, 263515, 263674, 263981, 264729, 264751, 264773, 264994, 265058, 265110, 265151, 265167, 265457, 265525, 265611, 265631, 265790, 265904, 266685, 266776, 266997, 267233, 267391, 267422, 267492, 267602, 267916, 267965, 267968, 268777, 268877, 269057, 269638, 269840, 269914, 269921, 270280, 270436, 270779, 270785, 271063, 271113, 271325, 271348, 272119, 272629, 272636, 272704, 272727, 273602, 273662, 273683, 273693, 273722, 273726, 273738, 273780, 273791, 274265, 274419, 274608, 274631, 275275, 275459, 275589, 275846, 276439, 276540, 277447, 277545, 278623, 279808, 279827, 280034, 280053, 280505, 280991, 281222, 281970, 282186, 282532, 283527, 283943, 284777, 284816, 284831, 284995, 285057, 285827, 285845, 286239, 286668, 288032, 288294, 288507, 288603, 288894, 290719, 290752, 290770, 291125, 291437, 291578, 292894, 293016, 293304, 293757, 293803, 294069, 294281, 295206, 295241, 295398, 295746, 295765, 295967, 297182, 297290, 297818, 297978, 298350, 298370, 298856, 299406, 299518, 299620, 299642, 299669, 299721, 300050, 300086, 300194, 300351, 300356, 300425, 300737, 300808, 300812, 300942, 301207, 301331, 301417, 301432, 301645, 301752, 301791, 301861, 302113, 302179, 302448, 302458, 302478, 302574, 302630, 302738, 303200, 303343, 303351, 303604, 304029, 304492, 304611, 304620, 304815, 304980, 305337, 305352, 305365, 305383, 305389, 305397, 305410, 305432, 305487, 305698, 305774, 305779, 305901, 305912, 305929, 306000, 306216, 306311, 306461, 306489, 306531, 306801, 307044, 307069, 307239, 307417, 308171, 308448, 308587, 308673, 308687, 308771, 308779, 308889, 308942, 308955, 308982, 309072, 309140, 309337, 309554, 309577, 309970, 310207, 310429, 310438, 310439, 310444, 310455, 311284, 311617, 312051, 312244, 312546, 312707, 312725, 313179, 313261, 313440, 313740, 313773, 313778, 313865, 313873, 313905, 314248, 314295, 314405, 314427, 314610, 314819, 314828, 315008, 315035, 315091, 315098, 315778, 315799, 315846, 316194, 316732, 316855, 317584, 317732, 317761, 317825, 318622, 319466, 319469, 319979, 320178, 320264, 320282, 320532, 320542, 320739, 321628, 321726, 321731, 321945, 322045, 322238, 322245, 322427, 322515, 322859, 323281, 323464, 323725, 323748, 323780, 323998, 324288, 324755, 325038, 325441, 325447, 325476, 325500, 325701, 325715, 325857, 325914, 326154, 326159, 326189, 326848, 326894, 327282, 327564, 327579, 327972, 327977, 328249, 328256, 328311, 328807, 328949, 329134, 329380, 329385, 329422, 329453, 329610, 329683, 329770, 329816, 329837, 330120, 330335, 330414, 330905, 331304, 331482, 332625, 333253, 334415, 334590, 334875, 335362, 336099, 336144, 336240, 336245, 336320, 336437, 336719, 336741, 336911, 336957, 336975, 337240, 337355, 337689, 337696, 337727, 338592, 338823, 339083, 340670, 340923, 341262, 341381, 341557, 341823, 341923, 342087, 342158, 342217, 342234, 343342, 343418, 343593, 343685, 343699, 343820, 344464, 345155, 345172, 345360, 345555, 345677, 346282, 346505, 346512, 346735, 347499, 347804, 348402, 348510, 348995, 349309, 349965, 350299, 350943, 351054, 351889, 352080, 352402, 352711, 352717, 353695, 353899, 353910, 354147, 354489, 355132, 356006, 356449, 356465, 356817, 357606, 358098, 359178, 359187, 359243, 359281, 359321, 359647, 359660, 360725, 360858, 360868, 361566, 361952, 362881, 363595, 364659, 365214, 366335, 366915, 367019, 367121, 367217, 367847, 367855, 368274, 368324, 368367, 368548, 368633, 369235, 369418, 369437, 369466, 369642, 369652, 369787, 369844, 369944, 369987, 370005, 370469, 370610, 371163, 371554, 371987, 371993, 372373, 372915, 373641, 373663, 373726, 373757, 374230, 374249, 374693, 374793, 374801, 374813, 374821, 374946, 374968, 375190, 375193, 375535, 375540, 375579, 375617, 376229, 377282, 377288, 377496, 377606, 377778, 378276, 378336, 378359, 378375, 378383, 379103, 379197, 379206, 379476, 380269, 380464, 380471, 380545, 381413, 381423, 381468, 381479, 382157, 382388, 382723, 382727, 382735, 382967, 383402, 383683, 383840, 383895, 384399, 384451, 384865, 384878, 386296, 386405, 386690, 386696, 386710, 386813, 386959, 387069, 387741, 387763, 388179, 388429, 388755, 388841, 389103, 389463, 389467, 389473, 390586, 390639, 390887, 391348, 391501, 391504, 392062, 392200, 392440, 392654, 392745, 392820, 393096, 393267, 394294, 394496, 394830, 395309, 395332, 395890, 395907, 395969, 396006, 396011, 396100, 396144, 396828, 396832, 396898, 396937, 396997, 397066, 397335, 397362, 398061, 398323, 398330, 398348, 398583, 398795, 398828, 398890, 398904, 398989, 399029, 399120, 399205, 399724, 399866, 400014, 400019, 400035, 401059, 401285, 401424, 401799, 401808, 402028, 402159, 402206, 402280, 402572, 402745, 402810, 402861, 403466, 403536, 403933, 404056, 404230, 404464, 404729, 404804, 404811, 404930, 405143, 405207, 405477, 405520, 405629, 405743, 405761, 405997, 406522, 406672, 408363, 408687, 408822, 410434, 410742, 411662, 411830, 412015, 412336, 412435, 412451, 412656, 412871, 413821, 414110, 414114, 415123, 415267, 415518, 415781, 415950, 415968, 416120, 416238, 416365, 416607, 416673, 416746, 416920, 417036, 417050, 417293, 417310, 417372, 417518, 418069, 419909, 420217, 420229, 420273, 420300, 420313, 420509, 420605, 421253, 421523, 421954, 422233, 422539, 422576, 422770, 423143, 423630, 423773, 423779, 424256, 424745, 424888, 425120, 425153, 425355, 425598, 425765, 425790, 426023, 426343, 426438, 426534, 426919, 427005, 427115, 427448, 427926, 428041, 428180, 428384, 428392, 428573, 428584, 428873, 429055, 429191, 429220, 429395, 429732, 429971, 429985, 429992, 429998, 430202, 431395, 431763, 431957, 432244, 432753, 432918, 434163, 434448, 434699, 434947, 434968, 435178, 435233, 435470, 435626, 435687, 436029, 436391, 436521, 436581, 436813, 436895, 437036, 437302, 437423, 437696, 437959, 438162, 440541, 440772, 440811, 440819, 440893, 440917, 441059, 441261, 441381, 441387, 441396, 441404, 441416, 441422, 441478, 441493, 441601, 441608, 441855, 441886, 441909, 442206, 442495, 442863, 443010, 443216, 443835, 444018, 444364, 444524, 444526, 444646, 445155, 445181, 445308, 445395, 446120, 446706, 447145, 447536, 447661, 448307, 448507, 448589, 448885, 449254, 449344, 449692, 450604, 451204, 451207, 451221, 451227, 451244, 451548, 451624, 451755, 451852, 451941, 452211, 452570, 452671, 452724, 453012, 453273, 453298, 453563, 453868, 453883, 453993, 454081, 454398, 454408, 454572, 454579, 454696, 455027, 455083, 457330, 457437, 457694, 457846, 458208, 458259, 458381, 459530, 459545, 459548, 459551, 460078, 460339, 460348, 460422, 460531, 460568, 460593, 460715, 460876, 461655, 461910, 463316, 463625, 464182, 464215, 465678, 465707, 466040, 467105, 467111, 467720, 467891, 467929, 468130, 468244, 468274, 468568, 469081, 470164, 471128, 471185, 471189, 471831, 471868, 472072, 472209, 472237, 472283, 472561, 473109, 473488, 474307, 474577, 474696, 474889, 474893, 475049, 475141, 475238, 475244, 476477, 476788, 476826, 477039, 477214, 477303, 478176, 478338, 478352, 478484, 478722, 478824, 478885, 478942, 479386, 479392, 479503, 479506, 479855, 480164, 480407, 480512, 480537, 480757, 480897, 480955, 480959, 481387, 481748, 481763, 481799, 481904, 482203, 482439, 482925, 483029, 483519, 483586, 483616, 483761, 483993, 484022, 484042, 484060, 484141, 484148, 484465, 484767, 484808, 485023, 485101, 485167, 485262, 485415, 486007, 486598, 486604, 486877, 487063, 487088, 487295, 487635, 487751, 487960, 488297, 488384, 488483, 489005, 489246, 489249, 489930, 489991, 490188, 490236, 490454, 490709, 490938, 491010, 491242, 491882, 492181, 492270, 492334, 492476, 492722, 492728, 492732, 492737, 492888, 492895, 493093, 493769, 493788, 494204, 495123, 495229, 495259, 495656, 496526, 496755, 497006, 497208, 497298, 497878, 498162, 498210, 499268, 499271, 499284, 499287, 499298, 499301, 499578, 499927, 500009, 500224, 500239, 500276, 500292, 500348, 500362, 500684, 500948, 500964, 500982, 501082, 501194, 501279, 501881, 501894, 501913, 502516, 502552, 502709, 502746, 502760, 502767, 502775, 502911, 502921, 502934, 503099, 503119, 503247, 504052, 504258, 504567, 504804, 504841, 504935, 505122, 505215, 505224, 505238, 505283, 506258, 506482, 506506, 506548, 506851, 507223, 507983, 508009, 508042, 508058, 508527, 508803, 508901, 508916, 509276, 509374, 509405, 509664, 509770, 510888, 511163, 511305, 511805, 511832, 513018, 513391, 513468, 513765, 513854, 514251, 514416, 514751, 514882, 515421, 515515, 515737, 515771, 515787, 515839, 515929, 515951, 516013, 516110, 516826, 517003, 517080, 517106, 517122, 517338, 517847, 518047, 518054, 518162, 518192, 518234, 518278, 518339, 518573, 518757, 518838, 519083, 519093, 519494, 519509, 519804, 519881, 520221, 520289, 520301, 520311, 520400, 520456, 520471, 520985, 521052, 521421, 521638, 521743, 521778, 521795, 521834, 522009, 522174, 522686, 523092, 523120, 523438, 523514, 523601, 523888, 524009, 524757, 525069, 525895, 526271, 526616, 526900, 526917, 527023, 527035, 527326, 527471, 527637, 527676, 527807, 528271, 528630, 529067, 529174, 529212, 531141, 531289, 531416, 531485, 531522, 531534, 531565, 531571, 531581, 531656, 531659, 531758, 531780, 531792, 531804, 532074, 532457, 532755, 532839, 532883, 532942, 533300, 533320, 533324, 533335, 533379, 533393, 533732, 533974, 533988, 534010, 534524, 534558, 534565, 534699, 535030, 535054, 535086, 535141, 535173, 535218, 535230, 535298, 535487, 535629, 535738, 536343, 536403, 536422, 536442, 536620, 537029, 537524, 537923, 537936, 537949, 538000, 538007, 538014, 538026, 538084, 538102, 538698, 539717, 540353, 540408, 540427, 540455, 540598, 540624, 540914, 540957, 541159, 541658, 541819, 542772, 542869, 544072, 544411, 544511, 544771, 544819, 545694, 545995, 546617, 546834, 547015, 547429, 547559, 548614, 548896, 549652, 549871, 550023, 550034, 551296, 551575, 551719, 553205, 554328, 554388, 554402, 554521, 554672, 555495, 555897, 556086, 556094, 556250, 556348, 556644, 556658, 556786, 557003, 557297, 557752, 558106, 558342, 558366, 558548, 558690, 559164, 559172, 560126, 560303, 560776, 560991, 561041, 561187, 561675, 561936, 562132, 562270, 562391, 562455, 562870, 563077, 564447, 564647, 564705, 564874, 565058, 565091, 565985, 566420, 566994, 567064, 567187, 567790, 568074, 568092, 568236, 568290, 568403, 568433, 568716, 568819, 568939, 569116, 569134, 569308, 569353, 569903, 569943, 570491, 571656, 572428, 572477, 572510, 572637, 573191, 573635, 573828, 574116, 574229, 574694, 574889, 575413, 575552, 575556, 575717, 575727, 575774, 575904, 575915, 575944, 575949, 575955, 576008, 576093, 577469, 577548, 577792, 577889, 577929, 578879, 579369, 579444, 579610, 580026, 580120, 580402, 581183, 583116, 583300, 583314, 583335, 583470, 583576, 583679, 584058, 584116, 584121, 585172, 585522, 589466, 589532, 589647, 590205, 593303, 593371, 594904, 597609, 597774, 599020, 599170, 599365, 599992, 600805, 601370, 602737, 602757, 603774, 604829, 605042, 607163, 608228, 608683, 610414, 610426, 610676, 611353, 613017, 613564, 614815, 615058, 615614, 615980, 616032, 616195, 616325, 616564, 618568, 618955, 619605, 619739, 620168, 621612, 621624, 621766, 622079, 622439, 623989, 624166, 624221, 625594, 627455, 627867, 628710, 628729, 629351, 629626, 630479, 630676, 630868, 631040, 631459, 631684, 632351, 632354, 632527, 632548, 632624, 632855, 633193, 633264, 633476, 633781, 634183, 634351, 634637, 634660, 634984, 635011, 635342, 635411, 635476, 635535, 636061, 636077, 636086, 636238, 636274, 636316, 636552, 636995, 637133, 637182, 637195, 637269, 637428, 637507, 637518, 637533, 637567, 637591, 637649, 637668, 637714, 637756, 637787, 637793, 637799, 637867, 637878, 637964, 638181, 638532, 639158, 639375, 639573, 639772, 639777, 639826, 639918, 640020, 640032, 640237, 640601, 641010, 641015]
9,2,[926, 2041]
10,2775,[1189, 1225, 1377, 1502, 1999, 2095, 2368, 2432, 4306, 4507, 4787, 5272, 5311, 6103, 6184, 6553, 7057, 7274, 7511, 7562, 7702, 8250, 9545, 9554, 9587, 9719, 9747, 9762, 10012, 10102, 10118, 10884, 11061, 11147, 11635, 11735, 11966, 12030, 12562, 12598, 12666, 12948, 13281, 13692, 14227, 14246, 14567, 15179, 15699, 16310, 16473, 16636, 17557, 17565, 18405, 18821, 19832, 20391, 20483, 20494, 20843, 20856, 20913, 20918, 21231, 21282, 22627, 22754, 22788, 22810, 22921, 23684, 23701, 23715, 23737, 24046, 24112, 24158, 24575, 24583, 24641, 24775, 24796, 25019, 25087, 25367, 25627, 25648, 26686, 27175, 27338, 27499, 27585, 27593, 27735, 27962, 28121, 28500, 28616, 28622, 29155, 29390, 29595, 30143, 30426, 30470, 30689, 31022, 31810, 31905, 31993, 32008, 32485, 32499, 32540, 32671, 32833, 32882, 32973, 32981, 33055, 33075, 33100, 33249, 33346, 33550, 33576, 33649, 34347, 34648, 34732, 34743, 34752, 34779, 34848, 34900, 35145, 35165, 35265, 35304, 35327, 35503, 35628, 35942, 36092, 36121, 36124, 36128, 36172, 36196, 36506, 36548, 36930, 37269, 37351, 37564, 37612, 37741, 37752, 37945, 38001, 38214, 38280, 38386, 38398, 38401, 38448, 38551, 38793, 38865, 38954, 38997, 39267, 39385, 39395, 39448, 39462, 39535, 39631, 39673, 39676, 39687, 39699, 39809, 39842, 39959, 40029, 40092, 40342, 40402, 40431, 40535, 40672, 40815, 40932, 41187, 41373, 41412, 41596, 41675, 41733, 42217, 42270, 42485, 42561, 42615, 42618, 42751, 42813, 42913, 42990, 43005, 43011, 43263, 43369, 43434, 43482, 43817, 44028, 44032, 44510, 44517, 44525, 44551, 44566, 44612, 44683, 44937, 45245, 45279, 45960, 45997, 46035, 46284, 46299, 46324, 46372, 46763, 47406, 47413, 47422, 47456, 47504, 49619, 50422, 50951, 52118, 52145, 52222, 52283, 52295, 52324, 52388, 52411, 52610, 52700, 52731, 52801, 52931, 52951, 53014, 53043, 53181, 53198, 53302, 53838, 53991, 54099, 54357, 54360, 55958, 55983, 55998, 56181, 56189, 56199, 56232, 56275, 58655, 58996, 59385, 60125, 60138, 60288, 60460, 60594, 60707, 60997, 61160, 61251, 61421, 61568, 61603, 62234, 62719, 63380, 63583, 63875, 64156, 64175, 64237, 64305, 64316, 64372, 64555, 65581, 66138, 66311, 66419, 67121, 67124, 67127, 67130, 67231, 67379, 68172, 68244, 68287, 68348, 68522, 68599, 68920, 69108, 69785, 69804, 70322, 70620, 71121, 71139, 71191, 71196, 71944, 72483, 72494, 72871, 73722, 74056, 74658, 74853, 75095, 75393, 75698, 75752, 75778, 75816, 75912, 75993, 76219, 76280, 76303, 76427, 76535, 76961, 77274, 77734, 78045, 79943, 82036, 82058, 82083, 82563, 82603, 83233, 85591, 86393, 86792, 86809, 87157, 87311, 87336, 87413, 87514, 87808, 87819, 87975, 88014, 88031, 88217, 88233, 89569, 90414, 90711, 90750, 91013, 91202, 91237, 91464, 91740, 92632, 92652, 93363, 93453, 93498, 93518, 93633, 93697, 93741, 94043, 94216, 94406, 94492, 94518, 94590, 94600, 94619, 94794, 94835, 94935, 94955, 95217, 95450, 95549, 95790, 96100, 96380, 96405, 96632, 96638, 96667, 97240, 98656, 98669, 98767, 99355, 100312, 100416, 100564, 100746, 101238, 101256, 101399, 101947, 102173, 102223, 102241, 102590, 102608, 102624, 102648, 102799, 103053, 103220, 103313, 103467, 103501, 103511, 103534, 103545, 103588, 104385, 105459, 105503, 105557, 105678, 105918, 106281, 106459, 106534, 106673, 106814, 106960, 107786, 107860, 107971, 107976, 108325, 108358, 108394, 108418, 108437, 108444, 108447, 108623, 108654, 108775, 108814, 109016, 109023, 109130, 109164, 109208, 109262, 109733, 109861, 109914, 109943, 110012, 110232, 110239, 110533, 110542, 110601, 110830, 110904, 110944, 111050, 111084, 111283, 111308, 111333, 111364, 111428, 111525, 111577, 111587, 111621, 111680, 111697, 111819, 111929, 111960, 111983, 111999, 112006, 112100, 112559, 112746, 113056, 113171, 113369, 113390, 114021, 114302, 114309, 114315, 114474, 114523, 115592, 115646, 115662, 115666, 115670, 115929, 115981, 115996, 116086, 117030, 117210, 117233, 117364, 118109, 118137, 119142, 119722, 119815, 120067, 120193, 120477, 120595, 120602, 120629, 120690, 120795, 120827, 121186, 121249, 121381, 121490, 121552, 121673, 121761, 121914, 122504, 122758, 122776, 123088, 123229, 123560, 124056, 124564, 124872, 124886, 125025, 125076, 125231, 125710, 126286, 126756, 126761, 127286, 127980, 128157, 128679, 128967, 129009, 129038, 129081, 129141, 129206, 129452, 129838, 129884, 129888, 130106, 130109, 130120, 130124, 130165, 130277, 130483, 130492, 130510, 130547, 130569, 130771, 130789, 130797, 130814, 130840, 131137, 131400, 131742, 131751, 131773, 131792, 131869, 132549, 132568, 132771, 132826, 132839, 133056, 133133, 133153, 133169, 133184, 133193, 133282, 133395, 133947, 134287, 134883, 134888, 134902, 134927, 135567, 136623, 136765, 137360, 137476, 137517, 137625, 137659, 137667, 137765, 137828, 137875, 137894, 137900, 138448, 138488, 138518, 138561, 138595, 138600, 138611, 138651, 139014, 139048, 139195, 139271, 139530, 139591, 139619, 139624, 139947, 140035, 140051, 140104, 140185, 140240, 140317, 140360, 140442, 140503, 140658, 140843, 140850, 140857, 140965, 140981, 140999, 141004, 141009, 141023, 141030, 141035, 141048, 141055, 141060, 141065, 141079, 141084, 141089, 141118, 141125, 141259, 141264, 141321, 141358, 141381, 141422, 141448, 141471, 141495, 141546, 141570, 141595, 142015, 142706, 142731, 142925, 143011, 143102, 143418, 143423, 143553, 143606, 143752, 143787, 144091, 144486, 144566, 144575, 144607, 144662, 144739, 144798, 144803, 144820, 144841, 144876, 144881, 144976, 145028, 145224, 145303, 145337, 145368, 145401, 145499, 145541, 145762, 145965, 145994, 146038, 146045, 146067, 146364, 146589, 146699, 146822, 146934, 146939, 147129, 147143, 147149, 147413, 147688, 147695, 147701, 147711, 147963, 147993, 148025, 148042, 148282, 148494, 149272, 149275, 149278, 150153, 150281, 150524, 150576, 150644, 150660, 150803, 150888, 150974, 151011, 151114, 151124, 151160, 151180, 151212, 151844, 151998, 152038, 152071, 152103, 152252, 152538, 152782, 152858, 153027, 153413, 154150, 154209, 154248, 154255, 154422, 154912, 155369, 155565, 155571, 155595, 155710, 156085, 156100, 156271, 156513, 156516, 156565, 156641, 157091, 157514, 157718, 157753, 157850, 157954, 157974, 158174, 158274, 158279, 158293, 158404, 158425, 158516, 158611, 158665, 158738, 158753, 158757, 158770, 158892, 158932, 158995, 159513, 159530, 159602, 159607, 159716, 159903, 160064, 160221, 160259, 160402, 160721, 160874, 161398, 161902, 162189, 162202, 162539, 162573, 162623, 162683, 163113, 163431, 163836, 163910, 163919, 164051, 164144, 164195, 164244, 164250, 164725, 165514, 165559, 165631, 165703, 165788, 165999, 166203, 166254, 166594, 166691, 166719, 166736, 167029, 167517, 167522, 167528, 167549, 167811, 167850, 167882, 167966, 168033, 168330, 168383, 168451, 168474, 169075, 169265, 169415, 169689, 170683, 170920, 171973, 172223, 172225, 172316, 172637, 172935, 172940, 172948, 172996, 173002, 173009, 173089, 173398, 173657, 173706, 173837, 173872, 173913, 174324, 174469, 174524, 175104, 175111, 175329, 175677, 175698, 175797, 175990, 177170, 177224, 177414, 177588, 177733, 177746, 177918, 177945, 178083, 178212, 178457, 178877, 178878, 179098, 179355, 179805, 179836, 179947, 180016, 180323, 180386, 180536, 180625, 180735, 181157, 181722, 181728, 182452, 182491, 183269, 183283, 183525, 184143, 184149, 184352, 184367, 184781, 184960, 185093, 185347, 185566, 185649, 185670, 186067, 186264, 186345, 186446, 186867, 187338, 187660, 187772, 187966, 188269, 188423, 188499, 188640, 188953, 189065, 189837, 189847, 189854, 190043, 190076, 190990, 191001, 191707, 192080, 192342, 192537, 192590, 192592, 193002, 193541, 193874, 193900, 193943, 194964, 194971, 194979, 195230, 196059, 196078, 196124, 196163, 196226, 196250, 196326, 196497, 196877, 197085, 197230, 197237, 197314, 197342, 197347, 197419, 197455, 197850, 198011, 198309, 198329, 198460, 198554, 198751, 198817, 199059, 199180, 200035, 200269, 201308, 201625, 201770, 201864, 202057, 202907, 203128, 203288, 203488, 203614, 203829, 204728, 205579, 205747, 205900, 205910, 205957, 205969, 206076, 206080, 206148, 206212, 206763, 206784, 206839, 207066, 207127, 207660, 207677, 207734, 207819, 208081, 208830, 208848, 208877, 209153, 209261, 209272, 209540, 209599, 209627, 209683, 209712, 210545, 210623, 210758, 210850, 210906, 212081, 212240, 212322, 212699, 212811, 213273, 214470, 214564, 215258, 215656, 216066, 216740, 216770, 216775, 216785, 216792, 216801, 216815, 216854, 216942, 217183, 217413, 217504, 217806, 217895, 218205, 218320, 219023, 219074, 219102, 219346, 220643, 220679, 220805, 221495, 221530, 221814, 221870, 222277, 222318, 222352, 222368, 222397, 222530, 222537, 222781, 223251, 223374, 223877, 223880, 224464, 224475, 224591, 224719, 224809, 225527, 225880, 225974, 226044, 226051, 226119, 226293, 226323, 226502, 226693, 227175, 227189, 227220, 227639, 227673, 228350, 228386, 228721, 229225, 229237, 229890, 230898, 230982, 230989, 231517, 231543, 231831, 231883, 231936, 231950, 232301, 232310, 232376, 232861, 233170, 233214, 233290, 233315, 233332, 233341, 233610, 233836, 234072, 234168, 234177, 234259, 234411, 234478, 234921, 235047, 235065, 235248, 236208, 236294, 236355, 236660, 236742, 236993, 237347, 237420, 237517, 237546, 237747, 237919, 238219, 238300, 238511, 241337, 242295, 242337, 242342, 242357, 242362, 242367, 242372, 242389, 242394, 242399, 242421, 242428, 242435, 242460, 242506, 242534, 242552, 242575, 242599, 242626, 242651, 242677, 242957, 244436, 245047, 245390, 245410, 245549, 245843, 246068, 246766, 247037, 247182, 247217, 247700, 247813, 248307, 248994, 249004, 249159, 249579, 249666, 249669, 249672, 249725, 249761, 250037, 250101, 250106, 250639, 250768, 253203, 253402, 253606, 254829, 255982, 256157, 256176, 256193, 256226, 256412, 256583, 256629, 257518, 257684, 257828, 257883, 257893, 258108, 258198, 258883, 258941, 259722, 259738, 259791, 260024, 260919, 260922, 261026, 261642, 261699, 261932, 262039, 262195, 262461, 262899, 262992, 262998, 263020, 263041, 263214, 263292, 263356, 263364, 263397, 263402, 263408, 263588, 263659, 263667, 263671, 263830, 264137, 264885, 264907, 264929, 265150, 265214, 265266, 265307, 265323, 265613, 265681, 265767, 265787, 265946, 266060, 266841, 266932, 267153, 267389, 267547, 267578, 267648, 267758, 268072, 268121, 268124, 268933, 269033, 269213, 269794, 269996, 270070, 270077, 270436, 270592, 270935, 270941, 271219, 271269, 271481, 271504, 272275, 272785, 272792, 272860, 272883, 273758, 273818, 273839, 273849, 273878, 273882, 273894, 273936, 273947, 274421, 274575, 274764, 274787, 275431, 275615, 275745, 276002, 276595, 276696, 277602, 277700, 278778, 279963, 279982, 280189, 280208, 280660, 281146, 281377, 282125, 282341, 282687, 283683, 284099, 284933, 284972, 284987, 285151, 285213, 285983, 286001, 286395, 286824, 288188, 288450, 288663, 288759, 289050, 290875, 290908, 290926, 291281, 291593, 291734, 293051, 293173, 293461, 293914, 293960, 294226, 294438, 295363, 295398, 295555, 295903, 295922, 296124, 297340, 297448, 297976, 298136, 298508, 298528, 299014, 299564, 299676, 299778, 299800, 299827, 299879, 300208, 300244, 300352, 300509, 300514, 300583, 300895, 300966, 300970, 301100, 301365, 301489, 301575, 301590, 301803, 301910, 301949, 302019, 302271, 302337, 302606, 302616, 302636, 302732, 302788, 302896, 303358, 303501, 303509, 303762, 304187, 304650, 304769, 304778, 304973, 305138, 305495, 305510, 305523, 305541, 305547, 305555, 305568, 305590, 305645, 305856, 305932, 305937, 306059, 306070, 306087, 306158, 306374, 306469, 306619, 306647, 306689, 306959, 307202, 307227, 307397, 307575, 308329, 308606, 308745, 308831, 308845, 308929, 308937, 309047, 309100, 309113, 309140, 309230, 309298, 309495, 309712, 309735, 310128, 310365, 310587, 310596, 310597, 310602, 310613, 311443, 311776, 312210, 312403, 312705, 312866, 312884, 313338, 313420, 313599, 313899, 313932, 313937, 314024, 314032, 314064, 314407, 314454, 314564, 314586, 314769, 314978, 314987, 315167, 315194, 315250, 315257, 315937, 315958, 316005, 316353, 316891, 317014, 317743, 317891, 317920, 317984, 318781, 319625, 319628, 320138, 320337, 320423, 320441, 320691, 320701, 320898, 321787, 321885, 321890, 322104, 322204, 322397, 322404, 322586, 322674, 323018, 323440, 323623, 323884, 323907, 323939, 324157, 324447, 324914, 325197, 325600, 325606, 325635, 325659, 325860, 325874, 326016, 326073, 326313, 326318, 326348, 327007, 327053, 327441, 327723, 327738, 328131, 328136, 328408, 328415, 328470, 328966, 329108, 329293, 329539, 329544, 329581, 329612, 329769, 329842, 329929, 329975, 329996, 330279, 330494, 330573, 331064, 331463, 331641, 332784, 333412, 334574, 334749, 335034, 335521, 336258, 336303, 336399, 336404, 336479, 336596, 336878, 336900, 337070, 337116, 337134, 337399, 337514, 337848, 337855, 337886, 338751, 338982, 339242, 340829, 341082, 341421, 341540, 341716, 341982, 342082, 342246, 342317, 342376, 342393, 343501, 343577, 343752, 343844, 343858, 343979, 344623, 345314, 345331, 345519, 345714, 345836, 346441, 346664, 346671, 346894, 347658, 347963, 348561, 348669, 349154, 349468, 350124, 350458, 351102, 351213, 352048, 352239, 352561, 352870, 352876, 353854, 354058, 354069, 354306, 354648, 355291, 356165, 356608, 356624, 356977, 357766, 358258, 359338, 359347, 359403, 359441, 359481, 359807, 359820, 360885, 361018, 361028, 361726, 362112, 363041, 363758, 364822, 365377, 366498, 367078, 367182, 367284, 367380, 368010, 368018, 368437, 368487, 368530, 368711, 368796, 369398, 369581, 369600, 369629, 369805, 369815, 369950, 370007, 370107, 370150, 370168, 370632, 370773, 371326, 371717, 372150, 372156, 372536, 373078, 373804, 373826, 373889, 373920, 374393, 374412, 374856, 374956, 374964, 374976, 374984, 375109, 375131, 375353, 375356, 375698, 375703, 375742, 375780, 376392, 377445, 377451, 377659, 377769, 377941, 378439, 378499, 378522, 378538, 378546, 379266, 379360, 379369, 379639, 380432, 380627, 380634, 380708, 381576, 381586, 381631, 381642, 382320, 382551, 382886, 382890, 382898, 383130, 383565, 383846, 384003, 384058, 384562, 384614, 385028, 385041, 386459, 386568, 386853, 386859, 386873, 386976, 387122, 387232, 387904, 387926, 388342, 388592, 388918, 389004, 389266, 389626, 389630, 389636, 390749, 390802, 391050, 391511, 391664, 391667, 392225, 392363, 392603, 392820, 392911, 392986, 393262, 393433, 394460, 394662, 394996, 395475, 395498, 396056, 396073, 396135, 396172, 396177, 396266, 396310, 396994, 396998, 397064, 397103, 397163, 397232, 397501, 397528, 398227, 398489, 398496, 398514, 398749, 398961, 398994, 399056, 399070, 399155, 399195, 399286, 399371, 399890, 400032, 400180, 400185, 400201, 401225, 401451, 401590, 401965, 401974, 402194, 402325, 402372, 402446, 402738, 402911, 402976, 403027, 403632, 403702, 404099, 404222, 404396, 404630, 404895, 404970, 404977, 405096, 405309, 405373, 405643, 405686, 405795, 405909, 405927, 406163, 406688, 406838, 408529, 408853, 408988, 410600, 410908, 411828, 411996, 412181, 412502, 412601, 412617, 412822, 413037, 413987, 414276, 414280, 415289, 415433, 415684, 415947, 416116, 416134, 416286, 416404, 416531, 416773, 416839, 416912, 417086, 417202, 417216, 417459, 417476, 417538, 417684, 418235, 420075, 420383, 420395, 420439, 420466, 420479, 420675, 420771, 421419, 421689, 422120, 422399, 422705, 422742, 422936, 423309, 423796, 423939, 423945, 424422, 424911, 425054, 425286, 425319, 425521, 425764, 425931, 425956, 426189, 426509, 426604, 426700, 427085, 427171, 427281, 427615, 428093, 428208, 428347, 428551, 428559, 428740, 428751, 429040, 429222, 429358, 429387, 429562, 429899, 430141, 430155, 430162, 430168, 430372, 431565, 431933, 432127, 432414, 432923, 433088, 434333, 434618, 434869, 435117, 435138, 435348, 435403, 435640, 435796, 435857, 436199, 436561, 436691, 436751, 436983, 437065, 437206, 437472, 437593, 437866, 438129, 438332, 440711, 440942, 440981, 440989, 441063, 441087, 441229, 441431, 441551, 441557, 441566, 441574, 441586, 441592, 441648, 441663, 441771, 441778, 442025, 442056, 442079, 442376, 442665, 443033, 443180, 443386, 444005, 444188, 444534, 444694, 444696, 444816, 445325, 445351, 445478, 445565, 446290, 446876, 447315, 447706, 447831, 448477, 448677, 448759, 449055, 449424, 449514, 449862, 450774, 451374, 451377, 451391, 451397, 451414, 451718, 451794, 451925, 452022, 452111, 452381, 452740, 452841, 452894, 453182, 453443, 453468, 453733, 454038, 454053, 454163, 454251, 454568, 454578, 454742, 454749, 454866, 455197, 455253, 457500, 457607, 457864, 458016, 458378, 458429, 458551, 459700, 459715, 459718, 459721, 460248, 460509, 460518, 460592, 460701, 460738, 460763, 460885, 461046, 461825, 462080, 463487, 463796, 464353, 464386, 465849, 465878, 466211, 467276, 467282, 467891, 468062, 468100, 468301, 468415, 468445, 468739, 469252, 470335, 471299, 471356, 471360, 472001, 472038, 472242, 472379, 472407, 472453, 472731, 473279, 473658, 474477, 474747, 474866, 475059, 475063, 475219, 475311, 475408, 475414, 476646, 476957, 476995, 477208, 477383, 477472, 478344, 478506, 478520, 478652, 478890, 478992, 479053, 479110, 479554, 479560, 479671, 479674, 480023, 480332, 480575, 480680, 480705, 480925, 481064, 481122, 481126, 481553, 481914, 481929, 481965, 482070, 482369, 482604, 483090, 483194, 483684, 483751, 483781, 483926, 484158, 484187, 484207, 484225, 484306, 484313, 484630, 484932, 484973, 485187, 485265, 485331, 485426, 485579, 486170, 486761, 486767, 487040, 487226, 487251, 487457, 487797, 487913, 488122, 488459, 488546, 488645, 489166, 489407, 489410, 490090, 490151, 490348, 490396, 490614, 490869, 491098, 491170, 491402, 492042, 492341, 492430, 492494, 492636, 492882, 492888, 492892, 492897, 493048, 493055, 493253, 493929, 493948, 494364, 495282, 495388, 495418, 495815, 496695, 496924, 497175, 497377, 497467, 498047, 498331, 498379, 499437, 499440, 499453, 499456, 499467, 499470, 499747, 500096, 500178, 500393, 500408, 500445, 500461, 500517, 500531, 500853, 501117, 501133, 501151, 501251, 501363, 501448, 502050, 502063, 502082, 502685, 502721, 502878, 502915, 502929, 502936, 502944, 503080, 503090, 503103, 503268, 503288, 503416, 504221, 504427, 504736, 504973, 505010, 505104, 505291, 505384, 505393, 505407, 505452, 506427, 506651, 506675, 506717, 507020, 507392, 508152, 508178, 508211, 508227, 508696, 508972, 509070, 509085, 509445, 509543, 509574, 509833, 509939, 511057, 511332, 511474, 511974, 512001, 513187, 513560, 513637, 513934, 514023, 514420, 514585, 514920, 515051, 515593, 515687, 515909, 515943, 515959, 516011, 516101, 516123, 516185, 516282, 516998, 517175, 517252, 517278, 517294, 517510, 518019, 518219, 518226, 518334, 518364, 518406, 518450, 518511, 518745, 518929, 519010, 519255, 519265, 519666, 519681, 519976, 520053, 520393, 520461, 520473, 520483, 520572, 520628, 520643, 521157, 521224, 521593, 521810, 521915, 521950, 521967, 522006, 522181, 522346, 522858, 523264, 523292, 523610, 523686, 523773, 524060, 524181, 524929, 525241, 526067, 526443, 526788, 527072, 527089, 527195, 527207, 527498, 527643, 527809, 527848, 527979, 528446, 528805, 529242, 529349, 529387, 531316, 531464, 531591, 531660, 531697, 531709, 531740, 531746, 531756, 531831, 531834, 531933, 531955, 531967, 531979, 532249, 532632, 532930, 533014, 533058, 533117, 533475, 533495, 533499, 533510, 533554, 533568, 533907, 534149, 534163, 534185, 534699, 534733, 534740, 534874, 535205, 535229, 535261, 535316, 535348, 535393, 535405, 535473, 535662, 535804, 535913, 536518, 536578, 536597, 536617, 536795, 537204, 537699, 538098, 538111, 538124, 538175, 538182, 538189, 538201, 538259, 538277, 538873, 539892, 540528, 540583, 540602, 540630, 540773, 540799, 541089, 541132, 541334, 541833, 541994, 542947, 543044, 544247, 544586, 544686, 544946, 544994, 545869, 546170, 546792, 547009, 547190, 547604, 547734, 548789, 549071, 549830, 550049, 550201, 550212, 551474, 551753, 551897, 553383, 554506, 554566, 554580, 554699, 554850, 555673, 556075, 556264, 556272, 556428, 556526, 556822, 556836, 556964, 557181, 557475, 557930, 558284, 558520, 558544, 558726, 558868, 559342, 559350, 560304, 560481, 560954, 561169, 561219, 561365, 561853, 562114, 562310, 562448, 562569, 562633, 563048, 563255, 564627, 564827, 564885, 565054, 565238, 565271, 566165, 566600, 567174, 567244, 567367, 567970, 568254, 568272, 568416, 568470, 568583, 568613, 568896, 568999, 569119, 569296, 569314, 569488, 569533, 570083, 570123, 570671, 571836, 572608, 572657, 572690, 572817, 573371, 573815, 574008, 574296, 574409, 574874, 575069, 575593, 575732, 575736, 575897, 575907, 575954, 576084, 576095, 576124, 576129, 576135, 576188, 576273, 577649, 577728, 577972, 578069, 578109, 579059, 579549, 579624, 579790, 580206, 580300, 580582, 581363, 583296, 583480, 583494, 583515, 583650, 583756, 583859, 584238, 584296, 584301, 585357, 585707, 589651, 589717, 589832, 590390, 593494, 593562, 595095, 597800, 597965, 599217, 599367, 599562, 600189, 601002, 601567, 602934, 602954, 603976, 605031, 605244, 607370, 608440, 608895, 610631, 610643, 610893, 611576, 613246, 613798, 615049, 615292, 615853, 616219, 616271, 616434, 616564, 616803, 618820, 619207, 619857, 619991, 620420, 621864, 621876, 622018, 622331, 622691, 624243, 624420, 624475, 625851, 627715, 628127, 628973, 628992, 629614, 629889, 630748, 630947, 631139, 631311, 631734, 631959, 632626, 632629, 632802, 632823, 632899, 633130, 633468, 633539, 633751, 634056, 634458, 634626, 634912, 634935, 635259, 635286, 635617, 635686, 635751, 635810, 636336, 636352, 636361, 636513, 636549, 636591, 636827, 637270, 637408, 637457, 637470, 637544, 637703, 637782, 637793, 637808, 637842, 637866, 637924, 637943, 637989, 638031, 638062, 638068, 638074, 638142, 638153, 638239, 638456, 638807, 639433, 639650, 639848, 640047, 640052, 640101, 640193, 640295, 640307, 640512, 640876, 641285, 641290]
11,117,[170, 208, 238, 278, 349, 582, 944, 1072, 1129, 1416, 1438, 1526, 1739, 1791, 1812, 2571, 2752, 2782, 2817, 2839, 2859, 2883, 2991, 3517, 3887, 3958, 4051, 4070, 4497, 4636, 4854, 4864, 4911, 4966, 5024, 5198, 5266, 5313, 5592, 5672, 5753, 5788, 5826, 6092, 6175, 6255, 6285, 6401, 6455, 6580, 6610, 6811, 7108, 7564, 7626, 7638, 7801, 8029, 8434, 8482, 8551, 8644, 8763, 8828, 9517, 9529, 9548, 9580, 9598, 9626, 9653, 10487, 10555, 10728, 10883, 11416, 11459, 11961, 11973, 12372, 12536, 12567, 13395, 13423, 13622, 14089, 14201, 14453, 14941, 15205, 15385, 16314, 16373, 16610, 16864, 16882, 17353, 17464, 18159, 18174, 18204, 18275, 18392, 18593, 18617, 18867, 19135, 19238, 19264, 19271, 19293, 19372, 19557, 19609, 19758, 19762, 20290]
12,115,[627, 759, 1898, 2026, 2067, 2201, 2239, 2413, 2471, 2801, 2853, 2912, 3103, 3341, 3789, 3907, 3992, 4098, 4308, 4350, 4478, 4603, 4622, 4819, 4873, 5050, 5120, 5330, 5492, 6126, 6698, 7110, 7210, 7234, 7401, 7594, 7664, 7705, 7728, 7759, 7790, 7840, 7896, 7907, 8001, 8393, 8497, 8527, 8821, 8960, 9018, 9198, 9235, 9655, 9668, 9744, 9929, 10429, 10793, 10889, 11048, 11309, 11766, 11976, 12401, 12480, 12546, 13171, 13737, 13837, 13995, 14233, 14557, 14745, 14895, 15076, 15304, 15326, 15340, 15407, 15448, 15625, 15702, 15873, 15961, 16003, 16012, 16021, 16100, 16262, 16437, 16501, 16508, 16842, 16863, 17057, 17190, 17287, 17293, 17866, 18187, 18249, 18286, 18375, 19484, 19587, 20432, 20506, 21188, 21290, 21482, 21960, 22016, 22678, 22900]
13,9,[305, 592, 1276, 1434, 1488, 2285, 2317, 2836, 2886]
14,12,[7453, 8774, 16757, 68418, 98302, 112143, 122133, 138480, 139501, 144495, 162646, 169321]
15,538,[609, 860, 890, 1257, 1458, 1924, 2118, 2707, 2749, 2751, 3143, 3513, 4014, 4245, 5189, 5646, 5851, 5983, 6073, 6348, 6405, 7207, 7365, 7625, 8141, 8274, 8375, 8511, 8658, 8701, 9144, 9234, 9241, 9617, 9663, 9708, 9719, 10076, 10128, 10250, 10291, 10316, 10329, 10846, 10958, 11398, 11821, 11894, 12367, 12516, 13254, 13417, 14742, 15633, 15851, 15878, 16391, 16665, 16739, 16801, 17229, 17286, 17444, 17539, 17635, 17925, 18004, 18212, 18387, 18492, 18580, 18591, 18637, 18991, 18994, 19209, 19603, 19635, 20009, 20117, 21372, 21434, 21561, 21774, 21787, 21835, 21944, 21977, 22144, 22458, 22522, 22647, 22659, 23203, 23287, 23363, 23394, 24348, 24380, 24386, 24515, 24587, 24812, 25458, 25490, 25911, 26121, 26519, 26532, 26821, 27040, 27202, 28288, 28611, 29188, 29287, 29345, 29362, 29657, 29707, 29777, 29913, 30042, 30060, 30435, 30935, 31299, 31820, 31943, 31984, 32868, 33038, 33486, 34865, 34969, 35053, 35134, 36648, 36950, 36966, 37040, 37235, 37313, 37342, 38236, 38685, 38845, 38902, 39015, 39058, 39214, 39417, 39539, 40216, 40454, 41043, 41100, 44201, 46744, 47331, 47352, 47409, 47485, 47645, 47870, 47891, 47953, 48234, 48245, 48310, 48336, 48346, 48961, 49605, 50244, 50433, 50741, 51044, 51095, 51583, 51709, 51886, 52099, 52364, 52776, 53018, 53171, 54177, 54925, 55199, 55980, 56229, 60002, 60808, 60928, 60974, 61032, 61171, 61490, 62053, 62405, 62780, 63182, 63200, 64249, 64358, 64648, 64661, 65169, 65434, 66090, 66503, 66802, 66886, 67068, 67158, 67241, 67470, 67473, 67745, 67986, 68044, 68191, 68758, 68973, 69273, 69736, 69943, 71162, 71219, 71308, 71800, 73431, 73610, 74427, 75383, 75542, 75681, 75774, 76059, 76220, 77589, 77628, 77932, 77950, 77995, 78038, 78057, 78196, 78280, 78775, 78930, 78956, 79032, 79343, 79417, 79626, 80093, 80135, 80350, 80474, 80508, 80665, 80772, 81259, 81694, 82099, 82480, 82488, 82803, 83859, 84074, 84095, 84138, 84310, 84573, 85725, 86567, 86846, 86963, 87232, 87244, 87331, 87623, 87963, 88076, 88198, 88244, 88488, 88778, 88971, 89023, 89044, 89107, 89347, 89411, 89585, 89590, 89596, 89602, 89730, 89795, 90246, 90706, 90733, 91518, 92248, 92656, 93039, 94146, 95875, 96552, 96937, 96943, 97076, 97157, 97630, 97927, 98023, 98184, 99409, 99869, 99898, 100319, 100913, 101544, 101777, 102304, 102407, 102541, 102550, 104073, 104738, 104751, 104816, 105176, 105222, 105362, 105459, 105703, 105786, 106258, 107314, 107397, 107511, 107756, 108867, 109114, 109193, 110518, 110753, 111594, 112120, 113264, 113891, 113922, 114195, 114385, 115917, 115951, 115972, 116414, 116700, 116718, 118444, 118483, 118708, 118789, 119419, 120727, 123567, 123795, 124055, 124264, 124306, 124491, 125025, 125058, 125209, 125267, 125553, 125584, 125768, 125917, 125978, 126039, 126094, 126488, 126635, 126968, 127020, 127066, 127359, 128631, 128798, 129231, 129466, 129587, 130207, 130260, 130975, 131029, 131109, 131559, 131956, 132268, 132408, 132529, 132555, 132584, 132631, 132697, 132770, 132950, 133675, 133810, 133825, 134011, 134234, 134247, 134307, 134400, 134438, 134557, 134638, 134834, 135533, 135617, 135767, 136098, 136338, 136869, 136875, 137783, 138045, 138337, 138805, 139042, 139200, 139552, 139615, 141710, 141871, 142089, 142399, 142472, 143150, 144027, 144108, 144418, 144422, 144866, 144953, 145039, 145340, 145601, 146043, 146166, 146231, 146335, 146576, 146674, 147385, 147392, 148200, 150349, 150847, 151770, 151978, 152707, 153551, 153556, 153559, 153920, 154565, 155093, 155632, 155996, 156203, 156468, 156606, 157150, 157249, 157263, 158139, 158924, 158963, 159091, 159101, 159550, 159725, 159998, 162132, 162576, 163050, 163205, 163294, 163533, 163818, 164147, 164541, 164801, 165142, 165573, 165768, 165795, 165848, 166198, 166294, 166440, 166928, 166957, 167261, 167647, 167686, 167915, 167940, 167950, 168535, 168719, 168754, 168831, 169737, 170133, 170493, 171034, 171614, 171652, 172406, 172459, 172578, 172675, 172706, 173300, 173320, 173371, 173430, 173697]
16,166,[461, 1071, 1332, 1366, 1533, 1778, 2592, 2637, 2733, 2769, 2795, 3496, 3501, 4071, 4524, 4645, 4879, 4897, 4922, 4996, 5037, 5158, 5516, 5622, 5866, 5912, 6185, 6433, 6639, 6694, 6723, 7212, 7346, 7502, 7516, 7964, 8016, 8162, 8179, 8766, 8872, 9011, 9135, 9905, 9923, 10003, 10009, 10019, 10328, 10371, 10632, 10639, 10648, 10657, 10694, 10722, 10952, 11838, 11896, 11918, 12239, 12745, 13079, 13307, 13370, 13788, 14161, 14615, 14801, 14846, 14960, 14986, 15076, 15156, 15473, 16232, 16529, 16540, 16672, 16742, 16771, 16931, 17032, 17295, 17467, 18056, 18362, 18463, 18481, 18563, 19375, 19389, 20228, 20268, 20353, 20570, 20703, 20712, 20888, 21331, 21668, 21947, 21999, 22606, 22665, 22754, 22984, 24085, 24232, 24331, 24441, 24562, 24641, 24989, 25100, 25564, 25641, 26095, 26198, 26397, 26440, 27004, 27467, 27613, 27883, 27895, 27913, 27919, 27936, 28053, 28110, 28565, 28633, 29180, 29459, 29543, 29571, 29789, 30905, 30976, 31051, 31185, 31209, 31215, 31607, 31736, 32238, 32301, 32589, 33037, 33193, 33305, 33607, 33632, 33808, 34039, 34141, 34358, 35036, 35064, 35331, 35378, 35609, 35781, 36525, 37598]
17,590,[678, 1046, 1462, 1837, 2492, 2519, 2640, 2652, 2828, 3100, 3623, 4150, 4233, 4450, 4453, 5075, 5195, 6768, 6776, 7575, 8078, 8114, 8243, 8660, 9429, 9522, 9593, 9600, 9648, 9965, 9980, 10006, 10034, 11298, 11367, 11491, 11501, 11511, 12867, 13594, 13598, 13974, 14674, 14706, 14844, 14892, 15019, 15041, 15053, 15088, 15285, 15312, 15507, 16827, 16875, 17600, 17602, 18215, 18219, 18281, 18735, 18748, 18781, 19991, 20006, 20009, 20195, 20814, 20865, 20936, 21065, 21439, 21635, 21922, 22769, 23238, 23295, 23344, 23349, 23353, 23389, 23491, 23499, 23615, 23918, 24863, 27480, 27589, 28012, 28417, 30208, 30728, 31869, 32413, 33549, 34123, 34226, 34327, 34424, 35058, 35066, 35485, 35538, 35581, 35759, 35842, 36491, 36675, 36693, 36722, 36972, 36997, 37734, 38167, 38285, 38800, 38808, 38836, 38844, 39135, 39138, 39617, 39640, 40488, 40491, 40663, 40969, 41588, 41618, 41702, 42093, 42441, 44402, 45832, 45996, 46283, 46984, 49972, 50028, 50227, 50586, 51782, 51800, 52066, 53046, 53532, 53597, 53762, 53778, 53800, 53907, 54133, 54225, 54790, 54895, 54938, 55006, 55641, 55683, 55709, 56066, 56075, 57410, 57581, 57799, 58483, 59248, 59383, 59995, 60204, 60219, 60321, 60924, 61059, 61070, 61138, 61141, 61340, 61384, 61888, 61959, 61969, 62121, 62688, 62914, 63238, 63293, 63531, 63744, 63881, 64043, 64550, 64682, 64979, 65019, 66113, 66117, 67088, 67234, 67344, 67480, 68344, 68846, 69634, 69687, 69746, 69789, 70464, 70583, 71235, 71371, 72194, 72264, 72456, 72500, 73191, 73220, 73260, 73300, 73378, 73686, 74000, 74005, 74963, 75052, 75098, 75222, 75241, 75335, 75353, 75412, 75426, 75449, 75670, 75720, 75918, 76171, 76551, 77052, 78117, 78751, 79163, 79756, 81063, 81565, 81865, 82673, 82693, 82817, 82872, 83581, 83806, 83899, 83936, 85014, 85055, 85133, 85745, 86861, 86879, 86984, 87196, 87955, 88457, 88815, 88937, 89309, 89725, 89751, 90268, 90304, 90808, 91582, 91602, 91636, 91772, 91972, 93171, 95911, 95934, 96799, 96826, 96888, 96945, 96953, 96970, 96978, 97628, 97916, 98165, 98374, 98644, 99174, 99673, 100389, 101697, 101734, 102307, 102638, 102803, 102884, 103311, 103361, 103491, 103566, 103641, 104072, 104164, 104215, 104578, 104645, 104801, 105037, 106112, 107530, 107546, 108790, 109334, 109488, 110023, 110170, 110199, 110258, 111695, 111720, 111736, 111744, 111868, 111913, 112503, 113818, 115299, 115423, 115439, 115534, 115574, 115596, 115940, 116073, 116441, 116697, 116867, 117939, 117965, 118058, 118239, 118339, 118365, 118492, 118659, 118674, 118696, 118760, 118775, 118796, 118903, 118999, 119909, 119933, 119947, 119959, 120864, 120936, 121861, 121974, 123239, 123671, 123956, 124210, 124304, 125946, 127148, 128116, 128605, 129370, 130002, 130242, 131030, 131061, 132411, 132820, 133877, 136021, 136321, 136810, 136870, 137169, 137180, 137222, 137244, 137274, 137357, 138080, 139424, 139538, 140650, 141195, 142735, 143099, 143327, 143464, 143557, 143841, 143851, 144008, 144052, 144075, 144087, 144159, 144169, 144574, 144591, 144769, 145641, 145909, 146146, 146330, 146576, 146917, 146988, 147609, 148033, 148059, 148090, 148247, 148824, 149224, 149397, 149520, 151056, 151255, 151467, 151654, 152338, 152386, 152551, 152869, 153921, 155352, 156655, 156805, 157210, 157350, 157433, 157761, 157932, 158041, 158131, 158651, 158665, 159451, 160641, 161681, 161744, 161818, 161822, 162111, 162438, 162692, 162810, 163243, 163267, 163599, 163662, 163714, 163749, 164020, 164524, 166237, 166808, 166868, 166908, 166912, 167144, 168508, 169228, 169290, 169734, 170119, 170574, 170670, 170952, 170962, 171179, 171547, 171561, 173171, 173295, 173468, 173574, 174452, 174866, 174891, 175823, 175871, 175996, 176158, 176246, 176458, 176662, 177421, 177722, 178851, 178866, 178879, 179156, 179626, 180154, 180212, 180454, 181220, 181872, 182066, 182128, 182699, 182724, 182772, 182877, 182918, 183198, 183567, 184115, 184490, 184498, 184512, 185184, 185212, 185232, 185250, 185481, 185540, 185548, 186634, 188315, 188347, 189017, 189193, 189402, 189764, 192386, 192656, 192665, 193925, 193949, 194297, 194697, 194764, 195848, 196066, 197412, 197423, 197430, 197544, 197761, 199068, 199217, 199300, 200079, 200085, 201346, 201357, 201460, 201619, 202448, 203330, 204035, 204406, 204412, 204654, 205904, 206011, 206017, 206233, 206541, 206583, 206864, 207446, 207956, 210280, 210398, 210649, 210699, 211358, 213915, 214649, 215899, 216184, 216693, 217747, 217764]
18,99,[2107, 3737, 4842, 5118, 8265, 8288, 8428, 8721, 10602, 11322, 19034, 20280, 22342, 26012, 27565, 28414, 28707, 29152, 30351, 31369, 31380, 32493, 38367, 40901, 41809, 42468, 42812, 44891, 44969, 46297, 46437, 46752, 47301, 48673, 50156, 52252, 52846, 53381, 56153, 57541, 59674, 61268, 62340, 64984, 65297, 65541, 65618, 68585, 69703, 69780, 72943, 79259, 81954, 82727, 83431, 84247, 92784, 102958, 103113, 103447, 104128, 104502, 108126, 111303, 112950, 113189, 113387, 116264, 116301, 118657, 118694, 122814, 125800, 125807, 126260, 127852, 128026, 128133, 128307, 129726, 130532, 132510, 132530, 133036, 133648, 135036, 135397, 136436, 136765, 137142, 137755, 138095, 138840, 140931, 141706, 141821, 145845, 147399, 148999]
19,18,[1895, 2600, 4220, 4495, 7390, 8901, 9621, 12184, 13452, 14034, 19236, 19394, 20080, 20248, 21714, 21841, 22892, 26180]
20,78,[82, 251, 1024, 1038, 1313, 2260, 2420, 3792, 4055, 4223, 4350, 5446, 6516, 7417, 7577, 9634, 9826, 10056, 11137, 11807, 13135, 13248, 15768, 16862, 17552, 18550, 19274, 23850, 25272, 26551, 28006, 28704, 29216, 30078, 31237, 32501, 32848, 33536, 33718, 35031, 35212, 35230, 35561, 36744, 37032, 38834, 38891, 41209, 41927, 42579, 49861, 50906, 51368, 51572, 52485, 52548, 54402, 54568, 54822, 54974, 55107, 55178, 57114, 57315, 58830, 59204, 59211, 59261, 61443, 61659, 61834, 62079, 62389, 62467, 63289, 64602, 64745, 65074]
21,103,[1803, 3736, 4066, 4193, 4325, 5685, 5720, 6177, 6496, 6906, 7032, 7594, 7888, 7931, 8191, 8197, 9196, 9243, 9285, 9475, 9874, 9993, 10064, 10155, 10162, 10265, 10269, 10601, 10732, 10901, 11247, 11535, 11547, 11778, 11807, 12148, 12496, 14163, 14200, 14432, 16113, 17109, 17316, 17350, 17816, 17864, 17886, 17942, 18458, 18515, 18529, 18689, 18736, 19627, 19731, 19878, 20891, 21652, 21701, 21721, 21800, 23366, 23421, 24098, 24106, 24423, 24849, 24945, 25408, 25495, 25765, 26036, 26422, 26647, 27049, 27272, 27396, 27405, 27721, 27796, 27942, 28308, 28892, 29439, 29506, 30297, 30323, 30665, 30866, 30956, 31135, 31178, 31609, 31923, 32529, 32565, 32773, 33142, 33211, 33353, 33372, 33469, 33523]
22,754,[99, 982, 1649, 1670, 1975, 1981, 2337, 3089, 3644, 3724, 3726, 3728, 3730, 3732, 3734, 3736, 3738, 4774, 5323, 5341, 5353, 5358, 6036, 6842, 7756, 7758, 7852, 7883, 7885, 8161, 8163, 8165, 8186, 8623, 8632, 8634, 8636, 8654, 8670, 8841, 8850, 8993, 8996, 9434, 9555, 9764, 9785, 9829, 10548, 10563, 10931, 11479, 11623, 11714, 11716, 11718, 11720, 11722, 11739, 11747, 11750, 11757, 11771, 11780, 12761, 13974, 14129, 14189, 14369, 14484, 14486, 14488, 14490, 14540, 15261, 16029, 16145, 16274, 16459, 16461, 16463, 16474, 16478, 17231, 17381, 17579, 17581, 17583, 17585, 18066, 18068, 18981, 18983, 19018, 19289, 19488, 19573, 19595, 20201, 20203, 20312, 20797, 20909, 21538, 21557, 21614, 21616, 22568, 22607, 22630, 22674, 22676, 22678, 22680, 23604, 23657, 23659, 23661, 24038, 24185, 25167, 25205, 25207, 25213, 25395, 27064, 27113, 27421, 27451, 27454, 27489, 27496, 27523, 27525, 27963, 27987, 27989, 27991, 28960, 29327, 29986, 29990, 30179, 30181, 30212, 30214, 30218, 30728, 31192, 31328, 32309, 32311, 32489, 33255, 33571, 33573, 33575, 33577, 33599, 33758, 33761, 34791, 35565, 35656, 36507, 37535, 37916, 38440, 38559, 38562, 38902, 39804, 39829, 40059, 40121, 40133, 40135, 40137, 40139, 40141, 40143, 40145, 40152, 40169, 40172, 40189, 40269, 40310, 40324, 40326, 40328, 40330, 40332, 40377, 40379, 40397, 40400, 40410, 40418, 40422, 40449, 40451, 40473, 40478, 40483, 40498, 40503, 40506, 40529, 40536, 40550, 40554, 40556, 40577, 40611, 40648, 41258, 41371, 41373, 41375, 41377, 41379, 41381, 41383, 41393, 41395, 41397, 41399, 41423, 41425, 41659, 41684, 41909, 42263, 42409, 42555, 42733, 44421, 44776, 45002, 45636, 45670, 47121, 47125, 47168, 47299, 47560, 47606, 47628, 47632, 47888, 49784, 50247, 50659, 50661, 50663, 50665, 50670, 51125, 51127, 51129, 51137, 51139, 51143, 51145, 51891, 52180, 52606, 52932, 53210, 53212, 53214, 53648, 53877, 54562, 54724, 54738, 54741, 54990, 54992, 54994, 54997, 55834, 56953, 57240, 57836, 57841, 57843, 57845, 57872, 58007, 58022, 58064, 58345, 58367, 59120, 59726, 59728, 59930, 60183, 60208, 60214, 60310, 60380, 60639, 60642, 60722, 60854, 60856, 61007, 61061, 61065, 61067, 61069, 61113, 61167, 61415, 61572, 61630, 61633, 61655, 61657, 61664, 61726, 62465, 62507, 62973, 63059, 63061, 63081, 63319, 63320, 63713, 63822, 64333, 64341, 64493, 64495, 64696, 64974, 64976, 64978, 64980, 64982, 64984, 64986, 64988, 64991, 64993, 64999, 66930, 66979, 67138, 68389, 68390, 68426, 68946, 69795, 69971, 69974, 69977, 69983, 69986, 70000, 70321, 70613, 70615, 70685, 70749, 70758, 70762, 70831, 71008, 71134, 71324, 71592, 72086, 72088, 72372, 72848, 73354, 73359, 73361, 73655, 73668, 73670, 73672, 73699, 74321, 74363, 74386, 74516, 74519, 74522, 74525, 74603, 74670, 74674, 74785, 75166, 75179, 75186, 75189, 75199, 75204, 75211, 75228, 75322, 75324, 75326, 75328, 75330, 75332, 75353, 75358, 75536, 75551, 75634, 76201, 76295, 77158, 77175, 77182, 78019, 78023, 78448, 78450, 79141, 79722, 79763, 80157, 80159, 80161, 80163, 80165, 80167, 80169, 80171, 80197, 80208, 80385, 80653, 81825, 81834, 81836, 81860, 81862, 81864, 81882, 81884, 82418, 82678, 82681, 82683, 83077, 83714, 83716, 83932, 85211, 85436, 85751, 86555, 86996, 87245, 87472, 87532, 87534, 87568, 87799, 88817, 88866, 88894, 89004, 89082, 89279, 89327, 90084, 90088, 90206, 90340, 90880, 90882, 90884, 90886, 90888, 90893, 90896, 91197, 92095, 92458, 92806, 93939, 94188, 94943, 94945, 95186, 95188, 95190, 95881, 96143, 96173, 96175, 96467, 96730, 96882, 96976, 96978, 97045, 97049, 97058, 97099, 97820, 98169, 98273, 98275, 98278, 98281, 98643, 99089, 99439, 99478, 99481, 99499, 99546, 99748, 99751, 99753, 99780, 99885, 100242, 100244, 101246, 101248, 103080, 103083, 103266, 103304, 103315, 103351, 103741, 103749, 103897, 104851, 104998, 105065, 105350, 105410, 105565, 105893, 106152, 106441, 106511, 106515, 106746, 107212, 107357, 107360, 107438, 108590, 108665, 108670, 108957, 109210, 109258, 109941, 109943, 109945, 109981, 109989, 110041, 110827, 111058, 112312, 112326, 112361, 112387, 112474, 112486, 112509, 112572, 112978, 113001, 113031, 113075, 113559, 113602, 113641, 113713, 113762, 114226, 114354, 115375, 115952, 116099, 117287, 117612, 117680, 118298, 118426, 118430, 118453, 118955, 119168, 119355, 119858, 120278, 120502, 120651, 120816, 121986, 121988, 121990, 121992, 121994, 121996, 122232, 122234, 122236, 122242, 122305, 122308, 122657, 123281, 123430, 124440, 124853, 125076, 125078, 125093, 125096, 125098, 125368, 125484, 125486, 125585, 125722, 125723, 125725, 125782, 125784, 125786, 126756, 126923, 126932, 127104, 127735, 128506, 128697, 128745, 128761, 128763, 128765, 129882, 131296, 131333, 131335, 131642, 132271, 132273, 132275, 132277, 132735, 132739, 132754, 132797, 133798, 133975, 133979, 133983, 133987, 133991, 133995, 133999, 134003, 134082, 134701, 135287, 135289, 135344, 135943, 136264, 136919, 137266, 137555, 137559, 137563, 137957, 138339, 138442, 138720, 138724, 138799, 139170, 139173, 139702, 139713, 141167, 141189, 141192, 141194, 141225, 141227, 141229, 141231, 141246, 142352, 142355, 142395, 142743, 142829, 142831, 142929, 142931, 143020, 143023, 143309, 143423, 143479, 143486, 143489, 143995, 143997, 144008, 144185, 144681, 144709, 144995, 144998, 145288, 145598, 146612, 146658, 146784, 146787, 147247, 147249, 147292, 148522, 148555, 148559, 148602, 149020, 150137, 150385, 152193, 152450, 152464, 153001, 155960, 155999, 158042, 158044, 158214, 160709]
23,83,[797, 2130, 2562, 2920, 3764, 4200, 4715, 4735, 4813, 5010, 5057, 6034, 6065, 6091, 6230, 6780, 7070, 7333, 7698, 7893, 8321, 8336, 8401, 8652, 9104, 9253, 9728, 9754, 9799, 10402, 10559, 10766, 12219, 13527, 13938, 14399, 15651, 15696, 15849, 16200, 16308, 16315, 16469, 16600, 16618, 16735, 17486, 18034, 18655, 18920, 19048, 19146, 19241, 19299, 19313, 20223, 20816, 20883, 21499, 22887, 23151, 23195, 23266, 23524, 23726, 23743, 23844, 24017, 24343, 24373, 24469, 24789, 24849, 24908, 25862, 26037, 26116, 26547, 26749, 27549, 27763, 28551, 30261]
24,223,[122, 139, 143, 372, 772, 784, 837, 925, 964, 972, 1473, 2010, 2525, 2958, 3097, 3131, 3347, 3622, 3725, 4186, 4224, 4909, 5136, 5316, 5367, 5742, 5761, 5776, 6023, 6251, 6971, 7399, 7680, 7835, 7868, 8092, 8925, 8932, 9089, 9099, 9179, 9249, 9380, 9745, 9816, 10284, 10331, 10367, 10775, 10892, 10898, 10941, 11185, 11522, 12110, 12597, 12660, 13095, 13130, 13399, 13479, 13495, 13734, 13827, 13866, 13986, 14113, 14767, 15324, 15458, 15703, 15734, 15828, 15870, 15937, 16300, 16397, 16737, 16781, 16864, 16925, 16980, 17342, 17403, 17564, 17911, 18265, 18292, 18645, 18824, 18999, 19334, 20182, 20434, 20607, 21029, 21224, 21293, 21503, 21543, 21689, 21733, 22254, 23222, 23314, 24076, 24379, 24475, 24570, 24744, 24796, 24811, 25018, 25149, 25423, 25523, 25547, 25609, 25757, 25789, 25894, 26235, 26577, 26732, 27469, 27597, 27746, 27791, 27838, 27976, 28184, 28217, 28395, 28630, 28686, 28706, 28764, 28943, 29015, 29550, 29568, 30651, 30742, 30824, 30912, 31294, 31315, 31376, 31629, 31734, 31824, 32145, 32153, 32370, 32469, 32487, 32537, 33014, 33150, 33548, 33817, 33835, 33889, 34662, 34936, 34989, 35100, 35184, 35248, 35593, 35698, 35739, 35993, 36331, 36702, 36707, 36868, 37423, 37652, 37990, 38028, 38073, 38127, 38155, 38356, 38712, 38960, 39236, 39550, 39686, 39906, 39948, 40271, 40353, 40400, 40461, 40554, 40676, 40852, 41489, 41750, 41819, 41840, 41871, 42280, 42320, 42353, 42536, 42624, 42703, 42764, 42858, 43219, 43236, 43259, 43408, 43630, 43683, 43828, 44245, 44563, 44674, 45045]
25,14,[9020, 47373, 65257, 75702, 76788, 92038, 94193, 107532, 117034, 133662, 138525, 140714, 155870, 162382]
26,77,[442, 615, 1389, 1403, 1685, 2653, 2814, 4291, 4726, 4855, 5963, 7035, 7940, 8101, 10186, 10377, 10608, 11709, 12393, 13719, 13833, 16413, 17514, 18228, 19259, 19979, 24614, 26066, 27351, 28839, 29536, 30059, 30925, 32106, 33375, 33724, 34410, 34592, 35923, 36105, 36125, 36460, 37655, 37947, 39778, 39834, 42147, 43517, 44446, 50907, 51961, 52424, 52646, 53585, 53647, 55564, 55729, 55983, 56136, 56267, 56338, 58266, 58479, 60029, 60458, 60465, 60518, 62747, 62962, 63137, 63382, 63726, 63805, 64653, 66002, 66145, 66486]
27,255,[711, 933, 1633, 2286, 3265, 4398, 4632, 6538, 6698, 7145, 7607, 8035, 8147, 8376, 9253, 9420, 9934, 10583, 11028, 11172, 11227, 11387, 12131, 12977, 13065, 13569, 14422, 16069, 16155, 16160, 16402, 18178, 18280, 18532, 18563, 18684, 18972, 18986, 19049, 19198, 19456, 19547, 20148, 20848, 21544, 21657, 21667, 22228, 22656, 22822, 24514, 25533, 25587, 25731, 26720, 27023, 27032, 27141, 27398, 28245, 28278, 28457, 29365, 30053, 30311, 31980, 33365, 33419, 33872, 34405, 34452, 34688, 35705, 36211, 36585, 36665, 36803, 36814, 36928, 37216, 37338, 37698, 37896, 37943, 38914, 39796, 40305, 40357, 40394, 40458, 40602, 40840, 41234, 41761, 41786, 41850, 42568, 42673, 43699, 44627, 46025, 46175, 46343, 46544, 46687, 47114, 47179, 47641, 47880, 47937, 48704, 49669, 49773, 52070, 52705, 53033, 53040, 53104, 53145, 53282, 53713, 53742, 53842, 54339, 55190, 56318, 56363, 56462, 57534, 57581, 57932, 58407, 58472, 58562, 58823, 59195, 59542, 59665, 59796, 61023, 61035, 61196, 61814, 62005, 62794, 62862, 63467, 64972, 65823, 66248, 67027, 67156, 69840, 69974, 70727, 70842, 71822, 73398, 73461, 73635, 74390, 74876, 75560, 75585, 76355, 77056, 78603, 78614, 79098, 79180, 79598, 80745, 81229, 81480, 81768, 81801, 82085, 82132, 82529, 82638, 83047, 83541, 84281, 84527, 84698, 85445, 85662, 85884, 86174, 86304, 86746, 87490, 88252, 88463, 88740, 88865, 89903, 90305, 90419, 91887, 93407, 93501, 93665, 93972, 94503, 94587, 94628, 94733, 95858, 96615, 96679, 96916, 97584, 97671, 97980, 98040, 98665, 98969, 99083, 99553, 99655, 99683, 100056, 100699, 100975, 101182, 101323, 101435, 102075, 102522, 102932, 103048, 103407, 103681, 104133, 104328, 105247, 105380, 105400, 105459, 105532, 105825, 106562, 106599, 106697, 106996, 107013, 107409, 108231, 108568, 108627, 108994, 109007, 109021, 109246]
28,61,[485, 2160, 2318, 2326, 2404, 2492, 2569, 2782, 2822, 2854, 3876, 3987, 4018, 4146, 4228, 4483, 4956, 4960, 4964, 4983, 5081, 5106, 5187, 5451, 5986, 6131, 6904, 7088, 7178, 7185, 7225, 7239, 7499, 7533, 7667, 7783, 7846, 7936, 8076, 8368, 8565, 8652, 9111, 9307, 9554, 9772, 9904, 10161, 10245, 10620, 10716, 10746, 10784, 10859, 10869, 10883, 10974, 11055, 11201, 11670, 11707]
30,2775,[1096, 1132, 1284, 1409, 1906, 2002, 2275, 2339, 4212, 4413, 4693, 5178, 5217, 6009, 6090, 6459, 6963, 7180, 7417, 7468, 7608, 8156, 9451, 9460, 9493, 9625, 9653, 9668, 9918, 10008, 10024, 10790, 10967, 11053, 11541, 11641, 11872, 11936, 12468, 12504, 12572, 12854, 13187, 13598, 14133, 14152, 14473, 15085, 15605, 16216, 16379, 16542, 17463, 17471, 18311, 18727, 19738, 20297, 20389, 20400, 20749, 20762, 20819, 20824, 21137, 21188, 22533, 22660, 22694, 22716, 22827, 23590, 23607, 23621, 23643, 23952, 24018, 24064, 24481, 24489, 24547, 24681, 24702, 24925, 24993, 25273, 25533, 25554, 26592, 27081, 27244, 27405, 27491, 27499, 27641, 27868, 28027, 28406, 28522, 28528, 29061, 29296, 29501, 30049, 30332, 30376, 30595, 30928, 31716, 31807, 31895, 31910, 32387, 32401, 32442, 32573, 32735, 32784, 32875, 32883, 32957, 32977, 33002, 33151, 33248, 33452, 33478, 33551, 34249, 34550, 34634, 34645, 34654, 34681, 34750, 34802, 35047, 35067, 35167, 35206, 35229, 35405, 35530, 35844, 35994, 36023, 36026, 36030, 36074, 36098, 36408, 36450, 36832, 37171, 37253, 37466, 37514, 37643, 37654, 37847, 37903, 38116, 38182, 38288, 38300, 38303, 38350, 38453, 38695, 38767, 38856, 38899, 39169, 39287, 39297, 39350, 39364, 39437, 39533, 39575, 39578, 39589, 39601, 39711, 39744, 39861, 39931, 39994, 40244, 40304, 40333, 40437, 40574, 40717, 40834, 41089, 41275, 41314, 41498, 41577, 41635, 42119, 42172, 42387, 42463, 42517, 42520, 42653, 42715, 42815, 42892, 42907, 42913, 43165, 43271, 43336, 43384, 43719, 43930, 43934, 44412, 44419, 44427, 44453, 44468, 44514, 44585, 44839, 45147, 45181, 45862, 45899, 45937, 46186, 46201, 46226, 46274, 46665, 47308, 47315, 47324, 47358, 47406, 49521, 50324, 50853, 52020, 52047, 52124, 52185, 52197, 52226, 52290, 52313, 52512, 52602, 52633, 52703, 52832, 52852, 52915, 52944, 53082, 53099, 53203, 53739, 53892, 54000, 54258, 54261, 55859, 55884, 55899, 56082, 56090, 56100, 56133, 56176, 58552, 58893, 59282, 60022, 60035, 60185, 60357, 60491, 60604, 60894, 61057, 61148, 61318, 61465, 61500, 62131, 62616, 63277, 63480, 63772, 64053, 64072, 64134, 64202, 64213, 64269, 64452, 65478, 66035, 66208, 66316, 67018, 67021, 67024, 67027, 67128, 67276, 68069, 68141, 68184, 68245, 68419, 68496, 68817, 69005, 69682, 69701, 70219, 70517, 71018, 71036, 71088, 71093, 71841, 72380, 72391, 72768, 73619, 73953, 74555, 74750, 74992, 75290, 75595, 75649, 75675, 75713, 75809, 75890, 76116, 76177, 76200, 76324, 76432, 76858, 77171, 77631, 77938, 79836, 81929, 81951, 81976, 82456, 82496, 83126, 85484, 86286, 86685, 86702, 87050, 87204, 87229, 87306, 87407, 87701, 87712, 87868, 87907, 87924, 88110, 88126, 89462, 90307, 90604, 90643, 90906, 91095, 91130, 91357, 91633, 92525, 92545, 93256, 93346, 93391, 93411, 93526, 93590, 93634, 93936, 94109, 94299, 94385, 94411, 94483, 94493, 94512, 94687, 94728, 94828, 94848, 95110, 95343, 95442, 95683, 95993, 96273, 96298, 96525, 96531, 96560, 97133, 98549, 98562, 98660, 99248, 100205, 100309, 100457, 100639, 101131, 101149, 101292, 101840, 102066, 102116, 102134, 102483, 102501, 102517, 102541, 102692, 102946, 103113, 103206, 103360, 103394, 103404, 103427, 103438, 103481, 104278, 105348, 105392, 105446, 105567, 105807, 106170, 106348, 106423, 106562, 106703, 106849, 107675, 107749, 107860, 107865, 108214, 108247, 108283, 108307, 108326, 108333, 108336, 108512, 108543, 108664, 108703, 108905, 108912, 109019, 109053, 109097, 109151, 109622, 109750, 109803, 109832, 109901, 110121, 110128, 110422, 110431, 110490, 110719, 110793, 110833, 110939, 110973, 111172, 111197, 111222, 111253, 111317, 111414, 111466, 111476, 111510, 111569, 111586, 111708, 111818, 111849, 111872, 111888, 111895, 111989, 112448, 112635, 112945, 113060, 113258, 113279, 113910, 114191, 114198, 114204, 114363, 114412, 115481, 115535, 115551, 115555, 115559, 115818, 115870, 115885, 115975, 116919, 117099, 117122, 117253, 117998, 118026, 119031, 119611, 119704, 119956, 120082, 120366, 120484, 120491, 120518, 120579, 120684, 120716, 121075, 121138, 121270, 121379, 121441, 121562, 121650, 121803, 122393, 122647, 122665, 122977, 123118, 123449, 123945, 124453, 124761, 124775, 124914, 124965, 125120, 125599, 126175, 126645, 126650, 127175, 127869, 128046, 128567, 128855, 128897, 128926, 128969, 129029, 129094, 129340, 129726, 129772, 129776, 129994, 129997, 130008, 130012, 130053, 130165, 130371, 130380, 130398, 130435, 130457, 130659, 130677, 130685, 130702, 130728, 131025, 131288, 131630, 131639, 131661, 131680, 131757, 132437, 132456, 132659, 132714, 132727, 132944, 133021, 133041, 133057, 133072, 133081, 133170, 133283, 133835, 134175, 134771, 134776, 134790, 134815, 135455, 136511, 136653, 137248, 137364, 137405, 137513, 137547, 137555, 137653, 137716, 137763, 137782, 137788, 138336, 138376, 138406, 138449, 138483, 138488, 138499, 138539, 138902, 138936, 139083, 139159, 139418, 139479, 139507, 139512, 139835, 139923, 139939, 139992, 140073, 140128, 140205, 140248, 140330, 140391, 140546, 140731, 140738, 140745, 140853, 140869, 140887, 140892, 140897, 140911, 140918, 140923, 140936, 140943, 140948, 140953, 140967, 140972, 140977, 141006, 141013, 141147, 141152, 141209, 141246, 141269, 141310, 141336, 141359, 141383, 141434, 141458, 141483, 141903, 142594, 142619, 142813, 142899, 142990, 143306, 143311, 143441, 143494, 143640, 143675, 143979, 144373, 144453, 144462, 144494, 144549, 144626, 144685, 144690, 144707, 144728, 144763, 144768, 144863, 144915, 145111, 145190, 145224, 145255, 145288, 145386, 145428, 145649, 145852, 145881, 145925, 145932, 145954, 146251, 146476, 146586, 146709, 146821, 146826, 147016, 147030, 147036, 147300, 147575, 147582, 147588, 147598, 147850, 147880, 147912, 147929, 148169, 148381, 149159, 149162, 149165, 150040, 150168, 150411, 150463, 150531, 150547, 150690, 150775, 150861, 150898, 151001, 151011, 151047, 151067, 151099, 151731, 151885, 151925, 151958, 151990, 152139, 152425, 152669, 152745, 152914, 153300, 154037, 154096, 154135, 154142, 154309, 154799, 155256, 155452, 155458, 155482, 155597, 155972, 155987, 156158, 156400, 156403, 156452, 156528, 156978, 157401, 157605, 157640, 157737, 157841, 157861, 158061, 158161, 158166, 158180, 158291, 158312, 158403, 158498, 158552, 158625, 158640, 158644, 158657, 158779, 158819, 158882, 159400, 159417, 159489, 159494, 159603, 159789, 159950, 160107, 160145, 160288, 160607, 160760, 161284, 161779, 162066, 162079, 162416, 162450, 162500, 162560, 162990, 163308, 163713, 163787, 163796, 163928, 164021, 164072, 164121, 164127, 164602, 165391, 165436, 165508, 165580, 165665, 165876, 166080, 166131, 166471, 166568, 166596, 166613, 166906, 167394, 167399, 167405, 167426, 167688, 167727, 167759, 167843, 167910, 168207, 168260, 168328, 168351, 168952, 169142, 169292, 169566, 170560, 170797, 171850, 172100, 172102, 172193, 172514, 172812, 172817, 172825, 172873, 172879, 172886, 172966, 173275, 173534, 173583, 173714, 173749, 173790, 174201, 174346, 174401, 174981, 174988, 175206, 175554, 175575, 175674, 175867, 177047, 177101, 177291, 177465, 177610, 177623, 177795, 177822, 177960, 178089, 178334, 178754, 178755, 178975, 179232, 179682, 179713, 179824, 179893, 180200, 180263, 180413, 180502, 180612, 181034, 181599, 181605, 182320, 182359, 183137, 183151, 183393, 184011, 184017, 184220, 184235, 184649, 184828, 184961, 185215, 185434, 185517, 185538, 185935, 186132, 186213, 186314, 186735, 187206, 187528, 187640, 187834, 188137, 188291, 188367, 188508, 188821, 188933, 189705, 189715, 189722, 189911, 189944, 190858, 190869, 191575, 191948, 192210, 192405, 192458, 192460, 192870, 193409, 193742, 193768, 193811, 194832, 194839, 194847, 195098, 195927, 195946, 195992, 196031, 196094, 196118, 196194, 196365, 196745, 196953, 197098, 197105, 197182, 197210, 197215, 197287, 197323, 197718, 197879, 198177, 198197, 198328, 198422, 198619, 198685, 198927, 199048, 199893, 200127, 201166, 201483, 201628, 201722, 201915, 202765, 202986, 203146, 203346, 203472, 203687, 204586, 205437, 205605, 205758, 205768, 205815, 205827, 205934, 205938, 206006, 206070, 206621, 206642, 206697, 206924, 206985, 207518, 207535, 207592, 207677, 207939, 208688, 208706, 208735, 209011, 209119, 209130, 209398, 209457, 209485, 209541, 209570, 210403, 210481, 210616, 210708, 210764, 211939, 212098, 212180, 212557, 212669, 213131, 214328, 214422, 215116, 215514, 215924, 216599, 216629, 216634, 216644, 216651, 216660, 216674, 216713, 216801, 217042, 217273, 217364, 217666, 217755, 218065, 218180, 218883, 218934, 218962, 219206, 220493, 220529, 220655, 221345, 221380, 221664, 221720, 222127, 222168, 222202, 222218, 222247, 222380, 222387, 222631, 223101, 223224, 223727, 223730, 224314, 224325, 224441, 224569, 224659, 225377, 225730, 225824, 225894, 225901, 225969, 226143, 226173, 226352, 226543, 227025, 227039, 227070, 227489, 227523, 228200, 228236, 228571, 229075, 229087, 229740, 230748, 230832, 230839, 231367, 231393, 231681, 231733, 231786, 231800, 232151, 232160, 232226, 232711, 233020, 233064, 233140, 233165, 233182, 233191, 233460, 233686, 233922, 234018, 234027, 234109, 234261, 234328, 234771, 234897, 234915, 235098, 236058, 236144, 236205, 236510, 236592, 236843, 237197, 237270, 237367, 237396, 237597, 237769, 238069, 238150, 238361, 241184, 242142, 242184, 242189, 242204, 242209, 242214, 242219, 242236, 242241, 242246, 242268, 242275, 242282, 242307, 242353, 242381, 242399, 242422, 242446, 242473, 242498, 242524, 242804, 244283, 244894, 245237, 245257, 245396, 245690, 245915, 246613, 246884, 247029, 247064, 247547, 247660, 248154, 248841, 248851, 249006, 249426, 249513, 249516, 249519, 249572, 249608, 249884, 249948, 249953, 250486, 250615, 253050, 253249, 253453, 254676, 255826, 256001, 256020, 256037, 256070, 256256, 256427, 256473, 257362, 257528, 257672, 257727, 257737, 257952, 258042, 258727, 258785, 259566, 259582, 259635, 259868, 260763, 260766, 260870, 261486, 261543, 261776, 261883, 262039, 262305, 262743, 262836, 262842, 262864, 262885, 263058, 263136, 263200, 263208, 263241, 263246, 263252, 263432, 263503, 263511, 263515, 263674, 263981, 264729, 264751, 264773, 264994, 265058, 265110, 265151, 265167, 265457, 265525, 265611, 265631, 265790, 265904, 266685, 266776, 266997, 267233, 267391, 267422, 267492, 267602, 267916, 267965, 267968, 268777, 268877, 269057, 269638, 269840, 269914, 269921, 270280, 270436, 270779, 270785, 271063, 271113, 271325, 271348, 272119, 272629, 272636, 272704, 272727, 273602, 273662, 273683, 273693, 273722, 273726, 273738, 273780, 273791, 274265, 274419, 274608, 274631, 275275, 275459, 275589, 275846, 276439, 276540, 277447, 277545, 278623, 279808, 279827, 280034, 280053, 280505, 280991, 281222, 281970, 282186, 282532, 283527, 283943, 284777, 284816, 284831, 284995, 285057, 285827, 285845, 286239, 286668, 288032, 288294, 288507, 288603, 288894, 290719, 290752, 290770, 291125, 291437, 291578, 292894, 293016, 293304, 293757, 293803, 294069, 294281, 295206, 295241, 295398, 295746, 295765, 295967, 297182, 297290, 297818, 297978, 298350, 298370, 298856, 299406, 299518, 299620, 299642, 299669, 299721, 300050, 300086, 300194, 300351, 300356, 300425, 300737, 300808, 300812, 300942, 301207, 301331, 301417, 301432, 301645, 301752, 301791, 301861, 302113, 302179, 302448, 302458, 302478, 302574, 302630, 302738, 303200, 303343, 303351, 303604, 304029, 304492, 304611, 304620, 304815, 304980, 305337, 305352, 305365, 305383, 305389, 305397, 305410, 305432, 305487, 305698, 305774, 305779, 305901, 305912, 305929, 306000, 306216, 306311, 306461, 306489, 306531, 306801, 307044, 307069, 307239, 307417, 308171, 308448, 308587, 308673, 308687, 308771, 308779, 308889, 308942, 308955, 308982, 309072, 309140, 309337, 309554, 309577, 309970, 310207, 310429, 310438, 310439, 310444, 310455, 311284, 311617, 312051, 312244, 312546, 312707, 312725, 313179, 313261, 313440, 313740, 313773, 313778, 313865, 313873, 313905, 314248, 314295, 314405, 314427, 314610, 314819, 314828, 315008, 315035, 315091, 315098, 315778, 315799, 315846, 316194, 316732, 316855, 317584, 317732, 317761, 317825, 318622, 319466, 319469, 319979, 320178, 320264, 320282, 320532, 320542, 320739, 321628, 321726, 321731, 321945, 322045, 322238, 322245, 322427, 322515, 322859, 323281, 323464, 323725, 323748, 323780, 323998, 324288, 324755, 325038, 325441, 325447, 325476, 325500, 325701, 325715, 325857, 325914, 326154, 326159, 326189, 326848, 326894, 327282, 327564, 327579, 327972, 327977, 328249, 328256, 328311, 328807, 328949, 329134, 329380, 329385, 329422, 329453, 329610, 329683, 329770, 329816, 329837, 330120, 330335, 330414, 330905, 331304, 331482, 332625, 333253, 334415, 334590, 334875, 335362, 336099, 336144, 336240, 336245, 336320, 336437, 336719, 336741, 336911, 336957, 336975, 337240, 337355, 337689, 337696, 337727, 338592, 338823, 339083, 340670, 340923, 341262, 341381, 341557, 341823, 341923, 342087, 342158, 342217, 342234, 343342, 343418, 343593, 343685, 343699, 343820, 344464, 345155, 345172, 345360, 345555, 345677, 346282, 346505, 346512, 346735, 347499, 347804, 348402, 348510, 348995, 349309, 349965, 350299, 350943, 351054, 351889, 352080, 352402, 352711, 352717, 353695, 353899, 353910, 354147, 354489, 355132, 356006, 356449, 356465, 356817, 357606, 358098, 359178, 359187, 359243, 359281, 359321, 359647, 359660, 360725, 360858, 360868, 361566, 361952, 362881, 363595, 364659, 365214, 366335, 366915, 367019, 367121, 367217, 367847, 367855, 368274, 368324, 368367, 368548, 368633, 369235, 369418, 369437, 369466, 369642, 369652, 369787, 369844, 369944, 369987, 370005, 370469, 370610, 371163, 371554, 371987, 371993, 372373, 372915, 373641, 373663, 373726, 373757, 374230, 374249, 374693, 374793, 374801, 374813, 374821, 374946, 374968, 375190, 375193, 375535, 375540, 375579, 375617, 376229, 377282, 377288, 377496, 377606, 377778, 378276, 378336, 378359, 378375, 378383, 379103, 379197, 379206, 379476, 380269, 380464, 380471, 380545, 381413, 381423, 381468, 381479, 382157, 382388, 382723, 382727, 382735, 382967, 383402, 383683, 383840, 383895, 384399, 384451, 384865, 384878, 386296, 386405, 386690, 386696, 386710, 386813, 386959, 387069, 387741, 387763, 388179, 388429, 388755, 388841, 389103, 389463, 389467, 389473, 390586, 390639, 390887, 391348, 391501, 391504, 392062, 392200, 392440, 392654, 392745, 392820, 393096, 393267, 394294, 394496, 394830, 395309, 395332, 395890, 395907, 395969, 396006, 396011, 396100, 396144, 396828, 396832, 396898, 396937, 396997, 397066, 397335, 397362, 398061, 398323, 398330, 398348, 398583, 398795, 398828, 398890, 398904, 398989, 399029, 399120, 399205, 399724, 399866, 400014, 400019, 400035, 401059, 401285, 401424, 401799, 401808, 402028, 402159, 402206, 402280, 402572, 402745, 402810, 402861, 403466, 403536, 403933, 404056, 404230, 404464, 404729, 404804, 404811, 404930, 405143, 405207, 405477, 405520, 405629, 405743, 405761, 405997, 406522, 406672, 408363, 408687, 408822, 410434, 410742, 411662, 411830, 412015, 412336, 412435, 412451, 412656, 412871, 413821, 414110, 414114, 415123, 415267, 415518, 415781, 415950, 415968, 416120, 416238, 416365, 416607, 416673, 416746, 416920, 417036, 417050, 417293, 417310, 417372, 417518, 418069, 419909, 420217, 420229, 420273, 420300, 420313, 420509, 420605, 421253, 421523, 421954, 422233, 422539, 422576, 422770, 423143, 423630, 423773, 423779, 424256, 424745, 424888, 425120, 425153, 425355, 425598, 425765, 425790, 426023, 426343, 426438, 426534, 426919, 427005, 427115, 427448, 427926, 428041, 428180, 428384, 428392, 428573, 428584, 428873, 429055, 429191, 429220, 429395, 429732, 429971, 429985, 429992, 429998, 430202, 431395, 431763, 431957, 432244, 432753, 432918, 434163, 434448, 434699, 434947, 434968, 435178, 435233, 435470, 435626, 435687, 436029, 436391, 436521, 436581, 436813, 436895, 437036, 437302, 437423, 437696, 437959, 438162, 440541, 440772, 440811, 440819, 440893, 440917, 441059, 441261, 441381, 441387, 441396, 441404, 441416, 441422, 441478, 441493, 441601, 441608, 441855, 441886, 441909, 442206, 442495, 442863, 443010, 443216, 443835, 444018, 444364, 444524, 444526, 444646, 445155, 445181, 445308, 445395, 446120, 446706, 447145, 447536, 447661, 448307, 448507, 448589, 448885, 449254, 449344, 449692, 450604, 451204, 451207, 451221, 451227, 451244, 451548, 451624, 451755, 451852, 451941, 452211, 452570, 452671, 452724, 453012, 453273, 453298, 453563, 453868, 453883, 453993, 454081, 454398, 454408, 454572, 454579, 454696, 455027, 455083, 457330, 457437, 457694, 457846, 458208, 458259, 458381, 459530, 459545, 459548, 459551, 460078, 460339, 460348, 460422, 460531, 460568, 460593, 460715, 460876, 461655, 461910, 463316, 463625, 464182, 464215, 465678, 465707, 466040, 467105, 467111, 467720, 467891, 467929, 468130, 468244, 468274, 468568, 469081, 470164, 471128, 471185, 471189, 471831, 471868, 472072, 472209, 472237, 472283, 472561, 473109, 473488, 474307, 474577, 474696, 474889, 474893, 475049, 475141, 475238, 475244, 476477, 476788, 476826, 477039, 477214, 477303, 478176, 478338, 478352, 478484, 478722, 478824, 478885, 478942, 479386, 479392, 479503, 479506, 479855, 480164, 480407, 480512, 480537, 480757, 480897, 480955, 480959, 481387, 481748, 481763, 481799, 481904, 482203, 482439, 482925, 483029, 483519, 483586, 483616, 483761, 483993, 484022, 484042, 484060, 484141, 484148, 484465, 484767, 484808, 485023, 485101, 485167, 485262, 485415, 486007, 486598, 486604, 486877, 487063, 487088, 487295, 487635, 487751, 487960, 488297, 488384, 488483, 489005, 489246, 489249, 489930, 489991, 490188, 490236, 490454, 490709, 490938, 491010, 491242, 491882, 492181, 492270, 492334, 492476, 492722, 492728, 492732, 492737, 492888, 492895, 493093, 493769, 493788, 494204, 495123, 495229, 495259, 495656, 496526, 496755, 497006, 497208, 497298, 497878, 498162, 498210, 499268, 499271, 499284, 499287, 499298, 499301, 499578, 499927, 500009, 500224, 500239, 500276, 500292, 500348, 500362, 500684, 500948, 500964, 500982, 501082, 501194, 501279, 501881, 501894, 501913, 502516, 502552, 502709, 502746, 502760, 502767, 502775, 502911, 502921, 502934, 503099, 503119, 503247, 504052, 504258, 504567, 504804, 504841, 504935, 505122, 505215, 505224, 505238, 505283, 506258, 506482, 506506, 506548, 506851, 507223, 507983, 508009, 508042, 508058, 508527, 508803, 508901, 508916, 509276, 509374, 509405, 509664, 509770, 510888, 511163, 511305, 511805, 511832, 513018, 513391, 513468, 513765, 513854, 514251, 514416, 514751, 514882, 515421, 515515, 515737, 515771, 515787, 515839, 515929, 515951, 516013, 516110, 516826, 517003, 517080, 517106, 517122, 517338, 517847, 518047, 518054, 518162, 518192, 518234, 518278, 518339, 518573, 518757, 518838, 519083, 519093, 519494, 519509, 519804, 519881, 520221, 520289, 520301, 520311, 520400, 520456, 520471, 520985, 521052, 521421, 521638, 521743, 521778, 521795, 521834, 522009, 522174, 522686, 523092, 523120, 523438, 523514, 523601, 523888, 524009, 524757, 525069, 525895, 526271, 526616, 526900, 526917, 527023, 527035, 527326, 527471, 527637, 527676, 527807, 528271, 528630, 529067, 529174, 529212, 531141, 531289, 531416, 531485, 531522, 531534, 531565, 531571, 531581, 531656, 531659, 531758, 531780, 531792, 531804, 532074, 532457, 532755, 532839, 532883, 532942, 533300, 533320, 533324, 533335, 533379, 533393, 533732, 533974, 533988, 534010, 534524, 534558, 534565, 534699, 535030, 535054, 535086, 535141, 535173, 535218, 535230, 535298, 535487, 535629, 535738, 536343, 536403, 536422, 536442, 536620, 537029, 537524, 537923, 537936, 537949, 538000, 538007, 538014, 538026, 538084, 538102, 538698, 539717, 540353, 540408, 540427, 540455, 540598, 540624, 540914, 540957, 541159, 541658, 541819, 542772, 542869, 544072, 544411, 544511, 544771, 544819, 545694, 545995, 546617, 546834, 547015, 547429, 547559, 548614, 548896, 549652, 549871, 550023, 550034, 551296, 551575, 551719, 553205, 554328, 554388, 554402, 554521, 554672, 555495, 555897, 556086, 556094, 556250, 556348, 556644, 556658, 556786, 557003, 557297, 557752, 558106, 558342, 558366, 558548, 558690, 559164, 559172, 560126, 560303, 560776, 560991, 561041, 561187, 561675, 561936, 562132, 562270, 562391, 562455, 562870, 563077, 564447, 564647, 564705, 564874, 565058, 565091, 565985, 566420, 566994, 567064, 567187, 567790, 568074, 568092, 568236, 568290, 568403, 568433, 568716, 568819, 568939, 569116, 569134, 569308, 569353, 569903, 569943, 570491, 571656, 572428, 572477, 572510, 572637, 573191, 573635, 573828, 574116, 574229, 574694, 574889, 575413, 575552, 575556, 575717, 575727, 575774, 575904, 575915, 575944, 575949, 575955, 576008, 576093, 577469, 577548, 577792, 577889, 577929, 578879, 579369, 579444, 579610, 580026, 580120, 580402, 581183, 583116, 583300, 583314, 583335, 583470, 583576, 583679, 584058, 584116, 584121, 585172, 585522, 589466, 589532, 589647, 590205, 593303, 593371, 594904, 597609, 597774, 599020, 599170, 599365, 599992, 600805, 601370, 602737, 602757, 603774, 604829, 605042, 607163, 608228, 608683, 610414, 610426, 610676, 611353, 613017, 613564, 614815, 615058, 615614, 615980, 616032, 616195, 616325, 616564, 618568, 618955, 619605, 619739, 620168, 621612, 621624, 621766, 622079, 622439, 623989, 624166, 624221, 625594, 627455, 627867, 628710, 628729, 629351, 629626, 630479, 630676, 630868, 631040, 631459, 631684, 632351, 632354, 632527, 632548, 632624, 632855, 633193, 633264, 633476, 633781, 634183, 634351, 634637, 634660, 634984, 635011, 635342, 635411, 635476, 635535, 636061, 636077, 636086, 636238, 636274, 636316, 636552, 636995, 637133, 637182, 637195, 637269, 637428, 637507, 637518, 637533, 637567, 637591, 637649, 637668, 637714, 637756, 637787, 637793, 637799, 637867, 637878, 637964, 638181, 638532, 639158, 639375, 639573, 639772, 639777, 639826, 639918, 640020, 640032, 640237, 640601, 641010, 641015]
