10,3827,[1773, 1785, 1877, 1926, 1947, 1975, 2246, 2343, 3361, 3465, 3488, 3508, 3537, 3545, 3554, 3560, 3590, 3603, 4432, 4436, 4442, 6102, 6120, 6124, 6130, 6146, 6152, 6154, 6374, 6390, 6394, 6410, 6690, 6693, 6707, 6711, 6859, 6904, 7561, 7566, 7845, 7915, 7939, 7952, 8187, 8191, 8208, 8234, 8238, 8245, 8251, 8258, 8263, 8271, 8276, 8281, 8286, 8319, 8334, 8454, 8510, 8519, 8549, 8585, 8763, 8897, 8983, 9192, 9212, 9540, 9631, 9869, 9949, 9967, 10446, 10452, 10469, 10533, 10658, 10662, 10676, 10685, 10937, 11069, 11171, 11204, 11407, 11426, 11768, 11995, 12097, 12104, 12111, 12141, 12145, 12177, 12337, 12345, 12463, 12480, 12572, 12616, 12721, 12846, 13174, 13205, 13252, 13318, 13449, 13455, 14321, 14439, 14446, 14450, 14453, 14898, 14902, 14976, 14987, 14993, 15001, 15006, 15013, 15170, 15201, 15252, 15267, 15304, 15466, 15505, 15509, 15578, 15637, 15654, 15659, 15671, 15677, 15682, 15892, 16028, 16034, 16065, 16079, 16150, 16164, 16167, 16171, 16179, 16183, 16188, 16394, 16425, 16439, 16443, 16452, 16461, 16469, 16606, 16964, 16979, 17088, 17116, 17336, 17517, 17548, 17578, 17736, 17746, 17753, 17789, 17814, 17832, 18217, 18386, 18404, 18472, 18678, 18789, 18868, 18938, 18966, 19004, 19056, 19115, 19163, 19181, 19206, 19223, 19238, 19425, 19502, 19535, 19563, 19661, 19664, 19678, 19849, 19894, 20072, 20155, 20185, 20189, 20216, 20252, 20286, 21048, 21277, 21293, 21300, 22559, 22598, 22609, 22660, 23386, 23390, 23416, 23437, 23627, 23727, 23969, 24533, 24561, 24566, 24672, 24676, 24687, 25051, 25493, 25531, 25598, 26623, 26632, 26729, 26848, 26853, 27306, 27584, 27790, 28057, 28069, 28338, 28753, 28759, 28767, 29466, 29488, 29493, 30118, 30132, 30207, 30238, 30242, 30246, 30257, 30273, 30280, 30374, 30641, 30648, 30681, 30848, 31099, 31106, 31406, 31423, 31657, 31670, 31675, 32404, 32416, 32447, 32567, 33043, 33082, 33088, 33092, 33316, 33445, 33525, 33595, 33717, 33727, 33763, 33767, 33809, 33845, 33963, 34198, 35210, 35235, 35251, 35497, 35542, 35895, 36017, 36030, 36068, 36316, 36508, 36935, 36957, 36960, 37302, 37924, 38154, 38385, 38393, 39053, 39555, 39710, 39734, 39777, 39784, 39816, 39841, 39862, 39870, 39877, 39942, 40440, 41094, 41171, 41178, 41302, 41529, 41541, 42524, 42544, 42900, 43125, 43193, 43200, 43214, 43220, 43309, 43328, 43336, 43614, 43625, 43628, 43973, 43983, 44027, 44047, 44238, 44448, 44452, 44711, 45587, 45777, 45804, 45987, 46098, 46100, 46105, 46157, 46160, 46232, 46253, 46274, 46280, 46294, 46302, 46317, 46327, 46374, 46394, 46406, 46670, 46911, 47061, 47184, 47190, 47195, 47218, 47576, 48196, 48536, 48790, 48842, 50717, 50890, 51099, 51461, 51663, 51718, 51742, 51853, 51945, 52221, 52275, 52323, 52361, 52655, 52930, 52965, 52971, 53039, 53071, 53079, 53119, 53123, 53131, 53137, 53334, 53346, 53359, 53378, 53382, 53452, 53457, 53469, 53478, 53530, 53537, 53566, 53614, 53768, 53827, 53833, 53840, 53878, 53929, 53961, 53979, 54103, 54192, 63677, 64415, 64543, 64594, 71473, 71616, 71883, 72796, 74692, 75226, 75247, 75274, 75288, 75447, 75479, 75857, 75871, 75887, 75929, 75935, 75950, 75954, 75964, 76108, 76124, 82440, 82481, 82506, 83350, 83353, 83361, 83365, 83372, 83375, 86149, 86188, 86215, 86705, 86734, 86765, 86835, 86838, 87156, 87207, 87215, 87224, 87239, 87408, 87949, 87991, 88886, 88978, 89007, 89049, 90651, 90662, 91846, 91859, 91880, 91886, 91890, 91897, 91940, 92017, 92062, 92076, 92126, 92145, 92166, 92174, 92213, 92377, 92385, 92397, 92402, 92750, 93647, 93699, 94098, 94122, 94536, 94813, 94915, 95044, 95046, 95053, 95067, 95131, 95144, 95341, 95369, 95395, 95452, 95478, 95505, 95529, 95573, 95575, 95585, 95594, 95719, 95882, 95916, 96178, 96194, 96197, 96444, 96449, 96468, 96490, 96499, 96557, 96735, 98575, 98692, 105426, 105437, 105644, 105776, 106083, 106106, 106159, 106362, 106505, 106509, 106523, 106530, 106661, 107372, 107408, 107415, 108015, 108067, 108230, 108257, 108260, 108282, 108378, 108397, 108404, 108409, 108436, 108451, 108459, 108461, 108501, 108508, 108514, 108531, 108813, 108833, 108935, 109015, 109031, 109048, 109059, 109068, 109295, 109329, 109375, 109383, 109502, 109531, 109544, 109588, 109667, 109681, 109731, 109788, 109791, 109826, 109843, 109867, 109877, 110001, 110016, 110054, 110124, 110169, 110312, 110335, 110349, 110352, 110355, 110393, 110418, 110433, 110443, 110458, 110477, 110541, 110576, 110605, 110622, 110632, 110666, 110693, 110735, 110770, 110777, 110780, 110794, 110797, 110801, 110816, 110844, 110869, 110892, 110973, 110995, 111048, 111060, 111081, 111090, 111103, 111108, 111109, 111140, 111265, 111293, 111311, 111336, 111367, 111393, 111564, 111630, 112015, 112031, 112258, 112296, 112335, 112468, 112498, 113197, 113302, 113470, 113656, 113682, 113825, 113864, 113879, 113882, 113956, 113962, 114043, 114048, 114054, 114083, 114112, 114190, 114203, 114314, 114324, 114335, 114357, 114386, 114390, 114464, 114473, 114512, 114658, 114664, 114667, 114689, 114737, 115129, 115141, 115160, 115247, 115279, 115308, 115383, 115392, 115413, 115422, 115424, 115450, 115471, 115542, 115546, 115574, 115597, 115624, 115627, 115640, 115649, 115681, 115704, 115707, 115715, 115720, 115723, 115730, 115763, 115771, 115779, 115781, 115791, 115927, 116012, 116054, 116141, 116191, 116342, 116411, 116418, 116428, 116489, 116494, 116510, 116515, 116562, 116602, 116708, 116735, 116769, 116790, 116800, 116810, 116819, 116833, 116903, 116933, 116951, 116958, 117301, 117367, 117392, 117400, 117408, 117413, 117481, 117610, 117628, 117639, 117644, 117658, 117772, 117780, 117796, 117815, 117836, 117853, 117859, 117931, 117959, 118133, 118136, 118370, 118376, 118389, 118394, 118400, 118406, 118473, 118487, 118507, 118545, 118645, 118659, 119255, 119288, 119304, 119406, 119449, 119454, 119534, 120074, 120082, 120104, 120111, 120171, 120266, 120278, 120284, 120294, 120299, 120315, 120319, 120425, 120461, 120465, 120473, 120679, 120832, 120866, 120871, 120923, 120930, 120989, 120993, 121033, 121099, 121178, 121461, 121483, 121494, 121501, 121508, 121528, 121544, 121578, 121609, 121844, 122030, 122083, 122091, 122102, 122165, 122170, 122206, 122221, 122369, 122665, 122675, 122688, 122691, 122768, 122778, 122784, 122794, 122808, 122817, 122822, 122830, 122863, 122869, 122896, 122902, 122940, 122969, 122986, 123023, 123033, 123036, 123094, 123132, 123136, 123149, 123176, 123194, 123214, 123222, 123275, 123301, 123337, 123396, 123482, 123508, 123517, 123554, 123654, 123658, 123670, 123692, 123696, 123699, 123722, 123727, 123770, 123791, 123798, 123853, 123868, 123872, 123894, 123909, 123933, 123944, 124005, 124088, 124147, 124161, 124181, 124251, 124305, 124322, 124379, 124390, 124670, 124676, 124686, 124691, 125133, 125143, 125161, 125179, 125209, 125215, 125227, 125245, 125251, 125259, 125273, 125277, 125330, 125333, 125350, 125360, 125389, 125441, 125447, 125495, 125508, 125520, 125554, 125732, 125740, 125751, 125814, 125818, 125821, 125870, 125873, 125877, 125880, 126352, 126408, 126618, 126622, 126625, 126641, 126648, 126864, 126874, 127464, 127545, 127772, 128162, 128197, 128219, 128316, 128597, 128608, 128612, 128615, 128656, 128717, 128733, 128923, 128930, 129027, 129338, 129446, 129473, 129762, 129777, 130731, 132184, 132283, 132446, 132635, 132706, 132754, 134278, 134555, 136640, 137344, 139086, 139108, 144203, 144672, 144681, 145953, 145991, 146386, 146401, 146447, 146591, 146731, 146767, 146833, 147138, 147788, 147861, 147889, 147919, 147923, 147931, 148076, 148520, 148607, 148687, 148695, 148699, 148704, 148709, 148714, 148868, 150931, 150941, 150976, 151789, 151891, 151895, 152125, 152329, 152422, 152529, 152606, 152868, 152998, 153004, 153371, 153671, 153674, 153682, 153738, 154293, 154348, 154535, 154762, 154766, 154794, 154798, 154807, 155142, 155155, 155167, 155229, 155262, 155303, 155365, 155394, 155561, 155797, 155801, 155946, 156007, 156153, 156321, 156358, 156731, 156831, 156865, 156884, 157240, 157283, 157403, 157629, 159986, 160113, 160118, 160156, 160366, 160482, 160586, 160784, 160881, 160921, 160926, 160949, 160955, 160958, 161000, 161005, 161144, 161184, 161200, 161206, 161251, 161413, 161443, 161446, 161541, 161681, 161720, 161734, 161749, 161752, 162025, 162169, 162222, 162372, 162454, 162523, 162825, 162930, 163296, 163369, 163564, 163732, 163734, 163739, 163754, 165968, 165974, 166016, 166379, 166717, 166766, 166784, 166811, 166815, 166846, 166919, 166923, 166925, 166950, 166961, 167021, 167062, 167087, 167115, 167159, 167184, 167187, 167255, 167276, 167281, 167285, 167298, 167314, 167317, 167463, 167794, 167851, 168459, 169162, 169213, 169606, 169609, 170388, 170495, 170793, 171152, 171188, 171196, 171346, 171378, 171399, 171413, 171446, 171482, 171626, 171653, 171668, 171681, 171960, 171971, 171990, 172112, 173023, 173208, 173229, 173236, 173242, 173929, 174065, 174071, 174304, 174308, 174339, 174346, 174375, 174382, 174676, 174954, 175048, 175066, 175077, 175082, 175094, 175147, 175150, 175160, 175165, 175168, 175178, 175343, 175352, 175370, 175378, 175393, 175510, 175534, 175737, 175844, 175888, 175914, 175919, 176341, 176387, 177124, 177156, 177265, 177276, 177522, 177644, 177661, 177801, 177812, 177817, 177852, 177871, 177882, 177887, 177894, 177911, 177937, 177992, 178033, 178242, 178292, 178308, 178709, 178723, 178768, 178814, 178842, 178850, 178901, 178906, 178915, 178958, 179000, 179200, 179202, 179434, 179487, 179560, 179671, 179771, 179785, 179857, 179909, 180118, 180349, 180497, 180510, 180562, 180574, 180694, 180716, 180767, 180778, 180878, 180893, 181171, 181185, 181220, 181274, 181465, 181689, 182506, 182611, 182786, 182974, 183450, 183459, 183467, 183485, 183492, 183939, 184019, 184025, 184033, 184038, 184228, 184327, 184347, 185101, 185568, 186221, 186318, 186334, 186351, 186409, 186419, 186423, 186442, 186505, 186517, 186596, 186635, 186641, 186689, 186708, 186766, 186780, 186793, 186819, 186831, 187386, 187396, 187645, 187654, 187862, 187868, 188394, 188558, 188697, 188946, 188952, 188959, 188972, 188989, 189064, 189155, 189714, 189728, 189733, 189774, 189938, 189948, 189958, 190120, 190211, 190232, 190247, 190261, 190599, 190669, 190776, 190807, 190814, 190821, 190868, 191034, 191048, 191054, 191074, 191405, 191412, 191554, 191633, 191937, 191955, 192118, 192239, 192327, 192519, 192605, 192663, 192946, 193054, 193237, 194089, 194126, 194172, 194380, 194630, 194638, 194663, 194664, 194698, 194864, 194889, 194897, 194904, 195570, 195655, 195691, 195709, 195718, 195792, 196343, 196471, 197623, 197906, 198901, 198941, 198945, 198951, 198968, 198982, 199128, 199208, 199276, 199288, 199623, 199625, 199642, 199690, 199820, 200041, 200739, 200848, 200879, 200986, 201029, 201042, 201051, 201066, 201118, 201120, 201136, 201265, 201282, 201606, 201754, 201761, 201807, 201991, 202008, 202016, 202163, 202173, 202175, 202178, 202184, 202189, 202210, 203298, 203901, 206017, 206023, 206245, 206261, 206312, 206342, 206367, 206402, 206535, 206540, 206551, 206589, 206738, 206807, 206819, 206888, 206936, 206957, 206979, 207028, 207038, 207100, 207594, 207621, 208372, 208385, 208387, 208400, 209115, 209127, 209134, 209583, 209608, 209720, 209752, 209777, 209796, 209799, 209810, 209985, 210138, 210622, 210802, 210814, 210821, 210985, 211004, 211169, 211172, 211181, 211227, 211310, 211329, 211688, 211701, 211719, 211731, 211777, 211829, 211843, 211850, 211866, 211901, 211908, 211997, 212870, 212881, 213272, 213278, 214114, 214118, 214143, 214211, 214226, 214253, 214271, 214336, 214446, 214528, 214802, 214818, 214837, 214845, 214858, 215587, 215672, 215678, 215894, 216262, 216271, 216282, 216419, 216440, 216899, 216952, 217172, 217214, 217282, 217292, 217322, 217351, 217372, 217581, 217588, 217591, 217609, 217635, 217694, 217697, 217706, 217733, 217942, 218055, 218072, 218358, 218572, 218639, 218691, 218818, 218843, 219761, 219822, 219874, 220052, 220074, 220124, 220143, 220189, 220209, 220275, 220280, 220285, 220305, 220308, 220472, 220552, 220980, 220982, 221040, 221043, 221440, 221464, 221487, 221633, 221709, 221881, 221934, 221968, 221977, 222071, 222100, 222632, 222639, 222762, 222843, 222858, 222922, 222952, 223112, 223206, 223216, 223242, 223273, 223279, 223303, 223371, 223591, 223639, 223872, 223876, 223891, 224498, 224843, 225018, 225144, 225567, 225605, 225615, 225642, 225768, 225798, 225957, 225996, 226182, 229495, 229517, 232994, 233004, 233071, 233105, 233613, 233635, 233833, 233898, 233901, 233910, 234104, 234116, 234378, 234386, 234452, 234474, 234705, 234795, 236027, 236035, 245058, 246130, 246139, 247189, 248102, 248566, 248657, 248677, 248691, 248695, 248757, 248763, 248785, 248825, 248918, 248955, 248961, 248988, 249077, 249100, 249119, 249128, 249565, 249572, 249812, 249816, 250427, 250456, 250460, 250466, 250479, 250497, 250687, 250818, 250830, 251182, 251241, 251255, 251260, 251266, 251351, 251388, 254572, 254579, 254591, 254881, 254885, 254888, 254916, 254928, 255297, 255324, 255347, 255353, 255358, 255385, 255436, 255462, 255932, 256042, 256049, 256053, 256069, 256075, 256494, 256638, 258053, 258330, 258348, 258403, 258460, 258493, 258628, 258642, 258684, 258842, 258909, 258922, 258957, 258992, 259038, 259055, 259132, 259137, 259649, 259664, 259690, 260438, 260450, 260452, 260472, 261069, 261210, 263067, 263083, 263099, 263695, 263706, 264484, 264496, 264708, 264767, 264818, 264953, 264979, 265288, 265299, 265574, 265672, 265706, 265737, 265820, 268953, 268976, 269017, 269251, 269338, 269358, 269978, 275821, 275829, 276606, 276613, 276629, 276638, 279285, 279853, 280976, 281090, 281114, 282355, 282655, 282662, 282781, 282785, 283554, 283597, 283619, 283631, 283652, 283730, 283753, 285216, 285221, 286356, 286458, 286466, 288435, 288465, 288546, 288758, 288987, 289005, 289032, 289065, 289088, 289228, 289309, 293771, 293779, 294474, 294542, 295217, 296273, 297199, 297293, 297326, 297368, 297424, 297612, 298177, 298219, 298224, 298244, 298452, 298675, 298684, 298688, 298744, 299395, 299405, 299505, 299528, 299557, 299560, 299668, 299710, 300148, 300226, 300288, 300457, 300479, 300484, 300499, 300658, 300675, 300683, 300791, 300801, 300808, 300817, 301224, 301359, 301380, 301536, 301706, 301715, 301773, 301779, 301785, 301845, 302119, 302396, 302600, 304032, 304035, 304039, 304114, 304119, 304130, 304259, 304262, 304342, 304358, 305116, 306417, 307340, 307405, 307412, 307457, 307727, 307737, 308246, 308257, 308262, 308434, 308461, 308605, 308638, 308645, 308655, 309162, 309342, 309571, 309582, 309788, 309807, 310102, 310141, 310230, 310238, 310245, 310395, 310401, 310406, 310780, 310802, 310808, 310815, 310825, 310855, 311322, 311327, 311649, 311665, 311683, 311786, 311795, 311815, 311875, 311881, 311946, 312043, 312339, 312355, 312473, 312483, 312848, 313440, 313456, 313667, 313695, 313832, 314222, 314502, 314749, 314759, 314761, 314768, 314782, 314915, 314991, 315036, 315127, 315138, 315144, 315209, 315324, 315363, 315408, 315461, 315751, 315757, 315772, 315799, 315941, 315993, 316001, 316287, 316384, 316409, 316687, 316704, 316783, 316803, 316840, 316850, 316853, 317042, 317083, 317122, 317131, 317187, 317271, 317301, 317338, 317341, 317349, 317374, 317672, 318107, 318237, 318244, 318533, 318549, 318635, 319067, 319256, 319262, 319337, 319493, 319530, 319597, 319702, 319879, 319883, 319976, 320101, 320195, 320372, 320486, 320650, 320804, 320838, 320855, 320881, 320906, 321002, 321043, 321738, 321863, 321871, 321924, 321962, 321993, 322051, 322123, 322124, 322253, 322387, 322392, 322396, 322403, 322459, 322569, 322663, 322993, 323025, 323055, 323127, 323170, 323202, 323336, 323344, 323656, 323790, 323852, 323977, 324218, 324237, 324241, 324245, 324260, 324272, 324276, 324295, 324301, 324306, 324326, 324529, 324534, 324544, 324570, 324790, 324796, 324801, 324927, 324943, 325041, 325048, 325075, 325082, 325568, 325749, 325755, 325767, 325806, 325845, 325946, 326241, 326245, 326273, 326337, 326354, 326453, 326541, 326573, 326582, 326599, 326686, 327185, 327189, 327209, 327218, 327238, 327249, 327603, 327617, 327621, 327626, 327888, 328114, 328119, 329303, 329393, 329421, 329431, 329627, 329692, 329798, 329800, 329806, 329817, 329827, 329841, 329935, 330054, 330104, 330321, 330328, 330429, 330509, 330630, 330637, 330646, 330667, 330684, 330696, 330718, 330752, 330798, 330874, 330942, 330952, 330957, 331061, 331067, 331080, 331105, 331115, 331288, 331293, 331981, 332062, 332161, 332174, 332237, 332269, 332285, 332287, 332294, 332880, 333800, 333931, 334274, 334315, 334925, 335170, 336813, 336823, 337925, 338251, 338285, 338384, 338415, 338690, 338733, 338737, 338780, 338786, 338861, 338897, 338915, 339437, 339447, 339565, 339591, 339636, 339943, 340082, 340142, 340351, 340545, 340594, 340600, 340611, 340662, 340703, 340708, 340775, 340805, 340815, 340906, 340926, 340939, 341386, 341420, 341546, 341571, 341981, 342102, 342618, 342628, 342666, 342684, 342695, 342741, 342950, 342965, 342978, 342999, 343064, 343081, 343096, 343105, 343333, 343344, 343350, 343449, 343453, 343548, 343668, 343672, 343702, 343715, 343723, 343882, 343894, 344001, 344017, 344118, 344125, 344180, 344577, 344584, 345146, 345466, 345575, 345579, 345581, 345623, 345736, 345743, 346077, 346087, 346096, 346216, 346223, 346244, 346248, 346267, 346282, 346288, 346449, 346458, 346471, 346694, 346718, 347031, 347037, 347045, 347062, 347085, 347219, 347257, 347373, 347381, 348049, 348056, 352268, 352986, 353002, 353006, 353010, 353019, 353037, 353112, 353149, 353221, 353227, 353276, 353404, 353452, 354135, 354170, 354188, 354262, 354278, 354281, 354350, 354771, 355746, 355979, 355988, 356014, 356038, 357091, 359301, 359468, 360063, 360335, 360496, 360764, 360791, 361147, 361152, 361164, 361175, 361266, 361286, 361959, 362421, 362605, 362692, 362816, 362837, 362851, 362855, 362862, 362865, 362874, 362917, 362926, 362931, 362935, 363574, 363912, 364388, 364390, 365934, 366017, 366122, 366356, 366863, 367810, 367819, 368450, 368544, 369093, 369179, 369198, 369200, 369207, 369232, 369258, 369263, 369340, 369345, 369348, 369626, 369986, 370126, 371062, 371841, 371886, 372123, 372149, 372171, 372180, 372187, 372212, 372222, 373054, 373219, 373258, 373266, 373546, 373549, 373620, 373630, 373635, 373644, 373732, 373738, 373801, 373904, 374931, 374939, 374947, 375174, 375192, 375901, 375911, 375949, 375993, 376920, 376937, 376959, 376966, 378228, 378236, 378302, 378334, 378814, 378837, 379096, 379099, 379108, 379298, 379310, 379573, 379578, 379635, 379655, 379875, 379880, 379898, 380060, 380147, 380342, 381002, 381011, 381017, 381021, 381028, 381036, 381040, 381044, 381057, 381070, 381087, 381092, 381110, 381115, 381126, 381140, 381604, 381614, 381617, 382041, 382046, 382053, 382056, 382070, 382079, 382096, 382117, 382130, 382136, 382146, 382156, 382509, 382515, 382618, 382621, 382628, 382763, 383119, 383144, 383186, 383328, 383350, 383368, 383385, 383390, 383406, 383619, 383628, 383640, 383646, 383650, 384226, 384245, 384346, 384359, 384392, 384408, 384421, 384433, 384484, 384492, 384525, 384547, 384647, 384652, 384683, 384769, 384772, 384778, 384785, 384932, 384936, 385177, 385235, 385244, 385250, 385254, 385257, 385415, 385419, 385440, 385444, 385459, 385468, 385477, 385504, 385619, 385686, 385698, 386410, 386494, 386499, 386512, 386594, 386641, 386906, 387401, 387422, 387429, 387435, 387445, 387476, 387479, 387495, 387508, 387584, 387598, 387633, 387643, 387769, 387773, 387788, 388443, 388546, 388554, 388960, 388990, 389031, 389061, 389140, 389150, 389407, 389615, 389663, 389683, 389690, 389718, 389754, 389762, 389768, 389803, 389810, 389873, 389888, 389892, 389898, 389917, 389937, 389952, 389980, 389985, 389991, 390004, 390026, 390029, 390133, 390139, 390609, 390624, 390637, 391313, 391334, 391387, 391435, 391459, 391825, 392810, 392814, 392824, 392827, 392856, 392860, 392870, 392872, 392902, 393084, 393091, 393098, 393136, 393143, 393146, 393151, 393170, 393496, 393527, 393533, 393555, 393596, 393618, 393623, 393782, 393789, 393855, 393923, 394480, 394486, 394560, 394968, 395030, 395270, 395291, 395516, 396197, 396200, 396593, 396634, 396642, 396659, 397028, 397287, 397299, 398810, 398824, 398828, 398847, 399203, 399603, 399643, 399648, 399746, 399825, 399830, 399887, 399948, 399965, 399988, 399995, 400005, 400272, 400353, 400505, 400717, 400728, 400738, 400743, 400852, 400995, 401377, 401423, 401464, 401564, 401569, 401593, 401596, 401739, 401781, 401897, 401920, 401930, 401942, 401949, 401952, 401954, 401957, 401964, 401973, 401991, 402236, 402514, 402643, 402647, 402844, 402899, 402916, 403238, 403612, 403713, 403764, 404009, 404248, 404531, 404579, 404672, 404993, 405184, 405197, 405516, 405578, 405603, 405608, 405642, 405649, 406516, 406625, 407405, 407971, 408603, 409408, 409609, 409625, 410214, 410307, 410484, 410492, 410664, 410692, 410697, 410707, 410714, 410718, 410724, 410757, 410760, 410765, 410809, 410815, 410832, 410840, 410850, 410854, 410863, 411092, 411101, 411105, 411567, 411570, 411645, 412252, 412255, 412285, 412510, 412590, 412727, 413282, 413285, 414013, 414033, 414057, 414063, 414068, 414300, 414305, 414314, 415141, 415154, 415170, 415639, 415861, 416446, 416483, 416490, 416493, 416644, 416833, 416951, 416963, 416972, 416997, 417002, 417120, 417123, 417131, 417135, 417181, 417186, 417259, 417264, 417268, 417286, 417294, 417659, 417759, 417763, 417787, 417802, 417910, 417924, 417935, 417940, 417951, 417958, 417999, 418297, 418318, 418333, 418342, 418965, 418970, 419078, 419093, 419589, 419602, 420375, 420908, 420983, 421308, 421316, 421598, 421634, 421646, 421653, 421656, 421662, 421893, 422195, 422320, 422416, 422686, 422766, 422921, 422932, 423002, 423142, 423155, 423185, 424294, 424323, 424506, 424524, 424808, 425259, 425270, 425386, 425394, 425400, 425411, 425421, 425431, 425440, 425455, 425463, 425475, 425507, 425525, 425528, 425536, 425544, 425800, 427949, 428358, 428363, 428369, 428373, 428387, 428397, 428413, 428425, 428458, 428513, 429244, 429789, 429808, 430039, 430787, 430812, 430842, 430897, 430944, 430959, 431035, 431051, 431094, 431101, 431110, 431172, 431183, 431319, 431497, 431554, 431558, 431596, 431633, 431638, 431674, 431683, 431741, 431788, 431819, 431825, 431842, 431861, 431995, 432061, 432065, 432080, 432273, 432280, 432287, 432314, 432326, 432331, 432364, 432377, 432391, 432401, 432451, 432462, 432482, 432487, 432543, 432551, 432558, 432986, 432993, 432997, 433005, 433015, 433026, 433033, 433057, 433064, 433091, 433097, 433101, 433108, 433125, 433136, 433759, 433906, 433949, 435578, 435669, 435729, 437568, 437580, 437584, 437588, 437610, 437613, 437620, 437630, 437639, 437675, 437679, 437691, 437699, 437705, 437716, 437726, 437729, 437733, 437740, 437746, 437753, 437757, 437845, 437915, 437950, 437959, 438055, 438066, 438072, 438132, 438141, 438148, 438280, 438289, 438298, 438310, 438395, 438413, 438426, 438435, 438457, 438469, 438479, 438484, 438489, 438506, 438514, 438532, 438539, 438598, 438949, 438973, 438990, 438999, 439026, 439038, 439065, 441927, 441934, 442019, 442033, 442046, 442110, 442318, 442360, 442616, 442622, 442624, 442651, 442669, 442673, 442679, 442803, 442820, 442823, 442837, 442842, 442852, 442860, 442879, 442888, 442896, 442900, 442907, 442937, 442945, 442994, 443009, 443019, 443025, 443034, 443867, 443878, 443920, 443934, 443952, 443961, 443968, 444004, 444021, 444053, 444075, 444087, 444108, 444590, 444829, 444850, 444879, 444898, 444931, 445140, 445142, 445243, 445256, 445261, 445329, 445333, 445341, 445349, 445356, 445661, 445670, 445790, 445795, 445801, 445828, 445940, 445989, 446032, 446039, 446042, 446100, 446116, 446122, 446126, 446143, 446172, 446271, 446320, 446335, 446348, 446360, 446382, 446487, 446601, 446680, 446699, 446708, 446739, 446747, 446802, 446828, 446839, 446854, 446858, 446918, 446928, 446947, 447021, 447032, 447082, 447107, 447133, 447146, 447242, 447259, 447293, 447303, 447313, 447322, 447348, 447353, 447360, 447382, 447385, 447389, 447400, 447405, 447411, 447448, 447455, 447661, 447705, 447725, 447730, 447753, 447788, 447804, 447824, 447832, 447860, 448175, 449427, 449436, 449441, 449447, 449463, 449473, 449508, 449513, 449548, 449588, 449596, 449633, 450402, 450996, 451031, 451039, 451921, 451929, 451933, 451989, 451996, 452007, 452056, 452126, 452186, 452201, 452549, 452603, 453512, 453571, 453913, 453924, 453935, 453993, 454009, 454086, 454194, 454260, 454289, 454300, 454330, 454526, 454537, 454545, 454549, 454558, 454599, 454602, 455373, 455382, 458606, 462493, 462512, 463182, 463185, 463203, 463366, 463388, 463445, 463580, 463610, 463622, 463628, 464244, 464369, 464394, 464940, 464944, 465219, 465250, 465261, 465430, 465446, 465454, 465465, 465496, 465513, 465588, 465594, 465599, 465614, 465624, 466092, 466216, 466222, 466232, 466269, 466503, 466838, 466962, 467006, 467113, 467217, 467256, 468679, 469024, 469067, 469083, 469262, 469277, 469366, 469464, 469479, 469895, 469901, 469975, 470084, 470111, 470133, 470169, 471774, 472466, 472473, 472485, 472639, 472798, 472820, 473247, 473441, 473446, 473553, 473918, 473965, 474979, 474984, 474989, 474994, 475026, 475244, 475438, 475519, 475534, 475721, 476221, 476250, 478493, 478905, 478912, 479308, 479691, 479842, 479889, 479993, 480035, 480970, 480985, 481024, 481031, 481051, 481078, 481088, 481091, 481095, 481105, 481159, 481316, 481676, 481757, 481828, 481831, 481851, 482029, 482047, 482101, 482311, 482342, 482350, 482852, 482872, 482883, 482887, 482904, 483132, 483148, 483732, 483755, 483763, 483804, 483817, 483927, 484161, 484210, 484228, 484295, 484300, 484305, 484312, 484320, 484402, 484412, 484501, 484504, 484506, 484524, 484561, 484592, 484862, 484991, 484996, 485266, 485298, 485301, 485311, 485325, 485383, 485666, 485788, 485819, 485822, 485827, 485839, 485843, 485858, 485983, 486004, 486028, 486033, 486037, 486133, 486139, 486172, 486675, 486681, 486702, 486870, 486883, 487156, 487947, 488462, 488481, 488557, 488586, 488593, 488603, 488618, 488632, 489574, 489586, 489591, 489819, 490290, 490311, 490323, 490381, 490391, 490440, 490444, 490513, 490533, 492564, 492625, 492656, 492678, 493445, 494169, 494319, 494906, 494938, 495443, 495769, 495887, 496486, 496696, 496881, 497349, 497505, 497512, 497566, 497579, 498268, 498308, 498315, 498326, 498377, 498383, 498387, 498409, 498415, 498419, 498584, 498598, 498616, 498625, 498632, 498769, 498821, 498887, 499067, 499149, 500120, 500234, 500413, 500575, 500605, 500960, 502110, 502272, 502276, 502338, 502366, 502374, 503157, 503366, 504601, 504998, 505557, 506083, 506092, 506116, 506199, 506205, 506213, 506407, 506859, 506986, 506994, 506997, 507018, 507024, 507027, 507147, 507154, 507160, 507170, 507174, 507205, 507291, 507368, 507434, 507488, 507507, 508063, 508371, 508393, 508856, 509122, 509230, 511009, 512229, 512284, 512308, 512557, 512561, 512565, 512569, 512573, 512577, 512580, 512586, 512670, 512682, 512972, 513238, 513250, 513270, 513275, 513787, 513803, 513900, 513987, 514258, 515560, 515916, 515925, 516157, 516416, 516474, 516503, 517426, 518314, 518323, 518557, 518562, 518635, 518768, 518817, 518969, 519369, 519466, 519477, 521345, 521564, 521779, 521948, 522269, 522274, 522306, 522311, 522344, 522349, 522899, 523342, 523365, 523388, 523665, 523942, 526123, 526147, 526151, 526233, 526642, 526953, 528102, 528271, 528396, 528399, 528561, 528683, 528691, 528700, 530190, 530689, 531179, 531207, 531256, 531258, 531265, 531670, 531679, 532336, 532378, 532405, 533230, 533256, 533793, 533959, 534055, 534213, 534477, 534604, 534657, 535059, 535243, 535251, 535504, 535642, 535645, 535713, 536484, 536582, 536940, 537005, 537253, 537257, 537403, 537724, 537982, 538335, 538513, 538537, 539243, 539963, 539970, 539977, 539981, 540582, 540591, 540645, 540830, 540836, 540865, 540870, 540885, 540928, 540933, 540956, 541042, 541057, 541659, 541846, 541960, 542457, 542585, 542595, 542605, 542866, 543342, 543639, 543842, 543862, 544223, 544253, 544629, 544637, 544640, 544644, 544650, 544659, 544665, 544787, 546346, 546657, 546678, 546687, 547224, 548024, 549869, 549878, 549905, 549907, 549993, 550430, 550467, 550499, 550558, 550823, 551136, 551148, 551415, 552073, 552101, 552147, 553268, 554211, 554894, 554906, 556130, 556310, 556876, 557125, 557329, 557424, 557630, 557664, 559004, 559456, 559480, 561002, 561088, 561115, 561129, 561154, 561197, 561221, 561273, 561323, 561446, 561538, 561542, 562064, 562140, 562212, 562225, 562529, 562534, 562546, 562553, 563907, 564175, 564201, 564243, 564254, 564282, 564285, 564330, 564353, 564387, 565902, 567243, 568253, 568269, 568731, 568862, 568873, 569724, 569768, 569988, 570206, 570235, 570446, 570780, 571090, 571322, 571327, 571392, 571399, 571593, 571597, 571621, 572110, 572603, 573217, 573676, 573936, 575726, 576836, 577050, 577055, 577057, 579358, 579405, 579442, 579770, 579814, 580055, 580062, 580128, 580204, 580230, 580263, 580518, 580884, 580890, 580920, 580983, 581137, 581146, 581214, 581265, 581298, 581300, 581371, 581475, 581565, 581707, 582290, 582349, 582361, 582374, 582582, 582610, 582615, 582634, 582636, 582648, 582805, 583400, 583406, 584241, 584252, 584256, 585126, 585496, 586258, 588547, 588552, 588965, 589564, 589605, 589619, 590236, 590899, 591000, 593123, 594908, 596813, 600792, 600801, 603059, 604459, 607619, 607904, 609571, 613758, 614023, 614032, 614459, 614463, 614709, 614713, 614758, 615080, 615389, 615547, 615601, 615609, 615626, 615640, 615644, 615653, 615808, 615968, 616499, 616537, 616709, 616732, 616855, 616961, 616980, 617375, 617550, 617595, 617658, 617709, 617718, 617728, 617742, 617754, 617759, 617831, 617847, 617849, 617867, 617882, 617895, 617921, 618046, 618119, 618472, 619262, 619640, 619645, 620336, 623074, 623077, 624131, 630427, 630435, 630589, 630633, 630807, 630813, 630820, 630824, 631053, 631927, 631952, 632090, 632174, 632220, 632327, 632579, 632591, 632693, 632746, 632757, 632898, 632929, 633055, 636056, 636072, 637430, 637657, 637676, 638285, 638426, 639065, 639077, 639267, 639276, 639285, 639294, 639307, 640488]
12,3,[237, 18899, 18915]
15,131,[773, 17628, 24210, 24281, 24535, 24967, 25695, 26468, 26735, 26966, 27147, 27152, 27257, 27260, 27275, 29470, 29950, 29974, 32963, 34485, 40096, 42050, 46160, 49746, 49975, 50980, 51202, 51211, 51254, 51283, 51462, 51488, 51600, 51605, 51615, 53012, 53937, 54248, 58346, 59855, 62440, 62448, 85517, 86000, 93078, 96097, 97325, 98107, 105989, 108273, 113979, 125615, 130227, 130229, 131339, 131349, 132851, 137521, 144628, 144757, 147904, 148119, 150979, 151049, 151112, 151504, 151538, 151567, 151597, 151655, 151666, 151695, 151707, 153308, 153317, 153351, 153413, 153450, 153545, 153560, 153632, 153647, 153685, 153688, 153693, 153696, 153774, 155353, 155565, 156354, 157031, 157039, 157542, 157547, 157593, 158374, 159309, 159320, 160518, 160533, 160540, 160544, 160572, 160681, 160691, 160717, 160733, 160741, 162617, 165050, 166827, 169218, 169245, 169299, 169478, 169487, 169530, 169571, 170536, 171732, 171750, 171906, 172817, 172851, 173201, 173213, 173218, 173225, 173247, 173250, 173643]
16,1,[32030]
17,290,[1225, 1554, 2142, 2515, 5307, 7551, 14456, 14494, 16071, 16129, 16189, 18314, 18320, 18360, 18397, 18452, 18455, 18462, 18465, 18641, 18645, 18931, 18988, 18997, 19001, 19004, 19192, 19198, 19220, 19224, 19241, 19251, 19286, 19401, 19469, 19481, 20080, 23191, 23199, 23247, 23632, 24055, 24843, 24849, 24967, 24971, 25024, 25029, 25040, 26236, 26679, 26686, 26729, 26733, 26750, 26851, 27432, 27511, 27516, 27531, 27614, 27661, 30902, 30917, 31439, 31441, 32979, 33063, 33169, 33399, 33913, 34856, 34865, 35500, 35595, 36176, 36267, 36287, 36289, 36296, 36321, 36348, 36353, 36429, 36434, 36438, 36719, 40054, 40171, 40210, 40219, 41681, 43937, 45403, 47442, 47782, 48214, 48432, 51338, 51363, 51368, 51989, 52043, 52179, 57675, 57704, 58373, 58392, 62275, 62282, 62346, 65479, 65566, 65660, 66112, 66132, 66467, 66661, 68939, 69717, 71779, 73360, 75236, 75405, 75422, 75425, 76466, 76491, 76661, 76878, 77626, 77642, 77688, 77723, 81208, 83690, 83742, 83752, 83761, 89046, 89197, 91009, 91021, 92350, 92418, 93183, 93193, 97804, 98821, 100420, 100439, 100663, 100669, 100689, 100705, 100716, 101568, 102772, 102812, 102867, 103161, 103212, 103301, 103328, 103391, 103395, 103485, 103507, 104648, 105179, 108843, 110198, 113337, 113472, 113537, 113621, 113786, 113799, 114581, 114585, 114616, 114622, 114848, 114862, 114916, 114920, 114927, 115104, 115133, 116784, 116790, 116817, 116832, 116834, 116919, 116924, 119200, 121310, 121779, 121831, 121841, 122123, 122189, 122221, 122244, 122301, 122798, 123739, 123742, 124278, 128180, 128249, 128258, 128263, 128272, 159611, 159797, 160247, 160285, 160290, 160306, 160328, 160831, 161240, 162544, 177666, 177706, 177717, 177942, 177956, 177974, 177983, 177990, 178183, 178248, 178418, 178499, 180340, 182897, 182923, 182976, 183148, 184383, 184545, 185187, 185235, 185253, 185728, 185749, 185756, 185762, 185772, 185803, 185819, 185832, 185908, 185916, 185923, 185958, 185968, 186589, 186705, 188667, 200228, 200232, 200247, 200266, 200293, 200929, 201221, 201515, 201531, 201551, 201554, 202033, 202263, 205287, 210042, 213553, 213583, 213640, 213676, 216909, 217007, 217013, 217023, 217036, 217038, 217046, 217858]
19,5,[3704, 12577, 13727, 13730, 13745]
20,362,[85, 9145, 9239, 9270, 9440, 9462, 9510, 9518, 9542, 9555, 9585, 9597, 9621, 9667, 9773, 9972, 10034, 10066, 10326, 11092, 11520, 11535, 11582, 11629, 11688, 12443, 12472, 12477, 13019, 13053, 13143, 13275, 13283, 13330, 13340, 13366, 13370, 13483, 13497, 13526, 13535, 13545, 13568, 13883, 13894, 13927, 13953, 13980, 13988, 14001, 14004, 14046, 14087, 14119, 15900, 16430, 16442, 16890, 16898, 18981, 19031, 19173, 19182, 19227, 19271, 19276, 19282, 19291, 19293, 19744, 20241, 20366, 20831, 20979, 20991, 21015, 21019, 21529, 21643, 21846, 21901, 22034, 22050, 22324, 22345, 22349, 22631, 22885, 22975, 22995, 22998, 23313, 23500, 25111, 26011, 26015, 26022, 26944, 27756, 27839, 27887, 27921, 28060, 28220, 28279, 28286, 28613, 28620, 28847, 29242, 29266, 29305, 29388, 29497, 30077, 30099, 30130, 30233, 32747, 32771, 32797, 32911, 32951, 32974, 33025, 33973, 34017, 34046, 34062, 34160, 34318, 34702, 34733, 34746, 34799, 35080, 35092, 37279, 37301, 37481, 37482, 37499, 37511, 37562, 37588, 37631, 37827, 37995, 37998, 38008, 38023, 38046, 38050, 38059, 38215, 38239, 38605, 38613, 38812, 38919, 38927, 39239, 39275, 39283, 39296, 39468, 39500, 39503, 39517, 39576, 39597, 39609, 39629, 39789, 40071, 40081, 40206, 40211, 40264, 40339, 40373, 40378, 40474, 40552, 40598, 40745, 40787, 40812, 40928, 40933, 40951, 40963, 40990, 41008, 41468, 41711, 41738, 41787, 41917, 41994, 42080, 42195, 42889, 42892, 42913, 42944, 43570, 43774, 43798, 43882, 43886, 43943, 43971, 44029, 44052, 44109, 44189, 44441, 44510, 44534, 44549, 44758, 45524, 45546, 45584, 45591, 45678, 45737, 45991, 46019, 46104, 46228, 46886, 46902, 46908, 47204, 47218, 47248, 47254, 47555, 47686, 47690, 47702, 47733, 47860, 47866, 47871, 47879, 47905, 48142, 48153, 48167, 48182, 48218, 48232, 48298, 48304, 48540, 48599, 48603, 48613, 49252, 49265, 49435, 49458, 49476, 49478, 49506, 49523, 49530, 49942, 49945, 49964, 50057, 50083, 50251, 50271, 50323, 50357, 50365, 50373, 50525, 50529, 50532, 50716, 50830, 50852, 50881, 51266, 51303, 51860, 51868, 51979, 51993, 53617, 54209, 54217, 54310, 54334, 54349, 54798, 54982, 55011, 55026, 55067, 55069, 55282, 55315, 55375, 55399, 55520, 55602, 55614, 55630, 55871, 55891, 56092, 56612, 56703, 56740, 57083, 57105, 57170, 57439, 57450, 57474, 58041, 58065, 58079, 58083, 58137, 58141, 58206, 58219, 58276, 58579, 58620, 58660, 58663, 58694, 58700, 58780, 59057, 59395, 59861, 60413, 60823, 60883, 61188, 61195, 61200, 61699, 63054, 63891, 64137, 64552, 64569, 64701, 65794, 65860, 65976, 65981]
21,11,[5989, 5995, 5999, 6006, 11266, 15569, 16186, 20898, 20911, 24218, 27364]
22,5,[83512, 104303, 114151, 119611, 149643]
26,361,[447, 9699, 9791, 9822, 9993, 10015, 10064, 10072, 10096, 10109, 10139, 10151, 10175, 10220, 10324, 10525, 10586, 10618, 10879, 11664, 12088, 12103, 12150, 12202, 12261, 13030, 13059, 13064, 13602, 13636, 13727, 13860, 13868, 13916, 13926, 13952, 13956, 14068, 14082, 14111, 14120, 14130, 14153, 14471, 14514, 14540, 14567, 14575, 14587, 14590, 14633, 14674, 14705, 16546, 17080, 17092, 17542, 17550, 19689, 19738, 19880, 19889, 19931, 19976, 19981, 19987, 19996, 19998, 20459, 20967, 21092, 21568, 21717, 21729, 21753, 21757, 22275, 22389, 22601, 22656, 22789, 22805, 23080, 23102, 23106, 23397, 23654, 23745, 23765, 23768, 24083, 24270, 25897, 26807, 26811, 26818, 27768, 28585, 28667, 28716, 28751, 28895, 29057, 29116, 29123, 29443, 29450, 29681, 30085, 30109, 30148, 30231, 30342, 30924, 30946, 30977, 31081, 33623, 33647, 33673, 33787, 33827, 33849, 33903, 34851, 34896, 34925, 34941, 35037, 35202, 35590, 35621, 35634, 35688, 35973, 35985, 38195, 38217, 38396, 38398, 38414, 38426, 38477, 38503, 38548, 38744, 38913, 38916, 38926, 38941, 38964, 38968, 38977, 39135, 39183, 39549, 39557, 39756, 39863, 39871, 40181, 40217, 40226, 40239, 40410, 40441, 40444, 40458, 40517, 40538, 40549, 40569, 40727, 41010, 41021, 41147, 41152, 41205, 41280, 41314, 41319, 41414, 41491, 41537, 41683, 41724, 41748, 41864, 41870, 41887, 41899, 41926, 41944, 42404, 42647, 42673, 42721, 42851, 42928, 43013, 43129, 43837, 43840, 43861, 43892, 44526, 44734, 44758, 44842, 44846, 44904, 44932, 44991, 45016, 45072, 45152, 45411, 45480, 45504, 45519, 45741, 46525, 46547, 46585, 46592, 46680, 46739, 46992, 47021, 47106, 47233, 47890, 47906, 47912, 48206, 48220, 48250, 48256, 48562, 48692, 48696, 48708, 48739, 48871, 48876, 48881, 48889, 48916, 49154, 49165, 49178, 49193, 49232, 49246, 49311, 49317, 49561, 49620, 49624, 49634, 50296, 50309, 50481, 50505, 50523, 50525, 50553, 50570, 50577, 50988, 50991, 51010, 51101, 51127, 51298, 51319, 51372, 51406, 51414, 51422, 51575, 51579, 51582, 51767, 51882, 51905, 51934, 52322, 52359, 52939, 52947, 53058, 53073, 54744, 55371, 55379, 55472, 55496, 55511, 55958, 56144, 56172, 56186, 56227, 56229, 56444, 56477, 56535, 56559, 56678, 56762, 56774, 56790, 57031, 57051, 57249, 57765, 57852, 57888, 58235, 58257, 58324, 58606, 58618, 58643, 59227, 59251, 59265, 59269, 59325, 59329, 59395, 59407, 59465, 59774, 59817, 59858, 59861, 59892, 59898, 59980, 60310, 60656, 61151, 61710, 62120, 62180, 62489, 62496, 62501, 63002, 64407, 65278, 65530, 65952, 65969, 66101, 67210, 67275, 67393, 67397]
27,1,[29355]
28,4,[8794, 8809, 8833, 10272]
30,3827,[1680, 1692, 1784, 1833, 1854, 1882, 2153, 2250, 3267, 3371, 3394, 3414, 3443, 3451, 3460, 3466, 3496, 3509, 4338, 4342, 4348, 6008, 6026, 6030, 6036, 6052, 6058, 6060, 6280, 6296, 6300, 6316, 6596, 6599, 6613, 6617, 6765, 6810, 7467, 7472, 7751, 7821, 7845, 7858, 8093, 8097, 8114, 8140, 8144, 8151, 8157, 8164, 8169, 8177, 8182, 8187, 8192, 8225, 8240, 8360, 8416, 8425, 8455, 8491, 8669, 8803, 8889, 9098, 9118, 9446, 9537, 9775, 9855, 9873, 10352, 10358, 10375, 10439, 10564, 10568, 10582, 10591, 10843, 10975, 11077, 11110, 11313, 11332, 11674, 11901, 12003, 12010, 12017, 12047, 12051, 12083, 12243, 12251, 12369, 12386, 12478, 12522, 12627, 12752, 13080, 13111, 13158, 13224, 13355, 13361, 14227, 14345, 14352, 14356, 14359, 14804, 14808, 14882, 14893, 14899, 14907, 14912, 14919, 15076, 15107, 15158, 15173, 15210, 15372, 15411, 15415, 15484, 15543, 15560, 15565, 15577, 15583, 15588, 15798, 15934, 15940, 15971, 15985, 16056, 16070, 16073, 16077, 16085, 16089, 16094, 16300, 16331, 16345, 16349, 16358, 16367, 16375, 16512, 16870, 16885, 16994, 17022, 17242, 17423, 17454, 17484, 17642, 17652, 17659, 17695, 17720, 17738, 18123, 18292, 18310, 18378, 18584, 18695, 18774, 18844, 18872, 18910, 18962, 19021, 19069, 19087, 19112, 19129, 19144, 19331, 19408, 19441, 19469, 19567, 19570, 19584, 19755, 19800, 19978, 20061, 20091, 20095, 20122, 20158, 20192, 20954, 21183, 21199, 21206, 22465, 22504, 22515, 22566, 23292, 23296, 23322, 23343, 23533, 23633, 23875, 24439, 24467, 24472, 24578, 24582, 24593, 24957, 25399, 25437, 25504, 26529, 26538, 26635, 26754, 26759, 27212, 27490, 27696, 27963, 27975, 28244, 28659, 28665, 28673, 29372, 29394, 29399, 30024, 30038, 30113, 30144, 30148, 30152, 30163, 30179, 30186, 30280, 30547, 30554, 30587, 30754, 31005, 31012, 31312, 31329, 31563, 31576, 31581, 32306, 32318, 32349, 32469, 32945, 32984, 32990, 32994, 33218, 33347, 33427, 33497, 33619, 33629, 33665, 33669, 33711, 33747, 33865, 34100, 35112, 35137, 35153, 35399, 35444, 35797, 35919, 35932, 35970, 36218, 36410, 36837, 36859, 36862, 37204, 37826, 38056, 38287, 38295, 38955, 39457, 39612, 39636, 39679, 39686, 39718, 39743, 39764, 39772, 39779, 39844, 40342, 40996, 41073, 41080, 41204, 41431, 41443, 42426, 42446, 42802, 43027, 43095, 43102, 43116, 43122, 43211, 43230, 43238, 43516, 43527, 43530, 43875, 43885, 43929, 43949, 44140, 44350, 44354, 44613, 45489, 45679, 45706, 45889, 46000, 46002, 46007, 46059, 46062, 46134, 46155, 46176, 46182, 46196, 46204, 46219, 46229, 46276, 46296, 46308, 46572, 46813, 46963, 47086, 47092, 47097, 47120, 47478, 48098, 48438, 48692, 48744, 50619, 50792, 51001, 51363, 51565, 51620, 51644, 51755, 51847, 52123, 52177, 52225, 52263, 52557, 52831, 52866, 52872, 52940, 52972, 52980, 53020, 53024, 53032, 53038, 53235, 53247, 53260, 53279, 53283, 53353, 53358, 53370, 53379, 53431, 53438, 53467, 53515, 53669, 53728, 53734, 53741, 53779, 53830, 53862, 53880, 54004, 54093, 63574, 64312, 64440, 64491, 71370, 71513, 71780, 72693, 74589, 75123, 75144, 75171, 75185, 75344, 75376, 75754, 75768, 75784, 75826, 75832, 75847, 75851, 75861, 76005, 76021, 82333, 82374, 82399, 83243, 83246, 83254, 83258, 83265, 83268, 86042, 86081, 86108, 86598, 86627, 86658, 86728, 86731, 87049, 87100, 87108, 87117, 87132, 87301, 87842, 87884, 88779, 88871, 88900, 88942, 90544, 90555, 91739, 91752, 91773, 91779, 91783, 91790, 91833, 91910, 91955, 91969, 92019, 92038, 92059, 92067, 92106, 92270, 92278, 92290, 92295, 92643, 93540, 93592, 93991, 94015, 94429, 94706, 94808, 94937, 94939, 94946, 94960, 95024, 95037, 95234, 95262, 95288, 95345, 95371, 95398, 95422, 95466, 95468, 95478, 95487, 95612, 95775, 95809, 96071, 96087, 96090, 96337, 96342, 96361, 96383, 96392, 96450, 96628, 98468, 98585, 105315, 105326, 105533, 105665, 105972, 105995, 106048, 106251, 106394, 106398, 106412, 106419, 106550, 107261, 107297, 107304, 107904, 107956, 108119, 108146, 108149, 108171, 108267, 108286, 108293, 108298, 108325, 108340, 108348, 108350, 108390, 108397, 108403, 108420, 108702, 108722, 108824, 108904, 108920, 108937, 108948, 108957, 109184, 109218, 109264, 109272, 109391, 109420, 109433, 109477, 109556, 109570, 109620, 109677, 109680, 109715, 109732, 109756, 109766, 109890, 109905, 109943, 110013, 110058, 110201, 110224, 110238, 110241, 110244, 110282, 110307, 110322, 110332, 110347, 110366, 110430, 110465, 110494, 110511, 110521, 110555, 110582, 110624, 110659, 110666, 110669, 110683, 110686, 110690, 110705, 110733, 110758, 110781, 110862, 110884, 110937, 110949, 110970, 110979, 110992, 110997, 110998, 111029, 111154, 111182, 111200, 111225, 111256, 111282, 111453, 111519, 111904, 111920, 112147, 112185, 112224, 112357, 112387, 113086, 113191, 113359, 113545, 113571, 113714, 113753, 113768, 113771, 113845, 113851, 113932, 113937, 113943, 113972, 114001, 114079, 114092, 114203, 114213, 114224, 114246, 114275, 114279, 114353, 114362, 114401, 114547, 114553, 114556, 114578, 114626, 115018, 115030, 115049, 115136, 115168, 115197, 115272, 115281, 115302, 115311, 115313, 115339, 115360, 115431, 115435, 115463, 115486, 115513, 115516, 115529, 115538, 115570, 115593, 115596, 115604, 115609, 115612, 115619, 115652, 115660, 115668, 115670, 115680, 115816, 115901, 115943, 116030, 116080, 116231, 116300, 116307, 116317, 116378, 116383, 116399, 116404, 116451, 116491, 116597, 116624, 116658, 116679, 116689, 116699, 116708, 116722, 116792, 116822, 116840, 116847, 117190, 117256, 117281, 117289, 117297, 117302, 117370, 117499, 117517, 117528, 117533, 117547, 117661, 117669, 117685, 117704, 117725, 117742, 117748, 117820, 117848, 118022, 118025, 118259, 118265, 118278, 118283, 118289, 118295, 118362, 118376, 118396, 118434, 118534, 118548, 119144, 119177, 119193, 119295, 119338, 119343, 119423, 119963, 119971, 119993, 120000, 120060, 120155, 120167, 120173, 120183, 120188, 120204, 120208, 120314, 120350, 120354, 120362, 120568, 120721, 120755, 120760, 120812, 120819, 120878, 120882, 120922, 120988, 121067, 121350, 121372, 121383, 121390, 121397, 121417, 121433, 121467, 121498, 121733, 121919, 121972, 121980, 121991, 122054, 122059, 122095, 122110, 122258, 122554, 122564, 122577, 122580, 122657, 122667, 122673, 122683, 122697, 122706, 122711, 122719, 122752, 122758, 122785, 122791, 122829, 122858, 122875, 122912, 122922, 122925, 122983, 123021, 123025, 123038, 123065, 123083, 123103, 123111, 123164, 123190, 123226, 123285, 123371, 123397, 123406, 123443, 123543, 123547, 123559, 123581, 123585, 123588, 123611, 123616, 123659, 123680, 123687, 123742, 123757, 123761, 123783, 123798, 123822, 123833, 123894, 123977, 124036, 124050, 124070, 124140, 124194, 124211, 124268, 124279, 124559, 124565, 124575, 124580, 125022, 125032, 125050, 125068, 125098, 125104, 125116, 125134, 125140, 125148, 125162, 125166, 125219, 125222, 125239, 125249, 125278, 125330, 125336, 125384, 125397, 125409, 125443, 125621, 125629, 125640, 125703, 125707, 125710, 125759, 125762, 125766, 125769, 126241, 126297, 126507, 126511, 126514, 126530, 126537, 126753, 126763, 127353, 127434, 127661, 128051, 128086, 128108, 128205, 128485, 128496, 128500, 128503, 128544, 128605, 128621, 128811, 128818, 128915, 129226, 129334, 129361, 129650, 129665, 130619, 132072, 132171, 132334, 132523, 132594, 132642, 134166, 134443, 136528, 137232, 138974, 138996, 144090, 144559, 144568, 145840, 145878, 146273, 146288, 146334, 146478, 146618, 146654, 146720, 147025, 147675, 147748, 147776, 147806, 147810, 147818, 147963, 148407, 148494, 148574, 148582, 148586, 148591, 148596, 148601, 148755, 150818, 150828, 150863, 151676, 151778, 151782, 152012, 152216, 152309, 152416, 152493, 152755, 152885, 152891, 153258, 153558, 153561, 153569, 153625, 154180, 154235, 154422, 154649, 154653, 154681, 154685, 154694, 155029, 155042, 155054, 155116, 155149, 155190, 155252, 155281, 155448, 155684, 155688, 155833, 155894, 156040, 156208, 156245, 156618, 156718, 156752, 156771, 157127, 157170, 157290, 157516, 159872, 159999, 160004, 160042, 160252, 160368, 160472, 160670, 160767, 160807, 160812, 160835, 160841, 160844, 160886, 160891, 161030, 161070, 161086, 161092, 161137, 161299, 161329, 161332, 161427, 161567, 161606, 161620, 161635, 161638, 161902, 162046, 162099, 162249, 162331, 162400, 162702, 162807, 163173, 163246, 163441, 163609, 163611, 163616, 163631, 165845, 165851, 165893, 166256, 166594, 166643, 166661, 166688, 166692, 166723, 166796, 166800, 166802, 166827, 166838, 166898, 166939, 166964, 166992, 167036, 167061, 167064, 167132, 167153, 167158, 167162, 167175, 167191, 167194, 167340, 167671, 167728, 168336, 169039, 169090, 169483, 169486, 170265, 170372, 170670, 171029, 171065, 171073, 171223, 171255, 171276, 171290, 171323, 171359, 171503, 171530, 171545, 171558, 171837, 171848, 171867, 171989, 172900, 173085, 173106, 173113, 173119, 173806, 173942, 173948, 174181, 174185, 174216, 174223, 174252, 174259, 174553, 174831, 174925, 174943, 174954, 174959, 174971, 175024, 175027, 175037, 175042, 175045, 175055, 175220, 175229, 175247, 175255, 175270, 175387, 175411, 175614, 175721, 175765, 175791, 175796, 176218, 176264, 177001, 177033, 177142, 177153, 177399, 177521, 177538, 177678, 177689, 177694, 177729, 177748, 177759, 177764, 177771, 177788, 177814, 177869, 177910, 178119, 178169, 178185, 178586, 178600, 178645, 178691, 178719, 178727, 178778, 178783, 178792, 178835, 178877, 179077, 179079, 179311, 179364, 179437, 179548, 179648, 179662, 179734, 179786, 179995, 180226, 180374, 180387, 180439, 180451, 180571, 180593, 180644, 180655, 180755, 180770, 181048, 181062, 181097, 181151, 181342, 181566, 182374, 182479, 182654, 182842, 183318, 183327, 183335, 183353, 183360, 183807, 183887, 183893, 183901, 183906, 184096, 184195, 184215, 184969, 185436, 186089, 186186, 186202, 186219, 186277, 186287, 186291, 186310, 186373, 186385, 186464, 186503, 186509, 186557, 186576, 186634, 186648, 186661, 186687, 186699, 187254, 187264, 187513, 187522, 187730, 187736, 188262, 188426, 188565, 188814, 188820, 188827, 188840, 188857, 188932, 189023, 189582, 189596, 189601, 189642, 189806, 189816, 189826, 189988, 190079, 190100, 190115, 190129, 190467, 190537, 190644, 190675, 190682, 190689, 190736, 190902, 190916, 190922, 190942, 191273, 191280, 191422, 191501, 191805, 191823, 191986, 192107, 192195, 192387, 192473, 192531, 192814, 192922, 193105, 193957, 193994, 194040, 194248, 194498, 194506, 194531, 194532, 194566, 194732, 194757, 194765, 194772, 195438, 195523, 195559, 195577, 195586, 195660, 196211, 196339, 197491, 197774, 198769, 198809, 198813, 198819, 198836, 198850, 198996, 199076, 199144, 199156, 199481, 199483, 199500, 199548, 199678, 199899, 200597, 200706, 200737, 200844, 200887, 200900, 200909, 200924, 200976, 200978, 200994, 201123, 201140, 201464, 201612, 201619, 201665, 201849, 201866, 201874, 202021, 202031, 202033, 202036, 202042, 202047, 202068, 203156, 203759, 205875, 205881, 206103, 206119, 206170, 206200, 206225, 206260, 206393, 206398, 206409, 206447, 206596, 206665, 206677, 206746, 206794, 206815, 206837, 206886, 206896, 206958, 207452, 207479, 208230, 208243, 208245, 208258, 208973, 208985, 208992, 209441, 209466, 209578, 209610, 209635, 209654, 209657, 209668, 209843, 209996, 210480, 210660, 210672, 210679, 210843, 210862, 211027, 211030, 211039, 211085, 211168, 211187, 211546, 211559, 211577, 211589, 211635, 211687, 211701, 211708, 211724, 211759, 211766, 211855, 212728, 212739, 213130, 213136, 213972, 213976, 214001, 214069, 214084, 214111, 214129, 214194, 214304, 214386, 214660, 214676, 214695, 214703, 214716, 215445, 215530, 215536, 215752, 216120, 216129, 216140, 216277, 216298, 216758, 216811, 217031, 217073, 217142, 217152, 217182, 217211, 217232, 217441, 217448, 217451, 217469, 217495, 217554, 217557, 217566, 217593, 217802, 217915, 217932, 218218, 218432, 218499, 218551, 218678, 218703, 219611, 219672, 219724, 219902, 219924, 219974, 219993, 220039, 220059, 220125, 220130, 220135, 220155, 220158, 220322, 220402, 220830, 220832, 220890, 220893, 221290, 221314, 221337, 221483, 221559, 221731, 221784, 221818, 221827, 221921, 221950, 222482, 222489, 222612, 222693, 222708, 222772, 222802, 222962, 223056, 223066, 223092, 223123, 223129, 223153, 223221, 223441, 223489, 223722, 223726, 223741, 224348, 224693, 224868, 224994, 225417, 225455, 225465, 225492, 225618, 225648, 225807, 225846, 226032, 229345, 229367, 232844, 232854, 232921, 232955, 233463, 233485, 233683, 233748, 233751, 233760, 233954, 233966, 234228, 234236, 234302, 234324, 234555, 234645, 235877, 235885, 244905, 245977, 245986, 247036, 247949, 248413, 248504, 248524, 248538, 248542, 248604, 248610, 248632, 248672, 248765, 248802, 248808, 248835, 248924, 248947, 248966, 248975, 249412, 249419, 249659, 249663, 250274, 250303, 250307, 250313, 250326, 250344, 250534, 250665, 250677, 251029, 251088, 251102, 251107, 251113, 251198, 251235, 254419, 254426, 254438, 254728, 254732, 254735, 254763, 254775, 255144, 255171, 255194, 255200, 255205, 255232, 255283, 255309, 255776, 255886, 255893, 255897, 255913, 255919, 256338, 256482, 257897, 258174, 258192, 258247, 258304, 258337, 258472, 258486, 258528, 258686, 258753, 258766, 258801, 258836, 258882, 258899, 258976, 258981, 259493, 259508, 259534, 260282, 260294, 260296, 260316, 260913, 261054, 262911, 262927, 262943, 263539, 263550, 264328, 264340, 264552, 264611, 264662, 264797, 264823, 265132, 265143, 265418, 265516, 265550, 265581, 265664, 268797, 268820, 268861, 269095, 269182, 269202, 269822, 275665, 275673, 276450, 276457, 276473, 276482, 279130, 279698, 280821, 280935, 280959, 282200, 282500, 282507, 282626, 282630, 283398, 283441, 283463, 283475, 283496, 283574, 283597, 285060, 285065, 286200, 286302, 286310, 288279, 288309, 288390, 288602, 288831, 288849, 288876, 288909, 288932, 289072, 289153, 293614, 293622, 294317, 294385, 295060, 296116, 297041, 297135, 297168, 297210, 297266, 297454, 298019, 298061, 298066, 298086, 298294, 298517, 298526, 298530, 298586, 299237, 299247, 299347, 299370, 299399, 299402, 299510, 299552, 299990, 300068, 300130, 300299, 300321, 300326, 300341, 300500, 300517, 300525, 300633, 300643, 300650, 300659, 301066, 301201, 301222, 301378, 301548, 301557, 301615, 301621, 301627, 301687, 301961, 302238, 302442, 303874, 303877, 303881, 303956, 303961, 303972, 304101, 304104, 304184, 304200, 304958, 306259, 307182, 307247, 307254, 307299, 307569, 307579, 308088, 308099, 308104, 308276, 308303, 308447, 308480, 308487, 308497, 309004, 309184, 309413, 309424, 309630, 309649, 309944, 309983, 310072, 310080, 310087, 310237, 310243, 310248, 310622, 310644, 310650, 310657, 310667, 310697, 311163, 311168, 311490, 311506, 311524, 311627, 311636, 311656, 311716, 311722, 311787, 311884, 312180, 312196, 312314, 312324, 312689, 313281, 313297, 313508, 313536, 313673, 314063, 314343, 314590, 314600, 314602, 314609, 314623, 314756, 314832, 314877, 314968, 314979, 314985, 315050, 315165, 315204, 315249, 315302, 315592, 315598, 315613, 315640, 315782, 315834, 315842, 316128, 316225, 316250, 316528, 316545, 316624, 316644, 316681, 316691, 316694, 316883, 316924, 316963, 316972, 317028, 317112, 317142, 317179, 317182, 317190, 317215, 317513, 317948, 318078, 318085, 318374, 318390, 318476, 318908, 319097, 319103, 319178, 319334, 319371, 319438, 319543, 319720, 319724, 319817, 319942, 320036, 320213, 320327, 320491, 320645, 320679, 320696, 320722, 320747, 320843, 320884, 321579, 321704, 321712, 321765, 321803, 321834, 321892, 321964, 321965, 322094, 322228, 322233, 322237, 322244, 322300, 322410, 322504, 322834, 322866, 322896, 322968, 323011, 323043, 323177, 323185, 323497, 323631, 323693, 323818, 324059, 324078, 324082, 324086, 324101, 324113, 324117, 324136, 324142, 324147, 324167, 324370, 324375, 324385, 324411, 324631, 324637, 324642, 324768, 324784, 324882, 324889, 324916, 324923, 325409, 325590, 325596, 325608, 325647, 325686, 325787, 326082, 326086, 326114, 326178, 326195, 326294, 326382, 326414, 326423, 326440, 326527, 327026, 327030, 327050, 327059, 327079, 327090, 327444, 327458, 327462, 327467, 327729, 327955, 327960, 329144, 329234, 329262, 329272, 329468, 329533, 329639, 329641, 329647, 329658, 329668, 329682, 329776, 329895, 329945, 330162, 330169, 330270, 330350, 330471, 330478, 330487, 330508, 330525, 330537, 330559, 330593, 330639, 330715, 330783, 330793, 330798, 330902, 330908, 330921, 330946, 330956, 331129, 331134, 331822, 331903, 332002, 332015, 332078, 332110, 332126, 332128, 332135, 332721, 333641, 333772, 334115, 334156, 334766, 335011, 336654, 336664, 337766, 338092, 338126, 338225, 338256, 338531, 338574, 338578, 338621, 338627, 338702, 338738, 338756, 339278, 339288, 339406, 339432, 339477, 339784, 339923, 339983, 340192, 340386, 340435, 340441, 340452, 340503, 340544, 340549, 340616, 340646, 340656, 340747, 340767, 340780, 341227, 341261, 341387, 341412, 341822, 341943, 342459, 342469, 342507, 342525, 342536, 342582, 342791, 342806, 342819, 342840, 342905, 342922, 342937, 342946, 343174, 343185, 343191, 343290, 343294, 343389, 343509, 343513, 343543, 343556, 343564, 343723, 343735, 343842, 343858, 343959, 343966, 344021, 344418, 344425, 344987, 345307, 345416, 345420, 345422, 345464, 345577, 345584, 345918, 345928, 345937, 346057, 346064, 346085, 346089, 346108, 346123, 346129, 346290, 346299, 346312, 346535, 346559, 346872, 346878, 346886, 346903, 346926, 347060, 347098, 347214, 347222, 347890, 347897, 352109, 352827, 352843, 352847, 352851, 352860, 352878, 352953, 352990, 353062, 353068, 353117, 353245, 353293, 353976, 354011, 354029, 354103, 354119, 354122, 354191, 354612, 355587, 355820, 355829, 355855, 355879, 356931, 359141, 359308, 359903, 360175, 360336, 360604, 360631, 360987, 360992, 361004, 361015, 361106, 361126, 361799, 362261, 362445, 362532, 362656, 362677, 362691, 362695, 362702, 362705, 362714, 362757, 362766, 362771, 362775, 363411, 363749, 364225, 364227, 365771, 365854, 365959, 366193, 366700, 367647, 367656, 368287, 368381, 368930, 369016, 369035, 369037, 369044, 369069, 369095, 369100, 369177, 369182, 369185, 369463, 369823, 369963, 370899, 371678, 371723, 371960, 371986, 372008, 372017, 372024, 372049, 372059, 372891, 373056, 373095, 373103, 373383, 373386, 373457, 373467, 373472, 373481, 373569, 373575, 373638, 373741, 374768, 374776, 374784, 375011, 375029, 375738, 375748, 375786, 375830, 376757, 376774, 376796, 376803, 378065, 378073, 378139, 378171, 378651, 378674, 378933, 378936, 378945, 379135, 379147, 379410, 379415, 379472, 379492, 379712, 379717, 379735, 379897, 379984, 380179, 380839, 380848, 380854, 380858, 380865, 380873, 380877, 380881, 380894, 380907, 380924, 380929, 380947, 380952, 380963, 380977, 381441, 381451, 381454, 381878, 381883, 381890, 381893, 381907, 381916, 381933, 381954, 381967, 381973, 381983, 381993, 382346, 382352, 382455, 382458, 382465, 382600, 382956, 382981, 383023, 383165, 383187, 383205, 383222, 383227, 383243, 383456, 383465, 383477, 383483, 383487, 384063, 384082, 384183, 384196, 384229, 384245, 384258, 384270, 384321, 384329, 384362, 384384, 384484, 384489, 384520, 384606, 384609, 384615, 384622, 384769, 384773, 385014, 385072, 385081, 385087, 385091, 385094, 385252, 385256, 385277, 385281, 385296, 385305, 385314, 385341, 385456, 385523, 385535, 386247, 386331, 386336, 386349, 386431, 386478, 386743, 387238, 387259, 387266, 387272, 387282, 387313, 387316, 387332, 387345, 387421, 387435, 387470, 387480, 387606, 387610, 387625, 388280, 388383, 388391, 388797, 388827, 388868, 388898, 388977, 388987, 389244, 389452, 389500, 389520, 389527, 389555, 389591, 389599, 389605, 389640, 389647, 389710, 389725, 389729, 389735, 389754, 389774, 389789, 389817, 389822, 389828, 389841, 389863, 389866, 389970, 389976, 390446, 390461, 390474, 391150, 391171, 391224, 391272, 391296, 391662, 392644, 392648, 392658, 392661, 392690, 392694, 392704, 392706, 392736, 392918, 392925, 392932, 392970, 392977, 392980, 392985, 393004, 393330, 393361, 393367, 393389, 393430, 393452, 393457, 393616, 393623, 393689, 393757, 394314, 394320, 394394, 394802, 394864, 395104, 395125, 395350, 396031, 396034, 396427, 396468, 396476, 396493, 396862, 397121, 397133, 398644, 398658, 398662, 398681, 399037, 399437, 399477, 399482, 399580, 399659, 399664, 399721, 399782, 399799, 399822, 399829, 399839, 400106, 400187, 400339, 400551, 400562, 400572, 400577, 400686, 400829, 401211, 401257, 401298, 401398, 401403, 401427, 401430, 401573, 401615, 401731, 401754, 401764, 401776, 401783, 401786, 401788, 401791, 401798, 401807, 401825, 402070, 402348, 402477, 402481, 402678, 402733, 402750, 403072, 403446, 403547, 403598, 403843, 404082, 404365, 404413, 404506, 404827, 405018, 405031, 405350, 405412, 405437, 405442, 405476, 405483, 406350, 406459, 407239, 407805, 408437, 409242, 409443, 409459, 410048, 410141, 410318, 410326, 410498, 410526, 410531, 410541, 410548, 410552, 410558, 410591, 410594, 410599, 410643, 410649, 410666, 410674, 410684, 410688, 410697, 410926, 410935, 410939, 411401, 411404, 411479, 412086, 412089, 412119, 412344, 412424, 412561, 413116, 413119, 413847, 413867, 413891, 413897, 413902, 414134, 414139, 414148, 414975, 414988, 415004, 415473, 415695, 416280, 416317, 416324, 416327, 416478, 416667, 416785, 416797, 416806, 416831, 416836, 416954, 416957, 416965, 416969, 417015, 417020, 417093, 417098, 417102, 417120, 417128, 417493, 417593, 417597, 417621, 417636, 417744, 417758, 417769, 417774, 417785, 417792, 417833, 418131, 418152, 418167, 418176, 418799, 418804, 418912, 418927, 419423, 419436, 420209, 420742, 420817, 421142, 421150, 421432, 421468, 421480, 421487, 421490, 421496, 421727, 422029, 422154, 422250, 422520, 422600, 422755, 422766, 422836, 422976, 422989, 423019, 424128, 424157, 424340, 424358, 424642, 425093, 425104, 425220, 425228, 425234, 425245, 425255, 425265, 425274, 425289, 425297, 425309, 425341, 425359, 425362, 425370, 425378, 425634, 427782, 428191, 428196, 428202, 428206, 428220, 428230, 428246, 428258, 428291, 428346, 429077, 429622, 429641, 429872, 430617, 430642, 430672, 430727, 430774, 430789, 430865, 430881, 430924, 430931, 430940, 431002, 431013, 431149, 431327, 431384, 431388, 431426, 431463, 431468, 431504, 431513, 431571, 431618, 431649, 431655, 431672, 431691, 431825, 431891, 431895, 431910, 432103, 432110, 432117, 432144, 432156, 432161, 432194, 432207, 432221, 432231, 432281, 432292, 432312, 432317, 432373, 432381, 432388, 432816, 432823, 432827, 432835, 432845, 432856, 432863, 432887, 432894, 432921, 432927, 432931, 432938, 432955, 432966, 433589, 433736, 433779, 435408, 435499, 435559, 437398, 437410, 437414, 437418, 437440, 437443, 437450, 437460, 437469, 437505, 437509, 437521, 437529, 437535, 437546, 437556, 437559, 437563, 437570, 437576, 437583, 437587, 437675, 437745, 437780, 437789, 437885, 437896, 437902, 437962, 437971, 437978, 438110, 438119, 438128, 438140, 438225, 438243, 438256, 438265, 438287, 438299, 438309, 438314, 438319, 438336, 438344, 438362, 438369, 438428, 438779, 438803, 438820, 438829, 438856, 438868, 438895, 441757, 441764, 441849, 441863, 441876, 441940, 442148, 442190, 442446, 442452, 442454, 442481, 442499, 442503, 442509, 442633, 442650, 442653, 442667, 442672, 442682, 442690, 442709, 442718, 442726, 442730, 442737, 442767, 442775, 442824, 442839, 442849, 442855, 442864, 443697, 443708, 443750, 443764, 443782, 443791, 443798, 443834, 443851, 443883, 443905, 443917, 443938, 444420, 444659, 444680, 444709, 444728, 444761, 444970, 444972, 445073, 445086, 445091, 445159, 445163, 445171, 445179, 445186, 445491, 445500, 445620, 445625, 445631, 445658, 445770, 445819, 445862, 445869, 445872, 445930, 445946, 445952, 445956, 445973, 446002, 446101, 446150, 446165, 446178, 446190, 446212, 446317, 446431, 446510, 446529, 446538, 446569, 446577, 446632, 446658, 446669, 446684, 446688, 446748, 446758, 446777, 446851, 446862, 446912, 446937, 446963, 446976, 447072, 447089, 447123, 447133, 447143, 447152, 447178, 447183, 447190, 447212, 447215, 447219, 447230, 447235, 447241, 447278, 447285, 447491, 447535, 447555, 447560, 447583, 447618, 447634, 447654, 447662, 447690, 448005, 449257, 449266, 449271, 449277, 449293, 449303, 449338, 449343, 449378, 449418, 449426, 449463, 450232, 450826, 450861, 450869, 451751, 451759, 451763, 451819, 451826, 451837, 451886, 451956, 452016, 452031, 452379, 452433, 453342, 453401, 453743, 453754, 453765, 453823, 453839, 453916, 454024, 454090, 454119, 454130, 454160, 454356, 454367, 454375, 454379, 454388, 454429, 454432, 455203, 455212, 458436, 462322, 462341, 463011, 463014, 463032, 463195, 463217, 463274, 463409, 463439, 463451, 463457, 464073, 464198, 464223, 464769, 464773, 465048, 465079, 465090, 465259, 465275, 465283, 465294, 465325, 465342, 465417, 465423, 465428, 465443, 465453, 465921, 466045, 466051, 466061, 466098, 466332, 466667, 466791, 466835, 466942, 467046, 467085, 468508, 468853, 468896, 468912, 469091, 469106, 469195, 469293, 469308, 469724, 469730, 469804, 469913, 469940, 469962, 469998, 471604, 472296, 472303, 472315, 472469, 472628, 472650, 473077, 473271, 473276, 473383, 473748, 473795, 474809, 474814, 474819, 474824, 474856, 475074, 475268, 475349, 475364, 475551, 476052, 476081, 478325, 478737, 478744, 479140, 479523, 479674, 479721, 479825, 479867, 480803, 480818, 480857, 480864, 480884, 480911, 480921, 480924, 480928, 480938, 480992, 481149, 481510, 481591, 481662, 481665, 481685, 481863, 481881, 481935, 482145, 482176, 482184, 482687, 482707, 482718, 482722, 482739, 482967, 482983, 483567, 483590, 483598, 483639, 483652, 483762, 483996, 484045, 484063, 484130, 484135, 484140, 484147, 484155, 484237, 484247, 484336, 484339, 484341, 484359, 484396, 484427, 484697, 484826, 484831, 485102, 485134, 485137, 485147, 485161, 485219, 485502, 485624, 485655, 485658, 485663, 485675, 485679, 485694, 485819, 485840, 485864, 485869, 485873, 485969, 485975, 486009, 486512, 486518, 486539, 486707, 486720, 486993, 487785, 488300, 488319, 488395, 488424, 488431, 488441, 488456, 488470, 489413, 489425, 489430, 489659, 490130, 490151, 490163, 490221, 490231, 490280, 490284, 490353, 490373, 492404, 492465, 492496, 492518, 493285, 494009, 494159, 494747, 494779, 495284, 495610, 495728, 496317, 496527, 496712, 497180, 497336, 497343, 497397, 497410, 498099, 498139, 498146, 498157, 498208, 498214, 498218, 498240, 498246, 498250, 498415, 498429, 498447, 498456, 498463, 498600, 498652, 498718, 498898, 498980, 499951, 500065, 500244, 500406, 500436, 500791, 501941, 502103, 502107, 502169, 502197, 502205, 502988, 503197, 504432, 504829, 505388, 505914, 505923, 505947, 506030, 506036, 506044, 506238, 506690, 506817, 506825, 506828, 506849, 506855, 506858, 506978, 506985, 506991, 507001, 507005, 507036, 507122, 507199, 507265, 507319, 507338, 507894, 508202, 508224, 508687, 508953, 509061, 510840, 512060, 512115, 512139, 512388, 512392, 512396, 512400, 512404, 512408, 512411, 512417, 512501, 512513, 512803, 513069, 513081, 513101, 513106, 513618, 513634, 513731, 513818, 514089, 515388, 515744, 515753, 515985, 516244, 516302, 516331, 517254, 518142, 518151, 518385, 518390, 518463, 518596, 518645, 518797, 519197, 519294, 519305, 521173, 521392, 521607, 521776, 522097, 522102, 522134, 522139, 522172, 522177, 522727, 523170, 523193, 523216, 523493, 523770, 525951, 525975, 525979, 526061, 526470, 526781, 527927, 528096, 528221, 528224, 528386, 528508, 528516, 528525, 530015, 530514, 531004, 531032, 531081, 531083, 531090, 531495, 531504, 532161, 532203, 532230, 533055, 533081, 533618, 533784, 533880, 534038, 534302, 534429, 534482, 534884, 535068, 535076, 535329, 535467, 535470, 535538, 536309, 536407, 536765, 536830, 537078, 537082, 537228, 537549, 537807, 538160, 538338, 538362, 539068, 539788, 539795, 539802, 539806, 540407, 540416, 540470, 540655, 540661, 540690, 540695, 540710, 540753, 540758, 540781, 540867, 540882, 541484, 541671, 541785, 542282, 542410, 542420, 542430, 542691, 543167, 543464, 543667, 543687, 544048, 544078, 544454, 544462, 544465, 544469, 544475, 544484, 544490, 544612, 546171, 546482, 546503, 546512, 547049, 547849, 549691, 549700, 549727, 549729, 549815, 550252, 550289, 550321, 550380, 550645, 550958, 550970, 551237, 551895, 551923, 551969, 553090, 554033, 554716, 554728, 555952, 556132, 556698, 556947, 557151, 557246, 557452, 557486, 558826, 559278, 559302, 560824, 560910, 560937, 560951, 560976, 561019, 561043, 561095, 561145, 561268, 561360, 561364, 561886, 561962, 562034, 562047, 562351, 562356, 562368, 562375, 563729, 563997, 564023, 564065, 564076, 564104, 564107, 564152, 564175, 564209, 565722, 567063, 568073, 568089, 568551, 568682, 568693, 569544, 569588, 569808, 570026, 570055, 570266, 570600, 570910, 571142, 571147, 571212, 571219, 571413, 571417, 571441, 571930, 572423, 573037, 573496, 573756, 575546, 576656, 576870, 576875, 576877, 579178, 579225, 579262, 579590, 579634, 579875, 579882, 579948, 580024, 580050, 580083, 580338, 580704, 580710, 580740, 580803, 580957, 580966, 581034, 581085, 581118, 581120, 581191, 581295, 581385, 581527, 582110, 582169, 582181, 582194, 582402, 582430, 582435, 582454, 582456, 582468, 582625, 583220, 583226, 584061, 584072, 584076, 584941, 585311, 586073, 588362, 588367, 588780, 589379, 589420, 589434, 590051, 590714, 590815, 592932, 594717, 596622, 600595, 600604, 602862, 604257, 607412, 607697, 609359, 613524, 613789, 613798, 614225, 614229, 614475, 614479, 614524, 614846, 615155, 615313, 615362, 615370, 615387, 615401, 615405, 615414, 615569, 615729, 616260, 616298, 616470, 616493, 616616, 616718, 616737, 617132, 617307, 617352, 617411, 617462, 617471, 617481, 617495, 617507, 617512, 617584, 617600, 617602, 617620, 617635, 617648, 617674, 617794, 617867, 618220, 619010, 619388, 619393, 620084, 622822, 622825, 623877, 630161, 630169, 630323, 630364, 630538, 630544, 630551, 630555, 630782, 631652, 631677, 631815, 631899, 631945, 632052, 632304, 632316, 632418, 632471, 632482, 632623, 632654, 632780, 635781, 635797, 637155, 637382, 637401, 638010, 638151, 638790, 638802, 638992, 639001, 639010, 639019, 639032, 640213]
10,3827,[1773, 1785, 1877, 1926, 1947, 1975, 2246, 2343, 3361, 3465, 3488, 3508, 3537, 3545, 3554, 3560, 3590, 3603, 4432, 4436, 4442, 6102, 6120, 6124, 6130, 6146, 6152, 6154, 6374, 6390, 6394, 6410, 6690, 6693, 6707, 6711, 6859, 6904, 7561, 7566, 7845, 7915, 7939, 7952, 8187, 8191, 8208, 8234, 8238, 8245, 8251, 8258, 8263, 8271, 8276, 8281, 8286, 8319, 8334, 8454, 8510, 8519, 8549, 8585, 8763, 8897, 8983, 9192, 9212, 9540, 9631, 9869, 9949, 9967, 10446, 10452, 10469, 10533, 10658, 10662, 10676, 10685, 10937, 11069, 11171, 11204, 11407, 11426, 11768, 11995, 12097, 12104, 12111, 12141, 12145, 12177, 12337, 12345, 12463, 12480, 12572, 12616, 12721, 12846, 13174, 13205, 13252, 13318, 13449, 13455, 14321, 14439, 14446, 14450, 14453, 14898, 14902, 14976, 14987, 14993, 15001, 15006, 15013, 15170, 15201, 15252, 15267, 15304, 15466, 15505, 15509, 15578, 15637, 15654, 15659, 15671, 15677, 15682, 15892, 16028, 16034, 16065, 16079, 16150, 16164, 16167, 16171, 16179, 16183, 16188, 16394, 16425, 16439, 16443, 16452, 16461, 16469, 16606, 16964, 16979, 17088, 17116, 17336, 17517, 17548, 17578, 17736, 17746, 17753, 17789, 17814, 17832, 18217, 18386, 18404, 18472, 18678, 18789, 18868, 18938, 18966, 19004, 19056, 19115, 19163, 19181, 19206, 19223, 19238, 19425, 19502, 19535, 19563, 19661, 19664, 19678, 19849, 19894, 20072, 20155, 20185, 20189, 20216, 20252, 20286, 21048, 21277, 21293, 21300, 22559, 22598, 22609, 22660, 23386, 23390, 23416, 23437, 23627, 23727, 23969, 24533, 24561, 24566, 24672, 24676, 24687, 25051, 25493, 25531, 25598, 26623, 26632, 26729, 26848, 26853, 27306, 27584, 27790, 28057, 28069, 28338, 28753, 28759, 28767, 29466, 29488, 29493, 30118, 30132, 30207, 30238, 30242, 30246, 30257, 30273, 30280, 30374, 30641, 30648, 30681, 30848, 31099, 31106, 31406, 31423, 31657, 31670, 31675, 32404, 32416, 32447, 32567, 33043, 33082, 33088, 33092, 33316, 33445, 33525, 33595, 33717, 33727, 33763, 33767, 33809, 33845, 33963, 34198, 35210, 35235, 35251, 35497, 35542, 35895, 36017, 36030, 36068, 36316, 36508, 36935, 36957, 36960, 37302, 37924, 38154, 38385, 38393, 39053, 39555, 39710, 39734, 39777, 39784, 39816, 39841, 39862, 39870, 39877, 39942, 40440, 41094, 41171, 41178, 41302, 41529, 41541, 42524, 42544, 42900, 43125, 43193, 43200, 43214, 43220, 43309, 43328, 43336, 43614, 43625, 43628, 43973, 43983, 44027, 44047, 44238, 44448, 44452, 44711, 45587, 45777, 45804, 45987, 46098, 46100, 46105, 46157, 46160, 46232, 46253, 46274, 46280, 46294, 46302, 46317, 46327, 46374, 46394, 46406, 46670, 46911, 47061, 47184, 47190, 47195, 47218, 47576, 48196, 48536, 48790, 48842, 50717, 50890, 51099, 51461, 51663, 51718, 51742, 51853, 51945, 52221, 52275, 52323, 52361, 52655, 52930, 52965, 52971, 53039, 53071, 53079, 53119, 53123, 53131, 53137, 53334, 53346, 53359, 53378, 53382, 53452, 53457, 53469, 53478, 53530, 53537, 53566, 53614, 53768, 53827, 53833, 53840, 53878, 53929, 53961, 53979, 54103, 54192, 63677, 64415, 64543, 64594, 71473, 71616, 71883, 72796, 74692, 75226, 75247, 75274, 75288, 75447, 75479, 75857, 75871, 75887, 75929, 75935, 75950, 75954, 75964, 76108, 76124, 82440, 82481, 82506, 83350, 83353, 83361, 83365, 83372, 83375, 86149, 86188, 86215, 86705, 86734, 86765, 86835, 86838, 87156, 87207, 87215, 87224, 87239, 87408, 87949, 87991, 88886, 88978, 89007, 89049, 90651, 90662, 91846, 91859, 91880, 91886, 91890, 91897, 91940, 92017, 92062, 92076, 92126, 92145, 92166, 92174, 92213, 92377, 92385, 92397, 92402, 92750, 93647, 93699, 94098, 94122, 94536, 94813, 94915, 95044, 95046, 95053, 95067, 95131, 95144, 95341, 95369, 95395, 95452, 95478, 95505, 95529, 95573, 95575, 95585, 95594, 95719, 95882, 95916, 96178, 96194, 96197, 96444, 96449, 96468, 96490, 96499, 96557, 96735, 98575, 98692, 105426, 105437, 105644, 105776, 106083, 106106, 106159, 106362, 106505, 106509, 106523, 106530, 106661, 107372, 107408, 107415, 108015, 108067, 108230, 108257, 108260, 108282, 108378, 108397, 108404, 108409, 108436, 108451, 108459, 108461, 108501, 108508, 108514, 108531, 108813, 108833, 108935, 109015, 109031, 109048, 109059, 109068, 109295, 109329, 109375, 109383, 109502, 109531, 109544, 109588, 109667, 109681, 109731, 109788, 109791, 109826, 109843, 109867, 109877, 110001, 110016, 110054, 110124, 110169, 110312, 110335, 110349, 110352, 110355, 110393, 110418, 110433, 110443, 110458, 110477, 110541, 110576, 110605, 110622, 110632, 110666, 110693, 110735, 110770, 110777, 110780, 110794, 110797, 110801, 110816, 110844, 110869, 110892, 110973, 110995, 111048, 111060, 111081, 111090, 111103, 111108, 111109, 111140, 111265, 111293, 111311, 111336, 111367, 111393, 111564, 111630, 112015, 112031, 112258, 112296, 112335, 112468, 112498, 113197, 113302, 113470, 113656, 113682, 113825, 113864, 113879, 113882, 113956, 113962, 114043, 114048, 114054, 114083, 114112, 114190, 114203, 114314, 114324, 114335, 114357, 114386, 114390, 114464, 114473, 114512, 114658, 114664, 114667, 114689, 114737, 115129, 115141, 115160, 115247, 115279, 115308, 115383, 115392, 115413, 115422, 115424, 115450, 115471, 115542, 115546, 115574, 115597, 115624, 115627, 115640, 115649, 115681, 115704, 115707, 115715, 115720, 115723, 115730, 115763, 115771, 115779, 115781, 115791, 115927, 116012, 116054, 116141, 116191, 116342, 116411, 116418, 116428, 116489, 116494, 116510, 116515, 116562, 116602, 116708, 116735, 116769, 116790, 116800, 116810, 116819, 116833, 116903, 116933, 116951, 116958, 117301, 117367, 117392, 117400, 117408, 117413, 117481, 117610, 117628, 117639, 117644, 117658, 117772, 117780, 117796, 117815, 117836, 117853, 117859, 117931, 117959, 118133, 118136, 118370, 118376, 118389, 118394, 118400, 118406, 118473, 118487, 118507, 118545, 118645, 118659, 119255, 119288, 119304, 119406, 119449, 119454, 119534, 120074, 120082, 120104, 120111, 120171, 120266, 120278, 120284, 120294, 120299, 120315, 120319, 120425, 120461, 120465, 120473, 120679, 120832, 120866, 120871, 120923, 120930, 120989, 120993, 121033, 121099, 121178, 121461, 121483, 121494, 121501, 121508, 121528, 121544, 121578, 121609, 121844, 122030, 122083, 122091, 122102, 122165, 122170, 122206, 122221, 122369, 122665, 122675, 122688, 122691, 122768, 122778, 122784, 122794, 122808, 122817, 122822, 122830, 122863, 122869, 122896, 122902, 122940, 122969, 122986, 123023, 123033, 123036, 123094, 123132, 123136, 123149, 123176, 123194, 123214, 123222, 123275, 123301, 123337, 123396, 123482, 123508, 123517, 123554, 123654, 123658, 123670, 123692, 123696, 123699, 123722, 123727, 123770, 123791, 123798, 123853, 123868, 123872, 123894, 123909, 123933, 123944, 124005, 124088, 124147, 124161, 124181, 124251, 124305, 124322, 124379, 124390, 124670, 124676, 124686, 124691, 125133, 125143, 125161, 125179, 125209, 125215, 125227, 125245, 125251, 125259, 125273, 125277, 125330, 125333, 125350, 125360, 125389, 125441, 125447, 125495, 125508, 125520, 125554, 125732, 125740, 125751, 125814, 125818, 125821, 125870, 125873, 125877, 125880, 126352, 126408, 126618, 126622, 126625, 126641, 126648, 126864, 126874, 127464, 127545, 127772, 128162, 128197, 128219, 128316, 128597, 128608, 128612, 128615, 128656, 128717, 128733, 128923, 128930, 129027, 129338, 129446, 129473, 129762, 129777, 130731, 132184, 132283, 132446, 132635, 132706, 132754, 134278, 134555, 136640, 137344, 139086, 139108, 144203, 144672, 144681, 145953, 145991, 146386, 146401, 146447, 146591, 146731, 146767, 146833, 147138, 147788, 147861, 147889, 147919, 147923, 147931, 148076, 148520, 148607, 148687, 148695, 148699, 148704, 148709, 148714, 148868, 150931, 150941, 150976, 151789, 151891, 151895, 152125, 152329, 152422, 152529, 152606, 152868, 152998, 153004, 153371, 153671, 153674, 153682, 153738, 154293, 154348, 154535, 154762, 154766, 154794, 154798, 154807, 155142, 155155, 155167, 155229, 155262, 155303, 155365, 155394, 155561, 155797, 155801, 155946, 156007, 156153, 156321, 156358, 156731, 156831, 156865, 156884, 157240, 157283, 157403, 157629, 159986, 160113, 160118, 160156, 160366, 160482, 160586, 160784, 160881, 160921, 160926, 160949, 160955, 160958, 161000, 161005, 161144, 161184, 161200, 161206, 161251, 161413, 161443, 161446, 161541, 161681, 161720, 161734, 161749, 161752, 162025, 162169, 162222, 162372, 162454, 162523, 162825, 162930, 163296, 163369, 163564, 163732, 163734, 163739, 163754, 165968, 165974, 166016, 166379, 166717, 166766, 166784, 166811, 166815, 166846, 166919, 166923, 166925, 166950, 166961, 167021, 167062, 167087, 167115, 167159, 167184, 167187, 167255, 167276, 167281, 167285, 167298, 167314, 167317, 167463, 167794, 167851, 168459, 169162, 169213, 169606, 169609, 170388, 170495, 170793, 171152, 171188, 171196, 171346, 171378, 171399, 171413, 171446, 171482, 171626, 171653, 171668, 171681, 171960, 171971, 171990, 172112, 173023, 173208, 173229, 173236, 173242, 173929, 174065, 174071, 174304, 174308, 174339, 174346, 174375, 174382, 174676, 174954, 175048, 175066, 175077, 175082, 175094, 175147, 175150, 175160, 175165, 175168, 175178, 175343, 175352, 175370, 175378, 175393, 175510, 175534, 175737, 175844, 175888, 175914, 175919, 176341, 176387, 177124, 177156, 177265, 177276, 177522, 177644, 177661, 177801, 177812, 177817, 177852, 177871, 177882, 177887, 177894, 177911, 177937, 177992, 178033, 178242, 178292, 178308, 178709, 178723, 178768, 178814, 178842, 178850, 178901, 178906, 178915, 178958, 179000, 179200, 179202, 179434, 179487, 179560, 179671, 179771, 179785, 179857, 179909, 180118, 180349, 180497, 180510, 180562, 180574, 180694, 180716, 180767, 180778, 180878, 180893, 181171, 181185, 181220, 181274, 181465, 181689, 182506, 182611, 182786, 182974, 183450, 183459, 183467, 183485, 183492, 183939, 184019, 184025, 184033, 184038, 184228, 184327, 184347, 185101, 185568, 186221, 186318, 186334, 186351, 186409, 186419, 186423, 186442, 186505, 186517, 186596, 186635, 186641, 186689, 186708, 186766, 186780, 186793, 186819, 186831, 187386, 187396, 187645, 187654, 187862, 187868, 188394, 188558, 188697, 188946, 188952, 188959, 188972, 188989, 189064, 189155, 189714, 189728, 189733, 189774, 189938, 189948, 189958, 190120, 190211, 190232, 190247, 190261, 190599, 190669, 190776, 190807, 190814, 190821, 190868, 191034, 191048, 191054, 191074, 191405, 191412, 191554, 191633, 191937, 191955, 192118, 192239, 192327, 192519, 192605, 192663, 192946, 193054, 193237, 194089, 194126, 194172, 194380, 194630, 194638, 194663, 194664, 194698, 194864, 194889, 194897, 194904, 195570, 195655, 195691, 195709, 195718, 195792, 196343, 196471, 197623, 197906, 198901, 198941, 198945, 198951, 198968, 198982, 199128, 199208, 199276, 199288, 199623, 199625, 199642, 199690, 199820, 200041, 200739, 200848, 200879, 200986, 201029, 201042, 201051, 201066, 201118, 201120, 201136, 201265, 201282, 201606, 201754, 201761, 201807, 201991, 202008, 202016, 202163, 202173, 202175, 202178, 202184, 202189, 202210, 203298, 203901, 206017, 206023, 206245, 206261, 206312, 206342, 206367, 206402, 206535, 206540, 206551, 206589, 206738, 206807, 206819, 206888, 206936, 206957, 206979, 207028, 207038, 207100, 207594, 207621, 208372, 208385, 208387, 208400, 209115, 209127, 209134, 209583, 209608, 209720, 209752, 209777, 209796, 209799, 209810, 209985, 210138, 210622, 210802, 210814, 210821, 210985, 211004, 211169, 211172, 211181, 211227, 211310, 211329, 211688, 211701, 211719, 211731, 211777, 211829, 211843, 211850, 211866, 211901, 211908, 211997, 212870, 212881, 213272, 213278, 214114, 214118, 214143, 214211, 214226, 214253, 214271, 214336, 214446, 214528, 214802, 214818, 214837, 214845, 214858, 215587, 215672, 215678, 215894, 216262, 216271, 216282, 216419, 216440, 216899, 216952, 217172, 217214, 217282, 217292, 217322, 217351, 217372, 217581, 217588, 217591, 217609, 217635, 217694, 217697, 217706, 217733, 217942, 218055, 218072, 218358, 218572, 218639, 218691, 218818, 218843, 219761, 219822, 219874, 220052, 220074, 220124, 220143, 220189, 220209, 220275, 220280, 220285, 220305, 220308, 220472, 220552, 220980, 220982, 221040, 221043, 221440, 221464, 221487, 221633, 221709, 221881, 221934, 221968, 221977, 222071, 222100, 222632, 222639, 222762, 222843, 222858, 222922, 222952, 223112, 223206, 223216, 223242, 223273, 223279, 223303, 223371, 223591, 223639, 223872, 223876, 223891, 224498, 224843, 225018, 225144, 225567, 225605, 225615, 225642, 225768, 225798, 225957, 225996, 226182, 229495, 229517, 232994, 233004, 233071, 233105, 233613, 233635, 233833, 233898, 233901, 233910, 234104, 234116, 234378, 234386, 234452, 234474, 234705, 234795, 236027, 236035, 245058, 246130, 246139, 247189, 248102, 248566, 248657, 248677, 248691, 248695, 248757, 248763, 248785, 248825, 248918, 248955, 248961, 248988, 249077, 249100, 249119, 249128, 249565, 249572, 249812, 249816, 250427, 250456, 250460, 250466, 250479, 250497, 250687, 250818, 250830, 251182, 251241, 251255, 251260, 251266, 251351, 251388, 254572, 254579, 254591, 254881, 254885, 254888, 254916, 254928, 255297, 255324, 255347, 255353, 255358, 255385, 255436, 255462, 255932, 256042, 256049, 256053, 256069, 256075, 256494, 256638, 258053, 258330, 258348, 258403, 258460, 258493, 258628, 258642, 258684, 258842, 258909, 258922, 258957, 258992, 259038, 259055, 259132, 259137, 259649, 259664, 259690, 260438, 260450, 260452, 260472, 261069, 261210, 263067, 263083, 263099, 263695, 263706, 264484, 264496, 264708, 264767, 264818, 264953, 264979, 265288, 265299, 265574, 265672, 265706, 265737, 265820, 268953, 268976, 269017, 269251, 269338, 269358, 269978, 275821, 275829, 276606, 276613, 276629, 276638, 279285, 279853, 280976, 281090, 281114, 282355, 282655, 282662, 282781, 282785, 283554, 283597, 283619, 283631, 283652, 283730, 283753, 285216, 285221, 286356, 286458, 286466, 288435, 288465, 288546, 288758, 288987, 289005, 289032, 289065, 289088, 289228, 289309, 293771, 293779, 294474, 294542, 295217, 296273, 297199, 297293, 297326, 297368, 297424, 297612, 298177, 298219, 298224, 298244, 298452, 298675, 298684, 298688, 298744, 299395, 299405, 299505, 299528, 299557, 299560, 299668, 299710, 300148, 300226, 300288, 300457, 300479, 300484, 300499, 300658, 300675, 300683, 300791, 300801, 300808, 300817, 301224, 301359, 301380, 301536, 301706, 301715, 301773, 301779, 301785, 301845, 302119, 302396, 302600, 304032, 304035, 304039, 304114, 304119, 304130, 304259, 304262, 304342, 304358, 305116, 306417, 307340, 307405, 307412, 307457, 307727, 307737, 308246, 308257, 308262, 308434, 308461, 308605, 308638, 308645, 308655, 309162, 309342, 309571, 309582, 309788, 309807, 310102, 310141, 310230, 310238, 310245, 310395, 310401, 310406, 310780, 310802, 310808, 310815, 310825, 310855, 311322, 311327, 311649, 311665, 311683, 311786, 311795, 311815, 311875, 311881, 311946, 312043, 312339, 312355, 312473, 312483, 312848, 313440, 313456, 313667, 313695, 313832, 314222, 314502, 314749, 314759, 314761, 314768, 314782, 314915, 314991, 315036, 315127, 315138, 315144, 315209, 315324, 315363, 315408, 315461, 315751, 315757, 315772, 315799, 315941, 315993, 316001, 316287, 316384, 316409, 316687, 316704, 316783, 316803, 316840, 316850, 316853, 317042, 317083, 317122, 317131, 317187, 317271, 317301, 317338, 317341, 317349, 317374, 317672, 318107, 318237, 318244, 318533, 318549, 318635, 319067, 319256, 319262, 319337, 319493, 319530, 319597, 319702, 319879, 319883, 319976, 320101, 320195, 320372, 320486, 320650, 320804, 320838, 320855, 320881, 320906, 321002, 321043, 321738, 321863, 321871, 321924, 321962, 321993, 322051, 322123, 322124, 322253, 322387, 322392, 322396, 322403, 322459, 322569, 322663, 322993, 323025, 323055, 323127, 323170, 323202, 323336, 323344, 323656, 323790, 323852, 323977, 324218, 324237, 324241, 324245, 324260, 324272, 324276, 324295, 324301, 324306, 324326, 324529, 324534, 324544, 324570, 324790, 324796, 324801, 324927, 324943, 325041, 325048, 325075, 325082, 325568, 325749, 325755, 325767, 325806, 325845, 325946, 326241, 326245, 326273, 326337, 326354, 326453, 326541, 326573, 326582, 326599, 326686, 327185, 327189, 327209, 327218, 327238, 327249, 327603, 327617, 327621, 327626, 327888, 328114, 328119, 329303, 329393, 329421, 329431, 329627, 329692, 329798, 329800, 329806, 329817, 329827, 329841, 329935, 330054, 330104, 330321, 330328, 330429, 330509, 330630, 330637, 330646, 330667, 330684, 330696, 330718, 330752, 330798, 330874, 330942, 330952, 330957, 331061, 331067, 331080, 331105, 331115, 331288, 331293, 331981, 332062, 332161, 332174, 332237, 332269, 332285, 332287, 332294, 332880, 333800, 333931, 334274, 334315, 334925, 335170, 336813, 336823, 337925, 338251, 338285, 338384, 338415, 338690, 338733, 338737, 338780, 338786, 338861, 338897, 338915, 339437, 339447, 339565, 339591, 339636, 339943, 340082, 340142, 340351, 340545, 340594, 340600, 340611, 340662, 340703, 340708, 340775, 340805, 340815, 340906, 340926, 340939, 341386, 341420, 341546, 341571, 341981, 342102, 342618, 342628, 342666, 342684, 342695, 342741, 342950, 342965, 342978, 342999, 343064, 343081, 343096, 343105, 343333, 343344, 343350, 343449, 343453, 343548, 343668, 343672, 343702, 343715, 343723, 343882, 343894, 344001, 344017, 344118, 344125, 344180, 344577, 344584, 345146, 345466, 345575, 345579, 345581, 345623, 345736, 345743, 346077, 346087, 346096, 346216, 346223, 346244, 346248, 346267, 346282, 346288, 346449, 346458, 346471, 346694, 346718, 347031, 347037, 347045, 347062, 347085, 347219, 347257, 347373, 347381, 348049, 348056, 352268, 352986, 353002, 353006, 353010, 353019, 353037, 353112, 353149, 353221, 353227, 353276, 353404, 353452, 354135, 354170, 354188, 354262, 354278, 354281, 354350, 354771, 355746, 355979, 355988, 356014, 356038, 357091, 359301, 359468, 360063, 360335, 360496, 360764, 360791, 361147, 361152, 361164, 361175, 361266, 361286, 361959, 362421, 362605, 362692, 362816, 362837, 362851, 362855, 362862, 362865, 362874, 362917, 362926, 362931, 362935, 363574, 363912, 364388, 364390, 365934, 366017, 366122, 366356, 366863, 367810, 367819, 368450, 368544, 369093, 369179, 369198, 369200, 369207, 369232, 369258, 369263, 369340, 369345, 369348, 369626, 369986, 370126, 371062, 371841, 371886, 372123, 372149, 372171, 372180, 372187, 372212, 372222, 373054, 373219, 373258, 373266, 373546, 373549, 373620, 373630, 373635, 373644, 373732, 373738, 373801, 373904, 374931, 374939, 374947, 375174, 375192, 375901, 375911, 375949, 375993, 376920, 376937, 376959, 376966, 378228, 378236, 378302, 378334, 378814, 378837, 379096, 379099, 379108, 379298, 379310, 379573, 379578, 379635, 379655, 379875, 379880, 379898, 380060, 380147, 380342, 381002, 381011, 381017, 381021, 381028, 381036, 381040, 381044, 381057, 381070, 381087, 381092, 381110, 381115, 381126, 381140, 381604, 381614, 381617, 382041, 382046, 382053, 382056, 382070, 382079, 382096, 382117, 382130, 382136, 382146, 382156, 382509, 382515, 382618, 382621, 382628, 382763, 383119, 383144, 383186, 383328, 383350, 383368, 383385, 383390, 383406, 383619, 383628, 383640, 383646, 383650, 384226, 384245, 384346, 384359, 384392, 384408, 384421, 384433, 384484, 384492, 384525, 384547, 384647, 384652, 384683, 384769, 384772, 384778, 384785, 384932, 384936, 385177, 385235, 385244, 385250, 385254, 385257, 385415, 385419, 385440, 385444, 385459, 385468, 385477, 385504, 385619, 385686, 385698, 386410, 386494, 386499, 386512, 386594, 386641, 386906, 387401, 387422, 387429, 387435, 387445, 387476, 387479, 387495, 387508, 387584, 387598, 387633, 387643, 387769, 387773, 387788, 388443, 388546, 388554, 388960, 388990, 389031, 389061, 389140, 389150, 389407, 389615, 389663, 389683, 389690, 389718, 389754, 389762, 389768, 389803, 389810, 389873, 389888, 389892, 389898, 389917, 389937, 389952, 389980, 389985, 389991, 390004, 390026, 390029, 390133, 390139, 390609, 390624, 390637, 391313, 391334, 391387, 391435, 391459, 391825, 392810, 392814, 392824, 392827, 392856, 392860, 392870, 392872, 392902, 393084, 393091, 393098, 393136, 393143, 393146, 393151, 393170, 393496, 393527, 393533, 393555, 393596, 393618, 393623, 393782, 393789, 393855, 393923, 394480, 394486, 394560, 394968, 395030, 395270, 395291, 395516, 396197, 396200, 396593, 396634, 396642, 396659, 397028, 397287, 397299, 398810, 398824, 398828, 398847, 399203, 399603, 399643, 399648, 399746, 399825, 399830, 399887, 399948, 399965, 399988, 399995, 400005, 400272, 400353, 400505, 400717, 400728, 400738, 400743, 400852, 400995, 401377, 401423, 401464, 401564, 401569, 401593, 401596, 401739, 401781, 401897, 401920, 401930, 401942, 401949, 401952, 401954, 401957, 401964, 401973, 401991, 402236, 402514, 402643, 402647, 402844, 402899, 402916, 403238, 403612, 403713, 403764, 404009, 404248, 404531, 404579, 404672, 404993, 405184, 405197, 405516, 405578, 405603, 405608, 405642, 405649, 406516, 406625, 407405, 407971, 408603, 409408, 409609, 409625, 410214, 410307, 410484, 410492, 410664, 410692, 410697, 410707, 410714, 410718, 410724, 410757, 410760, 410765, 410809, 410815, 410832, 410840, 410850, 410854, 410863, 411092, 411101, 411105, 411567, 411570, 411645, 412252, 412255, 412285, 412510, 412590, 412727, 413282, 413285, 414013, 414033, 414057, 414063, 414068, 414300, 414305, 414314, 415141, 415154, 415170, 415639, 415861, 416446, 416483, 416490, 416493, 416644, 416833, 416951, 416963, 416972, 416997, 417002, 417120, 417123, 417131, 417135, 417181, 417186, 417259, 417264, 417268, 417286, 417294, 417659, 417759, 417763, 417787, 417802, 417910, 417924, 417935, 417940, 417951, 417958, 417999, 418297, 418318, 418333, 418342, 418965, 418970, 419078, 419093, 419589, 419602, 420375, 420908, 420983, 421308, 421316, 421598, 421634, 421646, 421653, 421656, 421662, 421893, 422195, 422320, 422416, 422686, 422766, 422921, 422932, 423002, 423142, 423155, 423185, 424294, 424323, 424506, 424524, 424808, 425259, 425270, 425386, 425394, 425400, 425411, 425421, 425431, 425440, 425455, 425463, 425475, 425507, 425525, 425528, 425536, 425544, 425800, 427949, 428358, 428363, 428369, 428373, 428387, 428397, 428413, 428425, 428458, 428513, 429244, 429789, 429808, 430039, 430787, 430812, 430842, 430897, 430944, 430959, 431035, 431051, 431094, 431101, 431110, 431172, 431183, 431319, 431497, 431554, 431558, 431596, 431633, 431638, 431674, 431683, 431741, 431788, 431819, 431825, 431842, 431861, 431995, 432061, 432065, 432080, 432273, 432280, 432287, 432314, 432326, 432331, 432364, 432377, 432391, 432401, 432451, 432462, 432482, 432487, 432543, 432551, 432558, 432986, 432993, 432997, 433005, 433015, 433026, 433033, 433057, 433064, 433091, 433097, 433101, 433108, 433125, 433136, 433759, 433906, 433949, 435578, 435669, 435729, 437568, 437580, 437584, 437588, 437610, 437613, 437620, 437630, 437639, 437675, 437679, 437691, 437699, 437705, 437716, 437726, 437729, 437733, 437740, 437746, 437753, 437757, 437845, 437915, 437950, 437959, 438055, 438066, 438072, 438132, 438141, 438148, 438280, 438289, 438298, 438310, 438395, 438413, 438426, 438435, 438457, 438469, 438479, 438484, 438489, 438506, 438514, 438532, 438539, 438598, 438949, 438973, 438990, 438999, 439026, 439038, 439065, 441927, 441934, 442019, 442033, 442046, 442110, 442318, 442360, 442616, 442622, 442624, 442651, 442669, 442673, 442679, 442803, 442820, 442823, 442837, 442842, 442852, 442860, 442879, 442888, 442896, 442900, 442907, 442937, 442945, 442994, 443009, 443019, 443025, 443034, 443867, 443878, 443920, 443934, 443952, 443961, 443968, 444004, 444021, 444053, 444075, 444087, 444108, 444590, 444829, 444850, 444879, 444898, 444931, 445140, 445142, 445243, 445256, 445261, 445329, 445333, 445341, 445349, 445356, 445661, 445670, 445790, 445795, 445801, 445828, 445940, 445989, 446032, 446039, 446042, 446100, 446116, 446122, 446126, 446143, 446172, 446271, 446320, 446335, 446348, 446360, 446382, 446487, 446601, 446680, 446699, 446708, 446739, 446747, 446802, 446828, 446839, 446854, 446858, 446918, 446928, 446947, 447021, 447032, 447082, 447107, 447133, 447146, 447242, 447259, 447293, 447303, 447313, 447322, 447348, 447353, 447360, 447382, 447385, 447389, 447400, 447405, 447411, 447448, 447455, 447661, 447705, 447725, 447730, 447753, 447788, 447804, 447824, 447832, 447860, 448175, 449427, 449436, 449441, 449447, 449463, 449473, 449508, 449513, 449548, 449588, 449596, 449633, 450402, 450996, 451031, 451039, 451921, 451929, 451933, 451989, 451996, 452007, 452056, 452126, 452186, 452201, 452549, 452603, 453512, 453571, 453913, 453924, 453935, 453993, 454009, 454086, 454194, 454260, 454289, 454300, 454330, 454526, 454537, 454545, 454549, 454558, 454599, 454602, 455373, 455382, 458606, 462493, 462512, 463182, 463185, 463203, 463366, 463388, 463445, 463580, 463610, 463622, 463628, 464244, 464369, 464394, 464940, 464944, 465219, 465250, 465261, 465430, 465446, 465454, 465465, 465496, 465513, 465588, 465594, 465599, 465614, 465624, 466092, 466216, 466222, 466232, 466269, 466503, 466838, 466962, 467006, 467113, 467217, 467256, 468679, 469024, 469067, 469083, 469262, 469277, 469366, 469464, 469479, 469895, 469901, 469975, 470084, 470111, 470133, 470169, 471774, 472466, 472473, 472485, 472639, 472798, 472820, 473247, 473441, 473446, 473553, 473918, 473965, 474979, 474984, 474989, 474994, 475026, 475244, 475438, 475519, 475534, 475721, 476221, 476250, 478493, 478905, 478912, 479308, 479691, 479842, 479889, 479993, 480035, 480970, 480985, 481024, 481031, 481051, 481078, 481088, 481091, 481095, 481105, 481159, 481316, 481676, 481757, 481828, 481831, 481851, 482029, 482047, 482101, 482311, 482342, 482350, 482852, 482872, 482883, 482887, 482904, 483132, 483148, 483732, 483755, 483763, 483804, 483817, 483927, 484161, 484210, 484228, 484295, 484300, 484305, 484312, 484320, 484402, 484412, 484501, 484504, 484506, 484524, 484561, 484592, 484862, 484991, 484996, 485266, 485298, 485301, 485311, 485325, 485383, 485666, 485788, 485819, 485822, 485827, 485839, 485843, 485858, 485983, 486004, 486028, 486033, 486037, 486133, 486139, 486172, 486675, 486681, 486702, 486870, 486883, 487156, 487947, 488462, 488481, 488557, 488586, 488593, 488603, 488618, 488632, 489574, 489586, 489591, 489819, 490290, 490311, 490323, 490381, 490391, 490440, 490444, 490513, 490533, 492564, 492625, 492656, 492678, 493445, 494169, 494319, 494906, 494938, 495443, 495769, 495887, 496486, 496696, 496881, 497349, 497505, 497512, 497566, 497579, 498268, 498308, 498315, 498326, 498377, 498383, 498387, 498409, 498415, 498419, 498584, 498598, 498616, 498625, 498632, 498769, 498821, 498887, 499067, 499149, 500120, 500234, 500413, 500575, 500605, 500960, 502110, 502272, 502276, 502338, 502366, 502374, 503157, 503366, 504601, 504998, 505557, 506083, 506092, 506116, 506199, 506205, 506213, 506407, 506859, 506986, 506994, 506997, 507018, 507024, 507027, 507147, 507154, 507160, 507170, 507174, 507205, 507291, 507368, 507434, 507488, 507507, 508063, 508371, 508393, 508856, 509122, 509230, 511009, 512229, 512284, 512308, 512557, 512561, 512565, 512569, 512573, 512577, 512580, 512586, 512670, 512682, 512972, 513238, 513250, 513270, 513275, 513787, 513803, 513900, 513987, 514258, 515560, 515916, 515925, 516157, 516416, 516474, 516503, 517426, 518314, 518323, 518557, 518562, 518635, 518768, 518817, 518969, 519369, 519466, 519477, 521345, 521564, 521779, 521948, 522269, 522274, 522306, 522311, 522344, 522349, 522899, 523342, 523365, 523388, 523665, 523942, 526123, 526147, 526151, 526233, 526642, 526953, 528102, 528271, 528396, 528399, 528561, 528683, 528691, 528700, 530190, 530689, 531179, 531207, 531256, 531258, 531265, 531670, 531679, 532336, 532378, 532405, 533230, 533256, 533793, 533959, 534055, 534213, 534477, 534604, 534657, 535059, 535243, 535251, 535504, 535642, 535645, 535713, 536484, 536582, 536940, 537005, 537253, 537257, 537403, 537724, 537982, 538335, 538513, 538537, 539243, 539963, 539970, 539977, 539981, 540582, 540591, 540645, 540830, 540836, 540865, 540870, 540885, 540928, 540933, 540956, 541042, 541057, 541659, 541846, 541960, 542457, 542585, 542595, 542605, 542866, 543342, 543639, 543842, 543862, 544223, 544253, 544629, 544637, 544640, 544644, 544650, 544659, 544665, 544787, 546346, 546657, 546678, 546687, 547224, 548024, 549869, 549878, 549905, 549907, 549993, 550430, 550467, 550499, 550558, 550823, 551136, 551148, 551415, 552073, 552101, 552147, 553268, 554211, 554894, 554906, 556130, 556310, 556876, 557125, 557329, 557424, 557630, 557664, 559004, 559456, 559480, 561002, 561088, 561115, 561129, 561154, 561197, 561221, 561273, 561323, 561446, 561538, 561542, 562064, 562140, 562212, 562225, 562529, 562534, 562546, 562553, 563907, 564175, 564201, 564243, 564254, 564282, 564285, 564330, 564353, 564387, 565902, 567243, 568253, 568269, 568731, 568862, 568873, 569724, 569768, 569988, 570206, 570235, 570446, 570780, 571090, 571322, 571327, 571392, 571399, 571593, 571597, 571621, 572110, 572603, 573217, 573676, 573936, 575726, 576836, 577050, 577055, 577057, 579358, 579405, 579442, 579770, 579814, 580055, 580062, 580128, 580204, 580230, 580263, 580518, 580884, 580890, 580920, 580983, 581137, 581146, 581214, 581265, 581298, 581300, 581371, 581475, 581565, 581707, 582290, 582349, 582361, 582374, 582582, 582610, 582615, 582634, 582636, 582648, 582805, 583400, 583406, 584241, 584252, 584256, 585126, 585496, 586258, 588547, 588552, 588965, 589564, 589605, 589619, 590236, 590899, 591000, 593123, 594908, 596813, 600792, 600801, 603059, 604459, 607619, 607904, 609571, 613758, 614023, 614032, 614459, 614463, 614709, 614713, 614758, 615080, 615389, 615547, 615601, 615609, 615626, 615640, 615644, 615653, 615808, 615968, 616499, 616537, 616709, 616732, 616855, 616961, 616980, 617375, 617550, 617595, 617658, 617709, 617718, 617728, 617742, 617754, 617759, 617831, 617847, 617849, 617867, 617882, 617895, 617921, 618046, 618119, 618472, 619262, 619640, 619645, 620336, 623074, 623077, 624131, 630427, 630435, 630589, 630633, 630807, 630813, 630820, 630824, 631053, 631927, 631952, 632090, 632174, 632220, 632327, 632579, 632591, 632693, 632746, 632757, 632898, 632929, 633055, 636056, 636072, 637430, 637657, 637676, 638285, 638426, 639065, 639077, 639267, 639276, 639285, 639294, 639307, 640488]
12,3,[237, 18899, 18915]
15,131,[773, 17628, 24210, 24281, 24535, 24967, 25695, 26468, 26735, 26966, 27147, 27152, 27257, 27260, 27275, 29470, 29950, 29974, 32963, 34485, 40096, 42050, 46160, 49746, 49975, 50980, 51202, 51211, 51254, 51283, 51462, 51488, 51600, 51605, 51615, 53012, 53937, 54248, 58346, 59855, 62440, 62448, 85517, 86000, 93078, 96097, 97325, 98107, 105989, 108273, 113979, 125615, 130227, 130229, 131339, 131349, 132851, 137521, 144628, 144757, 147904, 148119, 150979, 151049, 151112, 151504, 151538, 151567, 151597, 151655, 151666, 151695, 151707, 153308, 153317, 153351, 153413, 153450, 153545, 153560, 153632, 153647, 153685, 153688, 153693, 153696, 153774, 155353, 155565, 156354, 157031, 157039, 157542, 157547, 157593, 158374, 159309, 159320, 160518, 160533, 160540, 160544, 160572, 160681, 160691, 160717, 160733, 160741, 162617, 165050, 166827, 169218, 169245, 169299, 169478, 169487, 169530, 169571, 170536, 171732, 171750, 171906, 172817, 172851, 173201, 173213, 173218, 173225, 173247, 173250, 173643]
16,1,[32030]
17,290,[1225, 1554, 2142, 2515, 5307, 7551, 14456, 14494, 16071, 16129, 16189, 18314, 18320, 18360, 18397, 18452, 18455, 18462, 18465, 18641, 18645, 18931, 18988, 18997, 19001, 19004, 19192, 19198, 19220, 19224, 19241, 19251, 19286, 19401, 19469, 19481, 20080, 23191, 23199, 23247, 23632, 24055, 24843, 24849, 24967, 24971, 25024, 25029, 25040, 26236, 26679, 26686, 26729, 26733, 26750, 26851, 27432, 27511, 27516, 27531, 27614, 27661, 30902, 30917, 31439, 31441, 32979, 33063, 33169, 33399, 33913, 34856, 34865, 35500, 35595, 36176, 36267, 36287, 36289, 36296, 36321, 36348, 36353, 36429, 36434, 36438, 36719, 40054, 40171, 40210, 40219, 41681, 43937, 45403, 47442, 47782, 48214, 48432, 51338, 51363, 51368, 51989, 52043, 52179, 57675, 57704, 58373, 58392, 62275, 62282, 62346, 65479, 65566, 65660, 66112, 66132, 66467, 66661, 68939, 69717, 71779, 73360, 75236, 75405, 75422, 75425, 76466, 76491, 76661, 76878, 77626, 77642, 77688, 77723, 81208, 83690, 83742, 83752, 83761, 89046, 89197, 91009, 91021, 92350, 92418, 93183, 93193, 97804, 98821, 100420, 100439, 100663, 100669, 100689, 100705, 100716, 101568, 102772, 102812, 102867, 103161, 103212, 103301, 103328, 103391, 103395, 103485, 103507, 104648, 105179, 108843, 110198, 113337, 113472, 113537, 113621, 113786, 113799, 114581, 114585, 114616, 114622, 114848, 114862, 114916, 114920, 114927, 115104, 115133, 116784, 116790, 116817, 116832, 116834, 116919, 116924, 119200, 121310, 121779, 121831, 121841, 122123, 122189, 122221, 122244, 122301, 122798, 123739, 123742, 124278, 128180, 128249, 128258, 128263, 128272, 159611, 159797, 160247, 160285, 160290, 160306, 160328, 160831, 161240, 162544, 177666, 177706, 177717, 177942, 177956, 177974, 177983, 177990, 178183, 178248, 178418, 178499, 180340, 182897, 182923, 182976, 183148, 184383, 184545, 185187, 185235, 185253, 185728, 185749, 185756, 185762, 185772, 185803, 185819, 185832, 185908, 185916, 185923, 185958, 185968, 186589, 186705, 188667, 200228, 200232, 200247, 200266, 200293, 200929, 201221, 201515, 201531, 201551, 201554, 202033, 202263, 205287, 210042, 213553, 213583, 213640, 213676, 216909, 217007, 217013, 217023, 217036, 217038, 217046, 217858]
19,5,[3704, 12577, 13727, 13730, 13745]
20,362,[85, 9145, 9239, 9270, 9440, 9462, 9510, 9518, 9542, 9555, 9585, 9597, 9621, 9667, 9773, 9972, 10034, 10066, 10326, 11092, 11520, 11535, 11582, 11629, 11688, 12443, 12472, 12477, 13019, 13053, 13143, 13275, 13283, 13330, 13340, 13366, 13370, 13483, 13497, 13526, 13535, 13545, 13568, 13883, 13894, 13927, 13953, 13980, 13988, 14001, 14004, 14046, 14087, 14119, 15900, 16430, 16442, 16890, 16898, 18981, 19031, 19173, 19182, 19227, 19271, 19276, 19282, 19291, 19293, 19744, 20241, 20366, 20831, 20979, 20991, 21015, 21019, 21529, 21643, 21846, 21901, 22034, 22050, 22324, 22345, 22349, 22631, 22885, 22975, 22995, 22998, 23313, 23500, 25111, 26011, 26015, 26022, 26944, 27756, 27839, 27887, 27921, 28060, 28220, 28279, 28286, 28613, 28620, 28847, 29242, 29266, 29305, 29388, 29497, 30077, 30099, 30130, 30233, 32747, 32771, 32797, 32911, 32951, 32974, 33025, 33973, 34017, 34046, 34062, 34160, 34318, 34702, 34733, 34746, 34799, 35080, 35092, 37279, 37301, 37481, 37482, 37499, 37511, 37562, 37588, 37631, 37827, 37995, 37998, 38008, 38023, 38046, 38050, 38059, 38215, 38239, 38605, 38613, 38812, 38919, 38927, 39239, 39275, 39283, 39296, 39468, 39500, 39503, 39517, 39576, 39597, 39609, 39629, 39789, 40071, 40081, 40206, 40211, 40264, 40339, 40373, 40378, 40474, 40552, 40598, 40745, 40787, 40812, 40928, 40933, 40951, 40963, 40990, 41008, 41468, 41711, 41738, 41787, 41917, 41994, 42080, 42195, 42889, 42892, 42913, 42944, 43570, 43774, 43798, 43882, 43886, 43943, 43971, 44029, 44052, 44109, 44189, 44441, 44510, 44534, 44549, 44758, 45524, 45546, 45584, 45591, 45678, 45737, 45991, 46019, 46104, 46228, 46886, 46902, 46908, 47204, 47218, 47248, 47254, 47555, 47686, 47690, 47702, 47733, 47860, 47866, 47871, 47879, 47905, 48142, 48153, 48167, 48182, 48218, 48232, 48298, 48304, 48540, 48599, 48603, 48613, 49252, 49265, 49435, 49458, 49476, 49478, 49506, 49523, 49530, 49942, 49945, 49964, 50057, 50083, 50251, 50271, 50323, 50357, 50365, 50373, 50525, 50529, 50532, 50716, 50830, 50852, 50881, 51266, 51303, 51860, 51868, 51979, 51993, 53617, 54209, 54217, 54310, 54334, 54349, 54798, 54982, 55011, 55026, 55067, 55069, 55282, 55315, 55375, 55399, 55520, 55602, 55614, 55630, 55871, 55891, 56092, 56612, 56703, 56740, 57083, 57105, 57170, 57439, 57450, 57474, 58041, 58065, 58079, 58083, 58137, 58141, 58206, 58219, 58276, 58579, 58620, 58660, 58663, 58694, 58700, 58780, 59057, 59395, 59861, 60413, 60823, 60883, 61188, 61195, 61200, 61699, 63054, 63891, 64137, 64552, 64569, 64701, 65794, 65860, 65976, 65981]
21,11,[5989, 5995, 5999, 6006, 11266, 15569, 16186, 20898, 20911, 24218, 27364]
22,5,[83512, 104303, 114151, 119611, 149643]
26,361,[447, 9699, 9791, 9822, 9993, 10015, 10064, 10072, 10096, 10109, 10139, 10151, 10175, 10220, 10324, 10525, 10586, 10618, 10879, 11664, 12088, 12103, 12150, 12202, 12261, 13030, 13059, 13064, 13602, 13636, 13727, 13860, 13868, 13916, 13926, 13952, 13956, 14068, 14082, 14111, 14120, 14130, 14153, 14471, 14514, 14540, 14567, 14575, 14587, 14590, 14633, 14674, 14705, 16546, 17080, 17092, 17542, 17550, 19689, 19738, 19880, 19889, 19931, 19976, 19981, 19987, 19996, 19998, 20459, 20967, 21092, 21568, 21717, 21729, 21753, 21757, 22275, 22389, 22601, 22656, 22789, 22805, 23080, 23102, 23106, 23397, 23654, 23745, 23765, 23768, 24083, 24270, 25897, 26807, 26811, 26818, 27768, 28585, 28667, 28716, 28751, 28895, 29057, 29116, 29123, 29443, 29450, 29681, 30085, 30109, 30148, 30231, 30342, 30924, 30946, 30977, 31081, 33623, 33647, 33673, 33787, 33827, 33849, 33903, 34851, 34896, 34925, 34941, 35037, 35202, 35590, 35621, 35634, 35688, 35973, 35985, 38195, 38217, 38396, 38398, 38414, 38426, 38477, 38503, 38548, 38744, 38913, 38916, 38926, 38941, 38964, 38968, 38977, 39135, 39183, 39549, 39557, 39756, 39863, 39871, 40181, 40217, 40226, 40239, 40410, 40441, 40444, 40458, 40517, 40538, 40549, 40569, 40727, 41010, 41021, 41147, 41152, 41205, 41280, 41314, 41319, 41414, 41491, 41537, 41683, 41724, 41748, 41864, 41870, 41887, 41899, 41926, 41944, 42404, 42647, 42673, 42721, 42851, 42928, 43013, 43129, 43837, 43840, 43861, 43892, 44526, 44734, 44758, 44842, 44846, 44904, 44932, 44991, 45016, 45072, 45152, 45411, 45480, 45504, 45519, 45741, 46525, 46547, 46585, 46592, 46680, 46739, 46992, 47021, 47106, 47233, 47890, 47906, 47912, 48206, 48220, 48250, 48256, 48562, 48692, 48696, 48708, 48739, 48871, 48876, 48881, 48889, 48916, 49154, 49165, 49178, 49193, 49232, 49246, 49311, 49317, 49561, 49620, 49624, 49634, 50296, 50309, 50481, 50505, 50523, 50525, 50553, 50570, 50577, 50988, 50991, 51010, 51101, 51127, 51298, 51319, 51372, 51406, 51414, 51422, 51575, 51579, 51582, 51767, 51882, 51905, 51934, 52322, 52359, 52939, 52947, 53058, 53073, 54744, 55371, 55379, 55472, 55496, 55511, 55958, 56144, 56172, 56186, 56227, 56229, 56444, 56477, 56535, 56559, 56678, 56762, 56774, 56790, 57031, 57051, 57249, 57765, 57852, 57888, 58235, 58257, 58324, 58606, 58618, 58643, 59227, 59251, 59265, 59269, 59325, 59329, 59395, 59407, 59465, 59774, 59817, 59858, 59861, 59892, 59898, 59980, 60310, 60656, 61151, 61710, 62120, 62180, 62489, 62496, 62501, 63002, 64407, 65278, 65530, 65952, 65969, 66101, 67210, 67275, 67393, 67397]
27,1,[29355]
28,4,[8794, 8809, 8833, 10272]
30,3827,[1680, 1692, 1784, 1833, 1854, 1882, 2153, 2250, 3267, 3371, 3394, 3414, 3443, 3451, 3460, 3466, 3496, 3509, 4338, 4342, 4348, 6008, 6026, 6030, 6036, 6052, 6058, 6060, 6280, 6296, 6300, 6316, 6596, 6599, 6613, 6617, 6765, 6810, 7467, 7472, 7751, 7821, 7845, 7858, 8093, 8097, 8114, 8140, 8144, 8151, 8157, 8164, 8169, 8177, 8182, 8187, 8192, 8225, 8240, 8360, 8416, 8425, 8455, 8491, 8669, 8803, 8889, 9098, 9118, 9446, 9537, 9775, 9855, 9873, 10352, 10358, 10375, 10439, 10564, 10568, 10582, 10591, 10843, 10975, 11077, 11110, 11313, 11332, 11674, 11901, 12003, 12010, 12017, 12047, 12051, 12083, 12243, 12251, 12369, 12386, 12478, 12522, 12627, 12752, 13080, 13111, 13158, 13224, 13355, 13361, 14227, 14345, 14352, 14356, 14359, 14804, 14808, 14882, 14893, 14899, 14907, 14912, 14919, 15076, 15107, 15158, 15173, 15210, 15372, 15411, 15415, 15484, 15543, 15560, 15565, 15577, 15583, 15588, 15798, 15934, 15940, 15971, 15985, 16056, 16070, 16073, 16077, 16085, 16089, 16094, 16300, 16331, 16345, 16349, 16358, 16367, 16375, 16512, 16870, 16885, 16994, 17022, 17242, 17423, 17454, 17484, 17642, 17652, 17659, 17695, 17720, 17738, 18123, 18292, 18310, 18378, 18584, 18695, 18774, 18844, 18872, 18910, 18962, 19021, 19069, 19087, 19112, 19129, 19144, 19331, 19408, 19441, 19469, 19567, 19570, 19584, 19755, 19800, 19978, 20061, 20091, 20095, 20122, 20158, 20192, 20954, 21183, 21199, 21206, 22465, 22504, 22515, 22566, 23292, 23296, 23322, 23343, 23533, 23633, 23875, 24439, 24467, 24472, 24578, 24582, 24593, 24957, 25399, 25437, 25504, 26529, 26538, 26635, 26754, 26759, 27212, 27490, 27696, 27963, 27975, 28244, 28659, 28665, 28673, 29372, 29394, 29399, 30024, 30038, 30113, 30144, 30148, 30152, 30163, 30179, 30186, 30280, 30547, 30554, 30587, 30754, 31005, 31012, 31312, 31329, 31563, 31576, 31581, 32306, 32318, 32349, 32469, 32945, 32984, 32990, 32994, 33218, 33347, 33427, 33497, 33619, 33629, 33665, 33669, 33711, 33747, 33865, 34100, 35112, 35137, 35153, 35399, 35444, 35797, 35919, 35932, 35970, 36218, 36410, 36837, 36859, 36862, 37204, 37826, 38056, 38287, 38295, 38955, 39457, 39612, 39636, 39679, 39686, 39718, 39743, 39764, 39772, 39779, 39844, 40342, 40996, 41073, 41080, 41204, 41431, 41443, 42426, 42446, 42802, 43027, 43095, 43102, 43116, 43122, 43211, 43230, 43238, 43516, 43527, 43530, 43875, 43885, 43929, 43949, 44140, 44350, 44354, 44613, 45489, 45679, 45706, 45889, 46000, 46002, 46007, 46059, 46062, 46134, 46155, 46176, 46182, 46196, 46204, 46219, 46229, 46276, 46296, 46308, 46572, 46813, 46963, 47086, 47092, 47097, 47120, 47478, 48098, 48438, 48692, 48744, 50619, 50792, 51001, 51363, 51565, 51620, 51644, 51755, 51847, 52123, 52177, 52225, 52263, 52557, 52831, 52866, 52872, 52940, 52972, 52980, 53020, 53024, 53032, 53038, 53235, 53247, 53260, 53279, 53283, 53353, 53358, 53370, 53379, 53431, 53438, 53467, 53515, 53669, 53728, 53734, 53741, 53779, 53830, 53862, 53880, 54004, 54093, 63574, 64312, 64440, 64491, 71370, 71513, 71780, 72693, 74589, 75123, 75144, 75171, 75185, 75344, 75376, 75754, 75768, 75784, 75826, 75832, 75847, 75851, 75861, 76005, 76021, 82333, 82374, 82399, 83243, 83246, 83254, 83258, 83265, 83268, 86042, 86081, 86108, 86598, 86627, 86658, 86728, 86731, 87049, 87100, 87108, 87117, 87132, 87301, 87842, 87884, 88779, 88871, 88900, 88942, 90544, 90555, 91739, 91752, 91773, 91779, 91783, 91790, 91833, 91910, 91955, 91969, 92019, 92038, 92059, 92067, 92106, 92270, 92278, 92290, 92295, 92643, 93540, 93592, 93991, 94015, 94429, 94706, 94808, 94937, 94939, 94946, 94960, 95024, 95037, 95234, 95262, 95288, 95345, 95371, 95398, 95422, 95466, 95468, 95478, 95487, 95612, 95775, 95809, 96071, 96087, 96090, 96337, 96342, 96361, 96383, 96392, 96450, 96628, 98468, 98585, 105315, 105326, 105533, 105665, 105972, 105995, 106048, 106251, 106394, 106398, 106412, 106419, 106550, 107261, 107297, 107304, 107904, 107956, 108119, 108146, 108149, 108171, 108267, 108286, 108293, 108298, 108325, 108340, 108348, 108350, 108390, 108397, 108403, 108420, 108702, 108722, 108824, 108904, 108920, 108937, 108948, 108957, 109184, 109218, 109264, 109272, 109391, 109420, 109433, 109477, 109556, 109570, 109620, 109677, 109680, 109715, 109732, 109756, 109766, 109890, 109905, 109943, 110013, 110058, 110201, 110224, 110238, 110241, 110244, 110282, 110307, 110322, 110332, 110347, 110366, 110430, 110465, 110494, 110511, 110521, 110555, 110582, 110624, 110659, 110666, 110669, 110683, 110686, 110690, 110705, 110733, 110758, 110781, 110862, 110884, 110937, 110949, 110970, 110979, 110992, 110997, 110998, 111029, 111154, 111182, 111200, 111225, 111256, 111282, 111453, 111519, 111904, 111920, 112147, 112185, 112224, 112357, 112387, 113086, 113191, 113359, 113545, 113571, 113714, 113753, 113768, 113771, 113845, 113851, 113932, 113937, 113943, 113972, 114001, 114079, 114092, 114203, 114213, 114224, 114246, 114275, 114279, 114353, 114362, 114401, 114547, 114553, 114556, 114578, 114626, 115018, 115030, 115049, 115136, 115168, 115197, 115272, 115281, 115302, 115311, 115313, 115339, 115360, 115431, 115435, 115463, 115486, 115513, 115516, 115529, 115538, 115570, 115593, 115596, 115604, 115609, 115612, 115619, 115652, 115660, 115668, 115670, 115680, 115816, 115901, 115943, 116030, 116080, 116231, 116300, 116307, 116317, 116378, 116383, 116399, 116404, 116451, 116491, 116597, 116624, 116658, 116679, 116689, 116699, 116708, 116722, 116792, 116822, 116840, 116847, 117190, 117256, 117281, 117289, 117297, 117302, 117370, 117499, 117517, 117528, 117533, 117547, 117661, 117669, 117685, 117704, 117725, 117742, 117748, 117820, 117848, 118022, 118025, 118259, 118265, 118278, 118283, 118289, 118295, 118362, 118376, 118396, 118434, 118534, 118548, 119144, 119177, 119193, 119295, 119338, 119343, 119423, 119963, 119971, 119993, 120000, 120060, 120155, 120167, 120173, 120183, 120188, 120204, 120208, 120314, 120350, 120354, 120362, 120568, 120721, 120755, 120760, 120812, 120819, 120878, 120882, 120922, 120988, 121067, 121350, 121372, 121383, 121390, 121397, 121417, 121433, 121467, 121498, 121733, 121919, 121972, 121980, 121991, 122054, 122059, 122095, 122110, 122258, 122554, 122564, 122577, 122580, 122657, 122667, 122673, 122683, 122697, 122706, 122711, 122719, 122752, 122758, 122785, 122791, 122829, 122858, 122875, 122912, 122922, 122925, 122983, 123021, 123025, 123038, 123065, 123083, 123103, 123111, 123164, 123190, 123226, 123285, 123371, 123397, 123406, 123443, 123543, 123547, 123559, 123581, 123585, 123588, 123611, 123616, 123659, 123680, 123687, 123742, 123757, 123761, 123783, 123798, 123822, 123833, 123894, 123977, 124036, 124050, 124070, 124140, 124194, 124211, 124268, 124279, 124559, 124565, 124575, 124580, 125022, 125032, 125050, 125068, 125098, 125104, 125116, 125134, 125140, 125148, 125162, 125166, 125219, 125222, 125239, 125249, 125278, 125330, 125336, 125384, 125397, 125409, 125443, 125621, 125629, 125640, 125703, 125707, 125710, 125759, 125762, 125766, 125769, 126241, 126297, 126507, 126511, 126514, 126530, 126537, 126753, 126763, 127353, 127434, 127661, 128051, 128086, 128108, 128205, 128485, 128496, 128500, 128503, 128544, 128605, 128621, 128811, 128818, 128915, 129226, 129334, 129361, 129650, 129665, 130619, 132072, 132171, 132334, 132523, 132594, 132642, 134166, 134443, 136528, 137232, 138974, 138996, 144090, 144559, 144568, 145840, 145878, 146273, 146288, 146334, 146478, 146618, 146654, 146720, 147025, 147675, 147748, 147776, 147806, 147810, 147818, 147963, 148407, 148494, 148574, 148582, 148586, 148591, 148596, 148601, 148755, 150818, 150828, 150863, 151676, 151778, 151782, 152012, 152216, 152309, 152416, 152493, 152755, 152885, 152891, 153258, 153558, 153561, 153569, 153625, 154180, 154235, 154422, 154649, 154653, 154681, 154685, 154694, 155029, 155042, 155054, 155116, 155149, 155190, 155252, 155281, 155448, 155684, 155688, 155833, 155894, 156040, 156208, 156245, 156618, 156718, 156752, 156771, 157127, 157170, 157290, 157516, 159872, 159999, 160004, 160042, 160252, 160368, 160472, 160670, 160767, 160807, 160812, 160835, 160841, 160844, 160886, 160891, 161030, 161070, 161086, 161092, 161137, 161299, 161329, 161332, 161427, 161567, 161606, 161620, 161635, 161638, 161902, 162046, 162099, 162249, 162331, 162400, 162702, 162807, 163173, 163246, 163441, 163609, 163611, 163616, 163631, 165845, 165851, 165893, 166256, 166594, 166643, 166661, 166688, 166692, 166723, 166796, 166800, 166802, 166827, 166838, 166898, 166939, 166964, 166992, 167036, 167061, 167064, 167132, 167153, 167158, 167162, 167175, 167191, 167194, 167340, 167671, 167728, 168336, 169039, 169090, 169483, 169486, 170265, 170372, 170670, 171029, 171065, 171073, 171223, 171255, 171276, 171290, 171323, 171359, 171503, 171530, 171545, 171558, 171837, 171848, 171867, 171989, 172900, 173085, 173106, 173113, 173119, 173806, 173942, 173948, 174181, 174185, 174216, 174223, 174252, 174259, 174553, 174831, 174925, 174943, 174954, 174959, 174971, 175024, 175027, 175037, 175042, 175045, 175055, 175220, 175229, 175247, 175255, 175270, 175387, 175411, 175614, 175721, 175765, 175791, 175796, 176218, 176264, 177001, 177033, 177142, 177153, 177399, 177521, 177538, 177678, 177689, 177694, 177729, 177748, 177759, 177764, 177771, 177788, 177814, 177869, 177910, 178119, 178169, 178185, 178586, 178600, 178645, 178691, 178719, 178727, 178778, 178783, 178792, 178835, 178877, 179077, 179079, 179311, 179364, 179437, 179548, 179648, 179662, 179734, 179786, 179995, 180226, 180374, 180387, 180439, 180451, 180571, 180593, 180644, 180655, 180755, 180770, 181048, 181062, 181097, 181151, 181342, 181566, 182374, 182479, 182654, 182842, 183318, 183327, 183335, 183353, 183360, 183807, 183887, 183893, 183901, 183906, 184096, 184195, 184215, 184969, 185436, 186089, 186186, 186202, 186219, 186277, 186287, 186291, 186310, 186373, 186385, 186464, 186503, 186509, 186557, 186576, 186634, 186648, 186661, 186687, 186699, 187254, 187264, 187513, 187522, 187730, 187736, 188262, 188426, 188565, 188814, 188820, 188827, 188840, 188857, 188932, 189023, 189582, 189596, 189601, 189642, 189806, 189816, 189826, 189988, 190079, 190100, 190115, 190129, 190467, 190537, 190644, 190675, 190682, 190689, 190736, 190902, 190916, 190922, 190942, 191273, 191280, 191422, 191501, 191805, 191823, 191986, 192107, 192195, 192387, 192473, 192531, 192814, 192922, 193105, 193957, 193994, 194040, 194248, 194498, 194506, 194531, 194532, 194566, 194732, 194757, 194765, 194772, 195438, 195523, 195559, 195577, 195586, 195660, 196211, 196339, 197491, 197774, 198769, 198809, 198813, 198819, 198836, 198850, 198996, 199076, 199144, 199156, 199481, 199483, 199500, 199548, 199678, 199899, 200597, 200706, 200737, 200844, 200887, 200900, 200909, 200924, 200976, 200978, 200994, 201123, 201140, 201464, 201612, 201619, 201665, 201849, 201866, 201874, 202021, 202031, 202033, 202036, 202042, 202047, 202068, 203156, 203759, 205875, 205881, 206103, 206119, 206170, 206200, 206225, 206260, 206393, 206398, 206409, 206447, 206596, 206665, 206677, 206746, 206794, 206815, 206837, 206886, 206896, 206958, 207452, 207479, 208230, 208243, 208245, 208258, 208973, 208985, 208992, 209441, 209466, 209578, 209610, 209635, 209654, 209657, 209668, 209843, 209996, 210480, 210660, 210672, 210679, 210843, 210862, 211027, 211030, 211039, 211085, 211168, 211187, 211546, 211559, 211577, 211589, 211635, 211687, 211701, 211708, 211724, 211759, 211766, 211855, 212728, 212739, 213130, 213136, 213972, 213976, 214001, 214069, 214084, 214111, 214129, 214194, 214304, 214386, 214660, 214676, 214695, 214703, 214716, 215445, 215530, 215536, 215752, 216120, 216129, 216140, 216277, 216298, 216758, 216811, 217031, 217073, 217142, 217152, 217182, 217211, 217232, 217441, 217448, 217451, 217469, 217495, 217554, 217557, 217566, 217593, 217802, 217915, 217932, 218218, 218432, 218499, 218551, 218678, 218703, 219611, 219672, 219724, 219902, 219924, 219974, 219993, 220039, 220059, 220125, 220130, 220135, 220155, 220158, 220322, 220402, 220830, 220832, 220890, 220893, 221290, 221314, 221337, 221483, 221559, 221731, 221784, 221818, 221827, 221921, 221950, 222482, 222489, 222612, 222693, 222708, 222772, 222802, 222962, 223056, 223066, 223092, 223123, 223129, 223153, 223221, 223441, 223489, 223722, 223726, 223741, 224348, 224693, 224868, 224994, 225417, 225455, 225465, 225492, 225618, 225648, 225807, 225846, 226032, 229345, 229367, 232844, 232854, 232921, 232955, 233463, 233485, 233683, 233748, 233751, 233760, 233954, 233966, 234228, 234236, 234302, 234324, 234555, 234645, 235877, 235885, 244905, 245977, 245986, 247036, 247949, 248413, 248504, 248524, 248538, 248542, 248604, 248610, 248632, 248672, 248765, 248802, 248808, 248835, 248924, 248947, 248966, 248975, 249412, 249419, 249659, 249663, 250274, 250303, 250307, 250313, 250326, 250344, 250534, 250665, 250677, 251029, 251088, 251102, 251107, 251113, 251198, 251235, 254419, 254426, 254438, 254728, 254732, 254735, 254763, 254775, 255144, 255171, 255194, 255200, 255205, 255232, 255283, 255309, 255776, 255886, 255893, 255897, 255913, 255919, 256338, 256482, 257897, 258174, 258192, 258247, 258304, 258337, 258472, 258486, 258528, 258686, 258753, 258766, 258801, 258836, 258882, 258899, 258976, 258981, 259493, 259508, 259534, 260282, 260294, 260296, 260316, 260913, 261054, 262911, 262927, 262943, 263539, 263550, 264328, 264340, 264552, 264611, 264662, 264797, 264823, 265132, 265143, 265418, 265516, 265550, 265581, 265664, 268797, 268820, 268861, 269095, 269182, 269202, 269822, 275665, 275673, 276450, 276457, 276473, 276482, 279130, 279698, 280821, 280935, 280959, 282200, 282500, 282507, 282626, 282630, 283398, 283441, 283463, 283475, 283496, 283574, 283597, 285060, 285065, 286200, 286302, 286310, 288279, 288309, 288390, 288602, 288831, 288849, 288876, 288909, 288932, 289072, 289153, 293614, 293622, 294317, 294385, 295060, 296116, 297041, 297135, 297168, 297210, 297266, 297454, 298019, 298061, 298066, 298086, 298294, 298517, 298526, 298530, 298586, 299237, 299247, 299347, 299370, 299399, 299402, 299510, 299552, 299990, 300068, 300130, 300299, 300321, 300326, 300341, 300500, 300517, 300525, 300633, 300643, 300650, 300659, 301066, 301201, 301222, 301378, 301548, 301557, 301615, 301621, 301627, 301687, 301961, 302238, 302442, 303874, 303877, 303881, 303956, 303961, 303972, 304101, 304104, 304184, 304200, 304958, 306259, 307182, 307247, 307254, 307299, 307569, 307579, 308088, 308099, 308104, 308276, 308303, 308447, 308480, 308487, 308497, 309004, 309184, 309413, 309424, 309630, 309649, 309944, 309983, 310072, 310080, 310087, 310237, 310243, 310248, 310622, 310644, 310650, 310657, 310667, 310697, 311163, 311168, 311490, 311506, 311524, 311627, 311636, 311656, 311716, 311722, 311787, 311884, 312180, 312196, 312314, 312324, 312689, 313281, 313297, 313508, 313536, 313673, 314063, 314343, 314590, 314600, 314602, 314609, 314623, 314756, 314832, 314877, 314968, 314979, 314985, 315050, 315165, 315204, 315249, 315302, 315592, 315598, 315613, 315640, 315782, 315834, 315842, 316128, 316225, 316250, 316528, 316545, 316624, 316644, 316681, 316691, 316694, 316883, 316924, 316963, 316972, 317028, 317112, 317142, 317179, 317182, 317190, 317215, 317513, 317948, 318078, 318085, 318374, 318390, 318476, 318908, 319097, 319103, 319178, 319334, 319371, 319438, 319543, 319720, 319724, 319817, 319942, 320036, 320213, 320327, 320491, 320645, 320679, 320696, 320722, 320747, 320843, 320884, 321579, 321704, 321712, 321765, 321803, 321834, 321892, 321964, 321965, 322094, 322228, 322233, 322237, 322244, 322300, 322410, 322504, 322834, 322866, 322896, 322968, 323011, 323043, 323177, 323185, 323497, 323631, 323693, 323818, 324059, 324078, 324082, 324086, 324101, 324113, 324117, 324136, 324142, 324147, 324167, 324370, 324375, 324385, 324411, 324631, 324637, 324642, 324768, 324784, 324882, 324889, 324916, 324923, 325409, 325590, 325596, 325608, 325647, 325686, 325787, 326082, 326086, 326114, 326178, 326195, 326294, 326382, 326414, 326423, 326440, 326527, 327026, 327030, 327050, 327059, 327079, 327090, 327444, 327458, 327462, 327467, 327729, 327955, 327960, 329144, 329234, 329262, 329272, 329468, 329533, 329639, 329641, 329647, 329658, 329668, 329682, 329776, 329895, 329945, 330162, 330169, 330270, 330350, 330471, 330478, 330487, 330508, 330525, 330537, 330559, 330593, 330639, 330715, 330783, 330793, 330798, 330902, 330908, 330921, 330946, 330956, 331129, 331134, 331822, 331903, 332002, 332015, 332078, 332110, 332126, 332128, 332135, 332721, 333641, 333772, 334115, 334156, 334766, 335011, 336654, 336664, 337766, 338092, 338126, 338225, 338256, 338531, 338574, 338578, 338621, 338627, 338702, 338738, 338756, 339278, 339288, 339406, 339432, 339477, 339784, 339923, 339983, 340192, 340386, 340435, 340441, 340452, 340503, 340544, 340549, 340616, 340646, 340656, 340747, 340767, 340780, 341227, 341261, 341387, 341412, 341822, 341943, 342459, 342469, 342507, 342525, 342536, 342582, 342791, 342806, 342819, 342840, 342905, 342922, 342937, 342946, 343174, 343185, 343191, 343290, 343294, 343389, 343509, 343513, 343543, 343556, 343564, 343723, 343735, 343842, 343858, 343959, 343966, 344021, 344418, 344425, 344987, 345307, 345416, 345420, 345422, 345464, 345577, 345584, 345918, 345928, 345937, 346057, 346064, 346085, 346089, 346108, 346123, 346129, 346290, 346299, 346312, 346535, 346559, 346872, 346878, 346886, 346903, 346926, 347060, 347098, 347214, 347222, 347890, 347897, 352109, 352827, 352843, 352847, 352851, 352860, 352878, 352953, 352990, 353062, 353068, 353117, 353245, 353293, 353976, 354011, 354029, 354103, 354119, 354122, 354191, 354612, 355587, 355820, 355829, 355855, 355879, 356931, 359141, 359308, 359903, 360175, 360336, 360604, 360631, 360987, 360992, 361004, 361015, 361106, 361126, 361799, 362261, 362445, 362532, 362656, 362677, 362691, 362695, 362702, 362705, 362714, 362757, 362766, 362771, 362775, 363411, 363749, 364225, 364227, 365771, 365854, 365959, 366193, 366700, 367647, 367656, 368287, 368381, 368930, 369016, 369035, 369037, 369044, 369069, 369095, 369100, 369177, 369182, 369185, 369463, 369823, 369963, 370899, 371678, 371723, 371960, 371986, 372008, 372017, 372024, 372049, 372059, 372891, 373056, 373095, 373103, 373383, 373386, 373457, 373467, 373472, 373481, 373569, 373575, 373638, 373741, 374768, 374776, 374784, 375011, 375029, 375738, 375748, 375786, 375830, 376757, 376774, 376796, 376803, 378065, 378073, 378139, 378171, 378651, 378674, 378933, 378936, 378945, 379135, 379147, 379410, 379415, 379472, 379492, 379712, 379717, 379735, 379897, 379984, 380179, 380839, 380848, 380854, 380858, 380865, 380873, 380877, 380881, 380894, 380907, 380924, 380929, 380947, 380952, 380963, 380977, 381441, 381451, 381454, 381878, 381883, 381890, 381893, 381907, 381916, 381933, 381954, 381967, 381973, 381983, 381993, 382346, 382352, 382455, 382458, 382465, 382600, 382956, 382981, 383023, 383165, 383187, 383205, 383222, 383227, 383243, 383456, 383465, 383477, 383483, 383487, 384063, 384082, 384183, 384196, 384229, 384245, 384258, 384270, 384321, 384329, 384362, 384384, 384484, 384489, 384520, 384606, 384609, 384615, 384622, 384769, 384773, 385014, 385072, 385081, 385087, 385091, 385094, 385252, 385256, 385277, 385281, 385296, 385305, 385314, 385341, 385456, 385523, 385535, 386247, 386331, 386336, 386349, 386431, 386478, 386743, 387238, 387259, 387266, 387272, 387282, 387313, 387316, 387332, 387345, 387421, 387435, 387470, 387480, 387606, 387610, 387625, 388280, 388383, 388391, 388797, 388827, 388868, 388898, 388977, 388987, 389244, 389452, 389500, 389520, 389527, 389555, 389591, 389599, 389605, 389640, 389647, 389710, 389725, 389729, 389735, 389754, 389774, 389789, 389817, 389822, 389828, 389841, 389863, 389866, 389970, 389976, 390446, 390461, 390474, 391150, 391171, 391224, 391272, 391296, 391662, 392644, 392648, 392658, 392661, 392690, 392694, 392704, 392706, 392736, 392918, 392925, 392932, 392970, 392977, 392980, 392985, 393004, 393330, 393361, 393367, 393389, 393430, 393452, 393457, 393616, 393623, 393689, 393757, 394314, 394320, 394394, 394802, 394864, 395104, 395125, 395350, 396031, 396034, 396427, 396468, 396476, 396493, 396862, 397121, 397133, 398644, 398658, 398662, 398681, 399037, 399437, 399477, 399482, 399580, 399659, 399664, 399721, 399782, 399799, 399822, 399829, 399839, 400106, 400187, 400339, 400551, 400562, 400572, 400577, 400686, 400829, 401211, 401257, 401298, 401398, 401403, 401427, 401430, 401573, 401615, 401731, 401754, 401764, 401776, 401783, 401786, 401788, 401791, 401798, 401807, 401825, 402070, 402348, 402477, 402481, 402678, 402733, 402750, 403072, 403446, 403547, 403598, 403843, 404082, 404365, 404413, 404506, 404827, 405018, 405031, 405350, 405412, 405437, 405442, 405476, 405483, 406350, 406459, 407239, 407805, 408437, 409242, 409443, 409459, 410048, 410141, 410318, 410326, 410498, 410526, 410531, 410541, 410548, 410552, 410558, 410591, 410594, 410599, 410643, 410649, 410666, 410674, 410684, 410688, 410697, 410926, 410935, 410939, 411401, 411404, 411479, 412086, 412089, 412119, 412344, 412424, 412561, 413116, 413119, 413847, 413867, 413891, 413897, 413902, 414134, 414139, 414148, 414975, 414988, 415004, 415473, 415695, 416280, 416317, 416324, 416327, 416478, 416667, 416785, 416797, 416806, 416831, 416836, 416954, 416957, 416965, 416969, 417015, 417020, 417093, 417098, 417102, 417120, 417128, 417493, 417593, 417597, 417621, 417636, 417744, 417758, 417769, 417774, 417785, 417792, 417833, 418131, 418152, 418167, 418176, 418799, 418804, 418912, 418927, 419423, 419436, 420209, 420742, 420817, 421142, 421150, 421432, 421468, 421480, 421487, 421490, 421496, 421727, 422029, 422154, 422250, 422520, 422600, 422755, 422766, 422836, 422976, 422989, 423019, 424128, 424157, 424340, 424358, 424642, 425093, 425104, 425220, 425228, 425234, 425245, 425255, 425265, 425274, 425289, 425297, 425309, 425341, 425359, 425362, 425370, 425378, 425634, 427782, 428191, 428196, 428202, 428206, 428220, 428230, 428246, 428258, 428291, 428346, 429077, 429622, 429641, 429872, 430617, 430642, 430672, 430727, 430774, 430789, 430865, 430881, 430924, 430931, 430940, 431002, 431013, 431149, 431327, 431384, 431388, 431426, 431463, 431468, 431504, 431513, 431571, 431618, 431649, 431655, 431672, 431691, 431825, 431891, 431895, 431910, 432103, 432110, 432117, 432144, 432156, 432161, 432194, 432207, 432221, 432231, 432281, 432292, 432312, 432317, 432373, 432381, 432388, 432816, 432823, 432827, 432835, 432845, 432856, 432863, 432887, 432894, 432921, 432927, 432931, 432938, 432955, 432966, 433589, 433736, 433779, 435408, 435499, 435559, 437398, 437410, 437414, 437418, 437440, 437443, 437450, 437460, 437469, 437505, 437509, 437521, 437529, 437535, 437546, 437556, 437559, 437563, 437570, 437576, 437583, 437587, 437675, 437745, 437780, 437789, 437885, 437896, 437902, 437962, 437971, 437978, 438110, 438119, 438128, 438140, 438225, 438243, 438256, 438265, 438287, 438299, 438309, 438314, 438319, 438336, 438344, 438362, 438369, 438428, 438779, 438803, 438820, 438829, 438856, 438868, 438895, 441757, 441764, 441849, 441863, 441876, 441940, 442148, 442190, 442446, 442452, 442454, 442481, 442499, 442503, 442509, 442633, 442650, 442653, 442667, 442672, 442682, 442690, 442709, 442718, 442726, 442730, 442737, 442767, 442775, 442824, 442839, 442849, 442855, 442864, 443697, 443708, 443750, 443764, 443782, 443791, 443798, 443834, 443851, 443883, 443905, 443917, 443938, 444420, 444659, 444680, 444709, 444728, 444761, 444970, 444972, 445073, 445086, 445091, 445159, 445163, 445171, 445179, 445186, 445491, 445500, 445620, 445625, 445631, 445658, 445770, 445819, 445862, 445869, 445872, 445930, 445946, 445952, 445956, 445973, 446002, 446101, 446150, 446165, 446178, 446190, 446212, 446317, 446431, 446510, 446529, 446538, 446569, 446577, 446632, 446658, 446669, 446684, 446688, 446748, 446758, 446777, 446851, 446862, 446912, 446937, 446963, 446976, 447072, 447089, 447123, 447133, 447143, 447152, 447178, 447183, 447190, 447212, 447215, 447219, 447230, 447235, 447241, 447278, 447285, 447491, 447535, 447555, 447560, 447583, 447618, 447634, 447654, 447662, 447690, 448005, 449257, 449266, 449271, 449277, 449293, 449303, 449338, 449343, 449378, 449418, 449426, 449463, 450232, 450826, 450861, 450869, 451751, 451759, 451763, 451819, 451826, 451837, 451886, 451956, 452016, 452031, 452379, 452433, 453342, 453401, 453743, 453754, 453765, 453823, 453839, 453916, 454024, 454090, 454119, 454130, 454160, 454356, 454367, 454375, 454379, 454388, 454429, 454432, 455203, 455212, 458436, 462322, 462341, 463011, 463014, 463032, 463195, 463217, 463274, 463409, 463439, 463451, 463457, 464073, 464198, 464223, 464769, 464773, 465048, 465079, 465090, 465259, 465275, 465283, 465294, 465325, 465342, 465417, 465423, 465428, 465443, 465453, 465921, 466045, 466051, 466061, 466098, 466332, 466667, 466791, 466835, 466942, 467046, 467085, 468508, 468853, 468896, 468912, 469091, 469106, 469195, 469293, 469308, 469724, 469730, 469804, 469913, 469940, 469962, 469998, 471604, 472296, 472303, 472315, 472469, 472628, 472650, 473077, 473271, 473276, 473383, 473748, 473795, 474809, 474814, 474819, 474824, 474856, 475074, 475268, 475349, 475364, 475551, 476052, 476081, 478325, 478737, 478744, 479140, 479523, 479674, 479721, 479825, 479867, 480803, 480818, 480857, 480864, 480884, 480911, 480921, 480924, 480928, 480938, 480992, 481149, 481510, 481591, 481662, 481665, 481685, 481863, 481881, 481935, 482145, 482176, 482184, 482687, 482707, 482718, 482722, 482739, 482967, 482983, 483567, 483590, 483598, 483639, 483652, 483762, 483996, 484045, 484063, 484130, 484135, 484140, 484147, 484155, 484237, 484247, 484336, 484339, 484341, 484359, 484396, 484427, 484697, 484826, 484831, 485102, 485134, 485137, 485147, 485161, 485219, 485502, 485624, 485655, 485658, 485663, 485675, 485679, 485694, 485819, 485840, 485864, 485869, 485873, 485969, 485975, 486009, 486512, 486518, 486539, 486707, 486720, 486993, 487785, 488300, 488319, 488395, 488424, 488431, 488441, 488456, 488470, 489413, 489425, 489430, 489659, 490130, 490151, 490163, 490221, 490231, 490280, 490284, 490353, 490373, 492404, 492465, 492496, 492518, 493285, 494009, 494159, 494747, 494779, 495284, 495610, 495728, 496317, 496527, 496712, 497180, 497336, 497343, 497397, 497410, 498099, 498139, 498146, 498157, 498208, 498214, 498218, 498240, 498246, 498250, 498415, 498429, 498447, 498456, 498463, 498600, 498652, 498718, 498898, 498980, 499951, 500065, 500244, 500406, 500436, 500791, 501941, 502103, 502107, 502169, 502197, 502205, 502988, 503197, 504432, 504829, 505388, 505914, 505923, 505947, 506030, 506036, 506044, 506238, 506690, 506817, 506825, 506828, 506849, 506855, 506858, 506978, 506985, 506991, 507001, 507005, 507036, 507122, 507199, 507265, 507319, 507338, 507894, 508202, 508224, 508687, 508953, 509061, 510840, 512060, 512115, 512139, 512388, 512392, 512396, 512400, 512404, 512408, 512411, 512417, 512501, 512513, 512803, 513069, 513081, 513101, 513106, 513618, 513634, 513731, 513818, 514089, 515388, 515744, 515753, 515985, 516244, 516302, 516331, 517254, 518142, 518151, 518385, 518390, 518463, 518596, 518645, 518797, 519197, 519294, 519305, 521173, 521392, 521607, 521776, 522097, 522102, 522134, 522139, 522172, 522177, 522727, 523170, 523193, 523216, 523493, 523770, 525951, 525975, 525979, 526061, 526470, 526781, 527927, 528096, 528221, 528224, 528386, 528508, 528516, 528525, 530015, 530514, 531004, 531032, 531081, 531083, 531090, 531495, 531504, 532161, 532203, 532230, 533055, 533081, 533618, 533784, 533880, 534038, 534302, 534429, 534482, 534884, 535068, 535076, 535329, 535467, 535470, 535538, 536309, 536407, 536765, 536830, 537078, 537082, 537228, 537549, 537807, 538160, 538338, 538362, 539068, 539788, 539795, 539802, 539806, 540407, 540416, 540470, 540655, 540661, 540690, 540695, 540710, 540753, 540758, 540781, 540867, 540882, 541484, 541671, 541785, 542282, 542410, 542420, 542430, 542691, 543167, 543464, 543667, 543687, 544048, 544078, 544454, 544462, 544465, 544469, 544475, 544484, 544490, 544612, 546171, 546482, 546503, 546512, 547049, 547849, 549691, 549700, 549727, 549729, 549815, 550252, 550289, 550321, 550380, 550645, 550958, 550970, 551237, 551895, 551923, 551969, 553090, 554033, 554716, 554728, 555952, 556132, 556698, 556947, 557151, 557246, 557452, 557486, 558826, 559278, 559302, 560824, 560910, 560937, 560951, 560976, 561019, 561043, 561095, 561145, 561268, 561360, 561364, 561886, 561962, 562034, 562047, 562351, 562356, 562368, 562375, 563729, 563997, 564023, 564065, 564076, 564104, 564107, 564152, 564175, 564209, 565722, 567063, 568073, 568089, 568551, 568682, 568693, 569544, 569588, 569808, 570026, 570055, 570266, 570600, 570910, 571142, 571147, 571212, 571219, 571413, 571417, 571441, 571930, 572423, 573037, 573496, 573756, 575546, 576656, 576870, 576875, 576877, 579178, 579225, 579262, 579590, 579634, 579875, 579882, 579948, 580024, 580050, 580083, 580338, 580704, 580710, 580740, 580803, 580957, 580966, 581034, 581085, 581118, 581120, 581191, 581295, 581385, 581527, 582110, 582169, 582181, 582194, 582402, 582430, 582435, 582454, 582456, 582468, 582625, 583220, 583226, 584061, 584072, 584076, 584941, 585311, 586073, 588362, 588367, 588780, 589379, 589420, 589434, 590051, 590714, 590815, 592932, 594717, 596622, 600595, 600604, 602862, 604257, 607412, 607697, 609359, 613524, 613789, 613798, 614225, 614229, 614475, 614479, 614524, 614846, 615155, 615313, 615362, 615370, 615387, 615401, 615405, 615414, 615569, 615729, 616260, 616298, 616470, 616493, 616616, 616718, 616737, 617132, 617307, 617352, 617411, 617462, 617471, 617481, 617495, 617507, 617512, 617584, 617600, 617602, 617620, 617635, 617648, 617674, 617794, 617867, 618220, 619010, 619388, 619393, 620084, 622822, 622825, 623877, 630161, 630169, 630323, 630364, 630538, 630544, 630551, 630555, 630782, 631652, 631677, 631815, 631899, 631945, 632052, 632304, 632316, 632418, 632471, 632482, 632623, 632654, 632780, 635781, 635797, 637155, 637382, 637401, 638010, 638151, 638790, 638802, 638992, 639001, 639010, 639019, 639032, 640213]
