6,2,[421, 454]
8,1,[101]
9,15,[262, 514, 679, 918, 981, 1052, 1280, 1536, 1737, 1820, 1871, 2135, 2221, 2345, 2514]
10,2748,[333, 343, 521, 607, 645, 817, 872, 930, 945, 980, 1124, 1450, 1857, 2420, 2636, 3316, 3330, 3442, 3635, 3649, 3695, 3736, 3770, 3808, 3864, 3922, 3947, 3954, 3964, 3998, 4013, 4041, 4083, 4172, 4455, 4469, 4499, 4624, 4630, 4635, 4639, 4643, 4906, 4922, 4943, 5023, 5638, 5711, 5749, 6305, 6364, 7634, 7651, 7658, 7914, 8474, 8829, 9088, 9250, 9339, 9472, 9639, 9817, 9821, 9827, 9989, 10001, 10004, 10032, 11419, 11517, 11611, 11650, 11783, 12681, 12691, 12740, 12964, 13375, 13381, 13659, 14551, 14633, 14917, 15335, 15345, 15392, 15406, 15410, 16319, 16530, 16647, 16676, 17213, 17353, 18337, 18370, 18483, 18843, 18873, 19144, 19279, 19934, 19938, 19952, 20888, 20923, 21148, 21431, 22782, 22897, 23032, 23693, 23726, 23745, 23877, 23925, 24398, 24644, 24808, 24844, 25078, 25548, 25902, 26279, 27065, 27317, 27861, 28396, 28406, 28416, 28775, 30167, 30214, 30476, 30487, 30566, 30600, 31305, 31311, 31791, 32125, 32786, 32941, 33105, 33408, 33412, 33639, 33655, 33895, 34130, 34214, 34302, 34326, 34558, 35292, 35323, 35579, 35631, 35635, 35638, 35642, 35646, 35868, 35878, 35897, 35901, 35935, 35968, 36136, 36243, 36246, 36315, 36318, 36322, 36633, 36639, 36642, 36645, 36648, 36652, 36788, 36791, 36820, 36823, 36840, 36844, 36904, 36908, 36912, 37021, 37041, 37103, 37106, 37109, 37138, 37146, 37376, 37601, 37766, 37799, 38196, 38199, 38301, 38728, 38747, 39019, 39259, 39292, 39817, 40013, 40241, 40244, 40572, 40575, 40579, 40583, 40598, 40600, 40604, 40712, 40827, 40830, 40834, 40905, 40943, 40957, 41143, 41244, 41258, 41344, 41528, 41533, 41924, 42546, 42964, 43682, 43792, 43841, 43882, 43940, 44001, 44090, 44229, 44470, 44720, 44798, 44874, 45027, 45178, 45597, 46636, 46747, 46972, 47170, 47208, 47367, 47652, 47735, 48223, 48235, 48283, 48407, 48461, 48521, 49014, 49101, 49122, 49288, 49302, 49372, 49467, 49497, 49514, 49558, 49590, 49599, 49632, 49648, 49651, 49659, 49684, 49749, 49799, 49802, 49937, 49967, 49975, 49987, 50002, 50057, 50087, 50131, 50136, 50175, 50196, 50231, 50263, 50280, 50288, 50297, 50304, 50315, 50327, 50336, 50339, 50343, 50347, 50401, 50465, 50782, 50971, 51045, 51116, 51127, 51158, 51176, 51618, 51646, 52095, 52538, 52636, 52662, 52856, 52860, 52866, 52981, 53425, 53518, 53577, 53728, 53732, 54216, 54390, 54456, 55467, 55479, 55894, 55901, 56088, 56133, 56379, 57196, 57376, 57456, 57569, 57596, 57680, 57697, 57929, 58003, 58173, 58298, 58324, 58358, 58372, 58454, 58621, 58722, 58760, 58790, 58798, 58816, 58823, 58893, 58921, 58942, 59039, 59042, 59046, 59078, 59115, 59245, 59393, 59452, 59474, 59504, 59538, 59543, 59591, 59613, 59655, 59666, 59688, 59715, 59734, 59763, 59774, 59797, 59915, 59973, 60035, 60046, 60079, 60214, 60271, 60316, 60415, 60450, 60475, 60555, 60584, 60626, 60663, 60697, 60742, 60985, 61062, 61482, 61511, 61560, 61583, 61598, 61641, 61648, 61913, 62010, 62060, 62397, 62618, 62903, 62923, 62943, 62958, 62962, 62966, 63002, 63028, 63044, 63054, 63076, 63094, 63120, 63128, 63147, 63187, 63199, 63235, 63271, 63285, 63292, 63299, 63315, 63322, 63329, 63341, 63359, 63407, 63414, 63418, 63444, 63495, 63500, 63503, 63507, 63511, 63868, 63898, 63934, 63955, 63969, 64021, 64056, 64091, 64098, 64182, 64349, 64388, 65042, 65059, 65070, 65176, 65232, 65282, 65408, 65420, 65485, 65495, 65501, 65514, 65572, 65613, 66401, 66466, 66520, 66555, 66829, 66883, 66966, 67322, 67559, 67569, 67576, 67640, 67650, 67657, 67664, 67681, 67735, 67873, 67883, 67890, 67942, 67952, 67959, 67966, 67985, 68395, 68715, 68738, 69007, 69018, 69047, 69086, 69155, 69371, 69382, 69417, 69511, 69533, 69638, 69655, 69673, 69723, 69830, 69842, 69887, 69912, 69934, 70024, 70415, 70556, 71133, 71561, 71615, 71812, 72160, 72212, 72234, 72257, 72320, 72618, 72710, 72832, 72888, 73140, 73544, 74514, 74737, 74771, 74784, 74939, 75548, 75895, 76720, 76785, 76905, 77011, 77013, 77057, 79050, 80962, 80996, 81061, 81064, 81134, 81163, 81420, 82283, 82296, 82332, 82617, 82634, 82734, 82754, 82861, 82925, 83244, 83360, 83371, 83382, 83582, 84978, 85096, 85180, 85212, 85522, 85539, 85922, 85992, 86005, 86030, 86093, 86803, 87022, 87030, 87086, 87223, 87228, 87454, 87470, 87502, 87584, 87638, 87789, 87934, 87954, 88382, 89038, 89409, 89421, 90229, 90245, 90354, 90370, 90489, 90519, 90599, 90912, 91170, 91429, 91589, 91598, 91980, 92327, 92758, 93037, 93044, 93076, 93132, 93136, 93141, 93148, 93164, 93227, 93400, 93845, 93886, 94127, 94140, 94150, 94260, 95185, 95379, 95739, 96297, 98705, 98732, 98812, 100629, 101234, 102671, 104331, 104350, 105743, 106510, 107644, 107746, 107818, 108144, 108229, 108290, 108406, 108483, 108522, 108877, 109634, 109649, 109929, 109931, 109934, 110179, 110191, 110432, 110438, 110464, 110621, 110843, 112790, 112948, 112990, 112997, 113024, 113123, 113130, 113211, 113217, 113309, 113327, 113332, 113704, 113811, 113944, 114007, 114022, 114439, 114663, 114748, 115901, 116681, 117017, 117724, 117858, 119227, 119422, 119425, 119480, 119536, 119566, 119689, 120241, 120386, 120399, 120406, 120416, 120912, 120919, 121729, 122182, 122267, 122313, 122384, 122410, 122793, 123032, 123093, 123213, 123691, 123726, 123734, 123785, 124025, 124146, 124180, 124520, 124528, 124865, 124941, 125062, 125132, 125208, 125323, 125598, 126162, 126546, 126553, 126976, 126982, 127004, 127202, 127343, 127777, 127917, 127922, 128133, 128178, 128224, 128417, 128547, 129117, 129156, 129179, 129352, 129359, 129463, 129483, 129938, 130010, 130194, 132080, 132098, 132189, 132870, 133246, 133537, 133757, 133773, 133779, 134138, 134621, 134671, 134694, 134780, 134957, 134970, 135015, 135581, 135662, 136146, 136686, 140378, 140840, 143200, 143213, 143463, 145755, 145903, 146029, 146059, 146656, 147841, 147988, 148149, 148241, 148392, 148460, 148531, 148535, 148550, 148754, 148781, 149340, 149846, 150314, 150597, 150733, 150741, 150961, 151247, 151394, 151477, 151561, 151565, 152649, 152894, 152921, 153003, 153764, 154057, 154374, 154430, 154783, 154839, 154846, 154889, 155079, 155228, 155302, 155364, 155451, 155525, 155560, 155749, 155770, 155823, 155863, 155867, 156720, 156883, 157468, 157636, 157870, 157888, 158076, 158851, 158970, 159119, 160954, 161250, 161479, 161593, 162046, 162114, 162657, 162687, 163120, 163300, 164160, 164168, 164375, 164486, 164518, 164541, 164578, 164618, 164620, 165014, 165093, 165686, 166744, 166936, 166992, 167073, 167254, 167361, 167820, 167909, 169125, 169172, 169422, 169736, 169740, 170067, 170235, 171227, 171426, 171920, 171989, 172130, 172244, 172267, 173035, 173049, 173355, 173389, 173637, 173798, 173947, 173955, 174494, 174735, 174803, 175076, 175420, 175426, 175587, 176226, 176747, 176761, 176771, 177598, 177893, 177910, 178698, 178700, 179168, 179235, 179611, 180757, 180933, 181638, 181644, 181651, 181704, 181759, 182127, 182130, 182199, 182211, 182463, 182566, 182572, 182612, 182618, 182624, 182646, 182763, 182777, 182826, 182864, 182953, 185006, 185479, 185535, 185644, 185768, 187422, 188132, 188153, 188589, 188647, 188663, 189197, 190057, 190331, 190759, 191799, 192274, 192414, 192604, 192952, 193018, 193258, 193268, 193353, 194010, 194247, 194542, 196109, 196114, 196235, 196865, 196875, 197304, 197369, 197377, 197602, 197676, 199033, 199062, 199189, 199670, 199760, 199819, 199911, 200057, 200128, 200173, 200254, 200420, 200497, 200788, 200949, 201252, 201387, 201437, 201466, 201472, 201514, 201519, 201527, 201530, 201534, 201538, 201556, 201645, 201835, 201867, 201974, 202497, 203269, 204305, 204323, 204327, 204385, 204485, 204493, 204502, 204791, 204826, 204851, 204860, 204876, 204891, 204916, 204951, 205022, 205054, 205140, 205212, 205377, 205470, 205498, 206480, 206509, 206636, 207608, 207623, 207742, 207757, 208013, 208110, 208121, 208657, 209980, 210113, 210691, 210715, 210746, 210801, 210813, 210820, 210847, 211530, 211927, 214368, 214483, 214501, 214513, 214630, 215211, 215259, 215611, 215988, 216248, 217130, 217179, 217397, 217643, 218071, 218225, 218272, 218658, 220291, 220489, 221061, 221214, 221374, 221486, 221489, 221516, 221519, 221866, 222079, 222115, 222155, 222164, 222176, 222183, 222189, 222195, 222201, 222224, 223143, 223854, 223955, 223967, 224275, 224375, 224634, 224726, 224767, 226162, 226433, 227743, 228357, 228920, 228990, 228997, 229003, 229061, 231152, 231195, 231237, 231299, 232933, 232940, 233014, 233561, 235165, 235903, 235907, 236059, 236322, 236666, 236792, 236799, 237343, 237906, 238163, 238179, 238657, 241281, 242123, 244411, 244794, 245966, 246109, 246174, 246860, 247094, 247158, 247228, 247444, 247477, 247761, 247987, 248438, 249940, 250092, 250566, 250653, 250910, 250919, 251174, 254337, 254449, 254851, 255651, 255916, 257184, 257216, 257442, 257451, 258302, 258307, 258407, 258499, 258505, 258570, 258600, 258735, 259264, 259275, 259812, 260725, 261065, 261187, 261243, 262040, 262343, 262530, 262555, 262732, 263171, 263207, 263301, 264225, 264786, 264839, 264964, 265287, 265383, 265483, 265486, 265716, 265819, 265838, 267180, 267654, 267972, 268169, 268206, 268474, 268508, 268591, 268748, 269125, 269562, 269895, 269943, 270058, 270680, 270811, 271294, 271694, 271707, 271731, 271745, 271827, 273687, 273791, 274158, 274161, 274186, 274646, 275147, 275162, 275616, 275694, 275698, 275746, 275850, 275854, 276107, 276493, 277172, 277193, 278591, 278597, 279725, 280613, 280816, 280862, 280887, 281076, 281256, 281315, 281373, 281698, 281817, 282030, 282337, 282584, 284009, 284096, 284244, 285190, 285379, 285588, 285753, 286183, 286187, 286236, 286533, 287719, 287772, 288153, 288276, 288332, 288522, 288607, 289232, 289266, 289766, 290965, 290983, 291116, 291849, 291851, 291858, 292328, 293271, 293322, 293872, 294065, 294403, 294965, 294972, 295377, 295657, 295664, 295847, 295856, 295898, 296001, 296084, 296111, 296307, 296628, 296678, 296681, 296685, 296846, 296850, 297215, 297271, 297345, 297411, 297439, 297723, 297785, 297795, 297865, 297876, 297889, 298147, 298218, 298339, 298563, 298569, 299129, 299158, 299257, 299361, 299549, 299618, 299805, 300097, 300128, 300163, 300330, 300340, 300741, 300955, 301125, 301311, 301351, 301636, 301903, 301961, 301966, 302013, 302197, 302206, 302210, 302217, 302273, 302279, 302282, 302288, 302662, 302752, 303053, 303056, 303108, 303204, 303461, 303475, 303480, 303514, 303620, 303665, 303769, 304364, 304955, 305022, 305149, 305174, 305342, 305352, 305502, 305636, 305893, 305911, 306021, 306096, 306125, 306316, 306346, 306355, 306359, 306375, 306382, 306447, 306536, 306564, 306670, 306983, 307411, 307494, 307497, 307539, 307654, 307889, 307996, 308021, 308766, 308785, 308973, 309192, 309443, 310035, 310107, 310458, 310715, 310741, 311010, 311302, 311481, 311499, 311516, 311570, 311602, 311843, 312007, 312160, 312171, 312512, 312942, 312994, 313260, 313307, 313666, 313857, 313890, 313959, 313967, 314276, 314938, 315062, 315203, 315208, 315241, 315305, 315314, 315477, 315630, 315635, 315946, 315961, 316168, 316238, 316276, 316565, 316574, 316659, 316813, 316959, 317067, 317082, 317260, 317578, 317621, 317626, 317669, 317854, 318070, 318216, 318454, 318712, 318761, 319635, 319818, 319902, 319935, 319954, 320367, 320645, 320810, 320915, 321292, 321381, 321528, 321902, 321956, 322091, 322338, 322502, 322549, 322684, 322720, 322735, 322741, 322798, 322871, 322890, 322987, 323164, 323655, 323670, 324069, 324127, 324201, 324302, 324482, 324611, 324720, 324894, 325022, 325029, 325068, 325170, 325626, 325809, 325896, 326019, 326701, 326855, 327213, 327346, 328531, 328567, 328621, 328874, 329296, 329305, 329312, 329672, 329678, 329697, 330376, 330666, 330683, 330821, 331022, 331060, 331455, 331492, 332116, 332124, 332307, 332328, 332343, 332394, 332399, 332402, 332911, 333663, 333668, 333872, 333991, 334063, 334470, 334595, 334924, 335056, 335226, 335489, 335959, 336740, 337287, 337654, 337732, 338223, 338237, 338244, 338341, 338391, 338496, 338529, 339307, 339347, 339726, 340207, 340244, 340796, 340970, 340979, 340982, 340986, 341144, 341192, 341444, 341473, 341504, 341532, 341795, 341814, 341886, 341907, 341913, 341934, 342104, 342107, 342582, 342874, 343269, 343441, 343884, 344179, 344219, 344224, 344496, 344518, 344594, 344908, 344926, 344931, 344946, 345015, 345021, 345372, 345378, 345751, 345937, 347017, 347119, 347232, 347237, 347834, 347991, 348248, 348463, 348907, 351745, 351803, 353181, 353521, 353570, 353926, 354020, 354212, 354316, 354342, 354573, 354579, 354740, 355451, 356193, 356264, 356361, 358362, 359278, 359537, 359702, 359781, 360179, 360372, 360378, 360591, 360614, 360624, 361189, 361197, 361453, 361457, 361613, 361767, 362104, 362220, 362379, 362604, 362691, 362913, 362938, 362942, 363010, 363096, 363573, 363953, 363961, 363971, 363982, 363988, 363994, 364002, 364007, 364012, 364018, 364635, 364752, 364759, 364773, 364942, 365521, 365643, 366121, 366124, 366128, 366196, 366200, 366452, 366650, 366844, 366927, 366955, 366960, 366993, 367502, 367729, 367737, 367859, 368028, 368351, 368371, 368500, 368557, 369306, 369344, 369544, 369571, 369582, 369913, 369916, 369922, 370019, 370614, 370677, 370737, 370747, 370801, 370991, 371074, 371456, 371459, 371578, 371656, 371744, 372277, 372312, 372363, 372698, 373053, 373132, 373164, 373810, 374338, 374461, 374464, 374467, 374470, 374517, 374520, 374523, 374526, 374764, 374848, 375132, 375608, 375616, 375812, 375820, 375845, 375871, 376057, 376062, 376262, 376769, 376786, 376796, 376833, 377009, 377277, 377421, 377427, 377506, 377509, 377660, 378036, 378246, 378345, 378763, 379944, 380316, 380614, 380671, 380802, 381396, 381401, 381403, 381507, 381593, 382006, 382095, 382481, 382643, 382649, 382656, 382661, 383066, 383560, 383906, 383910, 384026, 384278, 384358, 384407, 384420, 384432, 384491, 384593, 385377, 385420, 385600, 385966, 386121, 386135, 386287, 386752, 387051, 387796, 387823, 388160, 388398, 389142, 389520, 389614, 389662, 389682, 389689, 390215, 390641, 390874, 391379, 391542, 391615, 391620, 392181, 392396, 392401, 392606, 392613, 392616, 392704, 392993, 393210, 393451, 393579, 393905, 393956, 394128, 394281, 394525, 395065, 395241, 395382, 395576, 395624, 395676, 396267, 396272, 396312, 396468, 396533, 396585, 396656, 397104, 397107, 397110, 397113, 397119, 397582, 398124, 398578, 399198, 399206, 399406, 399481, 399631, 399809, 400098, 400277, 400313, 400539, 400608, 400755, 400824, 401256, 401422, 401563, 401635, 401649, 401653, 401800, 402051, 402455, 402582, 402588, 402605, 402943, 403105, 403674, 403789, 404084, 404140, 404144, 405069, 405131, 405577, 405597, 405729, 405780, 406038, 406199, 406236, 406695, 406854, 407335, 407598, 407688, 407727, 407829, 408291, 408294, 408298, 408610, 408679, 409565, 409932, 410022, 410054, 410839, 410894, 411014, 411133, 411154, 411524, 411561, 411682, 412047, 412549, 412675, 412811, 413158, 413163, 413708, 413779, 415023, 415026, 415235, 415273, 415937, 415973, 415976, 415981, 417513, 417743, 417875, 417904, 417918, 419231, 419376, 419395, 419403, 419794, 419936, 419939, 420971, 421339, 421455, 421788, 421972, 422194, 422237, 422241, 422244, 422247, 422250, 422253, 422256, 422259, 422262, 422265, 422268, 422271, 422274, 422437, 422442, 422566, 422573, 422581, 422685, 422715, 422717, 422920, 422992, 423644, 423694, 424120, 424230, 424604, 424611, 424616, 424620, 424625, 424633, 424642, 424646, 424650, 424666, 424674, 424690, 424797, 425204, 425236, 425524, 425770, 425779, 425893, 426016, 426131, 426209, 426212, 426347, 426441, 426678, 427012, 427025, 427055, 427618, 427736, 428267, 428277, 428305, 428948, 429143, 429207, 429218, 429243, 429742, 429826, 430015, 430133, 430397, 430443, 430565, 430686, 430698, 430766, 430780, 430798, 431275, 431483, 431531, 431553, 431641, 431710, 431721, 431731, 431740, 431818, 431873, 432071, 432075, 432428, 432501, 432523, 432533, 432557, 432614, 432871, 432891, 432925, 432975, 432985, 432992, 433004, 433025, 433090, 433096, 433200, 433256, 433337, 433342, 433509, 433514, 433607, 433829, 434204, 434262, 434316, 434336, 434391, 434679, 435049, 435128, 435232, 435450, 435493, 435647, 435703, 435781, 435814, 436332, 436501, 436505, 436588, 436985, 437068, 437081, 437160, 437208, 437257, 437315, 437323, 437587, 437678, 437764, 437783, 437844, 438505, 438569, 439516, 439524, 439608, 439769, 439828, 439893, 439928, 439951, 439976, 440142, 440150, 440616, 440944, 441065, 441231, 442221, 442224, 442234, 442238, 442625, 442668, 442891, 443127, 443150, 443182, 443206, 443389, 443403, 443515, 443572, 443588, 443620, 443649, 443662, 443693, 443706, 443712, 443739, 443821, 443913, 444365, 444405, 444411, 444492, 444552, 444702, 444711, 444718, 444735, 444780, 444849, 444930, 444936, 445051, 445057, 445328, 445435, 445467, 445481, 445508, 445568, 445589, 445605, 445753, 445950, 446022, 446115, 446395, 446410, 446792, 446811, 447081, 447176, 447262, 447391, 447494, 447598, 447740, 447803, 447823, 448235, 448376, 448512, 448760, 449073, 449110, 449127, 449442, 449449, 449462, 449479, 449552, 449632, 450088, 450280, 450301, 450332, 450348, 450495, 450788, 450876, 451242, 451250, 451434, 451453, 451473, 452480, 452501, 452540, 452670, 452679, 452857, 452956, 453179, 453237, 453273, 453279, 453327, 453367, 453387, 453517, 453533, 453682, 454148, 454157, 454264, 454396, 454405, 454466, 454469, 454473, 454559, 454585, 454618, 454881, 454969, 455062, 455148, 455255, 455296, 455310, 455368, 455696, 455723, 455956, 456060, 456137, 456203, 456361, 457202, 457210, 457236, 457821, 458066, 458134, 458305, 458397, 458456, 458469, 458581, 458961, 458978, 458986, 459845, 459851, 459860, 459910, 460963, 461007, 462510, 462919, 463360, 463374, 463494, 463843, 464654, 464846, 465039, 465313, 465422, 465534, 465647, 465929, 466900, 467120, 467290, 467445, 467473, 467514, 467562, 468037, 468404, 468488, 468642, 469136, 469168, 469183, 469193, 469219, 469224, 469331, 469497, 469501, 469656, 469817, 469875, 469878, 470036, 470689, 470800, 471318, 471550, 471570, 471824, 471873, 471887, 472081, 472302, 472544, 472947, 472955, 473114, 473281, 473735, 473779, 473834, 474141, 474169, 474664, 474753, 474789, 474837, 475328, 475556, 475706, 475950, 476303, 476447, 476464, 476470, 476959, 476984, 476988, 477164, 477220, 477837, 477948, 478041, 478116, 478354, 478439, 478552, 478636, 478756, 478763, 478770, 478941, 478975, 479111, 479153, 479541, 479547, 479732, 479916, 480194, 480380, 480385, 480497, 480618, 480681, 480726, 480774, 480917, 481194, 481306, 481321, 481328, 481355, 481628, 481635, 481659, 481667, 481682, 481796, 481842, 482072, 482460, 482613, 482913, 483466, 483479, 483828, 483911, 484079, 484133, 484240, 484956, 485023, 485355, 485539, 485761, 485798, 485818, 485838, 486114, 486141, 486428, 486521, 486525, 486554, 486980, 487124, 487370, 487460, 487463, 487493, 487776, 487868, 487877, 488362, 488384, 488415, 488862, 488900, 488904, 488908, 488912, 488917, 488921, 488929, 488932, 488935, 489380, 489741, 489780, 489993, 490261, 490455, 490462, 490556, 490634, 490650, 490659, 490668, 490835, 490842, 491084, 491152, 491306, 491371, 491429, 491435, 492572, 492575, 492768, 492955, 493365, 493505, 493509, 493626, 493776, 493781, 493794, 494088, 494233, 494484, 494639, 494693, 494898, 495153, 495177, 495963, 497397, 497632, 499074, 499789, 499805, 499814, 499837, 499854, 500895, 501427, 501700, 502450, 502511, 502782, 503476, 506098, 508096, 508627, 508860, 510507, 510670, 510952, 510961, 510992, 511096, 511105, 512457, 512860, 514519, 514545, 514651, 515223, 515700, 517100, 519126, 519343, 519804, 519952, 519966, 520648, 520692, 521170, 521190, 522655, 522870, 523042, 523215, 523529, 523600, 524965, 524974, 526765, 527165, 527256, 528250, 528682, 529015, 529478, 529791, 530046, 530676, 531381, 531911, 532305, 532393, 532617, 532887, 533633, 533643, 533658, 534764, 535601, 536584, 537130, 538208, 538227, 538897, 538946, 540047, 543070, 543379, 544486, 544628, 544668, 544767, 545055, 545629, 545917, 545962, 546120, 546565, 547086, 547165, 547729, 548253, 549055, 549586, 549602, 549644, 549942, 551417, 555912, 557596, 558585, 561644, 562939, 562975, 564592, 564968, 565023, 565240, 565733, 565875, 566347, 566982, 567277, 567282, 567649, 568151, 569306, 569339, 569659, 569798, 571143, 571175, 571968, 572202, 572555, 572919, 572927, 573216, 573782, 574796, 574925, 575145, 575818, 576976, 577524, 577658, 578352, 579730, 580118, 581355, 582603, 583422, 583474, 585192, 585845, 586086, 586090, 586575, 586708, 586720, 588758, 589050, 589056, 589810, 590258, 590290, 591207, 591886, 592835, 594617, 594628, 595247, 595626, 596845, 597994, 598744, 599267, 599481, 600039, 600438, 600467, 601433, 601754, 602836, 603078, 604973, 605867, 606604, 607332, 607525, 608295, 608805, 608964, 609122, 610847, 611944, 612589, 612592, 614723, 619525, 619705, 620356, 622113, 624173, 624603, 624845, 626820, 627032, 627567, 627648, 628450, 629194, 631173, 631763, 632438, 632590, 632765, 632773, 632806, 632830, 633081, 633110, 633475, 633652, 634368, 634602, 634686, 634766, 634773, 634939, 635384, 635411, 635474, 635478, 635574, 635578, 635881, 635924, 635931, 636048, 636176, 636213, 636582, 636601, 636607, 636768, 637384, 637799, 637811, 637821, 637831, 637845, 637869, 637946, 637992, 638034, 638181, 638235, 638293, 638330, 638373, 638648, 639338, 639584, 639640, 639842, 639909, 639936, 639976, 640370]
11,26,[387, 804, 949, 1006, 3994, 4930, 4946, 5090, 5926, 8410, 8427, 11085, 11592, 12468, 12580, 12762, 12946, 13217, 14590, 15294, 16674, 17916, 19002, 20568, 20612, 20747]
12,15,[718, 1373, 2229, 2284, 3098, 3185, 7425, 9118, 15839, 16646, 19214, 22080, 22308, 22720, 22803]
14,16,[752, 11565, 34330, 39269, 51950, 55375, 63801, 70670, 84777, 98465, 98482, 103203, 157772, 175623, 179418, 188356]
15,566,[819, 1595, 1677, 3011, 3251, 3434, 3551, 3565, 3889, 3903, 3954, 3992, 4252, 4547, 5056, 5681, 6437, 6447, 6484, 6883, 6958, 7375, 7461, 7499, 7648, 7814, 8126, 8237, 8719, 8980, 9586, 10656, 11304, 11375, 11399, 12542, 12823, 12985, 12993, 13136, 13255, 13642, 13731, 13989, 14224, 14593, 15007, 15531, 15572, 16392, 16399, 16467, 16521, 16593, 16685, 16792, 17049, 17055, 17171, 17237, 17288, 17364, 18051, 18120, 18264, 18380, 19203, 19658, 19995, 20249, 20421, 20450, 20730, 21040, 21048, 21179, 21753, 21967, 22435, 22538, 23145, 23186, 23195, 23250, 23283, 23302, 23677, 25295, 25444, 25969, 26128, 27892, 28343, 28348, 28955, 29092, 29631, 29856, 29870, 30520, 31037, 31300, 31450, 31529, 31810, 31944, 32053, 32351, 32366, 32443, 32545, 32621, 32711, 32854, 32972, 33546, 33854, 34236, 34456, 34687, 34984, 35668, 35792, 35864, 36112, 36491, 37013, 38249, 38779, 38984, 39023, 39116, 39172, 39319, 39435, 39439, 39451, 39657, 39803, 40101, 40759, 41367, 41707, 42148, 42235, 42643, 42790, 42987, 42995, 43178, 43248, 43281, 43374, 43514, 44608, 44794, 45339, 45547, 45716, 45720, 45861, 46494, 46708, 46736, 47741, 47976, 48190, 48347, 48355, 48472, 48588, 48890, 49270, 49296, 49417, 49719, 49834, 50117, 50142, 50381, 51400, 52269, 52493, 53125, 53285, 54876, 55714, 56141, 56511, 56543, 56898, 56927, 57309, 58301, 58389, 58404, 58566, 59290, 59627, 59978, 60029, 60445, 60481, 60916, 60944, 61087, 61402, 61775, 62459, 62519, 62755, 63135, 63452, 63542, 63546, 63571, 63659, 63722, 63812, 63960, 64072, 64329, 64376, 64383, 64856, 65233, 65556, 66221, 67001, 67063, 67209, 67638, 68231, 68285, 68327, 68389, 68395, 68548, 68561, 69035, 69406, 69505, 69887, 70096, 70189, 70631, 70761, 72140, 72276, 72356, 73713, 74164, 74649, 75131, 75166, 75249, 75650, 76649, 76981, 77367, 77673, 77854, 77963, 78440, 78473, 78591, 78867, 78931, 78948, 79172, 79725, 79767, 79774, 79805, 80690, 80732, 81115, 81403, 82173, 82876, 83124, 83143, 83223, 83448, 83790, 84414, 84434, 84704, 84809, 85122, 85252, 85256, 85262, 85447, 85740, 85803, 86917, 86990, 88017, 88826, 88879, 89753, 90024, 90050, 90332, 91654, 91667, 91731, 91787, 92409, 92441, 92595, 92889, 93293, 93412, 94169, 94526, 94739, 94752, 94804, 95384, 95439, 95651, 95976, 96107, 96298, 96476, 96933, 97080, 97428, 97603, 97874, 97943, 98212, 98294, 98341, 98382, 98464, 98472, 98807, 98875, 100026, 100103, 101651, 102351, 102437, 102727, 102811, 102931, 103328, 104302, 104541, 104817, 105385, 105794, 105828, 106243, 106443, 106693, 108015, 108773, 109131, 109879, 109950, 110396, 110590, 110656, 110872, 111222, 112750, 112908, 113214, 113788, 113813, 113918, 114893, 115022, 115718, 115806, 116719, 116846, 116861, 117112, 117434, 117729, 117864, 117882, 117893, 118686, 119179, 119255, 119616, 120048, 120458, 120473, 120559, 120979, 121070, 121704, 121919, 122781, 122804, 122820, 123299, 123930, 124126, 124755, 125435, 125821, 126595, 126602, 127048, 127257, 127370, 127980, 128609, 129407, 130294, 130356, 130701, 130965, 131460, 132981, 133030, 133773, 133791, 135129, 136350, 136799, 136896, 136905, 136981, 137038, 137277, 138003, 138055, 138062, 138228, 138499, 139276, 139461, 139534, 139694, 139811, 139841, 139933, 139945, 139981, 139992, 140008, 140087, 140113, 140237, 140604, 140962, 141331, 141376, 141471, 141495, 141966, 142256, 142434, 142478, 142548, 144926, 145221, 145559, 145734, 146302, 146336, 146371, 146375, 146779, 147087, 147504, 147611, 147954, 148007, 148220, 148320, 148815, 149038, 149267, 149877, 150579, 150840, 150848, 150862, 151231, 151408, 151785, 151796, 151985, 153269, 153475, 154773, 155037, 155488, 155917, 156100, 156449, 156748, 156784, 156854, 158090, 158755, 159339, 160605, 160706, 160879, 160914, 160920, 160925, 160929, 161103, 161268, 161325, 161364, 161437, 161456, 161623, 161883, 161895, 161909, 161964, 162232, 162445, 162471, 162549, 162654, 163357, 163604, 163776, 164953, 165382, 165413, 165803, 166079, 166165, 166734, 167067, 167639, 168545, 169045, 169053, 169278, 169620, 169982, 170134, 170408, 170437, 170798, 170851, 170879, 171325, 171679, 171714, 171819, 171882, 172510, 172556, 172614, 172719, 172839, 172981, 173037]
16,33,[3722, 4039, 9182, 9328, 12289, 12504, 12511, 12962, 13165, 13450, 16062, 17925, 18015, 20571, 21049, 21065, 21139, 21548, 22731, 23838, 24666, 25270, 25984, 27400, 28111, 30833, 31152, 31914, 31994, 32486, 32495, 34807, 34998]
17,1079,[8, 308, 954, 988, 1024, 1086, 1321, 2270, 2448, 2472, 2788, 3469, 3536, 3646, 3800, 4305, 4396, 4635, 4677, 5266, 5368, 6503, 6519, 6530, 6584, 6688, 7053, 7083, 7438, 7715, 8082, 8165, 8288, 8681, 9068, 9359, 9392, 9398, 9422, 9431, 9444, 9455, 9477, 9547, 9551, 9574, 9696, 10047, 10412, 10495, 10765, 10869, 11124, 11166, 11183, 11192, 11221, 11251, 11259, 11268, 11299, 11346, 11368, 13178, 13690, 13712, 13763, 13827, 14050, 14250, 14255, 15376, 15856, 15888, 16016, 16047, 16668, 16723, 16739, 16763, 16855, 17064, 17125, 17198, 17204, 17232, 17270, 17292, 17322, 17361, 17446, 17576, 17774, 18043, 18069, 18254, 18568, 19145, 19199, 19382, 19529, 19596, 19627, 19671, 19755, 19777, 19843, 19890, 20043, 20061, 20196, 20278, 20698, 20825, 21076, 21107, 21231, 21444, 21456, 21489, 21605, 21903, 21955, 21972, 22542, 22589, 22991, 24119, 24205, 24226, 24237, 24505, 24515, 24520, 24533, 24567, 24641, 24701, 24711, 25135, 25296, 25361, 25421, 25493, 25651, 25700, 25756, 25853, 25879, 25902, 25931, 26217, 26370, 27146, 27160, 27311, 27786, 27871, 27938, 28573, 28671, 28691, 28861, 29403, 29492, 29778, 29820, 29919, 29935, 30230, 30245, 30952, 30956, 30960, 30966, 30983, 30995, 31001, 31007, 31012, 31020, 31024, 31029, 31034, 31041, 31047, 31100, 31158, 31422, 31680, 31795, 31802, 31816, 31991, 32559, 32681, 33168, 33171, 33175, 33240, 33244, 33503, 33699, 33895, 33974, 34000, 34005, 34038, 34546, 34550, 34776, 34784, 34905, 35076, 35398, 35418, 35551, 35610, 35643, 36395, 36433, 36638, 36665, 36676, 36902, 37242, 38371, 38984, 39476, 39483, 39488, 39641, 39849, 41447, 41456, 41496, 41499, 41842, 41899, 41924, 42544, 42584, 42814, 43076, 43205, 43518, 43547, 43698, 44502, 44515, 44552, 44589, 44594, 44735, 45000, 45008, 45032, 45040, 45310, 45457, 46180, 46202, 46303, 46531, 46620, 46629, 46690, 46699, 46707, 46710, 46722, 46751, 46769, 47012, 47051, 47321, 47349, 47371, 51405, 51594, 51839, 52132, 52456, 52674, 52973, 53063, 53261, 53328, 53379, 53481, 53704, 54152, 54622, 54673, 54893, 55582, 55899, 56548, 57003, 57212, 57944, 58295, 58589, 58673, 59258, 59325, 59386, 59981, 60107, 60167, 60448, 61611, 61686, 61725, 61732, 61759, 62696, 63078, 63137, 63173, 63382, 63552, 63563, 63711, 63846, 64087, 64111, 64297, 64458, 64487, 64572, 64632, 64635, 64672, 64695, 65056, 65328, 65548, 65565, 65789, 65980, 66236, 66325, 66515, 66652, 67023, 67032, 67163, 67587, 67802, 67812, 67828, 67858, 68656, 69079, 69241, 69639, 69690, 69711, 69747, 70106, 70531, 70548, 70595, 71163, 71497, 71593, 72155, 72340, 72663, 73122, 73735, 74986, 75030, 75109, 75118, 75158, 75283, 75741, 75805, 75844, 76147, 76174, 76293, 76723, 77338, 77538, 78235, 78652, 78798, 79008, 79099, 79117, 79218, 79224, 79236, 79304, 79699, 79902, 79999, 80099, 80124, 80179, 80240, 80436, 80540, 81213, 81261, 81419, 81615, 81845, 81944, 81961, 82426, 82489, 82763, 82851, 83308, 83422, 83428, 83469, 83472, 83539, 83560, 83643, 83650, 83656, 83711, 83718, 83737, 83819, 83829, 83841, 83875, 84145, 84393, 84396, 84557, 84681, 85458, 85482, 85554, 85913, 86736, 86742, 86804, 87300, 87648, 87810, 87874, 87886, 87902, 87946, 88496, 88499, 88505, 88784, 88818, 88930, 90076, 90683, 90785, 91020, 91157, 91405, 91433, 91679, 92713, 93590, 93958, 94337, 94419, 94479, 94813, 94948, 95022, 95306, 95580, 95906, 96118, 96219, 96276, 96465, 96469, 96669, 96678, 96729, 96784, 97127, 97245, 97592, 97852, 97975, 98377, 98631, 98936, 98938, 98982, 99996, 100852, 101160, 101165, 101197, 101344, 101701, 101728, 101788, 101892, 101969, 102007, 102009, 102036, 102123, 102191, 102401, 102463, 102641, 103211, 103344, 105137, 105145, 105340, 105414, 105776, 106104, 106613, 106716, 106776, 107574, 107729, 107936, 107968, 108476, 108586, 108625, 109117, 109134, 109431, 109437, 109444, 109468, 109493, 109496, 110128, 110793, 110808, 110819, 111216, 111416, 112232, 112983, 113354, 113661, 113756, 113960, 114099, 114111, 114169, 114456, 114787, 114790, 114793, 114909, 115013, 115084, 115148, 115160, 115354, 116021, 116586, 117022, 117087, 117176, 117306, 117448, 117461, 117505, 117836, 117844, 118392, 118426, 119336, 119608, 119709, 119740, 120061, 120101, 120993, 121001, 121116, 121129, 121296, 122404, 122470, 122481, 122535, 123286, 123645, 124010, 124534, 124624, 124862, 125205, 125326, 126086, 126431, 126598, 126631, 126947, 127032, 127404, 127618, 127717, 127775, 127852, 128092, 128559, 128567, 129158, 129204, 129222, 129277, 129328, 129415, 129426, 129459, 129475, 129557, 130141, 130598, 130689, 132010, 132658, 132705, 132897, 133417, 133690, 133715, 133724, 133749, 134055, 134313, 134454, 134567, 134637, 134873, 134960, 135271, 135870, 136420, 136847, 137049, 137066, 137228, 137250, 137262, 137267, 137645, 137746, 138070, 138169, 138911, 139109, 139123, 139350, 139356, 140110, 140116, 141119, 141178, 141185, 141213, 141239, 141430, 141768, 141924, 141932, 142089, 142111, 142134, 142245, 142574, 142586, 142872, 143354, 143396, 143406, 143830, 144184, 144299, 145561, 145711, 145735, 145808, 145849, 146017, 146160, 146217, 146371, 146495, 147285, 147784, 148037, 148084, 148161, 148514, 148623, 148807, 149037, 149635, 149705, 150144, 150508, 150741, 151752, 151848, 152084, 152387, 152443, 152478, 152777, 153234, 153849, 154167, 154208, 154226, 154570, 154629, 154746, 154943, 155247, 155993, 156070, 156622, 156635, 156808, 156941, 157170, 157290, 157316, 157355, 157428, 157477, 157595, 157942, 158030, 158157, 158269, 158291, 158298, 158338, 158417, 158426, 159065, 159077, 159859, 159895, 159910, 159925, 160166, 160487, 160606, 160844, 161146, 161279, 161589, 161740, 161885, 162249, 162502, 162861, 162935, 163335, 163348, 163467, 163476, 163552, 163637, 163642, 163980, 164538, 164763, 164845, 164902, 164945, 165103, 165141, 165150, 165745, 165940, 166002, 166012, 166448, 166453, 166627, 166682, 166733, 166738, 167149, 167396, 167781, 168730, 168838, 168929, 169250, 169371, 169381, 169601, 169966, 169982, 170061, 170191, 170510, 170580, 170609, 170778, 170782, 171648, 171877, 172782, 172887, 172989, 173596, 173959, 174155, 174172, 174241, 174254, 174332, 174384, 174502, 174944, 174948, 175665, 175814, 175872, 176181, 176261, 176988, 176991, 177021, 177025, 177044, 178425, 178546, 179198, 179214, 179223, 179246, 179263, 180018, 180130, 180180, 180613, 180693, 180756, 180907, 180954, 180965, 180993, 181337, 181629, 181643, 181648, 181666, 181973, 182576, 182732, 182819, 182830, 182843, 183068, 183077, 183106, 183246, 183426, 183434, 183675, 183799, 183894, 183901, 184120, 184125, 184169, 184450, 185152, 185312, 185315, 185404, 186172, 186782, 187061, 187301, 187785, 187803, 187831, 187873, 187882, 187893, 187910, 187924, 187928, 187932, 188021, 188030, 188544, 189058, 189112, 189264, 189643, 189664, 189701, 190281, 190873, 190887, 190920, 190964, 191018, 191191, 191384, 192279, 192322, 192485, 192585, 192652, 193037, 193137, 193151, 193277, 194328, 194569, 195017, 195039, 195055, 195294, 195698, 196162, 196407, 196421, 196574, 196818, 197065, 197210, 197254, 197896, 197998, 198175, 198273, 198294, 198464, 198762, 199576, 199663, 199917, 199985, 200049, 200157, 200283, 200413, 200612, 200646, 200654, 200736, 200839, 200891, 200909, 200972, 201041, 201050, 201220, 201339, 201480, 201550, 201589, 201830, 202477, 202556, 202970, 203046, 203398, 203464, 203478, 203505, 203575, 203597, 203696, 203703, 203716, 203726, 203761, 203851, 204204, 204463, 204487, 204660, 204778, 204816, 205166, 205170, 205706, 205757, 205770, 205825, 205828, 205930, 206132, 206162, 206186, 206544, 206576, 206772, 206832, 206899, 206916, 206928, 207085, 207237, 207297, 208425, 208430, 208446, 208458, 208509, 209287, 210264, 210299, 210361, 210433, 210667, 210685, 210791, 211014, 211039, 211120, 211172, 211194, 211211, 211214, 211221, 211231, 211380, 211434, 211505, 211518, 211524, 211540, 211604, 211799, 211816, 211822, 211852, 212000, 212063, 212394, 212467, 212540, 212809, 212842, 212883, 213063, 213088, 213330, 213354, 213436, 213593, 213762, 213784, 213829, 214511, 214531, 214665, 214752, 215045, 215399, 216531, 216539, 216845, 216866, 217804]
18,393,[915, 1106, 1218, 1308, 1396, 1706, 2146, 7224, 7569, 7919, 8202, 8824, 9020, 9078, 9524, 9955, 10121, 10137, 10139, 10144, 10148, 10440, 11083, 11716, 11796, 12677, 12934, 13360, 13643, 16343, 16374, 16749, 16753, 16800, 17511, 17938, 18166, 18316, 18979, 19176, 19225, 19357, 19705, 19851, 22300, 22810, 22834, 23295, 23721, 23742, 23799, 23817, 24196, 24325, 24714, 24880, 25136, 25267, 25348, 25526, 26184, 26194, 26203, 26309, 26505, 26699, 27330, 31017, 32208, 32299, 32736, 32861, 32931, 33045, 33376, 33684, 33767, 33887, 34171, 34406, 34501, 34632, 34671, 34878, 35557, 35702, 35750, 36054, 36248, 36431, 36555, 36895, 37028, 37083, 37408, 37512, 37682, 37852, 38038, 38166, 38456, 39021, 39264, 40662, 40828, 41262, 41470, 41952, 42123, 42227, 42805, 42924, 43159, 43677, 43783, 43859, 44861, 44866, 45132, 45327, 45450, 45736, 45931, 45960, 45973, 46047, 46516, 46569, 46890, 46926, 46946, 46997, 47009, 47015, 47459, 47555, 47587, 47593, 47702, 47740, 47977, 48120, 48578, 48623, 48747, 48799, 48809, 48836, 48847, 48920, 48928, 49006, 49631, 49901, 50210, 50634, 50686, 50850, 50856, 50943, 50981, 50988, 51336, 51599, 51924, 51929, 52197, 52243, 52309, 52343, 52383, 52879, 53104, 53232, 53436, 53448, 53482, 53563, 54225, 54340, 54435, 54735, 55092, 55494, 55680, 55941, 56103, 56951, 57505, 59342, 60476, 60859, 61605, 70451, 70461, 84702, 90525, 90836, 97653, 98191, 98231, 99766, 99838, 100005, 100017, 100072, 100161, 100294, 100323, 101077, 101678, 101717, 108146, 108172, 108235, 108461, 108685, 108803, 108890, 108928, 109171, 109215, 109371, 109390, 109414, 109928, 110138, 110355, 110359, 110471, 110515, 110833, 110837, 111010, 111289, 111374, 111399, 111934, 112084, 112717, 112770, 113430, 113586, 113645, 113653, 113688, 113705, 114160, 114332, 114394, 114550, 114819, 115227, 116601, 116676, 117096, 117269, 117860, 117881, 118993, 119068, 119488, 119661, 120252, 120273, 120921, 121370, 121400, 122079, 122424, 123074, 123077, 123166, 123653, 123698, 123726, 123759, 123877, 123907, 123966, 123975, 123994, 124031, 124312, 124503, 124907, 125228, 125451, 125767, 125987, 126028, 126040, 126329, 126804, 127588, 127884, 127994, 128165, 128275, 128470, 128480, 128529, 128940, 128965, 129140, 129334, 129342, 129351, 129474, 129556, 129655, 129672, 130190, 130200, 130898, 131341, 131344, 131674, 131813, 132077, 132200, 132240, 132702, 133055, 133348, 133737, 133933, 134081, 134136, 134701, 134957, 135644, 135775, 135783, 135950, 136011, 136458, 136551, 136559, 136775, 136875, 137226, 137816, 137824, 138434, 138473, 138875, 138888, 140114, 140155, 140295, 140590, 140674, 140804, 140874, 140884, 140901, 141224, 141264, 141466, 141791, 141863, 142626, 142860, 142881, 142964, 143636, 143708, 143999, 144369, 144768, 145205, 145468, 145758, 145943, 145990, 146098, 146465, 146524, 146898, 146927, 147164, 147577, 147688, 147742, 147790, 147986, 148323, 148515, 148559, 148609, 148900, 148997]
19,113,[345, 1036, 1050, 1068, 1322, 1332, 1597, 1695, 1842, 1958, 2283, 2382, 2696, 2744, 2791, 2797, 2805, 2811, 3016, 3028, 3046, 3095, 3153, 3477, 3650, 3882, 4252, 4363, 4584, 4613, 4876, 5103, 5203, 5247, 5273, 5393, 5594, 6474, 6665, 6720, 6799, 6966, 7069, 7429, 8179, 8269, 8946, 9104, 9310, 9383, 9439, 9720, 9726, 9737, 9932, 10111, 10204, 10477, 10520, 10635, 10637, 10731, 10800, 10852, 11174, 11203, 11674, 11776, 12179, 12620, 12704, 12798, 12859, 13521, 13698, 15029, 15625, 15699, 15727, 16508, 16602, 17637, 17933, 17942, 19470, 20091, 20239, 20267, 20279, 20357, 20778, 20799, 22653, 22667, 22764, 23257, 23361, 23526, 23866, 24185, 24212, 24491, 24729, 25040, 25057, 25082, 25289, 25551, 25770, 26372, 27095, 27191, 27308]
20,30,[2072, 5998, 8175, 11126, 11143, 12031, 12889, 14176, 16307, 17625, 18921, 26355, 32556, 32602, 32838, 36028, 36171, 39696, 42551, 49496, 50699, 51388, 51418, 51687, 54180, 56029, 62460, 62895, 64318, 65187]
21,95,[4023, 4251, 5580, 5653, 5831, 5882, 6588, 6750, 7074, 7871, 7898, 8716, 8955, 9013, 9425, 9436, 9768, 9964, 9973, 10047, 11765, 11996, 12426, 12459, 13097, 13343, 13634, 13813, 14538, 15224, 15740, 16036, 16128, 16897, 17380, 17409, 17579, 18170, 18209, 18357, 18445, 18695, 18763, 18879, 19542, 20230, 20795, 21190, 21399, 21455, 21731, 22689, 24029, 24304, 24338, 24484, 24937, 25083, 25256, 25414, 25440, 26930, 27262, 27523, 28113, 28148, 28328, 28723, 28760, 28874, 28894, 28933, 29163, 29432, 29919, 30219, 30232, 30242, 31145, 31534, 31887, 31895, 31919, 31980, 32237, 32426, 32755, 33001, 33016, 33165, 33464, 33574, 33583, 33626, 34426]
22,416,[1732, 1750, 1884, 3548, 4882, 5176, 5178, 5542, 8989, 9431, 10095, 10469, 13401, 13656, 14110, 15295, 15413, 15416, 15579, 15588, 15620, 15858, 15870, 16133, 17291, 17976, 19132, 20799, 20801, 20803, 20805, 20825, 20903, 21087, 23213, 23237, 23254, 23256, 24165, 24168, 24172, 25078, 27580, 27582, 27593, 27620, 27642, 27644, 27720, 34424, 38604, 38956, 38962, 39234, 39455, 39517, 39701, 39703, 39705, 39707, 39709, 39711, 39713, 40033, 40035, 41067, 41069, 41071, 41073, 41543, 41546, 41591, 46730, 53115, 53119, 54457, 54472, 54736, 54745, 54750, 54755, 54758, 57004, 57032, 57036, 57078, 57082, 57857, 57861, 57895, 58776, 58779, 58835, 58837, 58992, 58996, 59000, 59659, 59949, 59991, 60169, 61585, 61604, 62415, 62417, 62813, 62982, 63197, 63636, 64016, 64018, 64051, 64848, 64971, 65038, 65092, 65094, 65096, 65098, 65100, 65102, 65477, 65729, 65731, 65733, 65737, 65739, 65741, 65743, 65745, 65747, 65820, 65888, 66030, 66032, 66168, 66374, 67469, 67472, 70202, 70205, 70207, 70884, 71028, 71030, 71043, 71046, 71049, 71052, 71055, 71058, 71080, 71083, 73385, 73388, 73392, 73396, 73405, 73510, 73687, 75361, 76268, 76272, 76372, 76374, 76396, 76479, 76526, 76844, 76848, 77896, 77938, 78231, 78419, 78421, 78423, 78425, 78429, 78431, 78454, 78516, 78521, 78569, 81160, 81841, 81845, 82854, 84394, 84397, 84400, 84403, 84406, 85202, 85360, 85376, 85887, 86244, 86333, 86339, 86343, 86421, 86423, 86425, 86798, 87207, 87511, 87558, 88138, 88141, 88581, 88583, 88585, 88622, 88631, 88645, 88734, 89079, 89419, 89456, 89937, 90524, 90876, 90878, 91262, 91996, 92063, 92708, 93008, 94552, 94554, 94557, 94559, 96482, 96484, 98176, 98556, 100387, 100390, 100574, 100588, 100892, 101137, 102588, 103157, 104245, 105671, 105719, 105884, 106546, 107161, 107527, 107529, 107704, 109117, 109119, 109165, 109202, 109204, 109227, 109272, 109287, 109699, 109820, 109839, 110403, 113065, 113470, 114207, 114551, 115631, 115639, 115642, 115670, 115672, 115675, 115678, 115967, 116394, 116414, 117025, 117027, 117030, 117033, 117420, 117422, 117424, 117856, 118910, 119275, 119458, 119802, 119891, 120074, 120614, 120616, 120618, 122030, 122048, 122052, 122530, 122532, 122536, 122573, 124427, 125010, 125614, 125734, 126373, 126645, 127111, 128258, 129724, 129846, 130417, 130421, 130425, 131734, 132157, 134228, 134420, 136549, 136552, 136784, 136788, 136792, 136860, 136864, 136869, 137451, 137469, 137962, 138011, 138106, 139038, 139042, 139045, 139053, 139060, 139064, 139260, 139262, 139264, 141090, 141093, 141096, 141099, 141125, 141143, 141210, 142059, 142957, 142961, 143757, 144691, 144954, 144958, 144962, 145322, 145362, 145609, 145624, 145627, 145630, 145998, 146003, 146108, 147378, 147447, 147450, 147455, 147676, 148558, 148560, 149449, 149871, 149980, 149982, 150089, 150100, 150103, 150112, 150501, 150514, 150553, 150557, 150575, 150751, 150753, 150952, 151121, 151227, 151304, 151389, 151393, 151395, 151397, 151999, 152022, 152052, 152055, 152129, 152219, 152221, 152229, 152385, 152401, 152451, 152453, 152522, 152524, 152690, 152975, 153184, 158039, 158248, 158911]
23,118,[319, 693, 1490, 1500, 1602, 2171, 2202, 4561, 4922, 4949, 5090, 5166, 5246, 6122, 6629, 6804, 6946, 7014, 7192, 7199, 7281, 7890, 7904, 8278, 8419, 8479, 8523, 9159, 9295, 10057, 10069, 10338, 10946, 11059, 11074, 11388, 11742, 11890, 12216, 12260, 12537, 12831, 13303, 13561, 13585, 14300, 14304, 14732, 15035, 15116, 15209, 15451, 15505, 15688, 15741, 15873, 16140, 16454, 16824, 16833, 16949, 17308, 17443, 18135, 18903, 18915, 19276, 19379, 19848, 19974, 20174, 21333, 22130, 22156, 22171, 22224, 22303, 22336, 22400, 22408, 22778, 23068, 23241, 23806, 24475, 24591, 24632, 24643, 24910, 25381, 25431, 25715, 26032, 26138, 26375, 26497, 26519, 26604, 26642, 26658, 26684, 26712, 26719, 26760, 27337, 27344, 27443, 27741, 27799, 27873, 27920, 28185, 28229, 28323, 29107, 29418, 30537, 30781]
24,42,[1092, 2099, 2110, 2125, 2807, 2847, 2917, 3111, 3400, 4460, 4575, 5547, 6868, 7478, 7506, 11005, 11535, 12734, 12845, 12905, 13538, 20409, 26427, 26653, 29282, 29814, 30084, 30391, 30806, 32037, 32247, 37016, 37121, 37148, 39110, 39197, 39258, 39601, 39672, 39730, 40404, 43445]
25,17,[935, 11690, 33085, 37773, 49826, 53121, 61287, 67409, 81117, 94370, 99104, 122941, 141232, 151082, 168525, 172032, 180628]
26,30,[2458, 6517, 8697, 11698, 11715, 12618, 13476, 14762, 16956, 18302, 19628, 27153, 33430, 33477, 33714, 36929, 37073, 40635, 43487, 50543, 51751, 52446, 52476, 52767, 55345, 57188, 63798, 64238, 65714, 66599]
27,408,[515, 569, 716, 1077, 1111, 1115, 1477, 1531, 1867, 2574, 3319, 3351, 3875, 3925, 3975, 4211, 4247, 4639, 4747, 4961, 5261, 5590, 5790, 5812, 6025, 6119, 6184, 6540, 6753, 6796, 6856, 7014, 7279, 8052, 8665, 9222, 9261, 9686, 10332, 10376, 10450, 10698, 11102, 11458, 11619, 11966, 12121, 12168, 12206, 12892, 13305, 13358, 14361, 14374, 14423, 14502, 14582, 14599, 15499, 15654, 15854, 16482, 17433, 17686, 18485, 18505, 19041, 19491, 19620, 19826, 19891, 20001, 20136, 20824, 20858, 21252, 21837, 22254, 22839, 23159, 23250, 23348, 23644, 23677, 24270, 25127, 25384, 25770, 26345, 26502, 26515, 26778, 27193, 27687, 27693, 27698, 27704, 27901, 28086, 28357, 28861, 29271, 29512, 29532, 29664, 29933, 30571, 30593, 30996, 31553, 32514, 32539, 32782, 33124, 33334, 33810, 34306, 34845, 34906, 35408, 35911, 36356, 38193, 38812, 38992, 39256, 39378, 39555, 39713, 40056, 40063, 40533, 40749, 41227, 41724, 41975, 41987, 43093, 43329, 43629, 43767, 43900, 43948, 44160, 44833, 45208, 45336, 45366, 45596, 45642, 46299, 47062, 47311, 47375, 47850, 47886, 47940, 48275, 48559, 48672, 49078, 50119, 50422, 50454, 50778, 51749, 52052, 52165, 52314, 52477, 52655, 52798, 53395, 53448, 54095, 54336, 54959, 55301, 55408, 55457, 55512, 55518, 55713, 56193, 56573, 56737, 57256, 57524, 57787, 57958, 58141, 58161, 58678, 58750, 58845, 59565, 59944, 61183, 61607, 61987, 62392, 62406, 62560, 62874, 63306, 63471, 63675, 63696, 63990, 64184, 65073, 65167, 65291, 65395, 65832, 65947, 66003, 66094, 66261, 66342, 66725, 66999, 67023, 67214, 67556, 67659, 68359, 68503, 68507, 68929, 69092, 69152, 69653, 69841, 70081, 70509, 70659, 70851, 70973, 71091, 71175, 71205, 71234, 71320, 71489, 71852, 72092, 72157, 72429, 72447, 72671, 73464, 73510, 73596, 74306, 74470, 74551, 74853, 75150, 75164, 75178, 75204, 75508, 75643, 75809, 75902, 75961, 76032, 76085, 76507, 76839, 76868, 77242, 77310, 77405, 77551, 77642, 77902, 78309, 78583, 79461, 79487, 79583, 79698, 79838, 79941, 80055, 80136, 80260, 80427, 80455, 80501, 80557, 80646, 80953, 80962, 81036, 81583, 81828, 82224, 82378, 83274, 83499, 83632, 83681, 83717, 84287, 84461, 84528, 84676, 84749, 85215, 85614, 85775, 86196, 86422, 86574, 86818, 87051, 87069, 87099, 87310, 87319, 87365, 87542, 87593, 87678, 87733, 87754, 87861, 87883, 87919, 88204, 88375, 88597, 88657, 89455, 89553, 90266, 90754, 90941, 91004, 91149, 91279, 91303, 91606, 91835, 91881, 92450, 92666, 92975, 92985, 93724, 93727, 94235, 94442, 94704, 95505, 96083, 96508, 96534, 96718, 97009, 97139, 97475, 97659, 97868, 98128, 98358, 98475, 98652, 98770, 98775, 98836, 99378, 99563, 99629, 99684, 99755, 100325, 100841, 100936, 101035, 101041, 101325, 101469, 101540, 101566, 101732, 102734, 102809, 103161, 103305, 104782, 105040, 105760, 105947, 106092, 106132, 106768, 107268, 107295, 107405, 108228, 108526, 109299, 109304, 109605]
28,36,[2373, 2472, 2691, 2877, 3007, 3611, 3653, 3665, 4037, 4045, 4211, 5052, 5220, 5519, 6204, 6211, 6917, 7073, 7162, 7937, 7965, 8393, 8635, 8709, 9082, 9117, 9224, 9372, 9623, 9635, 9738, 10417, 10478, 11058, 11192, 11386]
30,2748,[240, 250, 428, 514, 552, 724, 779, 837, 852, 887, 1031, 1357, 1764, 2327, 2543, 3222, 3236, 3348, 3541, 3555, 3601, 3642, 3676, 3714, 3770, 3828, 3853, 3860, 3870, 3904, 3919, 3947, 3989, 4078, 4361, 4375, 4405, 4530, 4536, 4541, 4545, 4549, 4812, 4828, 4849, 4929, 5544, 5617, 5655, 6211, 6270, 7540, 7557, 7564, 7820, 8380, 8735, 8994, 9156, 9245, 9378, 9545, 9723, 9727, 9733, 9895, 9907, 9910, 9938, 11325, 11423, 11517, 11556, 11689, 12587, 12597, 12646, 12870, 13281, 13287, 13565, 14457, 14539, 14823, 15241, 15251, 15298, 15312, 15316, 16225, 16436, 16553, 16582, 17119, 17259, 18243, 18276, 18389, 18749, 18779, 19050, 19185, 19840, 19844, 19858, 20794, 20829, 21054, 21337, 22688, 22803, 22938, 23599, 23632, 23651, 23783, 23831, 24304, 24550, 24714, 24750, 24984, 25454, 25808, 26185, 26971, 27223, 27767, 28302, 28312, 28322, 28681, 30073, 30120, 30382, 30393, 30472, 30506, 31211, 31217, 31697, 32027, 32688, 32843, 33007, 33310, 33314, 33541, 33557, 33797, 34032, 34116, 34204, 34228, 34460, 35194, 35225, 35481, 35533, 35537, 35540, 35544, 35548, 35770, 35780, 35799, 35803, 35837, 35870, 36038, 36145, 36148, 36217, 36220, 36224, 36535, 36541, 36544, 36547, 36550, 36554, 36690, 36693, 36722, 36725, 36742, 36746, 36806, 36810, 36814, 36923, 36943, 37005, 37008, 37011, 37040, 37048, 37278, 37503, 37668, 37701, 38098, 38101, 38203, 38630, 38649, 38921, 39161, 39194, 39719, 39915, 40143, 40146, 40474, 40477, 40481, 40485, 40500, 40502, 40506, 40614, 40729, 40732, 40736, 40807, 40845, 40859, 41045, 41146, 41160, 41246, 41430, 41435, 41826, 42448, 42866, 43584, 43694, 43743, 43784, 43842, 43903, 43992, 44131, 44372, 44622, 44700, 44776, 44929, 45080, 45499, 46538, 46649, 46874, 47072, 47110, 47269, 47554, 47637, 48125, 48137, 48185, 48309, 48363, 48423, 48916, 49003, 49024, 49190, 49204, 49274, 49369, 49399, 49416, 49460, 49492, 49501, 49534, 49550, 49553, 49561, 49586, 49651, 49701, 49704, 49839, 49869, 49877, 49889, 49904, 49959, 49989, 50033, 50038, 50077, 50098, 50133, 50165, 50182, 50190, 50199, 50206, 50217, 50229, 50238, 50241, 50245, 50249, 50303, 50367, 50684, 50873, 50947, 51018, 51029, 51060, 51078, 51520, 51548, 51997, 52440, 52538, 52564, 52758, 52762, 52768, 52882, 53326, 53419, 53478, 53629, 53633, 54117, 54291, 54357, 55368, 55380, 55795, 55802, 55989, 56034, 56280, 57097, 57277, 57357, 57470, 57497, 57581, 57598, 57830, 57904, 58074, 58199, 58225, 58259, 58273, 58355, 58522, 58619, 58657, 58687, 58695, 58713, 58720, 58790, 58818, 58839, 58936, 58939, 58943, 58975, 59012, 59142, 59290, 59349, 59371, 59401, 59435, 59440, 59488, 59510, 59552, 59563, 59585, 59612, 59631, 59660, 59671, 59694, 59812, 59870, 59932, 59943, 59976, 60111, 60168, 60213, 60312, 60347, 60372, 60452, 60481, 60523, 60560, 60594, 60639, 60882, 60959, 61379, 61408, 61457, 61480, 61495, 61538, 61545, 61810, 61907, 61957, 62294, 62515, 62800, 62820, 62840, 62855, 62859, 62863, 62899, 62925, 62941, 62951, 62973, 62991, 63017, 63025, 63044, 63084, 63096, 63132, 63168, 63182, 63189, 63196, 63212, 63219, 63226, 63238, 63256, 63304, 63311, 63315, 63341, 63392, 63397, 63400, 63404, 63408, 63765, 63795, 63831, 63852, 63866, 63918, 63953, 63988, 63995, 64079, 64246, 64285, 64939, 64956, 64967, 65073, 65129, 65179, 65305, 65317, 65382, 65392, 65398, 65411, 65469, 65510, 66298, 66363, 66417, 66452, 66726, 66780, 66863, 67219, 67456, 67466, 67473, 67537, 67547, 67554, 67561, 67578, 67632, 67770, 67780, 67787, 67839, 67849, 67856, 67863, 67882, 68292, 68612, 68635, 68904, 68915, 68944, 68983, 69052, 69268, 69279, 69314, 69408, 69430, 69535, 69552, 69570, 69620, 69727, 69739, 69784, 69809, 69831, 69921, 70312, 70453, 71030, 71458, 71512, 71709, 72057, 72109, 72131, 72154, 72217, 72515, 72607, 72729, 72785, 73037, 73441, 74411, 74634, 74668, 74681, 74836, 75445, 75792, 76617, 76682, 76802, 76908, 76910, 76954, 78943, 80855, 80889, 80954, 80957, 81027, 81056, 81313, 82176, 82189, 82225, 82510, 82527, 82627, 82647, 82754, 82818, 83137, 83253, 83264, 83275, 83475, 84871, 84989, 85073, 85105, 85415, 85432, 85815, 85885, 85898, 85923, 85986, 86696, 86915, 86923, 86979, 87116, 87121, 87347, 87363, 87395, 87477, 87531, 87682, 87827, 87847, 88275, 88931, 89302, 89314, 90122, 90138, 90247, 90263, 90382, 90412, 90492, 90805, 91063, 91322, 91482, 91491, 91873, 92220, 92651, 92930, 92937, 92969, 93025, 93029, 93034, 93041, 93057, 93120, 93293, 93738, 93779, 94020, 94033, 94043, 94153, 95078, 95272, 95632, 96190, 98598, 98625, 98705, 100522, 101127, 102564, 104224, 104243, 105632, 106399, 107533, 107635, 107707, 108033, 108118, 108179, 108295, 108372, 108411, 108766, 109523, 109538, 109818, 109820, 109823, 110068, 110080, 110321, 110327, 110353, 110510, 110732, 112679, 112837, 112879, 112886, 112913, 113012, 113019, 113100, 113106, 113198, 113216, 113221, 113593, 113700, 113833, 113896, 113911, 114328, 114552, 114637, 115790, 116570, 116906, 117613, 117747, 119116, 119311, 119314, 119369, 119425, 119455, 119578, 120130, 120275, 120288, 120295, 120305, 120801, 120808, 121618, 122071, 122156, 122202, 122273, 122299, 122682, 122921, 122982, 123102, 123580, 123615, 123623, 123674, 123914, 124035, 124069, 124409, 124417, 124754, 124830, 124951, 125021, 125097, 125212, 125487, 126051, 126435, 126442, 126865, 126871, 126893, 127091, 127232, 127666, 127806, 127811, 128022, 128067, 128113, 128306, 128435, 129005, 129044, 129067, 129240, 129247, 129351, 129371, 129826, 129898, 130082, 131968, 131986, 132077, 132758, 133134, 133425, 133645, 133661, 133667, 134026, 134509, 134559, 134582, 134668, 134845, 134858, 134903, 135469, 135550, 136034, 136574, 140266, 140728, 143088, 143101, 143351, 145642, 145790, 145916, 145946, 146543, 147728, 147875, 148036, 148128, 148279, 148347, 148418, 148422, 148437, 148641, 148668, 149227, 149733, 150201, 150484, 150620, 150628, 150848, 151134, 151281, 151364, 151448, 151452, 152536, 152781, 152808, 152890, 153651, 153944, 154261, 154317, 154670, 154726, 154733, 154776, 154966, 155115, 155189, 155251, 155338, 155412, 155447, 155636, 155657, 155710, 155750, 155754, 156607, 156770, 157355, 157523, 157757, 157775, 157963, 158738, 158857, 159006, 160840, 161136, 161365, 161479, 161923, 161991, 162534, 162564, 162997, 163177, 164037, 164045, 164252, 164363, 164395, 164418, 164455, 164495, 164497, 164891, 164970, 165563, 166621, 166813, 166869, 166950, 167131, 167238, 167697, 167786, 169002, 169049, 169299, 169613, 169617, 169944, 170112, 171104, 171303, 171797, 171866, 172007, 172121, 172144, 172912, 172926, 173232, 173266, 173514, 173675, 173824, 173832, 174371, 174612, 174680, 174953, 175297, 175303, 175464, 176103, 176624, 176638, 176648, 177475, 177770, 177787, 178575, 178577, 179045, 179112, 179488, 180634, 180810, 181515, 181521, 181528, 181581, 181636, 182004, 182007, 182076, 182088, 182331, 182434, 182440, 182480, 182486, 182492, 182514, 182631, 182645, 182694, 182732, 182821, 184874, 185347, 185403, 185512, 185636, 187290, 188000, 188021, 188457, 188515, 188531, 189065, 189925, 190199, 190627, 191667, 192142, 192282, 192472, 192820, 192886, 193126, 193136, 193221, 193878, 194115, 194410, 195977, 195982, 196103, 196733, 196743, 197172, 197237, 197245, 197470, 197544, 198901, 198930, 199057, 199528, 199618, 199677, 199769, 199915, 199986, 200031, 200112, 200278, 200355, 200646, 200807, 201110, 201245, 201295, 201324, 201330, 201372, 201377, 201385, 201388, 201392, 201396, 201414, 201503, 201693, 201725, 201832, 202355, 203127, 204163, 204181, 204185, 204243, 204343, 204351, 204360, 204649, 204684, 204709, 204718, 204734, 204749, 204774, 204809, 204880, 204912, 204998, 205070, 205235, 205328, 205356, 206338, 206367, 206494, 207466, 207481, 207600, 207615, 207871, 207968, 207979, 208515, 209838, 209971, 210549, 210573, 210604, 210659, 210671, 210678, 210705, 211388, 211785, 214226, 214341, 214359, 214371, 214488, 215069, 215117, 215469, 215846, 216106, 216989, 217038, 217257, 217503, 217931, 218085, 218132, 218518, 220141, 220339, 220911, 221064, 221224, 221336, 221339, 221366, 221369, 221716, 221929, 221965, 222005, 222014, 222026, 222033, 222039, 222045, 222051, 222074, 222993, 223704, 223805, 223817, 224125, 224225, 224484, 224576, 224617, 226012, 226283, 227593, 228207, 228770, 228840, 228847, 228853, 228911, 231002, 231045, 231087, 231149, 232783, 232790, 232864, 233411, 235015, 235753, 235757, 235909, 236172, 236516, 236642, 236649, 237193, 237756, 238013, 238029, 238504, 241128, 241970, 244258, 244641, 245813, 245956, 246021, 246707, 246941, 247005, 247075, 247291, 247324, 247608, 247834, 248285, 249787, 249939, 250413, 250500, 250757, 250766, 251021, 254184, 254296, 254698, 255498, 255760, 257028, 257060, 257286, 257295, 258146, 258151, 258251, 258343, 258349, 258414, 258444, 258579, 259108, 259119, 259656, 260569, 260909, 261031, 261087, 261884, 262187, 262374, 262399, 262576, 263015, 263051, 263145, 264069, 264630, 264683, 264808, 265131, 265227, 265327, 265330, 265560, 265663, 265682, 267024, 267498, 267816, 268013, 268050, 268318, 268352, 268435, 268592, 268969, 269406, 269739, 269787, 269902, 270524, 270655, 271138, 271538, 271551, 271575, 271589, 271671, 273531, 273635, 274002, 274005, 274030, 274490, 274991, 275006, 275460, 275538, 275542, 275590, 275694, 275698, 275951, 276337, 277016, 277037, 278436, 278442, 279570, 280458, 280661, 280707, 280732, 280921, 281101, 281160, 281218, 281543, 281662, 281875, 282182, 282429, 283853, 283940, 284088, 285034, 285223, 285432, 285597, 286027, 286031, 286080, 286377, 287563, 287616, 287997, 288120, 288176, 288366, 288451, 289076, 289110, 289610, 290809, 290827, 290960, 291693, 291695, 291702, 292171, 293114, 293165, 293715, 293908, 294246, 294808, 294815, 295220, 295500, 295507, 295690, 295699, 295741, 295844, 295927, 295954, 296150, 296471, 296521, 296524, 296528, 296689, 296693, 297057, 297113, 297187, 297253, 297281, 297565, 297627, 297637, 297707, 297718, 297731, 297989, 298060, 298181, 298405, 298411, 298971, 299000, 299099, 299203, 299391, 299460, 299647, 299939, 299970, 300005, 300172, 300182, 300583, 300797, 300967, 301153, 301193, 301478, 301745, 301803, 301808, 301855, 302039, 302048, 302052, 302059, 302115, 302121, 302124, 302130, 302504, 302594, 302895, 302898, 302950, 303046, 303303, 303317, 303322, 303356, 303462, 303507, 303611, 304206, 304797, 304864, 304991, 305016, 305184, 305194, 305344, 305478, 305735, 305753, 305863, 305938, 305967, 306158, 306188, 306197, 306201, 306217, 306224, 306289, 306378, 306406, 306512, 306825, 307253, 307336, 307339, 307381, 307496, 307731, 307838, 307863, 308608, 308627, 308815, 309034, 309285, 309877, 309949, 310300, 310557, 310583, 310852, 311143, 311322, 311340, 311357, 311411, 311443, 311684, 311848, 312001, 312012, 312353, 312783, 312835, 313101, 313148, 313507, 313698, 313731, 313800, 313808, 314117, 314779, 314903, 315044, 315049, 315082, 315146, 315155, 315318, 315471, 315476, 315787, 315802, 316009, 316079, 316117, 316406, 316415, 316500, 316654, 316800, 316908, 316923, 317101, 317419, 317462, 317467, 317510, 317695, 317911, 318057, 318295, 318553, 318602, 319476, 319659, 319743, 319776, 319795, 320208, 320486, 320651, 320756, 321133, 321222, 321369, 321743, 321797, 321932, 322179, 322343, 322390, 322525, 322561, 322576, 322582, 322639, 322712, 322731, 322828, 323005, 323496, 323511, 323910, 323968, 324042, 324143, 324323, 324452, 324561, 324735, 324863, 324870, 324909, 325011, 325467, 325650, 325737, 325860, 326542, 326696, 327054, 327187, 328372, 328408, 328462, 328715, 329137, 329146, 329153, 329513, 329519, 329538, 330217, 330507, 330524, 330662, 330863, 330901, 331296, 331333, 331957, 331965, 332148, 332169, 332184, 332235, 332240, 332243, 332752, 333504, 333509, 333713, 333832, 333904, 334311, 334436, 334765, 334897, 335067, 335330, 335800, 336581, 337128, 337495, 337573, 338064, 338078, 338085, 338182, 338232, 338337, 338370, 339148, 339188, 339567, 340048, 340085, 340637, 340811, 340820, 340823, 340827, 340985, 341033, 341285, 341314, 341345, 341373, 341636, 341655, 341727, 341748, 341754, 341775, 341945, 341948, 342423, 342715, 343110, 343282, 343725, 344020, 344060, 344065, 344337, 344359, 344435, 344749, 344767, 344772, 344787, 344856, 344862, 345213, 345219, 345592, 345778, 346858, 346960, 347073, 347078, 347675, 347832, 348089, 348304, 348748, 351586, 351644, 353022, 353362, 353411, 353767, 353861, 354053, 354157, 354183, 354414, 354420, 354581, 355292, 356034, 356105, 356202, 358202, 359118, 359377, 359542, 359621, 360019, 360212, 360218, 360431, 360454, 360464, 361029, 361037, 361293, 361297, 361453, 361607, 361944, 362060, 362219, 362444, 362531, 362753, 362778, 362782, 362850, 362936, 363410, 363790, 363798, 363808, 363819, 363825, 363831, 363839, 363844, 363849, 363855, 364472, 364589, 364596, 364610, 364779, 365358, 365480, 365958, 365961, 365965, 366033, 366037, 366289, 366487, 366681, 366764, 366792, 366797, 366830, 367339, 367566, 367574, 367696, 367865, 368188, 368208, 368337, 368394, 369143, 369181, 369381, 369408, 369419, 369750, 369753, 369759, 369856, 370451, 370514, 370574, 370584, 370638, 370828, 370911, 371293, 371296, 371415, 371493, 371581, 372114, 372149, 372200, 372535, 372890, 372969, 373001, 373647, 374175, 374298, 374301, 374304, 374307, 374354, 374357, 374360, 374363, 374601, 374685, 374969, 375445, 375453, 375649, 375657, 375682, 375708, 375894, 375899, 376099, 376606, 376623, 376633, 376670, 376846, 377114, 377258, 377264, 377343, 377346, 377497, 377873, 378083, 378182, 378600, 379781, 380153, 380451, 380508, 380639, 381233, 381238, 381240, 381344, 381430, 381843, 381932, 382318, 382480, 382486, 382493, 382498, 382903, 383397, 383743, 383747, 383863, 384115, 384195, 384244, 384257, 384269, 384328, 384430, 385214, 385257, 385437, 385803, 385958, 385972, 386124, 386589, 386888, 387633, 387660, 387997, 388235, 388979, 389357, 389451, 389499, 389519, 389526, 390052, 390478, 390711, 391216, 391379, 391452, 391457, 392018, 392233, 392238, 392443, 392450, 392453, 392541, 392827, 393044, 393285, 393413, 393739, 393790, 393962, 394115, 394359, 394899, 395075, 395216, 395410, 395458, 395510, 396101, 396106, 396146, 396302, 396367, 396419, 396490, 396938, 396941, 396944, 396947, 396953, 397416, 397958, 398412, 399032, 399040, 399240, 399315, 399465, 399643, 399932, 400111, 400147, 400373, 400442, 400589, 400658, 401090, 401256, 401397, 401469, 401483, 401487, 401634, 401885, 402289, 402416, 402422, 402439, 402777, 402939, 403508, 403623, 403918, 403974, 403978, 404903, 404965, 405411, 405431, 405563, 405614, 405872, 406033, 406070, 406529, 406688, 407169, 407432, 407522, 407561, 407663, 408125, 408128, 408132, 408444, 408513, 409399, 409766, 409856, 409888, 410673, 410728, 410848, 410967, 410988, 411358, 411395, 411516, 411881, 412383, 412509, 412645, 412992, 412997, 413542, 413613, 414857, 414860, 415069, 415107, 415771, 415807, 415810, 415815, 417347, 417577, 417709, 417738, 417752, 419065, 419210, 419229, 419237, 419628, 419770, 419773, 420805, 421173, 421289, 421622, 421806, 422028, 422071, 422075, 422078, 422081, 422084, 422087, 422090, 422093, 422096, 422099, 422102, 422105, 422108, 422271, 422276, 422400, 422407, 422415, 422519, 422549, 422551, 422754, 422826, 423478, 423528, 423954, 424064, 424438, 424445, 424450, 424454, 424459, 424467, 424476, 424480, 424484, 424500, 424508, 424524, 424631, 425038, 425070, 425358, 425604, 425613, 425727, 425850, 425965, 426043, 426046, 426181, 426275, 426512, 426846, 426859, 426889, 427451, 427569, 428100, 428110, 428138, 428781, 428976, 429040, 429051, 429076, 429575, 429659, 429848, 429963, 430227, 430273, 430395, 430516, 430528, 430596, 430610, 430628, 431105, 431313, 431361, 431383, 431471, 431540, 431551, 431561, 431570, 431648, 431703, 431901, 431905, 432258, 432331, 432353, 432363, 432387, 432444, 432701, 432721, 432755, 432805, 432815, 432822, 432834, 432855, 432920, 432926, 433030, 433086, 433167, 433172, 433339, 433344, 433437, 433659, 434034, 434092, 434146, 434166, 434221, 434509, 434879, 434958, 435062, 435280, 435323, 435477, 435533, 435611, 435644, 436162, 436331, 436335, 436418, 436815, 436898, 436911, 436990, 437038, 437087, 437145, 437153, 437417, 437508, 437594, 437613, 437674, 438335, 438399, 439346, 439354, 439438, 439599, 439658, 439723, 439758, 439781, 439806, 439972, 439980, 440446, 440774, 440895, 441061, 442051, 442054, 442064, 442068, 442455, 442498, 442721, 442957, 442980, 443012, 443036, 443219, 443233, 443345, 443402, 443418, 443450, 443479, 443492, 443523, 443536, 443542, 443569, 443651, 443743, 444195, 444235, 444241, 444322, 444382, 444532, 444541, 444548, 444565, 444610, 444679, 444760, 444766, 444881, 444887, 445158, 445265, 445297, 445311, 445338, 445398, 445419, 445435, 445583, 445780, 445852, 445945, 446225, 446240, 446622, 446641, 446911, 447006, 447092, 447221, 447324, 447428, 447570, 447633, 447653, 448065, 448206, 448342, 448590, 448903, 448940, 448957, 449272, 449279, 449292, 449309, 449382, 449462, 449918, 450110, 450131, 450162, 450178, 450325, 450618, 450706, 451072, 451080, 451264, 451283, 451303, 452310, 452331, 452370, 452500, 452509, 452687, 452786, 453009, 453067, 453103, 453109, 453157, 453197, 453217, 453347, 453363, 453512, 453978, 453987, 454094, 454226, 454235, 454296, 454299, 454303, 454389, 454415, 454448, 454711, 454799, 454892, 454978, 455085, 455126, 455140, 455198, 455526, 455553, 455786, 455890, 455967, 456033, 456191, 457032, 457040, 457066, 457651, 457896, 457964, 458135, 458227, 458286, 458299, 458411, 458791, 458808, 458816, 459675, 459681, 459690, 459740, 460793, 460837, 462339, 462748, 463189, 463203, 463323, 463672, 464483, 464675, 464868, 465142, 465251, 465363, 465476, 465758, 466729, 466949, 467119, 467274, 467302, 467343, 467391, 467866, 468233, 468317, 468471, 468965, 468997, 469012, 469022, 469048, 469053, 469160, 469326, 469330, 469485, 469646, 469704, 469707, 469865, 470518, 470629, 471147, 471379, 471399, 471654, 471703, 471717, 471911, 472132, 472374, 472777, 472785, 472944, 473111, 473565, 473609, 473664, 473971, 473999, 474494, 474583, 474619, 474667, 475158, 475386, 475536, 475781, 476134, 476278, 476295, 476301, 476790, 476815, 476819, 476995, 477051, 477669, 477780, 477873, 477948, 478186, 478271, 478384, 478468, 478588, 478595, 478602, 478773, 478807, 478943, 478985, 479373, 479379, 479564, 479748, 480026, 480212, 480217, 480329, 480450, 480513, 480558, 480606, 480749, 481027, 481139, 481154, 481161, 481188, 481462, 481469, 481493, 481501, 481516, 481630, 481676, 481906, 482294, 482448, 482748, 483301, 483314, 483663, 483746, 483914, 483968, 484075, 484791, 484858, 485191, 485375, 485597, 485634, 485654, 485674, 485950, 485977, 486265, 486358, 486362, 486391, 486817, 486961, 487207, 487298, 487301, 487331, 487614, 487706, 487715, 488200, 488222, 488253, 488701, 488739, 488743, 488747, 488751, 488756, 488760, 488768, 488771, 488774, 489219, 489581, 489620, 489833, 490101, 490295, 490302, 490396, 490474, 490490, 490499, 490508, 490675, 490682, 490924, 490992, 491146, 491211, 491269, 491275, 492412, 492415, 492608, 492795, 493205, 493345, 493349, 493466, 493616, 493621, 493634, 493928, 494073, 494324, 494479, 494533, 494739, 494994, 495018, 495804, 497228, 497463, 498905, 499620, 499636, 499645, 499668, 499685, 500726, 501258, 501531, 502281, 502342, 502613, 503307, 505929, 507927, 508458, 508691, 510338, 510501, 510783, 510792, 510823, 510927, 510936, 512288, 512691, 514350, 514376, 514482, 515054, 515528, 516928, 518954, 519171, 519632, 519780, 519794, 520476, 520520, 520998, 521018, 522483, 522698, 522870, 523043, 523357, 523428, 524793, 524802, 526593, 526993, 527084, 528075, 528507, 528840, 529303, 529616, 529871, 530501, 531206, 531736, 532130, 532218, 532442, 532712, 533458, 533468, 533483, 534589, 535426, 536409, 536955, 538033, 538052, 538722, 538771, 539872, 542895, 543204, 544311, 544453, 544493, 544592, 544880, 545454, 545742, 545787, 545945, 546390, 546911, 546990, 547554, 548078, 548880, 549408, 549424, 549466, 549764, 551239, 555734, 557418, 558407, 561466, 562761, 562797, 564412, 564788, 564843, 565060, 565553, 565695, 566167, 566802, 567097, 567102, 567469, 567971, 569126, 569159, 569479, 569618, 570963, 570995, 571788, 572022, 572375, 572739, 572747, 573036, 573602, 574616, 574745, 574965, 575638, 576796, 577344, 577478, 578172, 579550, 579938, 581175, 582423, 583242, 583294, 585007, 585660, 585901, 585905, 586390, 586523, 586535, 588573, 588865, 588871, 589625, 590073, 590105, 591022, 591695, 592644, 594426, 594437, 595056, 595435, 596654, 597803, 598553, 599070, 599284, 599842, 600241, 600270, 601236, 601557, 602639, 602881, 604771, 605665, 606397, 607125, 607318, 608083, 608593, 608752, 608910, 610630, 611721, 612366, 612369, 614489, 619273, 619453, 620104, 621861, 623919, 624349, 624591, 626563, 626775, 627307, 627388, 628187, 628931, 630902, 631488, 632163, 632315, 632490, 632498, 632531, 632555, 632806, 632835, 633200, 633377, 634093, 634327, 634411, 634491, 634498, 634664, 635109, 635136, 635199, 635203, 635299, 635303, 635606, 635649, 635656, 635773, 635901, 635938, 636307, 636326, 636332, 636493, 637109, 637524, 637536, 637546, 637556, 637570, 637594, 637671, 637717, 637759, 637906, 637960, 638018, 638055, 638098, 638373, 639063, 639309, 639365, 639567, 639634, 639661, 639701, 640095]
6,2,[421, 454]
8,1,[101]
9,15,[262, 514, 679, 918, 981, 1052, 1280, 1536, 1737, 1820, 1871, 2135, 2221, 2345, 2514]
10,2748,[333, 343, 521, 607, 645, 817, 872, 930, 945, 980, 1124, 1450, 1857, 2420, 2636, 3316, 3330, 3442, 3635, 3649, 3695, 3736, 3770, 3808, 3864, 3922, 3947, 3954, 3964, 3998, 4013, 4041, 4083, 4172, 4455, 4469, 4499, 4624, 4630, 4635, 4639, 4643, 4906, 4922, 4943, 5023, 5638, 5711, 5749, 6305, 6364, 7634, 7651, 7658, 7914, 8474, 8829, 9088, 9250, 9339, 9472, 9639, 9817, 9821, 9827, 9989, 10001, 10004, 10032, 11419, 11517, 11611, 11650, 11783, 12681, 12691, 12740, 12964, 13375, 13381, 13659, 14551, 14633, 14917, 15335, 15345, 15392, 15406, 15410, 16319, 16530, 16647, 16676, 17213, 17353, 18337, 18370, 18483, 18843, 18873, 19144, 19279, 19934, 19938, 19952, 20888, 20923, 21148, 21431, 22782, 22897, 23032, 23693, 23726, 23745, 23877, 23925, 24398, 24644, 24808, 24844, 25078, 25548, 25902, 26279, 27065, 27317, 27861, 28396, 28406, 28416, 28775, 30167, 30214, 30476, 30487, 30566, 30600, 31305, 31311, 31791, 32125, 32786, 32941, 33105, 33408, 33412, 33639, 33655, 33895, 34130, 34214, 34302, 34326, 34558, 35292, 35323, 35579, 35631, 35635, 35638, 35642, 35646, 35868, 35878, 35897, 35901, 35935, 35968, 36136, 36243, 36246, 36315, 36318, 36322, 36633, 36639, 36642, 36645, 36648, 36652, 36788, 36791, 36820, 36823, 36840, 36844, 36904, 36908, 36912, 37021, 37041, 37103, 37106, 37109, 37138, 37146, 37376, 37601, 37766, 37799, 38196, 38199, 38301, 38728, 38747, 39019, 39259, 39292, 39817, 40013, 40241, 40244, 40572, 40575, 40579, 40583, 40598, 40600, 40604, 40712, 40827, 40830, 40834, 40905, 40943, 40957, 41143, 41244, 41258, 41344, 41528, 41533, 41924, 42546, 42964, 43682, 43792, 43841, 43882, 43940, 44001, 44090, 44229, 44470, 44720, 44798, 44874, 45027, 45178, 45597, 46636, 46747, 46972, 47170, 47208, 47367, 47652, 47735, 48223, 48235, 48283, 48407, 48461, 48521, 49014, 49101, 49122, 49288, 49302, 49372, 49467, 49497, 49514, 49558, 49590, 49599, 49632, 49648, 49651, 49659, 49684, 49749, 49799, 49802, 49937, 49967, 49975, 49987, 50002, 50057, 50087, 50131, 50136, 50175, 50196, 50231, 50263, 50280, 50288, 50297, 50304, 50315, 50327, 50336, 50339, 50343, 50347, 50401, 50465, 50782, 50971, 51045, 51116, 51127, 51158, 51176, 51618, 51646, 52095, 52538, 52636, 52662, 52856, 52860, 52866, 52981, 53425, 53518, 53577, 53728, 53732, 54216, 54390, 54456, 55467, 55479, 55894, 55901, 56088, 56133, 56379, 57196, 57376, 57456, 57569, 57596, 57680, 57697, 57929, 58003, 58173, 58298, 58324, 58358, 58372, 58454, 58621, 58722, 58760, 58790, 58798, 58816, 58823, 58893, 58921, 58942, 59039, 59042, 59046, 59078, 59115, 59245, 59393, 59452, 59474, 59504, 59538, 59543, 59591, 59613, 59655, 59666, 59688, 59715, 59734, 59763, 59774, 59797, 59915, 59973, 60035, 60046, 60079, 60214, 60271, 60316, 60415, 60450, 60475, 60555, 60584, 60626, 60663, 60697, 60742, 60985, 61062, 61482, 61511, 61560, 61583, 61598, 61641, 61648, 61913, 62010, 62060, 62397, 62618, 62903, 62923, 62943, 62958, 62962, 62966, 63002, 63028, 63044, 63054, 63076, 63094, 63120, 63128, 63147, 63187, 63199, 63235, 63271, 63285, 63292, 63299, 63315, 63322, 63329, 63341, 63359, 63407, 63414, 63418, 63444, 63495, 63500, 63503, 63507, 63511, 63868, 63898, 63934, 63955, 63969, 64021, 64056, 64091, 64098, 64182, 64349, 64388, 65042, 65059, 65070, 65176, 65232, 65282, 65408, 65420, 65485, 65495, 65501, 65514, 65572, 65613, 66401, 66466, 66520, 66555, 66829, 66883, 66966, 67322, 67559, 67569, 67576, 67640, 67650, 67657, 67664, 67681, 67735, 67873, 67883, 67890, 67942, 67952, 67959, 67966, 67985, 68395, 68715, 68738, 69007, 69018, 69047, 69086, 69155, 69371, 69382, 69417, 69511, 69533, 69638, 69655, 69673, 69723, 69830, 69842, 69887, 69912, 69934, 70024, 70415, 70556, 71133, 71561, 71615, 71812, 72160, 72212, 72234, 72257, 72320, 72618, 72710, 72832, 72888, 73140, 73544, 74514, 74737, 74771, 74784, 74939, 75548, 75895, 76720, 76785, 76905, 77011, 77013, 77057, 79050, 80962, 80996, 81061, 81064, 81134, 81163, 81420, 82283, 82296, 82332, 82617, 82634, 82734, 82754, 82861, 82925, 83244, 83360, 83371, 83382, 83582, 84978, 85096, 85180, 85212, 85522, 85539, 85922, 85992, 86005, 86030, 86093, 86803, 87022, 87030, 87086, 87223, 87228, 87454, 87470, 87502, 87584, 87638, 87789, 87934, 87954, 88382, 89038, 89409, 89421, 90229, 90245, 90354, 90370, 90489, 90519, 90599, 90912, 91170, 91429, 91589, 91598, 91980, 92327, 92758, 93037, 93044, 93076, 93132, 93136, 93141, 93148, 93164, 93227, 93400, 93845, 93886, 94127, 94140, 94150, 94260, 95185, 95379, 95739, 96297, 98705, 98732, 98812, 100629, 101234, 102671, 104331, 104350, 105743, 106510, 107644, 107746, 107818, 108144, 108229, 108290, 108406, 108483, 108522, 108877, 109634, 109649, 109929, 109931, 109934, 110179, 110191, 110432, 110438, 110464, 110621, 110843, 112790, 112948, 112990, 112997, 113024, 113123, 113130, 113211, 113217, 113309, 113327, 113332, 113704, 113811, 113944, 114007, 114022, 114439, 114663, 114748, 115901, 116681, 117017, 117724, 117858, 119227, 119422, 119425, 119480, 119536, 119566, 119689, 120241, 120386, 120399, 120406, 120416, 120912, 120919, 121729, 122182, 122267, 122313, 122384, 122410, 122793, 123032, 123093, 123213, 123691, 123726, 123734, 123785, 124025, 124146, 124180, 124520, 124528, 124865, 124941, 125062, 125132, 125208, 125323, 125598, 126162, 126546, 126553, 126976, 126982, 127004, 127202, 127343, 127777, 127917, 127922, 128133, 128178, 128224, 128417, 128547, 129117, 129156, 129179, 129352, 129359, 129463, 129483, 129938, 130010, 130194, 132080, 132098, 132189, 132870, 133246, 133537, 133757, 133773, 133779, 134138, 134621, 134671, 134694, 134780, 134957, 134970, 135015, 135581, 135662, 136146, 136686, 140378, 140840, 143200, 143213, 143463, 145755, 145903, 146029, 146059, 146656, 147841, 147988, 148149, 148241, 148392, 148460, 148531, 148535, 148550, 148754, 148781, 149340, 149846, 150314, 150597, 150733, 150741, 150961, 151247, 151394, 151477, 151561, 151565, 152649, 152894, 152921, 153003, 153764, 154057, 154374, 154430, 154783, 154839, 154846, 154889, 155079, 155228, 155302, 155364, 155451, 155525, 155560, 155749, 155770, 155823, 155863, 155867, 156720, 156883, 157468, 157636, 157870, 157888, 158076, 158851, 158970, 159119, 160954, 161250, 161479, 161593, 162046, 162114, 162657, 162687, 163120, 163300, 164160, 164168, 164375, 164486, 164518, 164541, 164578, 164618, 164620, 165014, 165093, 165686, 166744, 166936, 166992, 167073, 167254, 167361, 167820, 167909, 169125, 169172, 169422, 169736, 169740, 170067, 170235, 171227, 171426, 171920, 171989, 172130, 172244, 172267, 173035, 173049, 173355, 173389, 173637, 173798, 173947, 173955, 174494, 174735, 174803, 175076, 175420, 175426, 175587, 176226, 176747, 176761, 176771, 177598, 177893, 177910, 178698, 178700, 179168, 179235, 179611, 180757, 180933, 181638, 181644, 181651, 181704, 181759, 182127, 182130, 182199, 182211, 182463, 182566, 182572, 182612, 182618, 182624, 182646, 182763, 182777, 182826, 182864, 182953, 185006, 185479, 185535, 185644, 185768, 187422, 188132, 188153, 188589, 188647, 188663, 189197, 190057, 190331, 190759, 191799, 192274, 192414, 192604, 192952, 193018, 193258, 193268, 193353, 194010, 194247, 194542, 196109, 196114, 196235, 196865, 196875, 197304, 197369, 197377, 197602, 197676, 199033, 199062, 199189, 199670, 199760, 199819, 199911, 200057, 200128, 200173, 200254, 200420, 200497, 200788, 200949, 201252, 201387, 201437, 201466, 201472, 201514, 201519, 201527, 201530, 201534, 201538, 201556, 201645, 201835, 201867, 201974, 202497, 203269, 204305, 204323, 204327, 204385, 204485, 204493, 204502, 204791, 204826, 204851, 204860, 204876, 204891, 204916, 204951, 205022, 205054, 205140, 205212, 205377, 205470, 205498, 206480, 206509, 206636, 207608, 207623, 207742, 207757, 208013, 208110, 208121, 208657, 209980, 210113, 210691, 210715, 210746, 210801, 210813, 210820, 210847, 211530, 211927, 214368, 214483, 214501, 214513, 214630, 215211, 215259, 215611, 215988, 216248, 217130, 217179, 217397, 217643, 218071, 218225, 218272, 218658, 220291, 220489, 221061, 221214, 221374, 221486, 221489, 221516, 221519, 221866, 222079, 222115, 222155, 222164, 222176, 222183, 222189, 222195, 222201, 222224, 223143, 223854, 223955, 223967, 224275, 224375, 224634, 224726, 224767, 226162, 226433, 227743, 228357, 228920, 228990, 228997, 229003, 229061, 231152, 231195, 231237, 231299, 232933, 232940, 233014, 233561, 235165, 235903, 235907, 236059, 236322, 236666, 236792, 236799, 237343, 237906, 238163, 238179, 238657, 241281, 242123, 244411, 244794, 245966, 246109, 246174, 246860, 247094, 247158, 247228, 247444, 247477, 247761, 247987, 248438, 249940, 250092, 250566, 250653, 250910, 250919, 251174, 254337, 254449, 254851, 255651, 255916, 257184, 257216, 257442, 257451, 258302, 258307, 258407, 258499, 258505, 258570, 258600, 258735, 259264, 259275, 259812, 260725, 261065, 261187, 261243, 262040, 262343, 262530, 262555, 262732, 263171, 263207, 263301, 264225, 264786, 264839, 264964, 265287, 265383, 265483, 265486, 265716, 265819, 265838, 267180, 267654, 267972, 268169, 268206, 268474, 268508, 268591, 268748, 269125, 269562, 269895, 269943, 270058, 270680, 270811, 271294, 271694, 271707, 271731, 271745, 271827, 273687, 273791, 274158, 274161, 274186, 274646, 275147, 275162, 275616, 275694, 275698, 275746, 275850, 275854, 276107, 276493, 277172, 277193, 278591, 278597, 279725, 280613, 280816, 280862, 280887, 281076, 281256, 281315, 281373, 281698, 281817, 282030, 282337, 282584, 284009, 284096, 284244, 285190, 285379, 285588, 285753, 286183, 286187, 286236, 286533, 287719, 287772, 288153, 288276, 288332, 288522, 288607, 289232, 289266, 289766, 290965, 290983, 291116, 291849, 291851, 291858, 292328, 293271, 293322, 293872, 294065, 294403, 294965, 294972, 295377, 295657, 295664, 295847, 295856, 295898, 296001, 296084, 296111, 296307, 296628, 296678, 296681, 296685, 296846, 296850, 297215, 297271, 297345, 297411, 297439, 297723, 297785, 297795, 297865, 297876, 297889, 298147, 298218, 298339, 298563, 298569, 299129, 299158, 299257, 299361, 299549, 299618, 299805, 300097, 300128, 300163, 300330, 300340, 300741, 300955, 301125, 301311, 301351, 301636, 301903, 301961, 301966, 302013, 302197, 302206, 302210, 302217, 302273, 302279, 302282, 302288, 302662, 302752, 303053, 303056, 303108, 303204, 303461, 303475, 303480, 303514, 303620, 303665, 303769, 304364, 304955, 305022, 305149, 305174, 305342, 305352, 305502, 305636, 305893, 305911, 306021, 306096, 306125, 306316, 306346, 306355, 306359, 306375, 306382, 306447, 306536, 306564, 306670, 306983, 307411, 307494, 307497, 307539, 307654, 307889, 307996, 308021, 308766, 308785, 308973, 309192, 309443, 310035, 310107, 310458, 310715, 310741, 311010, 311302, 311481, 311499, 311516, 311570, 311602, 311843, 312007, 312160, 312171, 312512, 312942, 312994, 313260, 313307, 313666, 313857, 313890, 313959, 313967, 314276, 314938, 315062, 315203, 315208, 315241, 315305, 315314, 315477, 315630, 315635, 315946, 315961, 316168, 316238, 316276, 316565, 316574, 316659, 316813, 316959, 317067, 317082, 317260, 317578, 317621, 317626, 317669, 317854, 318070, 318216, 318454, 318712, 318761, 319635, 319818, 319902, 319935, 319954, 320367, 320645, 320810, 320915, 321292, 321381, 321528, 321902, 321956, 322091, 322338, 322502, 322549, 322684, 322720, 322735, 322741, 322798, 322871, 322890, 322987, 323164, 323655, 323670, 324069, 324127, 324201, 324302, 324482, 324611, 324720, 324894, 325022, 325029, 325068, 325170, 325626, 325809, 325896, 326019, 326701, 326855, 327213, 327346, 328531, 328567, 328621, 328874, 329296, 329305, 329312, 329672, 329678, 329697, 330376, 330666, 330683, 330821, 331022, 331060, 331455, 331492, 332116, 332124, 332307, 332328, 332343, 332394, 332399, 332402, 332911, 333663, 333668, 333872, 333991, 334063, 334470, 334595, 334924, 335056, 335226, 335489, 335959, 336740, 337287, 337654, 337732, 338223, 338237, 338244, 338341, 338391, 338496, 338529, 339307, 339347, 339726, 340207, 340244, 340796, 340970, 340979, 340982, 340986, 341144, 341192, 341444, 341473, 341504, 341532, 341795, 341814, 341886, 341907, 341913, 341934, 342104, 342107, 342582, 342874, 343269, 343441, 343884, 344179, 344219, 344224, 344496, 344518, 344594, 344908, 344926, 344931, 344946, 345015, 345021, 345372, 345378, 345751, 345937, 347017, 347119, 347232, 347237, 347834, 347991, 348248, 348463, 348907, 351745, 351803, 353181, 353521, 353570, 353926, 354020, 354212, 354316, 354342, 354573, 354579, 354740, 355451, 356193, 356264, 356361, 358362, 359278, 359537, 359702, 359781, 360179, 360372, 360378, 360591, 360614, 360624, 361189, 361197, 361453, 361457, 361613, 361767, 362104, 362220, 362379, 362604, 362691, 362913, 362938, 362942, 363010, 363096, 363573, 363953, 363961, 363971, 363982, 363988, 363994, 364002, 364007, 364012, 364018, 364635, 364752, 364759, 364773, 364942, 365521, 365643, 366121, 366124, 366128, 366196, 366200, 366452, 366650, 366844, 366927, 366955, 366960, 366993, 367502, 367729, 367737, 367859, 368028, 368351, 368371, 368500, 368557, 369306, 369344, 369544, 369571, 369582, 369913, 369916, 369922, 370019, 370614, 370677, 370737, 370747, 370801, 370991, 371074, 371456, 371459, 371578, 371656, 371744, 372277, 372312, 372363, 372698, 373053, 373132, 373164, 373810, 374338, 374461, 374464, 374467, 374470, 374517, 374520, 374523, 374526, 374764, 374848, 375132, 375608, 375616, 375812, 375820, 375845, 375871, 376057, 376062, 376262, 376769, 376786, 376796, 376833, 377009, 377277, 377421, 377427, 377506, 377509, 377660, 378036, 378246, 378345, 378763, 379944, 380316, 380614, 380671, 380802, 381396, 381401, 381403, 381507, 381593, 382006, 382095, 382481, 382643, 382649, 382656, 382661, 383066, 383560, 383906, 383910, 384026, 384278, 384358, 384407, 384420, 384432, 384491, 384593, 385377, 385420, 385600, 385966, 386121, 386135, 386287, 386752, 387051, 387796, 387823, 388160, 388398, 389142, 389520, 389614, 389662, 389682, 389689, 390215, 390641, 390874, 391379, 391542, 391615, 391620, 392181, 392396, 392401, 392606, 392613, 392616, 392704, 392993, 393210, 393451, 393579, 393905, 393956, 394128, 394281, 394525, 395065, 395241, 395382, 395576, 395624, 395676, 396267, 396272, 396312, 396468, 396533, 396585, 396656, 397104, 397107, 397110, 397113, 397119, 397582, 398124, 398578, 399198, 399206, 399406, 399481, 399631, 399809, 400098, 400277, 400313, 400539, 400608, 400755, 400824, 401256, 401422, 401563, 401635, 401649, 401653, 401800, 402051, 402455, 402582, 402588, 402605, 402943, 403105, 403674, 403789, 404084, 404140, 404144, 405069, 405131, 405577, 405597, 405729, 405780, 406038, 406199, 406236, 406695, 406854, 407335, 407598, 407688, 407727, 407829, 408291, 408294, 408298, 408610, 408679, 409565, 409932, 410022, 410054, 410839, 410894, 411014, 411133, 411154, 411524, 411561, 411682, 412047, 412549, 412675, 412811, 413158, 413163, 413708, 413779, 415023, 415026, 415235, 415273, 415937, 415973, 415976, 415981, 417513, 417743, 417875, 417904, 417918, 419231, 419376, 419395, 419403, 419794, 419936, 419939, 420971, 421339, 421455, 421788, 421972, 422194, 422237, 422241, 422244, 422247, 422250, 422253, 422256, 422259, 422262, 422265, 422268, 422271, 422274, 422437, 422442, 422566, 422573, 422581, 422685, 422715, 422717, 422920, 422992, 423644, 423694, 424120, 424230, 424604, 424611, 424616, 424620, 424625, 424633, 424642, 424646, 424650, 424666, 424674, 424690, 424797, 425204, 425236, 425524, 425770, 425779, 425893, 426016, 426131, 426209, 426212, 426347, 426441, 426678, 427012, 427025, 427055, 427618, 427736, 428267, 428277, 428305, 428948, 429143, 429207, 429218, 429243, 429742, 429826, 430015, 430133, 430397, 430443, 430565, 430686, 430698, 430766, 430780, 430798, 431275, 431483, 431531, 431553, 431641, 431710, 431721, 431731, 431740, 431818, 431873, 432071, 432075, 432428, 432501, 432523, 432533, 432557, 432614, 432871, 432891, 432925, 432975, 432985, 432992, 433004, 433025, 433090, 433096, 433200, 433256, 433337, 433342, 433509, 433514, 433607, 433829, 434204, 434262, 434316, 434336, 434391, 434679, 435049, 435128, 435232, 435450, 435493, 435647, 435703, 435781, 435814, 436332, 436501, 436505, 436588, 436985, 437068, 437081, 437160, 437208, 437257, 437315, 437323, 437587, 437678, 437764, 437783, 437844, 438505, 438569, 439516, 439524, 439608, 439769, 439828, 439893, 439928, 439951, 439976, 440142, 440150, 440616, 440944, 441065, 441231, 442221, 442224, 442234, 442238, 442625, 442668, 442891, 443127, 443150, 443182, 443206, 443389, 443403, 443515, 443572, 443588, 443620, 443649, 443662, 443693, 443706, 443712, 443739, 443821, 443913, 444365, 444405, 444411, 444492, 444552, 444702, 444711, 444718, 444735, 444780, 444849, 444930, 444936, 445051, 445057, 445328, 445435, 445467, 445481, 445508, 445568, 445589, 445605, 445753, 445950, 446022, 446115, 446395, 446410, 446792, 446811, 447081, 447176, 447262, 447391, 447494, 447598, 447740, 447803, 447823, 448235, 448376, 448512, 448760, 449073, 449110, 449127, 449442, 449449, 449462, 449479, 449552, 449632, 450088, 450280, 450301, 450332, 450348, 450495, 450788, 450876, 451242, 451250, 451434, 451453, 451473, 452480, 452501, 452540, 452670, 452679, 452857, 452956, 453179, 453237, 453273, 453279, 453327, 453367, 453387, 453517, 453533, 453682, 454148, 454157, 454264, 454396, 454405, 454466, 454469, 454473, 454559, 454585, 454618, 454881, 454969, 455062, 455148, 455255, 455296, 455310, 455368, 455696, 455723, 455956, 456060, 456137, 456203, 456361, 457202, 457210, 457236, 457821, 458066, 458134, 458305, 458397, 458456, 458469, 458581, 458961, 458978, 458986, 459845, 459851, 459860, 459910, 460963, 461007, 462510, 462919, 463360, 463374, 463494, 463843, 464654, 464846, 465039, 465313, 465422, 465534, 465647, 465929, 466900, 467120, 467290, 467445, 467473, 467514, 467562, 468037, 468404, 468488, 468642, 469136, 469168, 469183, 469193, 469219, 469224, 469331, 469497, 469501, 469656, 469817, 469875, 469878, 470036, 470689, 470800, 471318, 471550, 471570, 471824, 471873, 471887, 472081, 472302, 472544, 472947, 472955, 473114, 473281, 473735, 473779, 473834, 474141, 474169, 474664, 474753, 474789, 474837, 475328, 475556, 475706, 475950, 476303, 476447, 476464, 476470, 476959, 476984, 476988, 477164, 477220, 477837, 477948, 478041, 478116, 478354, 478439, 478552, 478636, 478756, 478763, 478770, 478941, 478975, 479111, 479153, 479541, 479547, 479732, 479916, 480194, 480380, 480385, 480497, 480618, 480681, 480726, 480774, 480917, 481194, 481306, 481321, 481328, 481355, 481628, 481635, 481659, 481667, 481682, 481796, 481842, 482072, 482460, 482613, 482913, 483466, 483479, 483828, 483911, 484079, 484133, 484240, 484956, 485023, 485355, 485539, 485761, 485798, 485818, 485838, 486114, 486141, 486428, 486521, 486525, 486554, 486980, 487124, 487370, 487460, 487463, 487493, 487776, 487868, 487877, 488362, 488384, 488415, 488862, 488900, 488904, 488908, 488912, 488917, 488921, 488929, 488932, 488935, 489380, 489741, 489780, 489993, 490261, 490455, 490462, 490556, 490634, 490650, 490659, 490668, 490835, 490842, 491084, 491152, 491306, 491371, 491429, 491435, 492572, 492575, 492768, 492955, 493365, 493505, 493509, 493626, 493776, 493781, 493794, 494088, 494233, 494484, 494639, 494693, 494898, 495153, 495177, 495963, 497397, 497632, 499074, 499789, 499805, 499814, 499837, 499854, 500895, 501427, 501700, 502450, 502511, 502782, 503476, 506098, 508096, 508627, 508860, 510507, 510670, 510952, 510961, 510992, 511096, 511105, 512457, 512860, 514519, 514545, 514651, 515223, 515700, 517100, 519126, 519343, 519804, 519952, 519966, 520648, 520692, 521170, 521190, 522655, 522870, 523042, 523215, 523529, 523600, 524965, 524974, 526765, 527165, 527256, 528250, 528682, 529015, 529478, 529791, 530046, 530676, 531381, 531911, 532305, 532393, 532617, 532887, 533633, 533643, 533658, 534764, 535601, 536584, 537130, 538208, 538227, 538897, 538946, 540047, 543070, 543379, 544486, 544628, 544668, 544767, 545055, 545629, 545917, 545962, 546120, 546565, 547086, 547165, 547729, 548253, 549055, 549586, 549602, 549644, 549942, 551417, 555912, 557596, 558585, 561644, 562939, 562975, 564592, 564968, 565023, 565240, 565733, 565875, 566347, 566982, 567277, 567282, 567649, 568151, 569306, 569339, 569659, 569798, 571143, 571175, 571968, 572202, 572555, 572919, 572927, 573216, 573782, 574796, 574925, 575145, 575818, 576976, 577524, 577658, 578352, 579730, 580118, 581355, 582603, 583422, 583474, 585192, 585845, 586086, 586090, 586575, 586708, 586720, 588758, 589050, 589056, 589810, 590258, 590290, 591207, 591886, 592835, 594617, 594628, 595247, 595626, 596845, 597994, 598744, 599267, 599481, 600039, 600438, 600467, 601433, 601754, 602836, 603078, 604973, 605867, 606604, 607332, 607525, 608295, 608805, 608964, 609122, 610847, 611944, 612589, 612592, 614723, 619525, 619705, 620356, 622113, 624173, 624603, 624845, 626820, 627032, 627567, 627648, 628450, 629194, 631173, 631763, 632438, 632590, 632765, 632773, 632806, 632830, 633081, 633110, 633475, 633652, 634368, 634602, 634686, 634766, 634773, 634939, 635384, 635411, 635474, 635478, 635574, 635578, 635881, 635924, 635931, 636048, 636176, 636213, 636582, 636601, 636607, 636768, 637384, 637799, 637811, 637821, 637831, 637845, 637869, 637946, 637992, 638034, 638181, 638235, 638293, 638330, 638373, 638648, 639338, 639584, 639640, 639842, 639909, 639936, 639976, 640370]
11,26,[387, 804, 949, 1006, 3994, 4930, 4946, 5090, 5926, 8410, 8427, 11085, 11592, 12468, 12580, 12762, 12946, 13217, 14590, 15294, 16674, 17916, 19002, 20568, 20612, 20747]
12,15,[718, 1373, 2229, 2284, 3098, 3185, 7425, 9118, 15839, 16646, 19214, 22080, 22308, 22720, 22803]
14,16,[752, 11565, 34330, 39269, 51950, 55375, 63801, 70670, 84777, 98465, 98482, 103203, 157772, 175623, 179418, 188356]
15,566,[819, 1595, 1677, 3011, 3251, 3434, 3551, 3565, 3889, 3903, 3954, 3992, 4252, 4547, 5056, 5681, 6437, 6447, 6484, 6883, 6958, 7375, 7461, 7499, 7648, 7814, 8126, 8237, 8719, 8980, 9586, 10656, 11304, 11375, 11399, 12542, 12823, 12985, 12993, 13136, 13255, 13642, 13731, 13989, 14224, 14593, 15007, 15531, 15572, 16392, 16399, 16467, 16521, 16593, 16685, 16792, 17049, 17055, 17171, 17237, 17288, 17364, 18051, 18120, 18264, 18380, 19203, 19658, 19995, 20249, 20421, 20450, 20730, 21040, 21048, 21179, 21753, 21967, 22435, 22538, 23145, 23186, 23195, 23250, 23283, 23302, 23677, 25295, 25444, 25969, 26128, 27892, 28343, 28348, 28955, 29092, 29631, 29856, 29870, 30520, 31037, 31300, 31450, 31529, 31810, 31944, 32053, 32351, 32366, 32443, 32545, 32621, 32711, 32854, 32972, 33546, 33854, 34236, 34456, 34687, 34984, 35668, 35792, 35864, 36112, 36491, 37013, 38249, 38779, 38984, 39023, 39116, 39172, 39319, 39435, 39439, 39451, 39657, 39803, 40101, 40759, 41367, 41707, 42148, 42235, 42643, 42790, 42987, 42995, 43178, 43248, 43281, 43374, 43514, 44608, 44794, 45339, 45547, 45716, 45720, 45861, 46494, 46708, 46736, 47741, 47976, 48190, 48347, 48355, 48472, 48588, 48890, 49270, 49296, 49417, 49719, 49834, 50117, 50142, 50381, 51400, 52269, 52493, 53125, 53285, 54876, 55714, 56141, 56511, 56543, 56898, 56927, 57309, 58301, 58389, 58404, 58566, 59290, 59627, 59978, 60029, 60445, 60481, 60916, 60944, 61087, 61402, 61775, 62459, 62519, 62755, 63135, 63452, 63542, 63546, 63571, 63659, 63722, 63812, 63960, 64072, 64329, 64376, 64383, 64856, 65233, 65556, 66221, 67001, 67063, 67209, 67638, 68231, 68285, 68327, 68389, 68395, 68548, 68561, 69035, 69406, 69505, 69887, 70096, 70189, 70631, 70761, 72140, 72276, 72356, 73713, 74164, 74649, 75131, 75166, 75249, 75650, 76649, 76981, 77367, 77673, 77854, 77963, 78440, 78473, 78591, 78867, 78931, 78948, 79172, 79725, 79767, 79774, 79805, 80690, 80732, 81115, 81403, 82173, 82876, 83124, 83143, 83223, 83448, 83790, 84414, 84434, 84704, 84809, 85122, 85252, 85256, 85262, 85447, 85740, 85803, 86917, 86990, 88017, 88826, 88879, 89753, 90024, 90050, 90332, 91654, 91667, 91731, 91787, 92409, 92441, 92595, 92889, 93293, 93412, 94169, 94526, 94739, 94752, 94804, 95384, 95439, 95651, 95976, 96107, 96298, 96476, 96933, 97080, 97428, 97603, 97874, 97943, 98212, 98294, 98341, 98382, 98464, 98472, 98807, 98875, 100026, 100103, 101651, 102351, 102437, 102727, 102811, 102931, 103328, 104302, 104541, 104817, 105385, 105794, 105828, 106243, 106443, 106693, 108015, 108773, 109131, 109879, 109950, 110396, 110590, 110656, 110872, 111222, 112750, 112908, 113214, 113788, 113813, 113918, 114893, 115022, 115718, 115806, 116719, 116846, 116861, 117112, 117434, 117729, 117864, 117882, 117893, 118686, 119179, 119255, 119616, 120048, 120458, 120473, 120559, 120979, 121070, 121704, 121919, 122781, 122804, 122820, 123299, 123930, 124126, 124755, 125435, 125821, 126595, 126602, 127048, 127257, 127370, 127980, 128609, 129407, 130294, 130356, 130701, 130965, 131460, 132981, 133030, 133773, 133791, 135129, 136350, 136799, 136896, 136905, 136981, 137038, 137277, 138003, 138055, 138062, 138228, 138499, 139276, 139461, 139534, 139694, 139811, 139841, 139933, 139945, 139981, 139992, 140008, 140087, 140113, 140237, 140604, 140962, 141331, 141376, 141471, 141495, 141966, 142256, 142434, 142478, 142548, 144926, 145221, 145559, 145734, 146302, 146336, 146371, 146375, 146779, 147087, 147504, 147611, 147954, 148007, 148220, 148320, 148815, 149038, 149267, 149877, 150579, 150840, 150848, 150862, 151231, 151408, 151785, 151796, 151985, 153269, 153475, 154773, 155037, 155488, 155917, 156100, 156449, 156748, 156784, 156854, 158090, 158755, 159339, 160605, 160706, 160879, 160914, 160920, 160925, 160929, 161103, 161268, 161325, 161364, 161437, 161456, 161623, 161883, 161895, 161909, 161964, 162232, 162445, 162471, 162549, 162654, 163357, 163604, 163776, 164953, 165382, 165413, 165803, 166079, 166165, 166734, 167067, 167639, 168545, 169045, 169053, 169278, 169620, 169982, 170134, 170408, 170437, 170798, 170851, 170879, 171325, 171679, 171714, 171819, 171882, 172510, 172556, 172614, 172719, 172839, 172981, 173037]
16,33,[3722, 4039, 9182, 9328, 12289, 12504, 12511, 12962, 13165, 13450, 16062, 17925, 18015, 20571, 21049, 21065, 21139, 21548, 22731, 23838, 24666, 25270, 25984, 27400, 28111, 30833, 31152, 31914, 31994, 32486, 32495, 34807, 34998]
17,1079,[8, 308, 954, 988, 1024, 1086, 1321, 2270, 2448, 2472, 2788, 3469, 3536, 3646, 3800, 4305, 4396, 4635, 4677, 5266, 5368, 6503, 6519, 6530, 6584, 6688, 7053, 7083, 7438, 7715, 8082, 8165, 8288, 8681, 9068, 9359, 9392, 9398, 9422, 9431, 9444, 9455, 9477, 9547, 9551, 9574, 9696, 10047, 10412, 10495, 10765, 10869, 11124, 11166, 11183, 11192, 11221, 11251, 11259, 11268, 11299, 11346, 11368, 13178, 13690, 13712, 13763, 13827, 14050, 14250, 14255, 15376, 15856, 15888, 16016, 16047, 16668, 16723, 16739, 16763, 16855, 17064, 17125, 17198, 17204, 17232, 17270, 17292, 17322, 17361, 17446, 17576, 17774, 18043, 18069, 18254, 18568, 19145, 19199, 19382, 19529, 19596, 19627, 19671, 19755, 19777, 19843, 19890, 20043, 20061, 20196, 20278, 20698, 20825, 21076, 21107, 21231, 21444, 21456, 21489, 21605, 21903, 21955, 21972, 22542, 22589, 22991, 24119, 24205, 24226, 24237, 24505, 24515, 24520, 24533, 24567, 24641, 24701, 24711, 25135, 25296, 25361, 25421, 25493, 25651, 25700, 25756, 25853, 25879, 25902, 25931, 26217, 26370, 27146, 27160, 27311, 27786, 27871, 27938, 28573, 28671, 28691, 28861, 29403, 29492, 29778, 29820, 29919, 29935, 30230, 30245, 30952, 30956, 30960, 30966, 30983, 30995, 31001, 31007, 31012, 31020, 31024, 31029, 31034, 31041, 31047, 31100, 31158, 31422, 31680, 31795, 31802, 31816, 31991, 32559, 32681, 33168, 33171, 33175, 33240, 33244, 33503, 33699, 33895, 33974, 34000, 34005, 34038, 34546, 34550, 34776, 34784, 34905, 35076, 35398, 35418, 35551, 35610, 35643, 36395, 36433, 36638, 36665, 36676, 36902, 37242, 38371, 38984, 39476, 39483, 39488, 39641, 39849, 41447, 41456, 41496, 41499, 41842, 41899, 41924, 42544, 42584, 42814, 43076, 43205, 43518, 43547, 43698, 44502, 44515, 44552, 44589, 44594, 44735, 45000, 45008, 45032, 45040, 45310, 45457, 46180, 46202, 46303, 46531, 46620, 46629, 46690, 46699, 46707, 46710, 46722, 46751, 46769, 47012, 47051, 47321, 47349, 47371, 51405, 51594, 51839, 52132, 52456, 52674, 52973, 53063, 53261, 53328, 53379, 53481, 53704, 54152, 54622, 54673, 54893, 55582, 55899, 56548, 57003, 57212, 57944, 58295, 58589, 58673, 59258, 59325, 59386, 59981, 60107, 60167, 60448, 61611, 61686, 61725, 61732, 61759, 62696, 63078, 63137, 63173, 63382, 63552, 63563, 63711, 63846, 64087, 64111, 64297, 64458, 64487, 64572, 64632, 64635, 64672, 64695, 65056, 65328, 65548, 65565, 65789, 65980, 66236, 66325, 66515, 66652, 67023, 67032, 67163, 67587, 67802, 67812, 67828, 67858, 68656, 69079, 69241, 69639, 69690, 69711, 69747, 70106, 70531, 70548, 70595, 71163, 71497, 71593, 72155, 72340, 72663, 73122, 73735, 74986, 75030, 75109, 75118, 75158, 75283, 75741, 75805, 75844, 76147, 76174, 76293, 76723, 77338, 77538, 78235, 78652, 78798, 79008, 79099, 79117, 79218, 79224, 79236, 79304, 79699, 79902, 79999, 80099, 80124, 80179, 80240, 80436, 80540, 81213, 81261, 81419, 81615, 81845, 81944, 81961, 82426, 82489, 82763, 82851, 83308, 83422, 83428, 83469, 83472, 83539, 83560, 83643, 83650, 83656, 83711, 83718, 83737, 83819, 83829, 83841, 83875, 84145, 84393, 84396, 84557, 84681, 85458, 85482, 85554, 85913, 86736, 86742, 86804, 87300, 87648, 87810, 87874, 87886, 87902, 87946, 88496, 88499, 88505, 88784, 88818, 88930, 90076, 90683, 90785, 91020, 91157, 91405, 91433, 91679, 92713, 93590, 93958, 94337, 94419, 94479, 94813, 94948, 95022, 95306, 95580, 95906, 96118, 96219, 96276, 96465, 96469, 96669, 96678, 96729, 96784, 97127, 97245, 97592, 97852, 97975, 98377, 98631, 98936, 98938, 98982, 99996, 100852, 101160, 101165, 101197, 101344, 101701, 101728, 101788, 101892, 101969, 102007, 102009, 102036, 102123, 102191, 102401, 102463, 102641, 103211, 103344, 105137, 105145, 105340, 105414, 105776, 106104, 106613, 106716, 106776, 107574, 107729, 107936, 107968, 108476, 108586, 108625, 109117, 109134, 109431, 109437, 109444, 109468, 109493, 109496, 110128, 110793, 110808, 110819, 111216, 111416, 112232, 112983, 113354, 113661, 113756, 113960, 114099, 114111, 114169, 114456, 114787, 114790, 114793, 114909, 115013, 115084, 115148, 115160, 115354, 116021, 116586, 117022, 117087, 117176, 117306, 117448, 117461, 117505, 117836, 117844, 118392, 118426, 119336, 119608, 119709, 119740, 120061, 120101, 120993, 121001, 121116, 121129, 121296, 122404, 122470, 122481, 122535, 123286, 123645, 124010, 124534, 124624, 124862, 125205, 125326, 126086, 126431, 126598, 126631, 126947, 127032, 127404, 127618, 127717, 127775, 127852, 128092, 128559, 128567, 129158, 129204, 129222, 129277, 129328, 129415, 129426, 129459, 129475, 129557, 130141, 130598, 130689, 132010, 132658, 132705, 132897, 133417, 133690, 133715, 133724, 133749, 134055, 134313, 134454, 134567, 134637, 134873, 134960, 135271, 135870, 136420, 136847, 137049, 137066, 137228, 137250, 137262, 137267, 137645, 137746, 138070, 138169, 138911, 139109, 139123, 139350, 139356, 140110, 140116, 141119, 141178, 141185, 141213, 141239, 141430, 141768, 141924, 141932, 142089, 142111, 142134, 142245, 142574, 142586, 142872, 143354, 143396, 143406, 143830, 144184, 144299, 145561, 145711, 145735, 145808, 145849, 146017, 146160, 146217, 146371, 146495, 147285, 147784, 148037, 148084, 148161, 148514, 148623, 148807, 149037, 149635, 149705, 150144, 150508, 150741, 151752, 151848, 152084, 152387, 152443, 152478, 152777, 153234, 153849, 154167, 154208, 154226, 154570, 154629, 154746, 154943, 155247, 155993, 156070, 156622, 156635, 156808, 156941, 157170, 157290, 157316, 157355, 157428, 157477, 157595, 157942, 158030, 158157, 158269, 158291, 158298, 158338, 158417, 158426, 159065, 159077, 159859, 159895, 159910, 159925, 160166, 160487, 160606, 160844, 161146, 161279, 161589, 161740, 161885, 162249, 162502, 162861, 162935, 163335, 163348, 163467, 163476, 163552, 163637, 163642, 163980, 164538, 164763, 164845, 164902, 164945, 165103, 165141, 165150, 165745, 165940, 166002, 166012, 166448, 166453, 166627, 166682, 166733, 166738, 167149, 167396, 167781, 168730, 168838, 168929, 169250, 169371, 169381, 169601, 169966, 169982, 170061, 170191, 170510, 170580, 170609, 170778, 170782, 171648, 171877, 172782, 172887, 172989, 173596, 173959, 174155, 174172, 174241, 174254, 174332, 174384, 174502, 174944, 174948, 175665, 175814, 175872, 176181, 176261, 176988, 176991, 177021, 177025, 177044, 178425, 178546, 179198, 179214, 179223, 179246, 179263, 180018, 180130, 180180, 180613, 180693, 180756, 180907, 180954, 180965, 180993, 181337, 181629, 181643, 181648, 181666, 181973, 182576, 182732, 182819, 182830, 182843, 183068, 183077, 183106, 183246, 183426, 183434, 183675, 183799, 183894, 183901, 184120, 184125, 184169, 184450, 185152, 185312, 185315, 185404, 186172, 186782, 187061, 187301, 187785, 187803, 187831, 187873, 187882, 187893, 187910, 187924, 187928, 187932, 188021, 188030, 188544, 189058, 189112, 189264, 189643, 189664, 189701, 190281, 190873, 190887, 190920, 190964, 191018, 191191, 191384, 192279, 192322, 192485, 192585, 192652, 193037, 193137, 193151, 193277, 194328, 194569, 195017, 195039, 195055, 195294, 195698, 196162, 196407, 196421, 196574, 196818, 197065, 197210, 197254, 197896, 197998, 198175, 198273, 198294, 198464, 198762, 199576, 199663, 199917, 199985, 200049, 200157, 200283, 200413, 200612, 200646, 200654, 200736, 200839, 200891, 200909, 200972, 201041, 201050, 201220, 201339, 201480, 201550, 201589, 201830, 202477, 202556, 202970, 203046, 203398, 203464, 203478, 203505, 203575, 203597, 203696, 203703, 203716, 203726, 203761, 203851, 204204, 204463, 204487, 204660, 204778, 204816, 205166, 205170, 205706, 205757, 205770, 205825, 205828, 205930, 206132, 206162, 206186, 206544, 206576, 206772, 206832, 206899, 206916, 206928, 207085, 207237, 207297, 208425, 208430, 208446, 208458, 208509, 209287, 210264, 210299, 210361, 210433, 210667, 210685, 210791, 211014, 211039, 211120, 211172, 211194, 211211, 211214, 211221, 211231, 211380, 211434, 211505, 211518, 211524, 211540, 211604, 211799, 211816, 211822, 211852, 212000, 212063, 212394, 212467, 212540, 212809, 212842, 212883, 213063, 213088, 213330, 213354, 213436, 213593, 213762, 213784, 213829, 214511, 214531, 214665, 214752, 215045, 215399, 216531, 216539, 216845, 216866, 217804]
18,393,[915, 1106, 1218, 1308, 1396, 1706, 2146, 7224, 7569, 7919, 8202, 8824, 9020, 9078, 9524, 9955, 10121, 10137, 10139, 10144, 10148, 10440, 11083, 11716, 11796, 12677, 12934, 13360, 13643, 16343, 16374, 16749, 16753, 16800, 17511, 17938, 18166, 18316, 18979, 19176, 19225, 19357, 19705, 19851, 22300, 22810, 22834, 23295, 23721, 23742, 23799, 23817, 24196, 24325, 24714, 24880, 25136, 25267, 25348, 25526, 26184, 26194, 26203, 26309, 26505, 26699, 27330, 31017, 32208, 32299, 32736, 32861, 32931, 33045, 33376, 33684, 33767, 33887, 34171, 34406, 34501, 34632, 34671, 34878, 35557, 35702, 35750, 36054, 36248, 36431, 36555, 36895, 37028, 37083, 37408, 37512, 37682, 37852, 38038, 38166, 38456, 39021, 39264, 40662, 40828, 41262, 41470, 41952, 42123, 42227, 42805, 42924, 43159, 43677, 43783, 43859, 44861, 44866, 45132, 45327, 45450, 45736, 45931, 45960, 45973, 46047, 46516, 46569, 46890, 46926, 46946, 46997, 47009, 47015, 47459, 47555, 47587, 47593, 47702, 47740, 47977, 48120, 48578, 48623, 48747, 48799, 48809, 48836, 48847, 48920, 48928, 49006, 49631, 49901, 50210, 50634, 50686, 50850, 50856, 50943, 50981, 50988, 51336, 51599, 51924, 51929, 52197, 52243, 52309, 52343, 52383, 52879, 53104, 53232, 53436, 53448, 53482, 53563, 54225, 54340, 54435, 54735, 55092, 55494, 55680, 55941, 56103, 56951, 57505, 59342, 60476, 60859, 61605, 70451, 70461, 84702, 90525, 90836, 97653, 98191, 98231, 99766, 99838, 100005, 100017, 100072, 100161, 100294, 100323, 101077, 101678, 101717, 108146, 108172, 108235, 108461, 108685, 108803, 108890, 108928, 109171, 109215, 109371, 109390, 109414, 109928, 110138, 110355, 110359, 110471, 110515, 110833, 110837, 111010, 111289, 111374, 111399, 111934, 112084, 112717, 112770, 113430, 113586, 113645, 113653, 113688, 113705, 114160, 114332, 114394, 114550, 114819, 115227, 116601, 116676, 117096, 117269, 117860, 117881, 118993, 119068, 119488, 119661, 120252, 120273, 120921, 121370, 121400, 122079, 122424, 123074, 123077, 123166, 123653, 123698, 123726, 123759, 123877, 123907, 123966, 123975, 123994, 124031, 124312, 124503, 124907, 125228, 125451, 125767, 125987, 126028, 126040, 126329, 126804, 127588, 127884, 127994, 128165, 128275, 128470, 128480, 128529, 128940, 128965, 129140, 129334, 129342, 129351, 129474, 129556, 129655, 129672, 130190, 130200, 130898, 131341, 131344, 131674, 131813, 132077, 132200, 132240, 132702, 133055, 133348, 133737, 133933, 134081, 134136, 134701, 134957, 135644, 135775, 135783, 135950, 136011, 136458, 136551, 136559, 136775, 136875, 137226, 137816, 137824, 138434, 138473, 138875, 138888, 140114, 140155, 140295, 140590, 140674, 140804, 140874, 140884, 140901, 141224, 141264, 141466, 141791, 141863, 142626, 142860, 142881, 142964, 143636, 143708, 143999, 144369, 144768, 145205, 145468, 145758, 145943, 145990, 146098, 146465, 146524, 146898, 146927, 147164, 147577, 147688, 147742, 147790, 147986, 148323, 148515, 148559, 148609, 148900, 148997]
19,113,[345, 1036, 1050, 1068, 1322, 1332, 1597, 1695, 1842, 1958, 2283, 2382, 2696, 2744, 2791, 2797, 2805, 2811, 3016, 3028, 3046, 3095, 3153, 3477, 3650, 3882, 4252, 4363, 4584, 4613, 4876, 5103, 5203, 5247, 5273, 5393, 5594, 6474, 6665, 6720, 6799, 6966, 7069, 7429, 8179, 8269, 8946, 9104, 9310, 9383, 9439, 9720, 9726, 9737, 9932, 10111, 10204, 10477, 10520, 10635, 10637, 10731, 10800, 10852, 11174, 11203, 11674, 11776, 12179, 12620, 12704, 12798, 12859, 13521, 13698, 15029, 15625, 15699, 15727, 16508, 16602, 17637, 17933, 17942, 19470, 20091, 20239, 20267, 20279, 20357, 20778, 20799, 22653, 22667, 22764, 23257, 23361, 23526, 23866, 24185, 24212, 24491, 24729, 25040, 25057, 25082, 25289, 25551, 25770, 26372, 27095, 27191, 27308]
20,30,[2072, 5998, 8175, 11126, 11143, 12031, 12889, 14176, 16307, 17625, 18921, 26355, 32556, 32602, 32838, 36028, 36171, 39696, 42551, 49496, 50699, 51388, 51418, 51687, 54180, 56029, 62460, 62895, 64318, 65187]
21,95,[4023, 4251, 5580, 5653, 5831, 5882, 6588, 6750, 7074, 7871, 7898, 8716, 8955, 9013, 9425, 9436, 9768, 9964, 9973, 10047, 11765, 11996, 12426, 12459, 13097, 13343, 13634, 13813, 14538, 15224, 15740, 16036, 16128, 16897, 17380, 17409, 17579, 18170, 18209, 18357, 18445, 18695, 18763, 18879, 19542, 20230, 20795, 21190, 21399, 21455, 21731, 22689, 24029, 24304, 24338, 24484, 24937, 25083, 25256, 25414, 25440, 26930, 27262, 27523, 28113, 28148, 28328, 28723, 28760, 28874, 28894, 28933, 29163, 29432, 29919, 30219, 30232, 30242, 31145, 31534, 31887, 31895, 31919, 31980, 32237, 32426, 32755, 33001, 33016, 33165, 33464, 33574, 33583, 33626, 34426]
22,416,[1732, 1750, 1884, 3548, 4882, 5176, 5178, 5542, 8989, 9431, 10095, 10469, 13401, 13656, 14110, 15295, 15413, 15416, 15579, 15588, 15620, 15858, 15870, 16133, 17291, 17976, 19132, 20799, 20801, 20803, 20805, 20825, 20903, 21087, 23213, 23237, 23254, 23256, 24165, 24168, 24172, 25078, 27580, 27582, 27593, 27620, 27642, 27644, 27720, 34424, 38604, 38956, 38962, 39234, 39455, 39517, 39701, 39703, 39705, 39707, 39709, 39711, 39713, 40033, 40035, 41067, 41069, 41071, 41073, 41543, 41546, 41591, 46730, 53115, 53119, 54457, 54472, 54736, 54745, 54750, 54755, 54758, 57004, 57032, 57036, 57078, 57082, 57857, 57861, 57895, 58776, 58779, 58835, 58837, 58992, 58996, 59000, 59659, 59949, 59991, 60169, 61585, 61604, 62415, 62417, 62813, 62982, 63197, 63636, 64016, 64018, 64051, 64848, 64971, 65038, 65092, 65094, 65096, 65098, 65100, 65102, 65477, 65729, 65731, 65733, 65737, 65739, 65741, 65743, 65745, 65747, 65820, 65888, 66030, 66032, 66168, 66374, 67469, 67472, 70202, 70205, 70207, 70884, 71028, 71030, 71043, 71046, 71049, 71052, 71055, 71058, 71080, 71083, 73385, 73388, 73392, 73396, 73405, 73510, 73687, 75361, 76268, 76272, 76372, 76374, 76396, 76479, 76526, 76844, 76848, 77896, 77938, 78231, 78419, 78421, 78423, 78425, 78429, 78431, 78454, 78516, 78521, 78569, 81160, 81841, 81845, 82854, 84394, 84397, 84400, 84403, 84406, 85202, 85360, 85376, 85887, 86244, 86333, 86339, 86343, 86421, 86423, 86425, 86798, 87207, 87511, 87558, 88138, 88141, 88581, 88583, 88585, 88622, 88631, 88645, 88734, 89079, 89419, 89456, 89937, 90524, 90876, 90878, 91262, 91996, 92063, 92708, 93008, 94552, 94554, 94557, 94559, 96482, 96484, 98176, 98556, 100387, 100390, 100574, 100588, 100892, 101137, 102588, 103157, 104245, 105671, 105719, 105884, 106546, 107161, 107527, 107529, 107704, 109117, 109119, 109165, 109202, 109204, 109227, 109272, 109287, 109699, 109820, 109839, 110403, 113065, 113470, 114207, 114551, 115631, 115639, 115642, 115670, 115672, 115675, 115678, 115967, 116394, 116414, 117025, 117027, 117030, 117033, 117420, 117422, 117424, 117856, 118910, 119275, 119458, 119802, 119891, 120074, 120614, 120616, 120618, 122030, 122048, 122052, 122530, 122532, 122536, 122573, 124427, 125010, 125614, 125734, 126373, 126645, 127111, 128258, 129724, 129846, 130417, 130421, 130425, 131734, 132157, 134228, 134420, 136549, 136552, 136784, 136788, 136792, 136860, 136864, 136869, 137451, 137469, 137962, 138011, 138106, 139038, 139042, 139045, 139053, 139060, 139064, 139260, 139262, 139264, 141090, 141093, 141096, 141099, 141125, 141143, 141210, 142059, 142957, 142961, 143757, 144691, 144954, 144958, 144962, 145322, 145362, 145609, 145624, 145627, 145630, 145998, 146003, 146108, 147378, 147447, 147450, 147455, 147676, 148558, 148560, 149449, 149871, 149980, 149982, 150089, 150100, 150103, 150112, 150501, 150514, 150553, 150557, 150575, 150751, 150753, 150952, 151121, 151227, 151304, 151389, 151393, 151395, 151397, 151999, 152022, 152052, 152055, 152129, 152219, 152221, 152229, 152385, 152401, 152451, 152453, 152522, 152524, 152690, 152975, 153184, 158039, 158248, 158911]
23,118,[319, 693, 1490, 1500, 1602, 2171, 2202, 4561, 4922, 4949, 5090, 5166, 5246, 6122, 6629, 6804, 6946, 7014, 7192, 7199, 7281, 7890, 7904, 8278, 8419, 8479, 8523, 9159, 9295, 10057, 10069, 10338, 10946, 11059, 11074, 11388, 11742, 11890, 12216, 12260, 12537, 12831, 13303, 13561, 13585, 14300, 14304, 14732, 15035, 15116, 15209, 15451, 15505, 15688, 15741, 15873, 16140, 16454, 16824, 16833, 16949, 17308, 17443, 18135, 18903, 18915, 19276, 19379, 19848, 19974, 20174, 21333, 22130, 22156, 22171, 22224, 22303, 22336, 22400, 22408, 22778, 23068, 23241, 23806, 24475, 24591, 24632, 24643, 24910, 25381, 25431, 25715, 26032, 26138, 26375, 26497, 26519, 26604, 26642, 26658, 26684, 26712, 26719, 26760, 27337, 27344, 27443, 27741, 27799, 27873, 27920, 28185, 28229, 28323, 29107, 29418, 30537, 30781]
24,42,[1092, 2099, 2110, 2125, 2807, 2847, 2917, 3111, 3400, 4460, 4575, 5547, 6868, 7478, 7506, 11005, 11535, 12734, 12845, 12905, 13538, 20409, 26427, 26653, 29282, 29814, 30084, 30391, 30806, 32037, 32247, 37016, 37121, 37148, 39110, 39197, 39258, 39601, 39672, 39730, 40404, 43445]
25,17,[935, 11690, 33085, 37773, 49826, 53121, 61287, 67409, 81117, 94370, 99104, 122941, 141232, 151082, 168525, 172032, 180628]
26,30,[2458, 6517, 8697, 11698, 11715, 12618, 13476, 14762, 16956, 18302, 19628, 27153, 33430, 33477, 33714, 36929, 37073, 40635, 43487, 50543, 51751, 52446, 52476, 52767, 55345, 57188, 63798, 64238, 65714, 66599]
27,408,[515, 569, 716, 1077, 1111, 1115, 1477, 1531, 1867, 2574, 3319, 3351, 3875, 3925, 3975, 4211, 4247, 4639, 4747, 4961, 5261, 5590, 5790, 5812, 6025, 6119, 6184, 6540, 6753, 6796, 6856, 7014, 7279, 8052, 8665, 9222, 9261, 9686, 10332, 10376, 10450, 10698, 11102, 11458, 11619, 11966, 12121, 12168, 12206, 12892, 13305, 13358, 14361, 14374, 14423, 14502, 14582, 14599, 15499, 15654, 15854, 16482, 17433, 17686, 18485, 18505, 19041, 19491, 19620, 19826, 19891, 20001, 20136, 20824, 20858, 21252, 21837, 22254, 22839, 23159, 23250, 23348, 23644, 23677, 24270, 25127, 25384, 25770, 26345, 26502, 26515, 26778, 27193, 27687, 27693, 27698, 27704, 27901, 28086, 28357, 28861, 29271, 29512, 29532, 29664, 29933, 30571, 30593, 30996, 31553, 32514, 32539, 32782, 33124, 33334, 33810, 34306, 34845, 34906, 35408, 35911, 36356, 38193, 38812, 38992, 39256, 39378, 39555, 39713, 40056, 40063, 40533, 40749, 41227, 41724, 41975, 41987, 43093, 43329, 43629, 43767, 43900, 43948, 44160, 44833, 45208, 45336, 45366, 45596, 45642, 46299, 47062, 47311, 47375, 47850, 47886, 47940, 48275, 48559, 48672, 49078, 50119, 50422, 50454, 50778, 51749, 52052, 52165, 52314, 52477, 52655, 52798, 53395, 53448, 54095, 54336, 54959, 55301, 55408, 55457, 55512, 55518, 55713, 56193, 56573, 56737, 57256, 57524, 57787, 57958, 58141, 58161, 58678, 58750, 58845, 59565, 59944, 61183, 61607, 61987, 62392, 62406, 62560, 62874, 63306, 63471, 63675, 63696, 63990, 64184, 65073, 65167, 65291, 65395, 65832, 65947, 66003, 66094, 66261, 66342, 66725, 66999, 67023, 67214, 67556, 67659, 68359, 68503, 68507, 68929, 69092, 69152, 69653, 69841, 70081, 70509, 70659, 70851, 70973, 71091, 71175, 71205, 71234, 71320, 71489, 71852, 72092, 72157, 72429, 72447, 72671, 73464, 73510, 73596, 74306, 74470, 74551, 74853, 75150, 75164, 75178, 75204, 75508, 75643, 75809, 75902, 75961, 76032, 76085, 76507, 76839, 76868, 77242, 77310, 77405, 77551, 77642, 77902, 78309, 78583, 79461, 79487, 79583, 79698, 79838, 79941, 80055, 80136, 80260, 80427, 80455, 80501, 80557, 80646, 80953, 80962, 81036, 81583, 81828, 82224, 82378, 83274, 83499, 83632, 83681, 83717, 84287, 84461, 84528, 84676, 84749, 85215, 85614, 85775, 86196, 86422, 86574, 86818, 87051, 87069, 87099, 87310, 87319, 87365, 87542, 87593, 87678, 87733, 87754, 87861, 87883, 87919, 88204, 88375, 88597, 88657, 89455, 89553, 90266, 90754, 90941, 91004, 91149, 91279, 91303, 91606, 91835, 91881, 92450, 92666, 92975, 92985, 93724, 93727, 94235, 94442, 94704, 95505, 96083, 96508, 96534, 96718, 97009, 97139, 97475, 97659, 97868, 98128, 98358, 98475, 98652, 98770, 98775, 98836, 99378, 99563, 99629, 99684, 99755, 100325, 100841, 100936, 101035, 101041, 101325, 101469, 101540, 101566, 101732, 102734, 102809, 103161, 103305, 104782, 105040, 105760, 105947, 106092, 106132, 106768, 107268, 107295, 107405, 108228, 108526, 109299, 109304, 109605]
28,36,[2373, 2472, 2691, 2877, 3007, 3611, 3653, 3665, 4037, 4045, 4211, 5052, 5220, 5519, 6204, 6211, 6917, 7073, 7162, 7937, 7965, 8393, 8635, 8709, 9082, 9117, 9224, 9372, 9623, 9635, 9738, 10417, 10478, 11058, 11192, 11386]
30,2748,[240, 250, 428, 514, 552, 724, 779, 837, 852, 887, 1031, 1357, 1764, 2327, 2543, 3222, 3236, 3348, 3541, 3555, 3601, 3642, 3676, 3714, 3770, 3828, 3853, 3860, 3870, 3904, 3919, 3947, 3989, 4078, 4361, 4375, 4405, 4530, 4536, 4541, 4545, 4549, 4812, 4828, 4849, 4929, 5544, 5617, 5655, 6211, 6270, 7540, 7557, 7564, 7820, 8380, 8735, 8994, 9156, 9245, 9378, 9545, 9723, 9727, 9733, 9895, 9907, 9910, 9938, 11325, 11423, 11517, 11556, 11689, 12587, 12597, 12646, 12870, 13281, 13287, 13565, 14457, 14539, 14823, 15241, 15251, 15298, 15312, 15316, 16225, 16436, 16553, 16582, 17119, 17259, 18243, 18276, 18389, 18749, 18779, 19050, 19185, 19840, 19844, 19858, 20794, 20829, 21054, 21337, 22688, 22803, 22938, 23599, 23632, 23651, 23783, 23831, 24304, 24550, 24714, 24750, 24984, 25454, 25808, 26185, 26971, 27223, 27767, 28302, 28312, 28322, 28681, 30073, 30120, 30382, 30393, 30472, 30506, 31211, 31217, 31697, 32027, 32688, 32843, 33007, 33310, 33314, 33541, 33557, 33797, 34032, 34116, 34204, 34228, 34460, 35194, 35225, 35481, 35533, 35537, 35540, 35544, 35548, 35770, 35780, 35799, 35803, 35837, 35870, 36038, 36145, 36148, 36217, 36220, 36224, 36535, 36541, 36544, 36547, 36550, 36554, 36690, 36693, 36722, 36725, 36742, 36746, 36806, 36810, 36814, 36923, 36943, 37005, 37008, 37011, 37040, 37048, 37278, 37503, 37668, 37701, 38098, 38101, 38203, 38630, 38649, 38921, 39161, 39194, 39719, 39915, 40143, 40146, 40474, 40477, 40481, 40485, 40500, 40502, 40506, 40614, 40729, 40732, 40736, 40807, 40845, 40859, 41045, 41146, 41160, 41246, 41430, 41435, 41826, 42448, 42866, 43584, 43694, 43743, 43784, 43842, 43903, 43992, 44131, 44372, 44622, 44700, 44776, 44929, 45080, 45499, 46538, 46649, 46874, 47072, 47110, 47269, 47554, 47637, 48125, 48137, 48185, 48309, 48363, 48423, 48916, 49003, 49024, 49190, 49204, 49274, 49369, 49399, 49416, 49460, 49492, 49501, 49534, 49550, 49553, 49561, 49586, 49651, 49701, 49704, 49839, 49869, 49877, 49889, 49904, 49959, 49989, 50033, 50038, 50077, 50098, 50133, 50165, 50182, 50190, 50199, 50206, 50217, 50229, 50238, 50241, 50245, 50249, 50303, 50367, 50684, 50873, 50947, 51018, 51029, 51060, 51078, 51520, 51548, 51997, 52440, 52538, 52564, 52758, 52762, 52768, 52882, 53326, 53419, 53478, 53629, 53633, 54117, 54291, 54357, 55368, 55380, 55795, 55802, 55989, 56034, 56280, 57097, 57277, 57357, 57470, 57497, 57581, 57598, 57830, 57904, 58074, 58199, 58225, 58259, 58273, 58355, 58522, 58619, 58657, 58687, 58695, 58713, 58720, 58790, 58818, 58839, 58936, 58939, 58943, 58975, 59012, 59142, 59290, 59349, 59371, 59401, 59435, 59440, 59488, 59510, 59552, 59563, 59585, 59612, 59631, 59660, 59671, 59694, 59812, 59870, 59932, 59943, 59976, 60111, 60168, 60213, 60312, 60347, 60372, 60452, 60481, 60523, 60560, 60594, 60639, 60882, 60959, 61379, 61408, 61457, 61480, 61495, 61538, 61545, 61810, 61907, 61957, 62294, 62515, 62800, 62820, 62840, 62855, 62859, 62863, 62899, 62925, 62941, 62951, 62973, 62991, 63017, 63025, 63044, 63084, 63096, 63132, 63168, 63182, 63189, 63196, 63212, 63219, 63226, 63238, 63256, 63304, 63311, 63315, 63341, 63392, 63397, 63400, 63404, 63408, 63765, 63795, 63831, 63852, 63866, 63918, 63953, 63988, 63995, 64079, 64246, 64285, 64939, 64956, 64967, 65073, 65129, 65179, 65305, 65317, 65382, 65392, 65398, 65411, 65469, 65510, 66298, 66363, 66417, 66452, 66726, 66780, 66863, 67219, 67456, 67466, 67473, 67537, 67547, 67554, 67561, 67578, 67632, 67770, 67780, 67787, 67839, 67849, 67856, 67863, 67882, 68292, 68612, 68635, 68904, 68915, 68944, 68983, 69052, 69268, 69279, 69314, 69408, 69430, 69535, 69552, 69570, 69620, 69727, 69739, 69784, 69809, 69831, 69921, 70312, 70453, 71030, 71458, 71512, 71709, 72057, 72109, 72131, 72154, 72217, 72515, 72607, 72729, 72785, 73037, 73441, 74411, 74634, 74668, 74681, 74836, 75445, 75792, 76617, 76682, 76802, 76908, 76910, 76954, 78943, 80855, 80889, 80954, 80957, 81027, 81056, 81313, 82176, 82189, 82225, 82510, 82527, 82627, 82647, 82754, 82818, 83137, 83253, 83264, 83275, 83475, 84871, 84989, 85073, 85105, 85415, 85432, 85815, 85885, 85898, 85923, 85986, 86696, 86915, 86923, 86979, 87116, 87121, 87347, 87363, 87395, 87477, 87531, 87682, 87827, 87847, 88275, 88931, 89302, 89314, 90122, 90138, 90247, 90263, 90382, 90412, 90492, 90805, 91063, 91322, 91482, 91491, 91873, 92220, 92651, 92930, 92937, 92969, 93025, 93029, 93034, 93041, 93057, 93120, 93293, 93738, 93779, 94020, 94033, 94043, 94153, 95078, 95272, 95632, 96190, 98598, 98625, 98705, 100522, 101127, 102564, 104224, 104243, 105632, 106399, 107533, 107635, 107707, 108033, 108118, 108179, 108295, 108372, 108411, 108766, 109523, 109538, 109818, 109820, 109823, 110068, 110080, 110321, 110327, 110353, 110510, 110732, 112679, 112837, 112879, 112886, 112913, 113012, 113019, 113100, 113106, 113198, 113216, 113221, 113593, 113700, 113833, 113896, 113911, 114328, 114552, 114637, 115790, 116570, 116906, 117613, 117747, 119116, 119311, 119314, 119369, 119425, 119455, 119578, 120130, 120275, 120288, 120295, 120305, 120801, 120808, 121618, 122071, 122156, 122202, 122273, 122299, 122682, 122921, 122982, 123102, 123580, 123615, 123623, 123674, 123914, 124035, 124069, 124409, 124417, 124754, 124830, 124951, 125021, 125097, 125212, 125487, 126051, 126435, 126442, 126865, 126871, 126893, 127091, 127232, 127666, 127806, 127811, 128022, 128067, 128113, 128306, 128435, 129005, 129044, 129067, 129240, 129247, 129351, 129371, 129826, 129898, 130082, 131968, 131986, 132077, 132758, 133134, 133425, 133645, 133661, 133667, 134026, 134509, 134559, 134582, 134668, 134845, 134858, 134903, 135469, 135550, 136034, 136574, 140266, 140728, 143088, 143101, 143351, 145642, 145790, 145916, 145946, 146543, 147728, 147875, 148036, 148128, 148279, 148347, 148418, 148422, 148437, 148641, 148668, 149227, 149733, 150201, 150484, 150620, 150628, 150848, 151134, 151281, 151364, 151448, 151452, 152536, 152781, 152808, 152890, 153651, 153944, 154261, 154317, 154670, 154726, 154733, 154776, 154966, 155115, 155189, 155251, 155338, 155412, 155447, 155636, 155657, 155710, 155750, 155754, 156607, 156770, 157355, 157523, 157757, 157775, 157963, 158738, 158857, 159006, 160840, 161136, 161365, 161479, 161923, 161991, 162534, 162564, 162997, 163177, 164037, 164045, 164252, 164363, 164395, 164418, 164455, 164495, 164497, 164891, 164970, 165563, 166621, 166813, 166869, 166950, 167131, 167238, 167697, 167786, 169002, 169049, 169299, 169613, 169617, 169944, 170112, 171104, 171303, 171797, 171866, 172007, 172121, 172144, 172912, 172926, 173232, 173266, 173514, 173675, 173824, 173832, 174371, 174612, 174680, 174953, 175297, 175303, 175464, 176103, 176624, 176638, 176648, 177475, 177770, 177787, 178575, 178577, 179045, 179112, 179488, 180634, 180810, 181515, 181521, 181528, 181581, 181636, 182004, 182007, 182076, 182088, 182331, 182434, 182440, 182480, 182486, 182492, 182514, 182631, 182645, 182694, 182732, 182821, 184874, 185347, 185403, 185512, 185636, 187290, 188000, 188021, 188457, 188515, 188531, 189065, 189925, 190199, 190627, 191667, 192142, 192282, 192472, 192820, 192886, 193126, 193136, 193221, 193878, 194115, 194410, 195977, 195982, 196103, 196733, 196743, 197172, 197237, 197245, 197470, 197544, 198901, 198930, 199057, 199528, 199618, 199677, 199769, 199915, 199986, 200031, 200112, 200278, 200355, 200646, 200807, 201110, 201245, 201295, 201324, 201330, 201372, 201377, 201385, 201388, 201392, 201396, 201414, 201503, 201693, 201725, 201832, 202355, 203127, 204163, 204181, 204185, 204243, 204343, 204351, 204360, 204649, 204684, 204709, 204718, 204734, 204749, 204774, 204809, 204880, 204912, 204998, 205070, 205235, 205328, 205356, 206338, 206367, 206494, 207466, 207481, 207600, 207615, 207871, 207968, 207979, 208515, 209838, 209971, 210549, 210573, 210604, 210659, 210671, 210678, 210705, 211388, 211785, 214226, 214341, 214359, 214371, 214488, 215069, 215117, 215469, 215846, 216106, 216989, 217038, 217257, 217503, 217931, 218085, 218132, 218518, 220141, 220339, 220911, 221064, 221224, 221336, 221339, 221366, 221369, 221716, 221929, 221965, 222005, 222014, 222026, 222033, 222039, 222045, 222051, 222074, 222993, 223704, 223805, 223817, 224125, 224225, 224484, 224576, 224617, 226012, 226283, 227593, 228207, 228770, 228840, 228847, 228853, 228911, 231002, 231045, 231087, 231149, 232783, 232790, 232864, 233411, 235015, 235753, 235757, 235909, 236172, 236516, 236642, 236649, 237193, 237756, 238013, 238029, 238504, 241128, 241970, 244258, 244641, 245813, 245956, 246021, 246707, 246941, 247005, 247075, 247291, 247324, 247608, 247834, 248285, 249787, 249939, 250413, 250500, 250757, 250766, 251021, 254184, 254296, 254698, 255498, 255760, 257028, 257060, 257286, 257295, 258146, 258151, 258251, 258343, 258349, 258414, 258444, 258579, 259108, 259119, 259656, 260569, 260909, 261031, 261087, 261884, 262187, 262374, 262399, 262576, 263015, 263051, 263145, 264069, 264630, 264683, 264808, 265131, 265227, 265327, 265330, 265560, 265663, 265682, 267024, 267498, 267816, 268013, 268050, 268318, 268352, 268435, 268592, 268969, 269406, 269739, 269787, 269902, 270524, 270655, 271138, 271538, 271551, 271575, 271589, 271671, 273531, 273635, 274002, 274005, 274030, 274490, 274991, 275006, 275460, 275538, 275542, 275590, 275694, 275698, 275951, 276337, 277016, 277037, 278436, 278442, 279570, 280458, 280661, 280707, 280732, 280921, 281101, 281160, 281218, 281543, 281662, 281875, 282182, 282429, 283853, 283940, 284088, 285034, 285223, 285432, 285597, 286027, 286031, 286080, 286377, 287563, 287616, 287997, 288120, 288176, 288366, 288451, 289076, 289110, 289610, 290809, 290827, 290960, 291693, 291695, 291702, 292171, 293114, 293165, 293715, 293908, 294246, 294808, 294815, 295220, 295500, 295507, 295690, 295699, 295741, 295844, 295927, 295954, 296150, 296471, 296521, 296524, 296528, 296689, 296693, 297057, 297113, 297187, 297253, 297281, 297565, 297627, 297637, 297707, 297718, 297731, 297989, 298060, 298181, 298405, 298411, 298971, 299000, 299099, 299203, 299391, 299460, 299647, 299939, 299970, 300005, 300172, 300182, 300583, 300797, 300967, 301153, 301193, 301478, 301745, 301803, 301808, 301855, 302039, 302048, 302052, 302059, 302115, 302121, 302124, 302130, 302504, 302594, 302895, 302898, 302950, 303046, 303303, 303317, 303322, 303356, 303462, 303507, 303611, 304206, 304797, 304864, 304991, 305016, 305184, 305194, 305344, 305478, 305735, 305753, 305863, 305938, 305967, 306158, 306188, 306197, 306201, 306217, 306224, 306289, 306378, 306406, 306512, 306825, 307253, 307336, 307339, 307381, 307496, 307731, 307838, 307863, 308608, 308627, 308815, 309034, 309285, 309877, 309949, 310300, 310557, 310583, 310852, 311143, 311322, 311340, 311357, 311411, 311443, 311684, 311848, 312001, 312012, 312353, 312783, 312835, 313101, 313148, 313507, 313698, 313731, 313800, 313808, 314117, 314779, 314903, 315044, 315049, 315082, 315146, 315155, 315318, 315471, 315476, 315787, 315802, 316009, 316079, 316117, 316406, 316415, 316500, 316654, 316800, 316908, 316923, 317101, 317419, 317462, 317467, 317510, 317695, 317911, 318057, 318295, 318553, 318602, 319476, 319659, 319743, 319776, 319795, 320208, 320486, 320651, 320756, 321133, 321222, 321369, 321743, 321797, 321932, 322179, 322343, 322390, 322525, 322561, 322576, 322582, 322639, 322712, 322731, 322828, 323005, 323496, 323511, 323910, 323968, 324042, 324143, 324323, 324452, 324561, 324735, 324863, 324870, 324909, 325011, 325467, 325650, 325737, 325860, 326542, 326696, 327054, 327187, 328372, 328408, 328462, 328715, 329137, 329146, 329153, 329513, 329519, 329538, 330217, 330507, 330524, 330662, 330863, 330901, 331296, 331333, 331957, 331965, 332148, 332169, 332184, 332235, 332240, 332243, 332752, 333504, 333509, 333713, 333832, 333904, 334311, 334436, 334765, 334897, 335067, 335330, 335800, 336581, 337128, 337495, 337573, 338064, 338078, 338085, 338182, 338232, 338337, 338370, 339148, 339188, 339567, 340048, 340085, 340637, 340811, 340820, 340823, 340827, 340985, 341033, 341285, 341314, 341345, 341373, 341636, 341655, 341727, 341748, 341754, 341775, 341945, 341948, 342423, 342715, 343110, 343282, 343725, 344020, 344060, 344065, 344337, 344359, 344435, 344749, 344767, 344772, 344787, 344856, 344862, 345213, 345219, 345592, 345778, 346858, 346960, 347073, 347078, 347675, 347832, 348089, 348304, 348748, 351586, 351644, 353022, 353362, 353411, 353767, 353861, 354053, 354157, 354183, 354414, 354420, 354581, 355292, 356034, 356105, 356202, 358202, 359118, 359377, 359542, 359621, 360019, 360212, 360218, 360431, 360454, 360464, 361029, 361037, 361293, 361297, 361453, 361607, 361944, 362060, 362219, 362444, 362531, 362753, 362778, 362782, 362850, 362936, 363410, 363790, 363798, 363808, 363819, 363825, 363831, 363839, 363844, 363849, 363855, 364472, 364589, 364596, 364610, 364779, 365358, 365480, 365958, 365961, 365965, 366033, 366037, 366289, 366487, 366681, 366764, 366792, 366797, 366830, 367339, 367566, 367574, 367696, 367865, 368188, 368208, 368337, 368394, 369143, 369181, 369381, 369408, 369419, 369750, 369753, 369759, 369856, 370451, 370514, 370574, 370584, 370638, 370828, 370911, 371293, 371296, 371415, 371493, 371581, 372114, 372149, 372200, 372535, 372890, 372969, 373001, 373647, 374175, 374298, 374301, 374304, 374307, 374354, 374357, 374360, 374363, 374601, 374685, 374969, 375445, 375453, 375649, 375657, 375682, 375708, 375894, 375899, 376099, 376606, 376623, 376633, 376670, 376846, 377114, 377258, 377264, 377343, 377346, 377497, 377873, 378083, 378182, 378600, 379781, 380153, 380451, 380508, 380639, 381233, 381238, 381240, 381344, 381430, 381843, 381932, 382318, 382480, 382486, 382493, 382498, 382903, 383397, 383743, 383747, 383863, 384115, 384195, 384244, 384257, 384269, 384328, 384430, 385214, 385257, 385437, 385803, 385958, 385972, 386124, 386589, 386888, 387633, 387660, 387997, 388235, 388979, 389357, 389451, 389499, 389519, 389526, 390052, 390478, 390711, 391216, 391379, 391452, 391457, 392018, 392233, 392238, 392443, 392450, 392453, 392541, 392827, 393044, 393285, 393413, 393739, 393790, 393962, 394115, 394359, 394899, 395075, 395216, 395410, 395458, 395510, 396101, 396106, 396146, 396302, 396367, 396419, 396490, 396938, 396941, 396944, 396947, 396953, 397416, 397958, 398412, 399032, 399040, 399240, 399315, 399465, 399643, 399932, 400111, 400147, 400373, 400442, 400589, 400658, 401090, 401256, 401397, 401469, 401483, 401487, 401634, 401885, 402289, 402416, 402422, 402439, 402777, 402939, 403508, 403623, 403918, 403974, 403978, 404903, 404965, 405411, 405431, 405563, 405614, 405872, 406033, 406070, 406529, 406688, 407169, 407432, 407522, 407561, 407663, 408125, 408128, 408132, 408444, 408513, 409399, 409766, 409856, 409888, 410673, 410728, 410848, 410967, 410988, 411358, 411395, 411516, 411881, 412383, 412509, 412645, 412992, 412997, 413542, 413613, 414857, 414860, 415069, 415107, 415771, 415807, 415810, 415815, 417347, 417577, 417709, 417738, 417752, 419065, 419210, 419229, 419237, 419628, 419770, 419773, 420805, 421173, 421289, 421622, 421806, 422028, 422071, 422075, 422078, 422081, 422084, 422087, 422090, 422093, 422096, 422099, 422102, 422105, 422108, 422271, 422276, 422400, 422407, 422415, 422519, 422549, 422551, 422754, 422826, 423478, 423528, 423954, 424064, 424438, 424445, 424450, 424454, 424459, 424467, 424476, 424480, 424484, 424500, 424508, 424524, 424631, 425038, 425070, 425358, 425604, 425613, 425727, 425850, 425965, 426043, 426046, 426181, 426275, 426512, 426846, 426859, 426889, 427451, 427569, 428100, 428110, 428138, 428781, 428976, 429040, 429051, 429076, 429575, 429659, 429848, 429963, 430227, 430273, 430395, 430516, 430528, 430596, 430610, 430628, 431105, 431313, 431361, 431383, 431471, 431540, 431551, 431561, 431570, 431648, 431703, 431901, 431905, 432258, 432331, 432353, 432363, 432387, 432444, 432701, 432721, 432755, 432805, 432815, 432822, 432834, 432855, 432920, 432926, 433030, 433086, 433167, 433172, 433339, 433344, 433437, 433659, 434034, 434092, 434146, 434166, 434221, 434509, 434879, 434958, 435062, 435280, 435323, 435477, 435533, 435611, 435644, 436162, 436331, 436335, 436418, 436815, 436898, 436911, 436990, 437038, 437087, 437145, 437153, 437417, 437508, 437594, 437613, 437674, 438335, 438399, 439346, 439354, 439438, 439599, 439658, 439723, 439758, 439781, 439806, 439972, 439980, 440446, 440774, 440895, 441061, 442051, 442054, 442064, 442068, 442455, 442498, 442721, 442957, 442980, 443012, 443036, 443219, 443233, 443345, 443402, 443418, 443450, 443479, 443492, 443523, 443536, 443542, 443569, 443651, 443743, 444195, 444235, 444241, 444322, 444382, 444532, 444541, 444548, 444565, 444610, 444679, 444760, 444766, 444881, 444887, 445158, 445265, 445297, 445311, 445338, 445398, 445419, 445435, 445583, 445780, 445852, 445945, 446225, 446240, 446622, 446641, 446911, 447006, 447092, 447221, 447324, 447428, 447570, 447633, 447653, 448065, 448206, 448342, 448590, 448903, 448940, 448957, 449272, 449279, 449292, 449309, 449382, 449462, 449918, 450110, 450131, 450162, 450178, 450325, 450618, 450706, 451072, 451080, 451264, 451283, 451303, 452310, 452331, 452370, 452500, 452509, 452687, 452786, 453009, 453067, 453103, 453109, 453157, 453197, 453217, 453347, 453363, 453512, 453978, 453987, 454094, 454226, 454235, 454296, 454299, 454303, 454389, 454415, 454448, 454711, 454799, 454892, 454978, 455085, 455126, 455140, 455198, 455526, 455553, 455786, 455890, 455967, 456033, 456191, 457032, 457040, 457066, 457651, 457896, 457964, 458135, 458227, 458286, 458299, 458411, 458791, 458808, 458816, 459675, 459681, 459690, 459740, 460793, 460837, 462339, 462748, 463189, 463203, 463323, 463672, 464483, 464675, 464868, 465142, 465251, 465363, 465476, 465758, 466729, 466949, 467119, 467274, 467302, 467343, 467391, 467866, 468233, 468317, 468471, 468965, 468997, 469012, 469022, 469048, 469053, 469160, 469326, 469330, 469485, 469646, 469704, 469707, 469865, 470518, 470629, 471147, 471379, 471399, 471654, 471703, 471717, 471911, 472132, 472374, 472777, 472785, 472944, 473111, 473565, 473609, 473664, 473971, 473999, 474494, 474583, 474619, 474667, 475158, 475386, 475536, 475781, 476134, 476278, 476295, 476301, 476790, 476815, 476819, 476995, 477051, 477669, 477780, 477873, 477948, 478186, 478271, 478384, 478468, 478588, 478595, 478602, 478773, 478807, 478943, 478985, 479373, 479379, 479564, 479748, 480026, 480212, 480217, 480329, 480450, 480513, 480558, 480606, 480749, 481027, 481139, 481154, 481161, 481188, 481462, 481469, 481493, 481501, 481516, 481630, 481676, 481906, 482294, 482448, 482748, 483301, 483314, 483663, 483746, 483914, 483968, 484075, 484791, 484858, 485191, 485375, 485597, 485634, 485654, 485674, 485950, 485977, 486265, 486358, 486362, 486391, 486817, 486961, 487207, 487298, 487301, 487331, 487614, 487706, 487715, 488200, 488222, 488253, 488701, 488739, 488743, 488747, 488751, 488756, 488760, 488768, 488771, 488774, 489219, 489581, 489620, 489833, 490101, 490295, 490302, 490396, 490474, 490490, 490499, 490508, 490675, 490682, 490924, 490992, 491146, 491211, 491269, 491275, 492412, 492415, 492608, 492795, 493205, 493345, 493349, 493466, 493616, 493621, 493634, 493928, 494073, 494324, 494479, 494533, 494739, 494994, 495018, 495804, 497228, 497463, 498905, 499620, 499636, 499645, 499668, 499685, 500726, 501258, 501531, 502281, 502342, 502613, 503307, 505929, 507927, 508458, 508691, 510338, 510501, 510783, 510792, 510823, 510927, 510936, 512288, 512691, 514350, 514376, 514482, 515054, 515528, 516928, 518954, 519171, 519632, 519780, 519794, 520476, 520520, 520998, 521018, 522483, 522698, 522870, 523043, 523357, 523428, 524793, 524802, 526593, 526993, 527084, 528075, 528507, 528840, 529303, 529616, 529871, 530501, 531206, 531736, 532130, 532218, 532442, 532712, 533458, 533468, 533483, 534589, 535426, 536409, 536955, 538033, 538052, 538722, 538771, 539872, 542895, 543204, 544311, 544453, 544493, 544592, 544880, 545454, 545742, 545787, 545945, 546390, 546911, 546990, 547554, 548078, 548880, 549408, 549424, 549466, 549764, 551239, 555734, 557418, 558407, 561466, 562761, 562797, 564412, 564788, 564843, 565060, 565553, 565695, 566167, 566802, 567097, 567102, 567469, 567971, 569126, 569159, 569479, 569618, 570963, 570995, 571788, 572022, 572375, 572739, 572747, 573036, 573602, 574616, 574745, 574965, 575638, 576796, 577344, 577478, 578172, 579550, 579938, 581175, 582423, 583242, 583294, 585007, 585660, 585901, 585905, 586390, 586523, 586535, 588573, 588865, 588871, 589625, 590073, 590105, 591022, 591695, 592644, 594426, 594437, 595056, 595435, 596654, 597803, 598553, 599070, 599284, 599842, 600241, 600270, 601236, 601557, 602639, 602881, 604771, 605665, 606397, 607125, 607318, 608083, 608593, 608752, 608910, 610630, 611721, 612366, 612369, 614489, 619273, 619453, 620104, 621861, 623919, 624349, 624591, 626563, 626775, 627307, 627388, 628187, 628931, 630902, 631488, 632163, 632315, 632490, 632498, 632531, 632555, 632806, 632835, 633200, 633377, 634093, 634327, 634411, 634491, 634498, 634664, 635109, 635136, 635199, 635203, 635299, 635303, 635606, 635649, 635656, 635773, 635901, 635938, 636307, 636326, 636332, 636493, 637109, 637524, 637536, 637546, 637556, 637570, 637594, 637671, 637717, 637759, 637906, 637960, 638018, 638055, 638098, 638373, 639063, 639309, 639365, 639567, 639634, 639661, 639701, 640095]
