6,2,[7, 145]
8,1,[400]
9,1,[531]
10,2735,[834, 877, 1131, 1154, 1168, 1184, 1307, 1324, 1366, 1475, 1483, 1503, 1506, 1530, 1793, 2050, 2097, 2135, 2576, 2580, 2652, 3144, 3198, 3222, 3236, 3246, 3280, 4018, 4047, 4553, 4558, 4703, 4707, 4713, 4716, 4718, 4728, 6877, 8071, 8077, 8080, 8336, 8367, 8408, 8848, 9581, 9641, 10154, 10378, 10388, 10460, 12696, 12795, 12821, 12886, 12951, 12980, 12986, 13017, 13601, 13665, 13733, 13914, 14279, 14286, 14644, 14669, 15318, 15321, 16986, 18144, 19199, 19805, 20716, 20883, 22636, 22647, 22668, 23616, 23789, 24364, 24370, 24963, 24975, 24990, 25368, 25479, 25600, 26086, 26119, 26356, 26455, 26498, 26565, 26704, 26742, 26763, 26772, 26894, 26940, 26949, 27017, 27023, 27115, 27180, 27255, 27451, 27636, 27644, 27672, 27713, 27760, 27824, 27939, 28120, 28126, 28556, 29882, 30798, 31877, 32262, 32528, 32698, 32712, 33693, 35457, 36211, 36244, 36789, 36821, 37023, 37104, 37188, 37625, 38226, 38253, 38352, 38495, 38529, 38707, 38842, 39499, 39658, 39929, 39987, 41030, 41982, 41989, 41997, 42037, 42045, 42080, 42107, 42265, 42269, 43728, 44604, 44689, 44697, 44717, 44751, 44822, 44915, 44953, 45000, 45061, 45065, 45098, 45145, 45212, 45227, 45268, 45281, 45356, 45371, 45431, 45465, 45752, 46721, 46829, 51208, 51619, 52142, 52697, 52794, 52811, 52816, 52821, 52855, 53093, 53210, 53268, 53280, 53299, 53503, 53610, 53618, 54111, 54804, 54815, 54855, 54952, 55103, 55139, 55204, 55248, 55285, 56960, 58671, 60819, 60823, 60846, 61342, 62112, 62419, 65657, 65858, 66082, 66516, 66738, 66777, 66852, 67470, 68595, 68917, 68959, 69078, 69310, 69771, 69925, 70308, 70350, 70356, 70468, 70500, 70510, 70596, 70781, 71281, 71872, 72009, 72044, 72061, 72164, 72170, 72191, 72215, 72236, 72260, 72281, 72323, 72364, 72424, 72446, 72596, 72699, 72959, 72967, 72976, 72993, 73152, 73178, 73193, 73361, 74865, 75005, 75021, 75043, 75057, 75346, 75354, 75403, 75641, 75664, 75706, 75800, 77328, 77488, 77571, 77616, 77723, 77751, 77842, 77876, 77886, 77940, 78101, 79024, 79030, 79091, 79425, 80030, 82109, 82162, 82210, 82217, 82240, 82249, 82309, 82436, 82477, 82762, 82791, 82939, 83507, 85336, 85680, 85711, 85761, 85821, 85854, 87041, 87527, 87778, 88088, 88969, 90241, 90287, 90588, 90807, 90820, 90840, 90926, 91587, 91636, 91759, 92265, 92900, 92972, 93010, 93050, 93092, 93195, 94160, 96041, 96048, 96313, 96581, 96949, 96960, 98284, 98319, 98498, 98650, 98697, 100289, 100670, 101029, 101042, 101207, 101385, 101558, 101622, 101632, 101700, 102125, 102284, 102334, 103293, 104342, 104860, 105312, 105340, 105645, 105861, 107045, 107282, 108289, 109222, 110662, 110819, 110836, 110860, 113104, 113482, 115455, 115619, 116397, 116563, 116628, 116642, 116842, 116867, 117693, 117862, 117967, 117995, 118216, 118239, 118243, 118267, 118271, 118295, 118312, 118608, 118704, 118802, 119015, 119099, 119206, 119385, 119388, 119484, 119547, 119619, 119664, 119763, 119778, 119801, 119841, 119857, 119865, 119874, 119897, 119924, 119945, 119976, 120180, 120559, 120609, 120683, 120712, 120723, 120726, 120820, 120835, 120950, 121131, 121253, 121341, 122440, 123266, 123334, 123344, 123947, 124408, 124775, 124853, 127023, 127032, 127566, 128353, 128593, 129246, 129891, 130112, 130168, 130191, 131044, 131256, 131696, 131715, 131880, 132345, 132346, 132410, 132411, 132420, 132421, 133127, 133516, 134551, 134732, 135844, 137340, 137568, 138695, 141721, 142360, 143022, 143033, 144006, 144659, 144705, 144712, 145096, 145872, 145920, 146199, 146222, 146665, 146762, 146772, 146835, 147452, 147791, 147897, 148815, 148835, 148966, 149018, 149080, 149215, 149243, 149678, 149849, 149933, 149963, 150420, 150481, 151378, 151491, 151513, 151532, 151588, 151951, 151973, 152950, 153321, 153427, 153497, 153560, 153581, 153589, 155188, 155286, 155476, 155532, 155925, 156044, 156071, 156084, 156098, 156176, 156180, 156195, 156308, 156434, 156603, 156737, 156975, 157237, 157253, 157298, 157353, 157497, 157510, 157541, 157549, 157585, 157613, 157625, 157695, 157700, 157712, 157735, 157769, 157781, 157827, 157885, 157892, 157982, 158132, 158211, 159400, 159415, 159614, 159649, 159707, 159720, 159730, 159759, 159777, 160278, 160799, 160834, 160969, 161075, 161291, 161327, 161519, 161852, 161900, 162095, 162314, 162674, 162751, 162810, 162830, 163029, 163039, 163083, 163232, 163254, 163261, 164106, 164142, 164184, 164213, 164238, 164324, 166296, 166303, 166323, 166334, 166465, 166469, 166497, 166510, 166535, 166543, 166579, 166718, 166763, 167267, 167631, 167729, 167758, 167846, 168119, 168285, 168868, 169188, 169339, 169433, 169566, 169933, 170038, 170084, 170152, 170302, 170306, 170331, 170379, 170462, 170776, 170779, 170851, 171470, 171773, 171776, 171974, 172009, 172037, 172039, 172328, 172369, 172408, 172414, 172661, 172677, 172688, 172726, 172763, 172877, 172910, 173123, 173564, 174100, 175364, 175886, 175906, 176044, 176237, 176256, 178020, 178136, 178144, 178166, 178186, 178361, 178412, 178419, 178531, 178726, 178847, 179592, 179667, 179899, 180051, 180193, 180250, 180638, 181440, 181623, 181750, 181908, 182450, 182542, 182559, 182720, 183061, 184566, 184661, 186586, 188798, 188808, 188856, 188871, 188881, 188887, 188900, 188908, 188938, 189678, 189856, 190328, 190458, 190994, 191162, 191507, 191549, 191566, 191584, 192214, 192538, 192595, 192598, 192641, 192977, 193056, 193160, 193220, 193457, 193666, 193921, 194049, 194066, 194097, 194138, 194446, 194477, 194490, 194521, 194574, 194647, 194668, 194946, 195088, 195301, 195538, 195556, 195895, 195920, 195925, 196216, 196433, 196509, 196693, 196710, 197158, 197568, 197900, 197949, 198063, 198415, 198442, 199028, 199492, 200369, 200538, 200598, 200665, 200741, 200894, 202670, 202960, 203009, 203034, 204740, 206313, 206472, 206678, 206687, 206714, 206891, 207622, 208757, 209507, 209511, 209518, 210471, 210512, 210756, 210861, 210915, 210931, 210951, 210974, 210989, 211065, 211103, 211130, 211145, 211279, 211443, 211526, 211582, 211959, 214448, 214594, 215660, 216490, 216830, 216941, 217041, 217307, 217325, 217367, 217375, 217421, 217426, 217432, 217507, 218423, 218677, 219048, 219125, 219130, 219620, 219678, 219695, 219734, 219750, 219795, 219812, 219871, 221291, 221566, 221623, 221778, 221860, 221894, 221941, 221950, 221995, 222013, 222064, 222372, 222414, 222420, 222502, 222520, 222671, 222676, 222694, 222875, 222894, 223034, 223209, 223286, 223346, 223401, 223432, 223541, 223606, 223670, 224002, 224117, 224232, 224409, 224413, 224641, 224657, 224688, 224782, 224838, 224957, 224974, 225055, 225582, 225586, 225775, 225808, 227016, 227619, 227661, 227706, 228131, 228141, 228155, 229071, 229128, 229139, 229147, 229398, 229554, 230402, 232943, 233219, 235195, 235891, 236394, 236434, 236678, 236702, 236726, 237979, 245500, 245524, 245878, 246339, 247880, 248134, 248519, 248908, 250207, 250561, 251185, 251523, 251524, 251712, 254225, 254388, 254936, 254981, 256367, 256541, 256557, 258128, 258404, 258562, 258780, 258819, 258995, 259691, 260156, 260831, 261386, 261496, 261527, 263096, 263494, 264369, 264556, 264805, 265188, 265206, 265366, 266243, 267522, 267566, 267618, 268868, 268942, 268993, 269010, 269416, 270531, 272535, 272906, 272927, 273998, 275682, 277195, 277198, 278547, 278584, 281701, 283765, 284052, 284078, 285985, 286471, 286713, 287669, 289133, 290820, 291058, 292386, 292772, 294198, 294691, 294915, 294942, 294995, 295019, 295089, 295698, 296075, 296131, 296924, 296933, 296984, 297133, 297553, 297589, 297847, 298118, 298379, 298385, 298465, 298532, 298650, 299157, 299348, 299689, 299734, 300077, 300174, 300181, 300185, 300438, 300455, 300571, 300749, 300880, 301018, 301102, 301323, 301449, 301455, 301473, 301515, 301600, 301657, 301720, 301807, 301837, 301880, 301992, 302346, 302349, 302493, 303201, 303444, 303570, 303605, 303976, 304004, 304086, 304093, 304942, 305032, 305060, 305066, 305383, 305459, 305680, 305859, 307163, 307234, 307316, 307324, 307462, 307483, 307512, 307520, 307599, 307650, 307693, 307793, 307817, 307847, 307855, 307890, 307905, 307999, 308022, 308118, 308179, 308307, 308317, 308723, 308726, 308767, 308912, 309074, 309158, 309464, 309469, 310138, 311013, 311129, 311711, 312250, 312259, 312613, 312864, 312914, 313029, 314174, 314496, 314592, 315152, 315886, 317013, 317147, 317227, 317599, 317733, 317770, 317817, 318492, 318685, 318816, 318920, 319109, 319118, 319313, 319319, 319327, 319496, 319505, 319565, 319578, 319663, 320317, 321634, 321754, 322347, 322423, 322850, 323030, 323158, 323523, 323951, 324090, 324226, 324562, 326325, 327339, 327601, 327885, 328541, 329113, 329674, 329681, 330325, 330426, 330894, 330905, 330926, 330982, 331815, 331916, 332436, 332759, 332769, 332776, 334439, 334743, 334759, 334770, 334865, 335205, 335235, 336579, 336943, 337017, 337163, 337640, 337689, 338515, 338540, 338882, 340235, 341333, 341340, 341410, 342091, 343140, 343145, 343182, 343297, 343536, 343542, 343619, 343799, 343807, 343813, 344307, 344543, 345071, 345076, 345084, 345334, 345587, 345590, 345767, 345865, 345871, 346091, 346745, 346918, 346922, 347093, 347107, 347190, 347288, 347572, 347920, 348040, 348052, 348060, 348067, 348310, 348358, 348453, 348654, 348727, 348776, 348992, 348998, 349003, 349073, 349099, 349156, 349168, 349193, 349272, 349297, 349321, 349332, 349355, 349404, 349409, 349445, 349538, 349605, 349743, 349807, 349838, 349851, 349857, 349875, 350319, 350332, 350349, 350360, 350376, 350526, 350538, 350607, 350628, 350694, 350827, 350847, 350857, 350866, 351054, 351061, 351078, 351147, 351210, 351264, 351282, 351286, 351321, 351404, 351419, 351437, 351461, 351512, 351566, 351613, 351656, 351725, 351834, 351864, 351876, 351881, 351903, 352012, 352039, 352044, 352060, 352066, 352194, 352281, 352288, 352296, 352320, 352384, 352455, 352506, 352558, 352576, 352619, 352633, 352712, 352718, 352777, 352911, 353069, 353073, 353125, 353156, 353395, 353637, 353640, 353732, 353775, 353788, 353847, 353929, 353976, 353989, 354045, 354282, 354298, 354385, 354548, 354561, 354625, 354633, 354663, 354769, 354843, 354858, 354902, 354973, 355001, 355002, 355011, 355025, 355126, 355144, 355154, 355278, 355304, 355324, 355364, 355377, 355412, 355435, 355455, 355596, 355609, 355645, 355649, 355673, 355690, 355780, 355807, 355812, 355815, 355843, 355862, 355869, 355891, 355905, 355911, 356205, 356800, 356890, 356995, 357315, 357340, 357407, 357444, 357454, 357494, 357503, 357523, 357563, 357603, 357763, 357784, 357794, 357945, 357970, 357992, 358096, 358545, 358687, 358744, 358778, 358859, 358913, 358930, 358939, 358955, 359034, 359056, 359178, 359193, 359201, 359277, 359414, 359435, 359447, 359454, 359518, 359535, 359553, 359601, 359737, 359804, 359817, 359829, 359859, 360148, 360220, 360228, 360233, 360243, 360301, 360438, 360467, 360731, 360756, 360946, 361093, 361763, 362974, 363893, 363899, 363928, 364025, 364082, 364135, 364174, 364177, 364196, 364249, 364647, 365128, 365135, 365600, 365748, 366242, 366362, 367227, 367255, 367554, 368658, 368773, 368780, 368818, 368823, 369352, 370395, 371120, 372924, 374704, 375065, 375078, 375399, 376495, 376526, 376532, 376585, 377061, 377072, 377926, 378179, 379739, 380856, 381464, 381754, 381759, 382907, 382911, 382947, 383559, 384119, 384227, 385204, 385771, 386314, 386321, 386914, 386998, 387809, 388004, 388011, 388283, 388852, 389494, 390023, 390617, 391931, 392123, 392139, 392273, 393286, 393291, 393974, 393986, 395149, 395250, 395353, 396811, 397108, 397662, 398326, 398601, 398609, 398617, 398998, 399172, 399176, 399268, 400091, 400214, 400219, 400443, 401012, 401022, 401025, 401701, 401704, 402536, 402674, 402677, 402719, 402791, 403450, 404569, 404575, 404587, 404776, 405229, 405674, 405713, 405715, 405723, 405958, 405961, 406386, 406559, 406596, 407984, 408196, 408331, 408443, 408673, 410323, 410443, 410561, 410569, 410869, 411614, 411712, 411778, 411886, 411891, 413182, 413476, 413492, 413572, 413706, 413721, 414153, 414160, 414291, 414337, 414358, 414363, 414402, 414676, 414950, 415113, 415198, 415645, 415922, 416256, 416647, 416675, 417242, 418327, 418488, 419952, 420069, 420719, 421100, 421261, 422938, 423222, 423229, 423257, 423601, 423607, 423822, 423989, 424740, 424747, 424804, 424858, 425061, 425323, 425426, 425446, 425913, 425919, 425963, 426393, 428679, 428919, 428933, 429014, 429022, 429054, 429056, 429424, 430187, 430230, 430274, 430696, 430778, 430810, 430884, 430939, 430996, 431021, 431049, 431165, 431316, 431365, 431406, 431455, 431547, 431631, 431934, 431999, 432012, 432059, 432572, 432961, 433702, 433736, 433785, 433857, 433871, 433884, 433947, 434019, 434102, 434127, 434134, 434175, 434261, 434397, 434445, 434489, 434559, 434626, 434759, 434934, 435008, 435042, 435260, 435547, 435576, 435718, 435925, 436018, 436124, 436184, 436550, 436779, 436815, 436943, 437054, 437086, 437125, 437172, 437213, 437274, 437362, 437517, 439085, 439757, 439847, 439849, 440243, 440292, 440316, 440768, 440800, 440894, 440924, 441008, 441049, 441217, 441354, 441885, 441988, 442091, 442163, 442218, 442260, 442358, 442579, 442721, 443062, 443193, 443360, 443419, 444239, 444588, 444893, 445101, 445185, 445487, 445627, 446203, 446965, 446996, 447138, 447173, 447430, 447635, 447828, 447885, 448068, 448199, 448627, 448723, 448808, 449374, 449610, 449679, 449790, 450266, 450287, 450399, 450425, 450442, 450481, 450543, 450821, 450987, 451119, 451899, 452222, 452503, 452642, 453222, 453349, 453397, 453510, 453885, 454222, 454447, 454513, 454906, 454937, 455328, 455350, 455354, 455406, 457051, 457869, 457875, 457976, 458234, 458515, 458589, 460527, 460771, 460846, 461239, 462918, 463268, 463892, 464178, 465128, 465921, 466099, 466833, 466950, 466957, 467517, 467519, 467656, 467791, 468611, 468614, 468627, 468649, 469432, 469749, 469886, 470072, 470077, 471545, 471565, 472635, 472770, 473522, 474307, 474422, 474902, 475020, 478099, 478930, 479333, 479661, 481580, 481837, 482204, 482222, 482943, 482948, 483121, 483621, 484001, 484086, 484403, 484433, 484628, 484648, 484673, 484740, 486118, 486442, 486608, 487422, 487446, 487732, 488328, 488876, 489778, 489824, 490078, 490112, 490162, 490590, 490611, 491394, 491688, 491809, 491896, 492028, 492179, 492384, 492682, 492981, 493551, 494032, 494068, 495337, 495379, 495758, 495983, 496449, 497456, 498595, 499155, 499533, 499784, 499832, 499943, 500021, 500030, 500257, 500362, 500399, 500552, 500585, 500617, 500667, 500815, 501100, 501123, 501625, 501810, 501830, 501905, 501909, 501913, 502066, 502232, 502241, 502411, 502421, 502617, 502636, 502662, 502689, 502702, 502798, 502963, 502974, 503024, 503089, 503102, 503196, 503269, 503321, 503875, 504017, 504154, 504211, 504276, 504301, 504421, 504468, 504507, 505286, 505296, 505405, 505426, 505434, 506021, 506148, 506239, 506273, 506287, 506296, 506311, 506333, 506474, 506492, 506496, 506560, 506585, 506733, 506975, 507070, 507079, 507207, 507589, 507623, 507655, 507732, 507922, 507966, 507989, 508012, 508086, 508147, 508249, 508306, 508326, 508441, 508657, 508817, 509319, 509865, 509965, 510073, 510368, 510377, 510504, 511143, 511412, 511489, 511540, 511557, 511657, 511676, 511721, 511797, 512081, 512087, 512115, 512313, 512442, 512740, 512982, 513070, 513078, 513082, 513089, 513464, 513833, 513964, 513997, 514342, 514588, 514836, 515008, 515903, 516258, 516432, 516490, 516737, 516762, 516896, 516899, 516906, 516920, 516946, 516991, 517326, 517331, 517343, 517865, 517918, 518189, 518229, 518241, 518274, 518336, 518868, 518997, 519046, 519397, 520314, 520380, 520401, 520403, 520445, 520475, 520479, 520513, 520533, 520748, 520845, 521139, 521151, 521203, 521287, 521296, 521417, 521430, 521452, 521612, 521633, 521642, 521699, 522034, 522047, 522124, 522202, 522448, 522510, 522542, 522848, 522910, 523007, 523244, 523334, 523368, 523440, 523449, 523662, 523713, 524042, 524291, 524390, 524729, 525018, 525328, 525406, 525509, 525536, 525537, 525552, 525850, 525968, 525976, 525980, 525986, 526332, 526480, 526676, 526845, 527260, 527506, 527750, 527828, 528373, 528530, 528668, 529767, 529776, 530249, 530520, 531140, 531652, 532072, 532140, 532183, 532271, 532331, 532390, 532612, 532641, 532675, 532793, 532814, 532847, 532893, 533124, 533253, 533553, 533567, 533612, 533652, 533803, 533905, 533956, 534166, 534336, 534345, 534448, 534962, 535173, 535209, 535263, 535350, 535404, 535472, 535547, 535760, 535841, 536250, 536256, 536282, 536319, 536340, 536543, 536574, 536705, 536910, 536933, 536961, 537021, 537108, 537439, 537597, 538212, 538260, 538308, 538395, 538458, 539040, 539066, 539137, 539154, 539174, 539612, 540082, 540346, 540719, 540811, 540822, 540839, 540993, 541174, 541248, 541363, 541378, 541524, 541620, 541933, 542148, 542245, 542287, 542325, 542352, 542922, 542964, 542988, 543064, 543207, 543239, 543295, 543389, 543603, 543649, 543701, 543766, 543895, 543988, 544014, 544038, 544117, 544149, 544228, 544262, 544410, 544420, 544874, 545244, 546005, 546158, 546321, 546511, 546519, 546937, 547091, 547120, 547145, 547285, 547387, 547414, 547546, 547564, 547611, 547999, 548099, 548142, 548149, 548176, 548200, 548354, 549181, 549224, 549285, 549354, 549549, 549945, 550099, 550374, 550379, 550382, 550409, 550432, 550446, 550469, 550588, 550601, 550615, 550843, 550925, 551430, 551459, 551509, 551811, 551973, 552007, 552012, 552041, 552096, 552149, 552296, 552408, 552507, 553212, 553497, 553525, 553540, 553584, 553600, 553633, 553654, 553778, 553836, 553973, 554092, 554101, 554130, 554148, 554242, 554243, 554261, 554309, 554315, 554356, 554385, 554492, 554603, 554630, 554634, 554677, 554705, 554892, 554897, 554978, 555046, 555181, 555256, 555353, 555528, 555555, 555687, 555705, 555717, 555744, 555772, 555838, 555925, 555938, 555954, 556067, 556090, 556105, 556181, 556211, 556229, 556239, 556519, 556670, 556819, 556832, 556886, 557000, 557010, 557141, 557154, 557566, 557578, 557778, 557829, 557973, 558380, 558424, 558436, 558558, 558564, 558773, 559294, 559356, 559568, 559840, 560090, 560187, 560191, 560396, 560837, 560860, 560999, 561027, 561812, 561891, 562124, 562165, 562352, 562436, 562574, 563187, 564341, 564808, 564860, 565075, 565104, 565337, 565768, 565832, 565988, 566034, 566104, 566476, 566508, 566581, 566645, 566727, 567023, 567060, 567314, 567535, 567647, 567799, 568011, 568168, 569287, 569328, 569517, 569552, 569853, 569923, 569997, 570252, 570266, 570341, 570363, 570756, 570990, 571002, 571369, 571466, 571489, 571508, 571548, 571857, 572081, 572314, 572410, 572946, 573137, 573430, 573462, 573473, 573752, 573805, 574174, 575520, 576774, 576803, 576994, 577052, 577316, 577324, 577710, 577863, 578126, 578192, 578398, 578469, 578863, 579137, 579187, 579555, 579803, 579881, 580088, 580352, 580376, 580654, 580850, 580882, 580991, 580999, 581067, 581134, 581313, 581450, 581829, 581966, 582023, 582055, 582096, 582174, 582231, 582925, 582937, 583368, 583883, 583946, 584476, 584859, 585050, 585091, 585153, 585195, 585212, 585402, 585412, 585587, 585619, 585929, 586051, 586074, 586482, 586490, 586563, 586649, 586680, 586728, 586861, 587174, 587209, 587230, 587534, 587555, 587743, 588006, 588591, 588915, 589008, 589924, 589944, 590102, 590313, 590509, 590526, 590539, 590590, 590692, 590810, 591209, 592406, 592502, 592535, 592539, 592543, 592551, 592587, 592604, 592636, 592736, 592771, 592813, 592823, 592833, 592846, 592866, 592871, 592882, 592910, 592928, 592932, 592977, 593007, 593021, 593033, 593085, 593575, 593695, 593935, 593995, 594004, 594105, 594283, 594295, 594310, 594339, 594391, 594429, 594635, 594759, 594772, 594849, 594906, 595073, 595231, 595415, 595652, 595830, 595836, 595881, 595923, 596006, 596014, 596021, 596071, 596090, 596093, 596101, 596105, 596115, 596132, 596141, 596148, 596151, 596176, 596199, 596421, 596497, 596545, 596555, 596604, 596663, 597149, 597212, 597663, 597808, 597830, 598140, 598143, 598162, 598362, 598517, 598548, 598554, 598871, 599041, 599608, 600124, 600353, 600358, 600665, 600685, 601059, 601062, 601065, 601579, 601713, 601920, 602183, 602376, 602543, 602574, 602652, 602698, 602703, 602706, 602709, 602712, 602922, 602950, 602975, 603007, 603569, 603695, 603738, 603742, 604017, 604219, 604504, 604525, 604580, 604584, 605307, 605628, 605656, 605667, 605684, 605711, 605874, 606421, 606540, 606873, 607119, 607280, 607298, 607313, 607499, 607511, 607802, 607832, 607978, 608768, 608774, 608820, 609007, 609225, 610380, 610384, 610391, 610469, 610524, 610663, 610687, 610907, 610916, 610969, 611225, 612041, 612311, 612348, 612769, 613162, 613181, 613554, 613649, 613658, 613837, 613849, 614139, 614231, 614271, 614324, 614682, 614884, 614996, 615108, 615220, 615352, 615449, 615454, 615921, 615941, 616180, 616526, 616765, 617373, 617391, 617434, 617525, 618311, 618319, 618410, 618619, 618644, 619048, 619231, 619815, 619980, 620135, 620269, 620283, 620478, 620483, 621288, 621690, 622707, 622716, 623090, 623513, 623524, 623578, 623585, 623607, 623622, 623625, 623695, 623705, 623753, 623771, 623793, 623799, 623815, 623863, 623874, 624060, 624113, 624154, 624218, 624275, 624282, 624396, 624465, 625149, 625154, 625544, 625674, 625927, 626014, 626181, 626401, 626715, 626733, 626742, 626844, 627524, 627690, 627877, 627943, 628628, 628895, 629131, 629238, 629290, 629791, 629906, 630231, 631677, 632266, 632679, 632684, 632697, 632786, 632980, 633203, 633363, 633383, 634086, 634330, 635012, 635745, 635760, 636254, 636473, 636791, 636975, 637007, 637080, 637244, 637393, 637762, 637853, 638977, 639614, 640227, 640661, 641120, 641238, 641248, 641268]
11,5,[7181, 18776, 18830, 18945, 20012]
12,10,[50, 1744, 5606, 15966, 18358, 18362, 18924, 18931, 19008, 19224]
13,9,[348, 362, 614, 1783, 2095, 2114, 2460, 2533, 2679]
14,17,[292, 1406, 89562, 96338, 96643, 111089, 111287, 111400, 122811, 122834, 122871, 122943, 124731, 124835, 179877, 185384, 187844]
15,529,[1401, 1737, 3753, 4558, 4578, 6324, 6640, 6812, 6996, 7472, 7521, 7586, 7660, 8490, 8724, 8965, 9490, 9525, 9565, 10498, 10565, 10611, 11489, 11567, 11959, 11987, 11999, 12111, 12302, 13880, 13977, 14005, 14260, 14303, 14494, 15352, 15480, 15611, 15676, 15712, 16176, 17631, 17903, 18130, 18209, 18733, 18738, 18745, 18831, 19176, 20956, 21112, 22288, 22500, 22510, 22618, 24033, 24207, 24339, 24392, 24415, 24482, 24551, 25007, 25078, 25146, 25336, 25461, 25688, 26145, 26278, 26371, 26452, 26481, 26678, 26959, 26968, 26987, 27167, 27171, 27177, 27262, 27304, 27924, 28098, 28745, 29156, 29390, 29454, 29541, 30967, 30999, 31017, 31933, 31950, 32790, 33190, 33769, 34238, 34781, 35734, 35747, 35795, 35968, 35976, 36071, 36162, 36242, 36394, 36429, 36446, 36465, 36620, 36708, 36764, 36817, 37065, 37253, 38087, 38114, 38676, 38798, 39009, 39534, 39624, 39703, 39848, 40035, 40182, 40237, 40270, 40448, 40747, 40762, 40861, 40976, 41033, 41166, 41204, 41269, 41290, 41338, 41938, 42816, 43220, 43264, 44231, 45627, 45696, 45852, 45955, 46591, 46602, 46711, 46973, 46988, 48659, 50497, 51118, 51231, 51306, 51338, 51405, 51434, 51526, 51814, 52277, 52707, 52804, 53702, 54089, 54449, 55510, 55780, 56737, 56989, 57252, 57355, 57384, 57452, 57616, 57793, 58694, 58967, 59220, 59242, 59311, 59353, 59551, 61741, 62092, 62442, 62649, 62726, 62984, 63504, 65458, 65741, 66846, 67073, 68189, 68323, 68481, 69443, 69463, 70005, 70215, 70326, 70395, 70883, 70923, 70993, 71026, 71410, 71615, 71967, 72079, 72716, 72800, 72930, 73373, 73408, 74345, 74393, 74549, 75864, 76263, 76615, 76820, 77103, 77748, 77931, 78159, 78871, 78918, 79087, 79389, 79727, 79745, 80025, 80126, 80251, 80432, 80796, 81557, 81609, 82221, 82496, 83975, 84154, 85134, 85183, 85307, 85496, 85718, 86123, 86922, 87227, 87229, 87918, 88677, 90794, 91951, 92024, 92389, 92406, 92971, 92989, 93383, 93627, 93774, 95083, 95110, 95189, 95230, 95475, 96306, 96323, 96340, 96719, 96737, 96805, 97017, 97103, 97243, 97532, 97703, 97750, 97877, 98013, 98068, 98814, 98941, 99381, 100136, 100372, 100389, 100624, 101352, 101583, 101677, 101772, 101847, 101972, 101999, 103906, 105224, 105462, 106268, 106534, 106708, 106841, 107204, 107358, 108475, 108661, 108994, 111354, 111520, 112052, 113112, 113654, 113980, 114967, 115020, 115353, 115498, 115564, 115600, 116305, 117046, 119400, 119598, 121080, 122126, 122442, 123052, 123825, 124049, 124140, 124181, 124227, 124510, 124547, 124599, 124646, 124676, 124723, 124770, 124864, 124950, 125009, 126926, 126931, 127384, 127394, 127840, 128324, 128327, 128366, 128998, 129966, 130085, 130095, 130111, 130183, 130204, 130684, 131259, 131909, 131969, 132011, 132399, 133324, 133355, 133411, 133637, 133650, 134224, 134659, 134708, 135084, 135322, 135355, 136405, 136731, 138760, 139672, 140007, 140141, 140557, 140688, 141019, 141766, 142127, 142577, 143295, 143410, 143520, 143670, 143690, 144375, 144502, 144622, 144635, 144773, 145412, 145501, 146404, 146502, 146537, 147101, 147251, 147302, 147414, 147664, 147752, 148253, 148357, 148616, 148651, 150947, 150966, 151034, 151096, 151135, 151608, 151638, 151711, 151854, 152293, 152302, 152307, 152413, 152421, 153004, 153707, 153776, 153792, 154256, 154385, 154415, 154449, 154509, 154693, 155040, 155091, 155282, 155356, 155412, 155569, 155635, 156003, 156180, 156316, 156422, 157088, 157105, 157113, 157115, 157116, 157120, 157124, 157385, 157508, 157561, 157571, 157573, 157990, 158023, 158131, 158151, 158832, 159136, 159204, 159590, 159721, 160314, 160620, 161069, 161187, 161550, 161709, 161762, 162025, 162111, 162144, 162316, 162619, 162816, 163184, 163458, 163617, 163958, 164000, 164129, 164267, 164619, 164662, 165278, 166141, 166414, 166764, 166822, 166823, 166867, 167075, 167785, 167844, 167847, 168243, 168764, 169159, 169243, 169273, 169454, 169505, 169563, 169598, 169903, 170005, 170216, 170381, 170681, 170932, 170951, 171356, 172430, 173016]
16,58,[638, 3379, 3801, 3839, 4470, 5612, 6118, 6126, 9762, 11246, 11306, 11343, 11469, 11593, 11826, 14526, 19371, 19750, 22232, 23359, 24774, 25602, 25676, 25771, 25977, 26061, 26446, 26787, 27104, 28579, 28623, 28677, 28843, 29154, 29326, 30062, 31298, 31613, 31784, 31785, 31902, 31957, 32026, 32286, 32388, 32645, 33574, 33679, 33749, 33760, 34074, 34169, 34176, 34718, 35571, 35586, 35624, 36534]
17,472,[322, 1832, 3016, 3229, 3307, 3395, 3786, 3853, 4063, 4106, 5636, 7336, 7573, 7680, 7688, 7701, 9368, 9394, 11426, 11790, 15212, 17628, 18957, 20708, 22135, 22598, 22650, 22657, 23026, 24591, 24727, 24997, 26782, 27339, 27346, 27851, 27893, 27905, 27939, 29087, 30535, 30879, 30886, 30926, 31054, 31118, 31176, 31217, 31220, 31239, 31294, 31694, 32173, 32180, 32638, 32788, 33284, 33405, 34271, 34299, 34601, 35712, 35819, 35826, 35864, 35870, 36444, 37117, 37815, 38096, 38604, 38612, 39560, 39575, 39751, 39897, 40090, 40129, 40547, 41555, 42032, 42104, 43356, 43583, 43876, 43889, 43970, 44121, 44457, 44753, 45881, 46981, 46989, 47010, 47037, 47451, 50914, 51165, 51653, 51874, 53414, 54243, 54402, 54405, 55095, 56090, 56138, 56180, 56388, 57403, 57439, 57502, 57825, 57903, 58239, 58266, 58426, 58849, 58909, 58946, 59139, 59255, 59291, 59463, 59518, 59644, 59685, 59817, 60265, 60289, 60750, 61646, 61690, 61697, 61706, 62348, 62379, 62416, 62452, 62461, 62464, 62533, 62738, 63663, 64785, 65477, 65597, 65612, 65649, 66600, 66700, 66956, 67027, 67110, 68796, 70480, 70490, 70896, 72546, 73864, 74035, 74049, 74066, 77273, 77410, 77413, 79496, 79501, 79512, 80152, 80246, 80349, 80361, 80430, 80831, 80836, 81008, 81035, 81048, 81107, 81194, 81196, 81366, 81480, 81698, 81709, 81964, 82020, 82027, 82030, 82040, 82132, 82164, 82925, 83837, 84032, 84707, 84751, 85586, 86183, 86484, 87333, 89154, 89164, 89181, 89213, 89221, 89470, 89578, 89657, 90833, 90978, 90981, 91044, 91061, 91078, 91082, 91639, 91780, 91885, 91914, 91940, 91948, 91963, 92284, 93646, 93802, 93978, 94137, 94145, 97227, 99046, 99773, 99983, 100013, 100054, 100224, 100325, 100553, 100897, 100899, 100973, 102179, 103196, 103950, 104878, 104893, 104911, 104942, 107367, 107400, 107781, 109159, 111294, 111424, 112064, 112097, 112128, 112199, 112202, 112271, 112373, 112384, 112392, 112399, 112435, 112445, 113947, 114656, 114685, 115625, 115777, 115831, 117584, 117606, 117621, 118747, 121384, 122017, 123099, 123776, 124306, 124331, 124381, 124441, 124462, 124470, 124508, 124621, 124783, 124816, 124822, 125366, 125725, 126400, 126491, 128632, 128916, 129104, 129119, 129123, 130066, 130490, 130568, 131961, 131963, 131967, 131973, 131993, 132013, 132028, 132231, 133707, 134542, 134624, 134800, 136229, 137979, 137993, 139184, 139707, 148764, 149320, 149415, 149494, 150162, 150188, 150352, 150373, 150393, 152504, 153724, 153726, 153765, 154061, 154899, 155024, 155064, 155080, 156576, 157944, 157962, 158056, 158134, 158138, 158265, 158313, 158368, 158948, 159410, 159485, 159496, 159590, 159679, 159732, 159967, 160984, 161340, 162457, 162511, 162541, 162552, 162564, 163392, 163779, 163819, 164325, 166918, 169079, 170842, 171758, 172542, 172812, 172851, 173001, 173205, 173753, 173772, 173796, 174112, 176156, 177953, 178505, 178943, 179193, 179241, 181057, 181276, 181840, 182050, 182363, 183281, 183326, 183814, 184553, 185016, 186578, 186802, 187483, 187545, 187614, 187859, 187863, 188604, 188651, 189444, 190301, 192841, 193183, 194596, 196745, 197259, 197451, 197520, 198647, 198652, 198669, 198674, 198874, 199941, 199943, 200477, 200952, 201638, 201747, 201837, 201980, 201987, 202022, 202065, 202098, 202121, 202227, 204093, 204392, 205596, 205608, 205880, 206504, 206525, 208740, 208788, 209635, 209868, 209877, 209884, 210134, 210226, 211021, 211204, 211236, 211257, 211463, 211470, 212833, 214130, 214161, 214189, 214209, 214239, 214372, 214445, 215044, 215086, 215114, 215213, 215262, 215893, 216798, 216804, 217472, 217736]
18,141,[7125, 7368, 11890, 12030, 12727, 14155, 14271, 14482, 19137, 19757, 23573, 25976, 26314, 26778, 32693, 37988, 38072, 38111, 38627, 41743, 41770, 42788, 43141, 45778, 46651, 46895, 51712, 52245, 54603, 54661, 54695, 54792, 55545, 57925, 58115, 58859, 58871, 60902, 60916, 65655, 65694, 66386, 67134, 67139, 67145, 73797, 73799, 83621, 83623, 85658, 88243, 88841, 89475, 90773, 95032, 95855, 98064, 100242, 103273, 105309, 105815, 107927, 108961, 111211, 112932, 112962, 112988, 113011, 113456, 114561, 115744, 115763, 116032, 116072, 116987, 117582, 117750, 117941, 118137, 118156, 118425, 118465, 119379, 119974, 120142, 120333, 120486, 120548, 121228, 121275, 121403, 122236, 122340, 122365, 122394, 122432, 122482, 122522, 122805, 123108, 123406, 123918, 124519, 124662, 125321, 125415, 125541, 126361, 126410, 126422, 127496, 127502, 127621, 127633, 127660, 127736, 127890, 128028, 128171, 128309, 128354, 128362, 128567, 128890, 129103, 129905, 132308, 132325, 132843, 133049, 133444, 133812, 134642, 136841, 139757, 144466, 147250, 147561, 147707, 148052, 148809]
19,54,[79, 6345, 7286, 7417, 7492, 7716, 7967, 8212, 8802, 8886, 11143, 11490, 11605, 12010, 12379, 12555, 12899, 14565, 14631, 14642, 15282, 15340, 16334, 17076, 17433, 17879, 18750, 18959, 19751, 19802, 21912, 21975, 22287, 22292, 22387, 22469, 22583, 22727, 22829, 24834, 24846, 24866, 24912, 24968, 25073, 25102, 25181, 25277, 25368, 25456, 25885, 27322, 27418, 27441]
20,156,[49, 1379, 2292, 2837, 3504, 8011, 8788, 11301, 12060, 12079, 12316, 12322, 12415, 12448, 12452, 12593, 12786, 12936, 12967, 13007, 13265, 13305, 13374, 13380, 13514, 13519, 14059, 14092, 15477, 15677, 15710, 15799, 16068, 16257, 16262, 16906, 17310, 18231, 19777, 20110, 20394, 20681, 20962, 23065, 23427, 25308, 25651, 30559, 34782, 35033, 36175, 36278, 37444, 37447, 37483, 38642, 38837, 39623, 39632, 39775, 40074, 40482, 40705, 40816, 40846, 40981, 41306, 41857, 42295, 42328, 42937, 43168, 43315, 44039, 44362, 45587, 45640, 46339, 46490, 46617, 46619, 46651, 46715, 46849, 47018, 48034, 49648, 49712, 49856, 49978, 49981, 50199, 50230, 50653, 50923, 51038, 52112, 52593, 52625, 52645, 52666, 53142, 53184, 53368, 53454, 54030, 54214, 54460, 54532, 54543, 54575, 54841, 56597, 56752, 56981, 57096, 57233, 57451, 57458, 57825, 57949, 57952, 59238, 59345, 59514, 59576, 59595, 60704, 60776, 61026, 61273, 61310, 61352, 61377, 61520, 61579, 61603, 61950, 61976, 62041, 62071, 62103, 62168, 62557, 62580, 62589, 62661, 62679, 62821, 63939, 63965, 64056, 64488, 64756, 64763, 65211]
21,139,[149, 318, 459, 494, 1012, 1017, 1175, 1288, 1474, 1477, 1534, 1540, 6731, 7313, 7317, 7349, 7387, 7625, 8282, 8853, 8892, 8922, 9829, 10685, 10692, 10720, 10748, 11419, 11841, 12765, 12973, 13030, 13034, 13086, 13197, 13565, 13568, 13612, 14218, 15589, 15763, 15863, 16589, 17471, 17593, 17724, 17743, 18104, 18165, 18174, 18255, 18288, 18361, 18578, 19129, 19240, 19416, 19577, 19793, 19925, 20599, 20627, 20952, 20965, 22137, 23006, 23071, 23133, 23142, 23169, 23187, 23348, 23352, 23455, 23475, 23556, 23578, 23605, 24110, 24405, 24649, 24715, 25014, 25458, 25834, 26433, 26438, 26443, 26628, 26782, 26799, 27223, 27619, 27738, 27853, 28296, 28355, 28391, 28444, 28448, 28469, 28512, 28568, 28647, 29000, 30229, 30354, 30406, 30415, 30569, 30906, 31697, 31698, 31740, 31760, 31765, 31806, 31967, 32383, 32442, 32635, 32907, 32917, 32953, 32992, 32997, 33474, 34572, 34625, 34951, 35371, 35377, 35382, 35387, 35392, 35396, 35524, 35635, 35705]
22,175,[1155, 3138, 3423, 10859, 13114, 14149, 14201, 15548, 16143, 16442, 17139, 17195, 17202, 21844, 23026, 31223, 36082, 36091, 36093, 36129, 36823, 42901, 45716, 47426, 47430, 48742, 48757, 48840, 48844, 48845, 48864, 48867, 49106, 54883, 56003, 58436, 66781, 66795, 67681, 67683, 67688, 67690, 67692, 67694, 67701, 69368, 69396, 69406, 72282, 75919, 78370, 79021, 83167, 85147, 85467, 85472, 86450, 86792, 88293, 89645, 90287, 94280, 94296, 95283, 99231, 99778, 101423, 102552, 102656, 103403, 103497, 103499, 103509, 104074, 104107, 104294, 105450, 105464, 105466, 105492, 105870, 106990, 108196, 108200, 111434, 111453, 111455, 111464, 111559, 111565, 111710, 111712, 111725, 113912, 116682, 116922, 117149, 117151, 117153, 118173, 118597, 118625, 121116, 123034, 123042, 123058, 124724, 124726, 124728, 124729, 124981, 125636, 127264, 131594, 132110, 133633, 135678, 136019, 136023, 136316, 136320, 136362, 137858, 137859, 138022, 138138, 138324, 138806, 140463, 140476, 141460, 141464, 141468, 141476, 141611, 141761, 141970, 142857, 143667, 144313, 144317, 144377, 145907, 146406, 146975, 147550, 147554, 147566, 147570, 147572, 147597, 147774, 148763, 148795, 148843, 152841, 153344, 153346, 153361, 153906, 154964, 154966, 154968, 155024, 155032, 155034, 155175, 155279, 155323, 155822, 156652, 156984, 158744, 161027, 161029]
23,100,[278, 587, 633, 1106, 1171, 1589, 1730, 1735, 1745, 1804, 2185, 2284, 2372, 2386, 2407, 2474, 2604, 2778, 2899, 3689, 4216, 4527, 4751, 4762, 4837, 5304, 5774, 5824, 5925, 6626, 7179, 7349, 7415, 7445, 7601, 7770, 7832, 7868, 7924, 7935, 8156, 8160, 8251, 8954, 8995, 10703, 10708, 13534, 14640, 14882, 15199, 15336, 15417, 15639, 15686, 15860, 15867, 15992, 16014, 16650, 16655, 16995, 17048, 17111, 17150, 17311, 17570, 17817, 17828, 18427, 18527, 18837, 19521, 19583, 20154, 20378, 20939, 20969, 21117, 21366, 22668, 24122, 24159, 24772, 24984, 25033, 25359, 27136, 27282, 27286, 27292, 27719, 28388, 28415, 28631, 28683, 29032, 29482, 29505, 30615]
24,110,[444, 690, 781, 919, 1100, 2949, 2952, 3508, 3544, 3606, 3687, 4159, 4177, 5648, 6142, 6355, 6376, 6800, 8615, 8623, 8908, 8980, 9002, 9101, 9131, 10060, 10171, 10669, 11463, 11713, 12036, 12118, 12143, 12965, 13563, 13789, 13864, 13968, 14030, 14479, 15575, 15635, 15826, 16172, 16362, 17190, 17237, 17924, 18139, 18451, 19943, 20643, 21007, 21065, 21468, 22051, 22132, 22589, 23106, 23152, 23755, 25226, 25687, 26901, 28640, 28701, 29041, 29110, 29497, 30163, 30171, 30285, 30836, 31143, 32043, 32681, 33272, 34371, 34392, 34499, 35133, 35397, 36212, 36219, 36775, 36791, 37279, 38053, 38375, 38461, 38839, 39218, 39275, 39652, 39699, 39773, 39804, 39888, 39999, 40475, 40619, 42167, 42302, 42329, 42427, 42869, 42918, 42946, 43039, 43719]
25,15,[501, 1623, 85849, 92552, 106757, 106861, 117645, 117692, 117818, 119498, 119613, 172468, 177800, 180110, 196694]
26,175,[381, 408, 1751, 2685, 3280, 3989, 7571, 8532, 9332, 11874, 12296, 12647, 12666, 12902, 12908, 13001, 13035, 13039, 13179, 13374, 13441, 13466, 13523, 13554, 13590, 13850, 13889, 13960, 13966, 14020, 14099, 14104, 14362, 14646, 14679, 14710, 16117, 16322, 16355, 16444, 16714, 16911, 17558, 17974, 18896, 18934, 20493, 20835, 21120, 21325, 21409, 21700, 23836, 24197, 26102, 26450, 26576, 31412, 35671, 35925, 37077, 37183, 38359, 38362, 38399, 39586, 39781, 40563, 40572, 40713, 41014, 41422, 41643, 41752, 41782, 41917, 42080, 42243, 42792, 43223, 43256, 43526, 43885, 44118, 44265, 45002, 45331, 46588, 46642, 47344, 47494, 47622, 47624, 47655, 47720, 47853, 48021, 49047, 49869, 50691, 50756, 50902, 51011, 51024, 51027, 51244, 51275, 51705, 51978, 52093, 53195, 53695, 53727, 53747, 53766, 54255, 54297, 54493, 54580, 54644, 55193, 55376, 55621, 55693, 55704, 55736, 55848, 56003, 57750, 57900, 58131, 58248, 58387, 58619, 58626, 59002, 59130, 59133, 60494, 60605, 60794, 60857, 60876, 61680, 61689, 62001, 62074, 62324, 62577, 62613, 62655, 62680, 62825, 62883, 62906, 63251, 63277, 63344, 63374, 63406, 63505, 63896, 63919, 63928, 64001, 64019, 64163, 65140, 65326, 65352, 65446, 65887, 66156, 66163, 66624]
27,419,[536, 549, 643, 651, 657, 762, 1135, 1860, 2023, 2916, 3297, 3627, 3679, 4039, 5300, 5564, 6405, 6742, 7698, 7775, 7988, 8094, 8112, 8509, 9086, 9167, 9498, 10210, 10425, 10650, 10867, 11238, 11280, 11696, 11808, 11973, 12003, 12050, 12562, 12584, 12631, 13095, 13162, 13509, 13523, 14030, 14559, 14753, 14832, 14873, 14913, 14977, 15232, 15266, 15278, 15360, 15405, 15458, 15555, 15576, 15669, 15679, 15739, 15789, 15794, 15871, 15893, 15979, 16000, 16022, 16061, 16138, 16161, 16163, 16194, 16196, 16223, 16280, 16411, 16479, 16572, 16604, 16619, 16624, 16673, 16733, 16832, 17087, 17097, 17101, 17130, 17134, 17175, 17354, 17507, 17556, 17575, 17655, 17657, 17660, 17681, 17716, 17779, 17861, 18346, 18368, 18411, 18412, 18462, 18481, 18519, 18535, 18547, 18596, 18616, 18716, 18747, 18806, 18878, 19092, 19398, 19482, 19522, 19567, 19589, 19737, 19776, 20694, 20777, 20788, 20953, 20967, 21078, 21627, 21737, 21751, 21923, 21926, 22035, 22086, 22638, 23475, 23481, 23577, 23584, 23752, 24494, 24637, 24823, 24879, 24922, 25013, 25118, 25149, 25238, 25287, 25328, 26168, 26237, 27451, 27563, 27578, 28033, 28115, 28145, 28165, 28671, 29045, 29161, 29256, 29291, 29413, 29441, 29797, 29821, 29921, 29975, 30461, 31115, 31598, 31858, 32279, 32477, 32555, 32793, 32944, 33307, 34646, 34678, 34756, 34896, 35024, 35980, 36357, 36363, 36405, 37083, 37108, 37116, 37125, 37165, 37656, 37728, 38223, 39015, 40559, 40630, 40814, 40818, 40829, 40880, 40903, 40928, 40970, 41793, 42577, 42818, 43166, 43664, 43679, 43711, 43779, 43890, 44329, 44528, 44653, 44757, 44807, 45286, 45531, 45909, 46017, 46645, 47293, 47309, 47506, 47519, 47570, 51114, 51448, 51520, 51625, 51632, 51650, 51684, 51875, 52080, 52171, 53164, 53519, 53529, 53656, 53815, 53971, 54393, 54433, 54825, 55034, 55115, 55399, 55431, 55567, 55588, 55695, 55934, 55942, 56459, 57466, 57608, 58998, 59423, 59535, 59584, 59684, 60138, 60170, 60321, 60357, 60377, 60524, 61117, 61756, 61763, 61971, 62366, 62792, 63081, 63381, 63401, 63663, 63680, 63856, 63940, 64222, 64264, 64296, 64590, 65046, 65444, 65672, 65708, 66231, 68961, 69229, 69317, 69599, 69622, 72006, 72479, 72514, 72549, 72557, 72703, 73836, 73950, 74014, 74192, 75309, 75342, 75348, 75356, 75377, 75829, 76767, 76770, 76801, 77007, 77190, 77269, 77289, 77420, 77494, 77715, 77768, 77777, 77787, 77818, 77868, 78069, 78920, 81293, 83109, 84017, 84041, 84197, 84993, 85728, 85860, 86044, 86065, 88393, 88508, 88785, 89765, 89802, 90022, 90067, 90241, 90244, 91642, 91670, 92073, 92551, 92713, 93462, 93706, 93849, 93894, 94052, 94219, 94527, 94666, 95389, 95563, 95725, 96135, 96173, 96330, 96711, 96866, 96961, 96974, 97101, 97207, 97226, 97353, 97692, 98016, 98294, 98572, 98591, 98977, 98995, 99459, 99523, 99689, 99871, 99988, 100341, 100388, 100423, 100676, 101112, 101342, 101690, 102591, 103165, 103369, 103707, 103918, 104770, 104811, 105179, 107923, 108274, 108325, 108650, 109019, 109501]
28,51,[56, 115, 157, 223, 240, 293, 325, 359, 1257, 2869, 3816, 4513, 4521, 4546, 4568, 5543, 5547, 5585, 6386, 6399, 6454, 6978, 7002, 7129, 7286, 7306, 7428, 7445, 7470, 7544, 8311, 8346, 8528, 8532, 8576, 8602, 8627, 8661, 9200, 9337, 9343, 9374, 9405, 9442, 9471, 9497, 9587, 10217, 10649, 11128, 11790]
30,2735,[741, 784, 1038, 1061, 1075, 1091, 1214, 1231, 1273, 1382, 1390, 1410, 1413, 1437, 1700, 1957, 2004, 2042, 2483, 2487, 2559, 3050, 3104, 3128, 3142, 3152, 3186, 3924, 3953, 4459, 4464, 4609, 4613, 4619, 4622, 4624, 4634, 6783, 7977, 7983, 7986, 8242, 8273, 8314, 8754, 9487, 9547, 10060, 10284, 10294, 10366, 12602, 12701, 12727, 12792, 12857, 12886, 12892, 12923, 13507, 13571, 13639, 13820, 14185, 14192, 14550, 14575, 15224, 15227, 16892, 18050, 19105, 19711, 20622, 20789, 22542, 22553, 22574, 23522, 23695, 24270, 24276, 24869, 24881, 24896, 25274, 25385, 25506, 25992, 26025, 26262, 26361, 26404, 26471, 26610, 26648, 26669, 26678, 26800, 26846, 26855, 26923, 26929, 27021, 27086, 27161, 27357, 27542, 27550, 27578, 27619, 27666, 27730, 27845, 28026, 28032, 28462, 29788, 30704, 31779, 32164, 32430, 32600, 32614, 33595, 35359, 36113, 36146, 36691, 36723, 36925, 37006, 37090, 37527, 38128, 38155, 38254, 38397, 38431, 38609, 38744, 39401, 39560, 39831, 39889, 40932, 41884, 41891, 41899, 41939, 41947, 41982, 42009, 42167, 42171, 43630, 44506, 44591, 44599, 44619, 44653, 44724, 44817, 44855, 44902, 44963, 44967, 45000, 45047, 45114, 45129, 45170, 45183, 45258, 45273, 45333, 45367, 45654, 46623, 46731, 51110, 51521, 52044, 52599, 52696, 52713, 52718, 52723, 52757, 52994, 53111, 53169, 53181, 53200, 53404, 53511, 53519, 54012, 54705, 54716, 54756, 54853, 55004, 55040, 55105, 55149, 55186, 56861, 58568, 60716, 60720, 60743, 61239, 62009, 62316, 65554, 65755, 65979, 66413, 66635, 66674, 66749, 67367, 68492, 68814, 68856, 68975, 69207, 69668, 69822, 70205, 70247, 70253, 70365, 70397, 70407, 70493, 70678, 71178, 71769, 71906, 71941, 71958, 72061, 72067, 72088, 72112, 72133, 72157, 72178, 72220, 72261, 72321, 72343, 72493, 72596, 72856, 72864, 72873, 72890, 73049, 73075, 73090, 73258, 74762, 74902, 74918, 74940, 74954, 75243, 75251, 75300, 75538, 75561, 75603, 75697, 77225, 77385, 77468, 77513, 77620, 77648, 77739, 77773, 77783, 77837, 77994, 78917, 78923, 78984, 79318, 79923, 82002, 82055, 82103, 82110, 82133, 82142, 82202, 82329, 82370, 82655, 82684, 82832, 83400, 85229, 85573, 85604, 85654, 85714, 85747, 86934, 87420, 87671, 87981, 88862, 90134, 90180, 90481, 90700, 90713, 90733, 90819, 91480, 91529, 91652, 92158, 92793, 92865, 92903, 92943, 92985, 93088, 94053, 95934, 95941, 96206, 96474, 96842, 96853, 98177, 98212, 98391, 98543, 98590, 100182, 100563, 100922, 100935, 101100, 101278, 101451, 101515, 101525, 101593, 102018, 102177, 102227, 103186, 104235, 104753, 105201, 105229, 105534, 105750, 106934, 107171, 108178, 109111, 110551, 110708, 110725, 110749, 112993, 113371, 115344, 115508, 116286, 116452, 116517, 116531, 116731, 116756, 117582, 117751, 117856, 117884, 118105, 118128, 118132, 118156, 118160, 118184, 118201, 118497, 118593, 118691, 118904, 118988, 119095, 119274, 119277, 119373, 119436, 119508, 119553, 119652, 119667, 119690, 119730, 119746, 119754, 119763, 119786, 119813, 119834, 119865, 120069, 120448, 120498, 120572, 120601, 120612, 120615, 120709, 120724, 120839, 121020, 121142, 121230, 122329, 123155, 123223, 123233, 123836, 124297, 124664, 124742, 126912, 126921, 127455, 128242, 128481, 129134, 129779, 130000, 130056, 130079, 130932, 131144, 131584, 131603, 131768, 132233, 132234, 132298, 132299, 132308, 132309, 133015, 133404, 134439, 134620, 135732, 137228, 137456, 138583, 141609, 142248, 142910, 142921, 143894, 144546, 144592, 144599, 144983, 145759, 145807, 146086, 146109, 146552, 146649, 146659, 146722, 147339, 147678, 147784, 148702, 148722, 148853, 148905, 148967, 149102, 149130, 149565, 149736, 149820, 149850, 150307, 150368, 151265, 151378, 151400, 151419, 151475, 151838, 151860, 152837, 153208, 153314, 153384, 153447, 153468, 153476, 155075, 155173, 155363, 155419, 155812, 155931, 155958, 155971, 155985, 156063, 156067, 156082, 156195, 156321, 156490, 156624, 156862, 157124, 157140, 157185, 157240, 157384, 157397, 157428, 157436, 157472, 157500, 157512, 157582, 157587, 157599, 157622, 157656, 157668, 157714, 157772, 157779, 157869, 158019, 158098, 159287, 159302, 159501, 159536, 159594, 159607, 159617, 159645, 159663, 160164, 160685, 160720, 160855, 160961, 161177, 161213, 161405, 161729, 161777, 161972, 162191, 162551, 162628, 162687, 162707, 162906, 162916, 162960, 163109, 163131, 163138, 163983, 164019, 164061, 164090, 164115, 164201, 166173, 166180, 166200, 166211, 166342, 166346, 166374, 166387, 166412, 166420, 166456, 166595, 166640, 167144, 167508, 167606, 167635, 167723, 167996, 168162, 168745, 169065, 169216, 169310, 169443, 169810, 169915, 169961, 170029, 170179, 170183, 170208, 170256, 170339, 170653, 170656, 170728, 171347, 171650, 171653, 171851, 171886, 171914, 171916, 172205, 172246, 172285, 172291, 172538, 172554, 172565, 172603, 172640, 172754, 172787, 173000, 173441, 173977, 175241, 175763, 175783, 175921, 176114, 176133, 177897, 178013, 178021, 178043, 178063, 178238, 178289, 178296, 178408, 178603, 178724, 179469, 179544, 179776, 179928, 180070, 180127, 180515, 181317, 181500, 181627, 181785, 182318, 182410, 182427, 182588, 182929, 184434, 184529, 186454, 188666, 188676, 188724, 188739, 188749, 188755, 188768, 188776, 188806, 189546, 189724, 190196, 190326, 190862, 191030, 191375, 191417, 191434, 191452, 192082, 192406, 192463, 192466, 192509, 192845, 192924, 193028, 193088, 193325, 193534, 193789, 193917, 193934, 193965, 194006, 194314, 194345, 194358, 194389, 194442, 194515, 194536, 194814, 194956, 195169, 195406, 195424, 195763, 195788, 195793, 196084, 196301, 196377, 196561, 196578, 197026, 197436, 197768, 197817, 197931, 198283, 198310, 198896, 199350, 200227, 200396, 200456, 200523, 200599, 200752, 202528, 202818, 202867, 202892, 204598, 206171, 206330, 206536, 206545, 206572, 206749, 207480, 208615, 209365, 209369, 209376, 210329, 210370, 210614, 210719, 210773, 210789, 210809, 210832, 210847, 210923, 210961, 210988, 211003, 211137, 211301, 211384, 211440, 211817, 214306, 214452, 215518, 216348, 216689, 216800, 216900, 217167, 217185, 217227, 217235, 217281, 217286, 217292, 217367, 218283, 218537, 218908, 218985, 218990, 219470, 219528, 219545, 219584, 219600, 219645, 219662, 219721, 221141, 221416, 221473, 221628, 221710, 221744, 221791, 221800, 221845, 221863, 221914, 222222, 222264, 222270, 222352, 222370, 222521, 222526, 222544, 222725, 222744, 222884, 223059, 223136, 223196, 223251, 223282, 223391, 223456, 223520, 223852, 223967, 224082, 224259, 224263, 224491, 224507, 224538, 224632, 224688, 224807, 224824, 224905, 225432, 225436, 225625, 225658, 226866, 227469, 227511, 227556, 227981, 227991, 228005, 228921, 228978, 228989, 228997, 229248, 229404, 230252, 232793, 233069, 235045, 235741, 236244, 236284, 236528, 236552, 236576, 237829, 245347, 245371, 245725, 246186, 247727, 247981, 248366, 248755, 250054, 250408, 251032, 251370, 251371, 251559, 254072, 254235, 254783, 254828, 256211, 256385, 256401, 257972, 258248, 258406, 258624, 258663, 258839, 259535, 260000, 260675, 261230, 261340, 261371, 262940, 263338, 264213, 264400, 264649, 265032, 265050, 265210, 266087, 267366, 267410, 267462, 268712, 268786, 268837, 268854, 269260, 270375, 272379, 272750, 272771, 273842, 275526, 277039, 277042, 278392, 278429, 281546, 283609, 283896, 283922, 285829, 286315, 286557, 287513, 288977, 290664, 290902, 292229, 292615, 294041, 294534, 294758, 294785, 294838, 294862, 294932, 295541, 295918, 295974, 296766, 296775, 296826, 296975, 297395, 297431, 297689, 297960, 298221, 298227, 298307, 298374, 298492, 298999, 299190, 299531, 299576, 299919, 300016, 300023, 300027, 300280, 300297, 300413, 300591, 300722, 300860, 300944, 301165, 301291, 301297, 301315, 301357, 301442, 301499, 301562, 301649, 301679, 301722, 301834, 302188, 302191, 302335, 303043, 303286, 303412, 303447, 303818, 303846, 303928, 303935, 304784, 304874, 304902, 304908, 305225, 305301, 305522, 305701, 307005, 307076, 307158, 307166, 307304, 307325, 307354, 307362, 307441, 307492, 307535, 307635, 307659, 307689, 307697, 307732, 307747, 307841, 307864, 307960, 308021, 308149, 308159, 308565, 308568, 308609, 308754, 308916, 309000, 309306, 309311, 309980, 310855, 310970, 311552, 312091, 312100, 312454, 312705, 312755, 312870, 314015, 314337, 314433, 314993, 315727, 316854, 316988, 317068, 317440, 317574, 317611, 317658, 318333, 318526, 318657, 318761, 318950, 318959, 319154, 319160, 319168, 319337, 319346, 319406, 319419, 319504, 320158, 321475, 321595, 322188, 322264, 322691, 322871, 322999, 323364, 323792, 323931, 324067, 324403, 326166, 327180, 327442, 327726, 328382, 328954, 329515, 329522, 330166, 330267, 330735, 330746, 330767, 330823, 331656, 331757, 332277, 332600, 332610, 332617, 334280, 334584, 334600, 334611, 334706, 335046, 335076, 336420, 336784, 336858, 337004, 337481, 337530, 338356, 338381, 338723, 340076, 341174, 341181, 341251, 341932, 342981, 342986, 343023, 343138, 343377, 343383, 343460, 343640, 343648, 343654, 344148, 344384, 344912, 344917, 344925, 345175, 345428, 345431, 345608, 345706, 345712, 345932, 346586, 346759, 346763, 346934, 346948, 347031, 347129, 347413, 347761, 347881, 347893, 347901, 347908, 348151, 348199, 348294, 348495, 348568, 348617, 348833, 348839, 348844, 348914, 348940, 348997, 349009, 349034, 349113, 349138, 349162, 349173, 349196, 349245, 349250, 349286, 349379, 349446, 349584, 349648, 349679, 349692, 349698, 349716, 350160, 350173, 350190, 350201, 350217, 350367, 350379, 350448, 350469, 350535, 350668, 350688, 350698, 350707, 350895, 350902, 350919, 350988, 351051, 351105, 351123, 351127, 351162, 351245, 351260, 351278, 351302, 351353, 351407, 351454, 351497, 351566, 351675, 351705, 351717, 351722, 351744, 351853, 351880, 351885, 351901, 351907, 352035, 352122, 352129, 352137, 352161, 352225, 352296, 352347, 352399, 352417, 352460, 352474, 352553, 352559, 352618, 352752, 352910, 352914, 352966, 352997, 353236, 353478, 353481, 353573, 353616, 353629, 353688, 353770, 353817, 353830, 353886, 354123, 354139, 354226, 354389, 354402, 354466, 354474, 354504, 354610, 354684, 354699, 354743, 354814, 354842, 354843, 354852, 354866, 354967, 354985, 354995, 355119, 355145, 355165, 355205, 355218, 355253, 355276, 355296, 355437, 355450, 355486, 355490, 355514, 355531, 355621, 355648, 355653, 355656, 355684, 355703, 355710, 355732, 355746, 355752, 356046, 356640, 356730, 356835, 357155, 357180, 357247, 357284, 357294, 357334, 357343, 357363, 357403, 357443, 357603, 357624, 357634, 357785, 357810, 357832, 357936, 358385, 358527, 358584, 358618, 358699, 358753, 358770, 358779, 358795, 358874, 358896, 359018, 359033, 359041, 359117, 359254, 359275, 359287, 359294, 359358, 359375, 359393, 359441, 359577, 359644, 359657, 359669, 359699, 359988, 360060, 360068, 360073, 360083, 360141, 360278, 360307, 360571, 360596, 360786, 360933, 361603, 362814, 363730, 363736, 363765, 363862, 363919, 363972, 364011, 364014, 364033, 364086, 364484, 364965, 364972, 365437, 365585, 366079, 366199, 367064, 367092, 367391, 368495, 368610, 368617, 368655, 368660, 369189, 370232, 370957, 372761, 374541, 374902, 374915, 375236, 376332, 376363, 376369, 376422, 376898, 376909, 377763, 378016, 379576, 380693, 381301, 381591, 381596, 382744, 382748, 382784, 383396, 383956, 384064, 385041, 385608, 386151, 386158, 386751, 386835, 387646, 387841, 387848, 388120, 388689, 389331, 389860, 390454, 391768, 391960, 391976, 392110, 393120, 393125, 393808, 393820, 394983, 395084, 395187, 396645, 396942, 397496, 398160, 398435, 398443, 398451, 398832, 399006, 399010, 399102, 399925, 400048, 400053, 400277, 400846, 400856, 400859, 401535, 401538, 402370, 402508, 402511, 402553, 402625, 403284, 404403, 404409, 404421, 404610, 405063, 405508, 405547, 405549, 405557, 405792, 405795, 406220, 406393, 406430, 407818, 408030, 408165, 408277, 408507, 410157, 410277, 410395, 410403, 410703, 411448, 411546, 411612, 411720, 411725, 413016, 413310, 413326, 413406, 413540, 413555, 413987, 413994, 414125, 414171, 414192, 414197, 414236, 414510, 414784, 414947, 415032, 415479, 415756, 416090, 416481, 416509, 417076, 418161, 418322, 419786, 419903, 420553, 420934, 421095, 422772, 423056, 423063, 423091, 423435, 423441, 423656, 423823, 424574, 424581, 424638, 424692, 424895, 425157, 425260, 425280, 425747, 425753, 425797, 426227, 428512, 428752, 428766, 428847, 428855, 428887, 428889, 429257, 430017, 430060, 430104, 430526, 430608, 430640, 430714, 430769, 430826, 430851, 430879, 430995, 431146, 431195, 431236, 431285, 431377, 431461, 431764, 431829, 431842, 431889, 432402, 432791, 433532, 433566, 433615, 433687, 433701, 433714, 433777, 433849, 433932, 433957, 433964, 434005, 434091, 434227, 434275, 434319, 434389, 434456, 434589, 434764, 434838, 434872, 435090, 435377, 435406, 435548, 435755, 435848, 435954, 436014, 436380, 436609, 436645, 436773, 436884, 436916, 436955, 437002, 437043, 437104, 437192, 437347, 438915, 439587, 439677, 439679, 440073, 440122, 440146, 440598, 440630, 440724, 440754, 440838, 440879, 441047, 441184, 441715, 441818, 441921, 441993, 442048, 442090, 442188, 442409, 442551, 442892, 443023, 443190, 443249, 444069, 444418, 444723, 444931, 445015, 445317, 445457, 446033, 446795, 446826, 446968, 447003, 447260, 447465, 447658, 447715, 447898, 448029, 448457, 448553, 448638, 449204, 449440, 449509, 449620, 450096, 450117, 450229, 450255, 450272, 450311, 450373, 450651, 450817, 450949, 451729, 452052, 452333, 452472, 453052, 453179, 453227, 453340, 453715, 454052, 454277, 454343, 454736, 454767, 455158, 455180, 455184, 455236, 456881, 457699, 457705, 457806, 458064, 458345, 458419, 460357, 460601, 460676, 461069, 462747, 463097, 463721, 464007, 464957, 465750, 465928, 466662, 466779, 466786, 467346, 467348, 467485, 467620, 468440, 468443, 468456, 468478, 469261, 469578, 469715, 469901, 469906, 471374, 471394, 472465, 472600, 473352, 474137, 474252, 474732, 474850, 477931, 478762, 479165, 479493, 481414, 481671, 482038, 482056, 482778, 482783, 482956, 483456, 483836, 483921, 484238, 484268, 484463, 484483, 484508, 484575, 485954, 486279, 486445, 487260, 487284, 487570, 488166, 488715, 489618, 489664, 489918, 489952, 490002, 490430, 490451, 491234, 491528, 491649, 491736, 491868, 492019, 492224, 492522, 492821, 493391, 493872, 493908, 495178, 495220, 495599, 495824, 496280, 497287, 498426, 498986, 499364, 499615, 499663, 499774, 499852, 499861, 500088, 500193, 500230, 500383, 500416, 500448, 500498, 500646, 500931, 500954, 501456, 501641, 501661, 501736, 501740, 501744, 501897, 502063, 502072, 502242, 502252, 502448, 502467, 502493, 502520, 502533, 502629, 502794, 502805, 502855, 502920, 502933, 503027, 503100, 503152, 503706, 503848, 503985, 504042, 504107, 504132, 504252, 504299, 504338, 505117, 505127, 505236, 505257, 505265, 505852, 505979, 506070, 506104, 506118, 506127, 506142, 506164, 506305, 506323, 506327, 506391, 506416, 506564, 506806, 506901, 506910, 507038, 507420, 507454, 507486, 507563, 507753, 507797, 507820, 507843, 507917, 507978, 508080, 508137, 508157, 508272, 508488, 508648, 509150, 509696, 509796, 509904, 510199, 510208, 510335, 510974, 511243, 511320, 511371, 511388, 511488, 511507, 511552, 511628, 511912, 511918, 511946, 512144, 512273, 512571, 512813, 512901, 512909, 512913, 512920, 513295, 513664, 513795, 513828, 514173, 514419, 514667, 514839, 515731, 516086, 516260, 516318, 516565, 516590, 516724, 516727, 516734, 516748, 516774, 516819, 517154, 517159, 517171, 517693, 517746, 518017, 518057, 518069, 518102, 518164, 518696, 518825, 518874, 519225, 520142, 520208, 520229, 520231, 520273, 520303, 520307, 520341, 520361, 520576, 520673, 520967, 520979, 521031, 521115, 521124, 521245, 521258, 521280, 521440, 521461, 521470, 521527, 521862, 521875, 521952, 522030, 522276, 522338, 522370, 522676, 522738, 522835, 523072, 523162, 523196, 523268, 523277, 523490, 523541, 523870, 524119, 524218, 524557, 524846, 525156, 525234, 525337, 525364, 525365, 525380, 525678, 525796, 525804, 525808, 525814, 526160, 526308, 526504, 526673, 527088, 527334, 527578, 527656, 528198, 528355, 528493, 529592, 529601, 530074, 530345, 530965, 531477, 531897, 531965, 532008, 532096, 532156, 532215, 532437, 532466, 532500, 532618, 532639, 532672, 532718, 532949, 533078, 533378, 533392, 533437, 533477, 533628, 533730, 533781, 533991, 534161, 534170, 534273, 534787, 534998, 535034, 535088, 535175, 535229, 535297, 535372, 535585, 535666, 536075, 536081, 536107, 536144, 536165, 536368, 536399, 536530, 536735, 536758, 536786, 536846, 536933, 537264, 537422, 538037, 538085, 538133, 538220, 538283, 538865, 538891, 538962, 538979, 538999, 539437, 539907, 540171, 540544, 540636, 540647, 540664, 540818, 540999, 541073, 541188, 541203, 541349, 541445, 541758, 541973, 542070, 542112, 542150, 542177, 542747, 542789, 542813, 542889, 543032, 543064, 543120, 543214, 543428, 543474, 543526, 543591, 543720, 543813, 543839, 543863, 543942, 543974, 544053, 544087, 544235, 544245, 544699, 545069, 545830, 545983, 546146, 546336, 546344, 546762, 546916, 546945, 546970, 547110, 547212, 547239, 547371, 547389, 547436, 547824, 547924, 547967, 547974, 548001, 548025, 548179, 549003, 549046, 549107, 549176, 549371, 549767, 549921, 550196, 550201, 550204, 550231, 550254, 550268, 550291, 550410, 550423, 550437, 550665, 550747, 551252, 551281, 551331, 551633, 551795, 551829, 551834, 551863, 551918, 551971, 552118, 552230, 552329, 553034, 553319, 553347, 553362, 553406, 553422, 553455, 553476, 553600, 553658, 553795, 553914, 553923, 553952, 553970, 554064, 554065, 554083, 554131, 554137, 554178, 554207, 554314, 554425, 554452, 554456, 554499, 554527, 554714, 554719, 554800, 554868, 555003, 555078, 555175, 555350, 555377, 555509, 555527, 555539, 555566, 555594, 555660, 555747, 555760, 555776, 555889, 555912, 555927, 556003, 556033, 556051, 556061, 556341, 556492, 556641, 556654, 556708, 556822, 556832, 556963, 556976, 557388, 557400, 557600, 557651, 557795, 558202, 558246, 558258, 558380, 558386, 558595, 559116, 559178, 559390, 559662, 559912, 560009, 560013, 560218, 560659, 560682, 560821, 560849, 561634, 561713, 561946, 561987, 562174, 562258, 562396, 563009, 564163, 564628, 564680, 564895, 564924, 565157, 565588, 565652, 565808, 565854, 565924, 566296, 566328, 566401, 566465, 566547, 566843, 566880, 567134, 567355, 567467, 567619, 567831, 567988, 569107, 569148, 569337, 569372, 569673, 569743, 569817, 570072, 570086, 570161, 570183, 570576, 570810, 570822, 571189, 571286, 571309, 571328, 571368, 571677, 571901, 572134, 572230, 572766, 572957, 573250, 573282, 573293, 573572, 573625, 573994, 575340, 576594, 576623, 576814, 576872, 577136, 577144, 577530, 577683, 577946, 578012, 578218, 578289, 578683, 578957, 579007, 579375, 579623, 579701, 579908, 580172, 580196, 580474, 580670, 580702, 580811, 580819, 580887, 580954, 581133, 581270, 581649, 581786, 581843, 581875, 581916, 581994, 582051, 582745, 582757, 583188, 583703, 583766, 584296, 584674, 584865, 584906, 584968, 585010, 585027, 585217, 585227, 585402, 585434, 585744, 585866, 585889, 586297, 586305, 586378, 586464, 586495, 586543, 586676, 586989, 587024, 587045, 587349, 587370, 587558, 587821, 588406, 588730, 588823, 589739, 589759, 589917, 590128, 590324, 590341, 590354, 590405, 590507, 590625, 591024, 592215, 592311, 592344, 592348, 592352, 592360, 592396, 592413, 592445, 592545, 592580, 592622, 592632, 592642, 592655, 592675, 592680, 592691, 592719, 592737, 592741, 592786, 592816, 592830, 592842, 592894, 593384, 593504, 593744, 593804, 593813, 593914, 594092, 594104, 594119, 594148, 594200, 594238, 594444, 594568, 594581, 594658, 594715, 594882, 595040, 595224, 595461, 595639, 595645, 595690, 595732, 595815, 595823, 595830, 595880, 595899, 595902, 595910, 595914, 595924, 595941, 595950, 595957, 595960, 595985, 596008, 596230, 596306, 596354, 596364, 596413, 596472, 596958, 597021, 597472, 597617, 597639, 597949, 597952, 597971, 598171, 598326, 598357, 598363, 598680, 598850, 599411, 599927, 600156, 600161, 600468, 600488, 600862, 600865, 600868, 601382, 601516, 601723, 601986, 602179, 602346, 602377, 602455, 602501, 602506, 602509, 602512, 602515, 602725, 602753, 602778, 602810, 603367, 603493, 603536, 603540, 603815, 604017, 604302, 604323, 604378, 604382, 605105, 605426, 605454, 605465, 605482, 605509, 605672, 606214, 606333, 606666, 606912, 607073, 607091, 607106, 607292, 607304, 607595, 607625, 607771, 608556, 608562, 608608, 608795, 609013, 610163, 610167, 610174, 610252, 610307, 610446, 610470, 610690, 610699, 610752, 611008, 611818, 612088, 612125, 612546, 612933, 612952, 613325, 613420, 613429, 613603, 613615, 613905, 613997, 614037, 614090, 614448, 614650, 614762, 614874, 614986, 615118, 615215, 615220, 615682, 615702, 615941, 616287, 616526, 617130, 617148, 617191, 617282, 618059, 618067, 618158, 618367, 618392, 618796, 618979, 619563, 619728, 619883, 620017, 620031, 620226, 620231, 621036, 621438, 622455, 622464, 622838, 623259, 623270, 623324, 623331, 623353, 623368, 623371, 623441, 623451, 623499, 623517, 623539, 623545, 623561, 623609, 623620, 623806, 623859, 623900, 623964, 624021, 624028, 624142, 624211, 624895, 624900, 625287, 625417, 625670, 625757, 625924, 626144, 626458, 626476, 626485, 626587, 627264, 627430, 627617, 627683, 628365, 628632, 628868, 628975, 629027, 629528, 629643, 629968, 631402, 631991, 632404, 632409, 632422, 632511, 632705, 632928, 633088, 633108, 633811, 634055, 634737, 635470, 635485, 635979, 636198, 636516, 636700, 636732, 636805, 636969, 637118, 637487, 637578, 638702, 639339, 639952, 640386, 640845, 640963, 640973, 640993]
6,2,[7, 145]
8,1,[400]
9,1,[531]
10,2735,[834, 877, 1131, 1154, 1168, 1184, 1307, 1324, 1366, 1475, 1483, 1503, 1506, 1530, 1793, 2050, 2097, 2135, 2576, 2580, 2652, 3144, 3198, 3222, 3236, 3246, 3280, 4018, 4047, 4553, 4558, 4703, 4707, 4713, 4716, 4718, 4728, 6877, 8071, 8077, 8080, 8336, 8367, 8408, 8848, 9581, 9641, 10154, 10378, 10388, 10460, 12696, 12795, 12821, 12886, 12951, 12980, 12986, 13017, 13601, 13665, 13733, 13914, 14279, 14286, 14644, 14669, 15318, 15321, 16986, 18144, 19199, 19805, 20716, 20883, 22636, 22647, 22668, 23616, 23789, 24364, 24370, 24963, 24975, 24990, 25368, 25479, 25600, 26086, 26119, 26356, 26455, 26498, 26565, 26704, 26742, 26763, 26772, 26894, 26940, 26949, 27017, 27023, 27115, 27180, 27255, 27451, 27636, 27644, 27672, 27713, 27760, 27824, 27939, 28120, 28126, 28556, 29882, 30798, 31877, 32262, 32528, 32698, 32712, 33693, 35457, 36211, 36244, 36789, 36821, 37023, 37104, 37188, 37625, 38226, 38253, 38352, 38495, 38529, 38707, 38842, 39499, 39658, 39929, 39987, 41030, 41982, 41989, 41997, 42037, 42045, 42080, 42107, 42265, 42269, 43728, 44604, 44689, 44697, 44717, 44751, 44822, 44915, 44953, 45000, 45061, 45065, 45098, 45145, 45212, 45227, 45268, 45281, 45356, 45371, 45431, 45465, 45752, 46721, 46829, 51208, 51619, 52142, 52697, 52794, 52811, 52816, 52821, 52855, 53093, 53210, 53268, 53280, 53299, 53503, 53610, 53618, 54111, 54804, 54815, 54855, 54952, 55103, 55139, 55204, 55248, 55285, 56960, 58671, 60819, 60823, 60846, 61342, 62112, 62419, 65657, 65858, 66082, 66516, 66738, 66777, 66852, 67470, 68595, 68917, 68959, 69078, 69310, 69771, 69925, 70308, 70350, 70356, 70468, 70500, 70510, 70596, 70781, 71281, 71872, 72009, 72044, 72061, 72164, 72170, 72191, 72215, 72236, 72260, 72281, 72323, 72364, 72424, 72446, 72596, 72699, 72959, 72967, 72976, 72993, 73152, 73178, 73193, 73361, 74865, 75005, 75021, 75043, 75057, 75346, 75354, 75403, 75641, 75664, 75706, 75800, 77328, 77488, 77571, 77616, 77723, 77751, 77842, 77876, 77886, 77940, 78101, 79024, 79030, 79091, 79425, 80030, 82109, 82162, 82210, 82217, 82240, 82249, 82309, 82436, 82477, 82762, 82791, 82939, 83507, 85336, 85680, 85711, 85761, 85821, 85854, 87041, 87527, 87778, 88088, 88969, 90241, 90287, 90588, 90807, 90820, 90840, 90926, 91587, 91636, 91759, 92265, 92900, 92972, 93010, 93050, 93092, 93195, 94160, 96041, 96048, 96313, 96581, 96949, 96960, 98284, 98319, 98498, 98650, 98697, 100289, 100670, 101029, 101042, 101207, 101385, 101558, 101622, 101632, 101700, 102125, 102284, 102334, 103293, 104342, 104860, 105312, 105340, 105645, 105861, 107045, 107282, 108289, 109222, 110662, 110819, 110836, 110860, 113104, 113482, 115455, 115619, 116397, 116563, 116628, 116642, 116842, 116867, 117693, 117862, 117967, 117995, 118216, 118239, 118243, 118267, 118271, 118295, 118312, 118608, 118704, 118802, 119015, 119099, 119206, 119385, 119388, 119484, 119547, 119619, 119664, 119763, 119778, 119801, 119841, 119857, 119865, 119874, 119897, 119924, 119945, 119976, 120180, 120559, 120609, 120683, 120712, 120723, 120726, 120820, 120835, 120950, 121131, 121253, 121341, 122440, 123266, 123334, 123344, 123947, 124408, 124775, 124853, 127023, 127032, 127566, 128353, 128593, 129246, 129891, 130112, 130168, 130191, 131044, 131256, 131696, 131715, 131880, 132345, 132346, 132410, 132411, 132420, 132421, 133127, 133516, 134551, 134732, 135844, 137340, 137568, 138695, 141721, 142360, 143022, 143033, 144006, 144659, 144705, 144712, 145096, 145872, 145920, 146199, 146222, 146665, 146762, 146772, 146835, 147452, 147791, 147897, 148815, 148835, 148966, 149018, 149080, 149215, 149243, 149678, 149849, 149933, 149963, 150420, 150481, 151378, 151491, 151513, 151532, 151588, 151951, 151973, 152950, 153321, 153427, 153497, 153560, 153581, 153589, 155188, 155286, 155476, 155532, 155925, 156044, 156071, 156084, 156098, 156176, 156180, 156195, 156308, 156434, 156603, 156737, 156975, 157237, 157253, 157298, 157353, 157497, 157510, 157541, 157549, 157585, 157613, 157625, 157695, 157700, 157712, 157735, 157769, 157781, 157827, 157885, 157892, 157982, 158132, 158211, 159400, 159415, 159614, 159649, 159707, 159720, 159730, 159759, 159777, 160278, 160799, 160834, 160969, 161075, 161291, 161327, 161519, 161852, 161900, 162095, 162314, 162674, 162751, 162810, 162830, 163029, 163039, 163083, 163232, 163254, 163261, 164106, 164142, 164184, 164213, 164238, 164324, 166296, 166303, 166323, 166334, 166465, 166469, 166497, 166510, 166535, 166543, 166579, 166718, 166763, 167267, 167631, 167729, 167758, 167846, 168119, 168285, 168868, 169188, 169339, 169433, 169566, 169933, 170038, 170084, 170152, 170302, 170306, 170331, 170379, 170462, 170776, 170779, 170851, 171470, 171773, 171776, 171974, 172009, 172037, 172039, 172328, 172369, 172408, 172414, 172661, 172677, 172688, 172726, 172763, 172877, 172910, 173123, 173564, 174100, 175364, 175886, 175906, 176044, 176237, 176256, 178020, 178136, 178144, 178166, 178186, 178361, 178412, 178419, 178531, 178726, 178847, 179592, 179667, 179899, 180051, 180193, 180250, 180638, 181440, 181623, 181750, 181908, 182450, 182542, 182559, 182720, 183061, 184566, 184661, 186586, 188798, 188808, 188856, 188871, 188881, 188887, 188900, 188908, 188938, 189678, 189856, 190328, 190458, 190994, 191162, 191507, 191549, 191566, 191584, 192214, 192538, 192595, 192598, 192641, 192977, 193056, 193160, 193220, 193457, 193666, 193921, 194049, 194066, 194097, 194138, 194446, 194477, 194490, 194521, 194574, 194647, 194668, 194946, 195088, 195301, 195538, 195556, 195895, 195920, 195925, 196216, 196433, 196509, 196693, 196710, 197158, 197568, 197900, 197949, 198063, 198415, 198442, 199028, 199492, 200369, 200538, 200598, 200665, 200741, 200894, 202670, 202960, 203009, 203034, 204740, 206313, 206472, 206678, 206687, 206714, 206891, 207622, 208757, 209507, 209511, 209518, 210471, 210512, 210756, 210861, 210915, 210931, 210951, 210974, 210989, 211065, 211103, 211130, 211145, 211279, 211443, 211526, 211582, 211959, 214448, 214594, 215660, 216490, 216830, 216941, 217041, 217307, 217325, 217367, 217375, 217421, 217426, 217432, 217507, 218423, 218677, 219048, 219125, 219130, 219620, 219678, 219695, 219734, 219750, 219795, 219812, 219871, 221291, 221566, 221623, 221778, 221860, 221894, 221941, 221950, 221995, 222013, 222064, 222372, 222414, 222420, 222502, 222520, 222671, 222676, 222694, 222875, 222894, 223034, 223209, 223286, 223346, 223401, 223432, 223541, 223606, 223670, 224002, 224117, 224232, 224409, 224413, 224641, 224657, 224688, 224782, 224838, 224957, 224974, 225055, 225582, 225586, 225775, 225808, 227016, 227619, 227661, 227706, 228131, 228141, 228155, 229071, 229128, 229139, 229147, 229398, 229554, 230402, 232943, 233219, 235195, 235891, 236394, 236434, 236678, 236702, 236726, 237979, 245500, 245524, 245878, 246339, 247880, 248134, 248519, 248908, 250207, 250561, 251185, 251523, 251524, 251712, 254225, 254388, 254936, 254981, 256367, 256541, 256557, 258128, 258404, 258562, 258780, 258819, 258995, 259691, 260156, 260831, 261386, 261496, 261527, 263096, 263494, 264369, 264556, 264805, 265188, 265206, 265366, 266243, 267522, 267566, 267618, 268868, 268942, 268993, 269010, 269416, 270531, 272535, 272906, 272927, 273998, 275682, 277195, 277198, 278547, 278584, 281701, 283765, 284052, 284078, 285985, 286471, 286713, 287669, 289133, 290820, 291058, 292386, 292772, 294198, 294691, 294915, 294942, 294995, 295019, 295089, 295698, 296075, 296131, 296924, 296933, 296984, 297133, 297553, 297589, 297847, 298118, 298379, 298385, 298465, 298532, 298650, 299157, 299348, 299689, 299734, 300077, 300174, 300181, 300185, 300438, 300455, 300571, 300749, 300880, 301018, 301102, 301323, 301449, 301455, 301473, 301515, 301600, 301657, 301720, 301807, 301837, 301880, 301992, 302346, 302349, 302493, 303201, 303444, 303570, 303605, 303976, 304004, 304086, 304093, 304942, 305032, 305060, 305066, 305383, 305459, 305680, 305859, 307163, 307234, 307316, 307324, 307462, 307483, 307512, 307520, 307599, 307650, 307693, 307793, 307817, 307847, 307855, 307890, 307905, 307999, 308022, 308118, 308179, 308307, 308317, 308723, 308726, 308767, 308912, 309074, 309158, 309464, 309469, 310138, 311013, 311129, 311711, 312250, 312259, 312613, 312864, 312914, 313029, 314174, 314496, 314592, 315152, 315886, 317013, 317147, 317227, 317599, 317733, 317770, 317817, 318492, 318685, 318816, 318920, 319109, 319118, 319313, 319319, 319327, 319496, 319505, 319565, 319578, 319663, 320317, 321634, 321754, 322347, 322423, 322850, 323030, 323158, 323523, 323951, 324090, 324226, 324562, 326325, 327339, 327601, 327885, 328541, 329113, 329674, 329681, 330325, 330426, 330894, 330905, 330926, 330982, 331815, 331916, 332436, 332759, 332769, 332776, 334439, 334743, 334759, 334770, 334865, 335205, 335235, 336579, 336943, 337017, 337163, 337640, 337689, 338515, 338540, 338882, 340235, 341333, 341340, 341410, 342091, 343140, 343145, 343182, 343297, 343536, 343542, 343619, 343799, 343807, 343813, 344307, 344543, 345071, 345076, 345084, 345334, 345587, 345590, 345767, 345865, 345871, 346091, 346745, 346918, 346922, 347093, 347107, 347190, 347288, 347572, 347920, 348040, 348052, 348060, 348067, 348310, 348358, 348453, 348654, 348727, 348776, 348992, 348998, 349003, 349073, 349099, 349156, 349168, 349193, 349272, 349297, 349321, 349332, 349355, 349404, 349409, 349445, 349538, 349605, 349743, 349807, 349838, 349851, 349857, 349875, 350319, 350332, 350349, 350360, 350376, 350526, 350538, 350607, 350628, 350694, 350827, 350847, 350857, 350866, 351054, 351061, 351078, 351147, 351210, 351264, 351282, 351286, 351321, 351404, 351419, 351437, 351461, 351512, 351566, 351613, 351656, 351725, 351834, 351864, 351876, 351881, 351903, 352012, 352039, 352044, 352060, 352066, 352194, 352281, 352288, 352296, 352320, 352384, 352455, 352506, 352558, 352576, 352619, 352633, 352712, 352718, 352777, 352911, 353069, 353073, 353125, 353156, 353395, 353637, 353640, 353732, 353775, 353788, 353847, 353929, 353976, 353989, 354045, 354282, 354298, 354385, 354548, 354561, 354625, 354633, 354663, 354769, 354843, 354858, 354902, 354973, 355001, 355002, 355011, 355025, 355126, 355144, 355154, 355278, 355304, 355324, 355364, 355377, 355412, 355435, 355455, 355596, 355609, 355645, 355649, 355673, 355690, 355780, 355807, 355812, 355815, 355843, 355862, 355869, 355891, 355905, 355911, 356205, 356800, 356890, 356995, 357315, 357340, 357407, 357444, 357454, 357494, 357503, 357523, 357563, 357603, 357763, 357784, 357794, 357945, 357970, 357992, 358096, 358545, 358687, 358744, 358778, 358859, 358913, 358930, 358939, 358955, 359034, 359056, 359178, 359193, 359201, 359277, 359414, 359435, 359447, 359454, 359518, 359535, 359553, 359601, 359737, 359804, 359817, 359829, 359859, 360148, 360220, 360228, 360233, 360243, 360301, 360438, 360467, 360731, 360756, 360946, 361093, 361763, 362974, 363893, 363899, 363928, 364025, 364082, 364135, 364174, 364177, 364196, 364249, 364647, 365128, 365135, 365600, 365748, 366242, 366362, 367227, 367255, 367554, 368658, 368773, 368780, 368818, 368823, 369352, 370395, 371120, 372924, 374704, 375065, 375078, 375399, 376495, 376526, 376532, 376585, 377061, 377072, 377926, 378179, 379739, 380856, 381464, 381754, 381759, 382907, 382911, 382947, 383559, 384119, 384227, 385204, 385771, 386314, 386321, 386914, 386998, 387809, 388004, 388011, 388283, 388852, 389494, 390023, 390617, 391931, 392123, 392139, 392273, 393286, 393291, 393974, 393986, 395149, 395250, 395353, 396811, 397108, 397662, 398326, 398601, 398609, 398617, 398998, 399172, 399176, 399268, 400091, 400214, 400219, 400443, 401012, 401022, 401025, 401701, 401704, 402536, 402674, 402677, 402719, 402791, 403450, 404569, 404575, 404587, 404776, 405229, 405674, 405713, 405715, 405723, 405958, 405961, 406386, 406559, 406596, 407984, 408196, 408331, 408443, 408673, 410323, 410443, 410561, 410569, 410869, 411614, 411712, 411778, 411886, 411891, 413182, 413476, 413492, 413572, 413706, 413721, 414153, 414160, 414291, 414337, 414358, 414363, 414402, 414676, 414950, 415113, 415198, 415645, 415922, 416256, 416647, 416675, 417242, 418327, 418488, 419952, 420069, 420719, 421100, 421261, 422938, 423222, 423229, 423257, 423601, 423607, 423822, 423989, 424740, 424747, 424804, 424858, 425061, 425323, 425426, 425446, 425913, 425919, 425963, 426393, 428679, 428919, 428933, 429014, 429022, 429054, 429056, 429424, 430187, 430230, 430274, 430696, 430778, 430810, 430884, 430939, 430996, 431021, 431049, 431165, 431316, 431365, 431406, 431455, 431547, 431631, 431934, 431999, 432012, 432059, 432572, 432961, 433702, 433736, 433785, 433857, 433871, 433884, 433947, 434019, 434102, 434127, 434134, 434175, 434261, 434397, 434445, 434489, 434559, 434626, 434759, 434934, 435008, 435042, 435260, 435547, 435576, 435718, 435925, 436018, 436124, 436184, 436550, 436779, 436815, 436943, 437054, 437086, 437125, 437172, 437213, 437274, 437362, 437517, 439085, 439757, 439847, 439849, 440243, 440292, 440316, 440768, 440800, 440894, 440924, 441008, 441049, 441217, 441354, 441885, 441988, 442091, 442163, 442218, 442260, 442358, 442579, 442721, 443062, 443193, 443360, 443419, 444239, 444588, 444893, 445101, 445185, 445487, 445627, 446203, 446965, 446996, 447138, 447173, 447430, 447635, 447828, 447885, 448068, 448199, 448627, 448723, 448808, 449374, 449610, 449679, 449790, 450266, 450287, 450399, 450425, 450442, 450481, 450543, 450821, 450987, 451119, 451899, 452222, 452503, 452642, 453222, 453349, 453397, 453510, 453885, 454222, 454447, 454513, 454906, 454937, 455328, 455350, 455354, 455406, 457051, 457869, 457875, 457976, 458234, 458515, 458589, 460527, 460771, 460846, 461239, 462918, 463268, 463892, 464178, 465128, 465921, 466099, 466833, 466950, 466957, 467517, 467519, 467656, 467791, 468611, 468614, 468627, 468649, 469432, 469749, 469886, 470072, 470077, 471545, 471565, 472635, 472770, 473522, 474307, 474422, 474902, 475020, 478099, 478930, 479333, 479661, 481580, 481837, 482204, 482222, 482943, 482948, 483121, 483621, 484001, 484086, 484403, 484433, 484628, 484648, 484673, 484740, 486118, 486442, 486608, 487422, 487446, 487732, 488328, 488876, 489778, 489824, 490078, 490112, 490162, 490590, 490611, 491394, 491688, 491809, 491896, 492028, 492179, 492384, 492682, 492981, 493551, 494032, 494068, 495337, 495379, 495758, 495983, 496449, 497456, 498595, 499155, 499533, 499784, 499832, 499943, 500021, 500030, 500257, 500362, 500399, 500552, 500585, 500617, 500667, 500815, 501100, 501123, 501625, 501810, 501830, 501905, 501909, 501913, 502066, 502232, 502241, 502411, 502421, 502617, 502636, 502662, 502689, 502702, 502798, 502963, 502974, 503024, 503089, 503102, 503196, 503269, 503321, 503875, 504017, 504154, 504211, 504276, 504301, 504421, 504468, 504507, 505286, 505296, 505405, 505426, 505434, 506021, 506148, 506239, 506273, 506287, 506296, 506311, 506333, 506474, 506492, 506496, 506560, 506585, 506733, 506975, 507070, 507079, 507207, 507589, 507623, 507655, 507732, 507922, 507966, 507989, 508012, 508086, 508147, 508249, 508306, 508326, 508441, 508657, 508817, 509319, 509865, 509965, 510073, 510368, 510377, 510504, 511143, 511412, 511489, 511540, 511557, 511657, 511676, 511721, 511797, 512081, 512087, 512115, 512313, 512442, 512740, 512982, 513070, 513078, 513082, 513089, 513464, 513833, 513964, 513997, 514342, 514588, 514836, 515008, 515903, 516258, 516432, 516490, 516737, 516762, 516896, 516899, 516906, 516920, 516946, 516991, 517326, 517331, 517343, 517865, 517918, 518189, 518229, 518241, 518274, 518336, 518868, 518997, 519046, 519397, 520314, 520380, 520401, 520403, 520445, 520475, 520479, 520513, 520533, 520748, 520845, 521139, 521151, 521203, 521287, 521296, 521417, 521430, 521452, 521612, 521633, 521642, 521699, 522034, 522047, 522124, 522202, 522448, 522510, 522542, 522848, 522910, 523007, 523244, 523334, 523368, 523440, 523449, 523662, 523713, 524042, 524291, 524390, 524729, 525018, 525328, 525406, 525509, 525536, 525537, 525552, 525850, 525968, 525976, 525980, 525986, 526332, 526480, 526676, 526845, 527260, 527506, 527750, 527828, 528373, 528530, 528668, 529767, 529776, 530249, 530520, 531140, 531652, 532072, 532140, 532183, 532271, 532331, 532390, 532612, 532641, 532675, 532793, 532814, 532847, 532893, 533124, 533253, 533553, 533567, 533612, 533652, 533803, 533905, 533956, 534166, 534336, 534345, 534448, 534962, 535173, 535209, 535263, 535350, 535404, 535472, 535547, 535760, 535841, 536250, 536256, 536282, 536319, 536340, 536543, 536574, 536705, 536910, 536933, 536961, 537021, 537108, 537439, 537597, 538212, 538260, 538308, 538395, 538458, 539040, 539066, 539137, 539154, 539174, 539612, 540082, 540346, 540719, 540811, 540822, 540839, 540993, 541174, 541248, 541363, 541378, 541524, 541620, 541933, 542148, 542245, 542287, 542325, 542352, 542922, 542964, 542988, 543064, 543207, 543239, 543295, 543389, 543603, 543649, 543701, 543766, 543895, 543988, 544014, 544038, 544117, 544149, 544228, 544262, 544410, 544420, 544874, 545244, 546005, 546158, 546321, 546511, 546519, 546937, 547091, 547120, 547145, 547285, 547387, 547414, 547546, 547564, 547611, 547999, 548099, 548142, 548149, 548176, 548200, 548354, 549181, 549224, 549285, 549354, 549549, 549945, 550099, 550374, 550379, 550382, 550409, 550432, 550446, 550469, 550588, 550601, 550615, 550843, 550925, 551430, 551459, 551509, 551811, 551973, 552007, 552012, 552041, 552096, 552149, 552296, 552408, 552507, 553212, 553497, 553525, 553540, 553584, 553600, 553633, 553654, 553778, 553836, 553973, 554092, 554101, 554130, 554148, 554242, 554243, 554261, 554309, 554315, 554356, 554385, 554492, 554603, 554630, 554634, 554677, 554705, 554892, 554897, 554978, 555046, 555181, 555256, 555353, 555528, 555555, 555687, 555705, 555717, 555744, 555772, 555838, 555925, 555938, 555954, 556067, 556090, 556105, 556181, 556211, 556229, 556239, 556519, 556670, 556819, 556832, 556886, 557000, 557010, 557141, 557154, 557566, 557578, 557778, 557829, 557973, 558380, 558424, 558436, 558558, 558564, 558773, 559294, 559356, 559568, 559840, 560090, 560187, 560191, 560396, 560837, 560860, 560999, 561027, 561812, 561891, 562124, 562165, 562352, 562436, 562574, 563187, 564341, 564808, 564860, 565075, 565104, 565337, 565768, 565832, 565988, 566034, 566104, 566476, 566508, 566581, 566645, 566727, 567023, 567060, 567314, 567535, 567647, 567799, 568011, 568168, 569287, 569328, 569517, 569552, 569853, 569923, 569997, 570252, 570266, 570341, 570363, 570756, 570990, 571002, 571369, 571466, 571489, 571508, 571548, 571857, 572081, 572314, 572410, 572946, 573137, 573430, 573462, 573473, 573752, 573805, 574174, 575520, 576774, 576803, 576994, 577052, 577316, 577324, 577710, 577863, 578126, 578192, 578398, 578469, 578863, 579137, 579187, 579555, 579803, 579881, 580088, 580352, 580376, 580654, 580850, 580882, 580991, 580999, 581067, 581134, 581313, 581450, 581829, 581966, 582023, 582055, 582096, 582174, 582231, 582925, 582937, 583368, 583883, 583946, 584476, 584859, 585050, 585091, 585153, 585195, 585212, 585402, 585412, 585587, 585619, 585929, 586051, 586074, 586482, 586490, 586563, 586649, 586680, 586728, 586861, 587174, 587209, 587230, 587534, 587555, 587743, 588006, 588591, 588915, 589008, 589924, 589944, 590102, 590313, 590509, 590526, 590539, 590590, 590692, 590810, 591209, 592406, 592502, 592535, 592539, 592543, 592551, 592587, 592604, 592636, 592736, 592771, 592813, 592823, 592833, 592846, 592866, 592871, 592882, 592910, 592928, 592932, 592977, 593007, 593021, 593033, 593085, 593575, 593695, 593935, 593995, 594004, 594105, 594283, 594295, 594310, 594339, 594391, 594429, 594635, 594759, 594772, 594849, 594906, 595073, 595231, 595415, 595652, 595830, 595836, 595881, 595923, 596006, 596014, 596021, 596071, 596090, 596093, 596101, 596105, 596115, 596132, 596141, 596148, 596151, 596176, 596199, 596421, 596497, 596545, 596555, 596604, 596663, 597149, 597212, 597663, 597808, 597830, 598140, 598143, 598162, 598362, 598517, 598548, 598554, 598871, 599041, 599608, 600124, 600353, 600358, 600665, 600685, 601059, 601062, 601065, 601579, 601713, 601920, 602183, 602376, 602543, 602574, 602652, 602698, 602703, 602706, 602709, 602712, 602922, 602950, 602975, 603007, 603569, 603695, 603738, 603742, 604017, 604219, 604504, 604525, 604580, 604584, 605307, 605628, 605656, 605667, 605684, 605711, 605874, 606421, 606540, 606873, 607119, 607280, 607298, 607313, 607499, 607511, 607802, 607832, 607978, 608768, 608774, 608820, 609007, 609225, 610380, 610384, 610391, 610469, 610524, 610663, 610687, 610907, 610916, 610969, 611225, 612041, 612311, 612348, 612769, 613162, 613181, 613554, 613649, 613658, 613837, 613849, 614139, 614231, 614271, 614324, 614682, 614884, 614996, 615108, 615220, 615352, 615449, 615454, 615921, 615941, 616180, 616526, 616765, 617373, 617391, 617434, 617525, 618311, 618319, 618410, 618619, 618644, 619048, 619231, 619815, 619980, 620135, 620269, 620283, 620478, 620483, 621288, 621690, 622707, 622716, 623090, 623513, 623524, 623578, 623585, 623607, 623622, 623625, 623695, 623705, 623753, 623771, 623793, 623799, 623815, 623863, 623874, 624060, 624113, 624154, 624218, 624275, 624282, 624396, 624465, 625149, 625154, 625544, 625674, 625927, 626014, 626181, 626401, 626715, 626733, 626742, 626844, 627524, 627690, 627877, 627943, 628628, 628895, 629131, 629238, 629290, 629791, 629906, 630231, 631677, 632266, 632679, 632684, 632697, 632786, 632980, 633203, 633363, 633383, 634086, 634330, 635012, 635745, 635760, 636254, 636473, 636791, 636975, 637007, 637080, 637244, 637393, 637762, 637853, 638977, 639614, 640227, 640661, 641120, 641238, 641248, 641268]
11,5,[7181, 18776, 18830, 18945, 20012]
12,10,[50, 1744, 5606, 15966, 18358, 18362, 18924, 18931, 19008, 19224]
13,9,[348, 362, 614, 1783, 2095, 2114, 2460, 2533, 2679]
14,17,[292, 1406, 89562, 96338, 96643, 111089, 111287, 111400, 122811, 122834, 122871, 122943, 124731, 124835, 179877, 185384, 187844]
15,529,[1401, 1737, 3753, 4558, 4578, 6324, 6640, 6812, 6996, 7472, 7521, 7586, 7660, 8490, 8724, 8965, 9490, 9525, 9565, 10498, 10565, 10611, 11489, 11567, 11959, 11987, 11999, 12111, 12302, 13880, 13977, 14005, 14260, 14303, 14494, 15352, 15480, 15611, 15676, 15712, 16176, 17631, 17903, 18130, 18209, 18733, 18738, 18745, 18831, 19176, 20956, 21112, 22288, 22500, 22510, 22618, 24033, 24207, 24339, 24392, 24415, 24482, 24551, 25007, 25078, 25146, 25336, 25461, 25688, 26145, 26278, 26371, 26452, 26481, 26678, 26959, 26968, 26987, 27167, 27171, 27177, 27262, 27304, 27924, 28098, 28745, 29156, 29390, 29454, 29541, 30967, 30999, 31017, 31933, 31950, 32790, 33190, 33769, 34238, 34781, 35734, 35747, 35795, 35968, 35976, 36071, 36162, 36242, 36394, 36429, 36446, 36465, 36620, 36708, 36764, 36817, 37065, 37253, 38087, 38114, 38676, 38798, 39009, 39534, 39624, 39703, 39848, 40035, 40182, 40237, 40270, 40448, 40747, 40762, 40861, 40976, 41033, 41166, 41204, 41269, 41290, 41338, 41938, 42816, 43220, 43264, 44231, 45627, 45696, 45852, 45955, 46591, 46602, 46711, 46973, 46988, 48659, 50497, 51118, 51231, 51306, 51338, 51405, 51434, 51526, 51814, 52277, 52707, 52804, 53702, 54089, 54449, 55510, 55780, 56737, 56989, 57252, 57355, 57384, 57452, 57616, 57793, 58694, 58967, 59220, 59242, 59311, 59353, 59551, 61741, 62092, 62442, 62649, 62726, 62984, 63504, 65458, 65741, 66846, 67073, 68189, 68323, 68481, 69443, 69463, 70005, 70215, 70326, 70395, 70883, 70923, 70993, 71026, 71410, 71615, 71967, 72079, 72716, 72800, 72930, 73373, 73408, 74345, 74393, 74549, 75864, 76263, 76615, 76820, 77103, 77748, 77931, 78159, 78871, 78918, 79087, 79389, 79727, 79745, 80025, 80126, 80251, 80432, 80796, 81557, 81609, 82221, 82496, 83975, 84154, 85134, 85183, 85307, 85496, 85718, 86123, 86922, 87227, 87229, 87918, 88677, 90794, 91951, 92024, 92389, 92406, 92971, 92989, 93383, 93627, 93774, 95083, 95110, 95189, 95230, 95475, 96306, 96323, 96340, 96719, 96737, 96805, 97017, 97103, 97243, 97532, 97703, 97750, 97877, 98013, 98068, 98814, 98941, 99381, 100136, 100372, 100389, 100624, 101352, 101583, 101677, 101772, 101847, 101972, 101999, 103906, 105224, 105462, 106268, 106534, 106708, 106841, 107204, 107358, 108475, 108661, 108994, 111354, 111520, 112052, 113112, 113654, 113980, 114967, 115020, 115353, 115498, 115564, 115600, 116305, 117046, 119400, 119598, 121080, 122126, 122442, 123052, 123825, 124049, 124140, 124181, 124227, 124510, 124547, 124599, 124646, 124676, 124723, 124770, 124864, 124950, 125009, 126926, 126931, 127384, 127394, 127840, 128324, 128327, 128366, 128998, 129966, 130085, 130095, 130111, 130183, 130204, 130684, 131259, 131909, 131969, 132011, 132399, 133324, 133355, 133411, 133637, 133650, 134224, 134659, 134708, 135084, 135322, 135355, 136405, 136731, 138760, 139672, 140007, 140141, 140557, 140688, 141019, 141766, 142127, 142577, 143295, 143410, 143520, 143670, 143690, 144375, 144502, 144622, 144635, 144773, 145412, 145501, 146404, 146502, 146537, 147101, 147251, 147302, 147414, 147664, 147752, 148253, 148357, 148616, 148651, 150947, 150966, 151034, 151096, 151135, 151608, 151638, 151711, 151854, 152293, 152302, 152307, 152413, 152421, 153004, 153707, 153776, 153792, 154256, 154385, 154415, 154449, 154509, 154693, 155040, 155091, 155282, 155356, 155412, 155569, 155635, 156003, 156180, 156316, 156422, 157088, 157105, 157113, 157115, 157116, 157120, 157124, 157385, 157508, 157561, 157571, 157573, 157990, 158023, 158131, 158151, 158832, 159136, 159204, 159590, 159721, 160314, 160620, 161069, 161187, 161550, 161709, 161762, 162025, 162111, 162144, 162316, 162619, 162816, 163184, 163458, 163617, 163958, 164000, 164129, 164267, 164619, 164662, 165278, 166141, 166414, 166764, 166822, 166823, 166867, 167075, 167785, 167844, 167847, 168243, 168764, 169159, 169243, 169273, 169454, 169505, 169563, 169598, 169903, 170005, 170216, 170381, 170681, 170932, 170951, 171356, 172430, 173016]
16,58,[638, 3379, 3801, 3839, 4470, 5612, 6118, 6126, 9762, 11246, 11306, 11343, 11469, 11593, 11826, 14526, 19371, 19750, 22232, 23359, 24774, 25602, 25676, 25771, 25977, 26061, 26446, 26787, 27104, 28579, 28623, 28677, 28843, 29154, 29326, 30062, 31298, 31613, 31784, 31785, 31902, 31957, 32026, 32286, 32388, 32645, 33574, 33679, 33749, 33760, 34074, 34169, 34176, 34718, 35571, 35586, 35624, 36534]
17,472,[322, 1832, 3016, 3229, 3307, 3395, 3786, 3853, 4063, 4106, 5636, 7336, 7573, 7680, 7688, 7701, 9368, 9394, 11426, 11790, 15212, 17628, 18957, 20708, 22135, 22598, 22650, 22657, 23026, 24591, 24727, 24997, 26782, 27339, 27346, 27851, 27893, 27905, 27939, 29087, 30535, 30879, 30886, 30926, 31054, 31118, 31176, 31217, 31220, 31239, 31294, 31694, 32173, 32180, 32638, 32788, 33284, 33405, 34271, 34299, 34601, 35712, 35819, 35826, 35864, 35870, 36444, 37117, 37815, 38096, 38604, 38612, 39560, 39575, 39751, 39897, 40090, 40129, 40547, 41555, 42032, 42104, 43356, 43583, 43876, 43889, 43970, 44121, 44457, 44753, 45881, 46981, 46989, 47010, 47037, 47451, 50914, 51165, 51653, 51874, 53414, 54243, 54402, 54405, 55095, 56090, 56138, 56180, 56388, 57403, 57439, 57502, 57825, 57903, 58239, 58266, 58426, 58849, 58909, 58946, 59139, 59255, 59291, 59463, 59518, 59644, 59685, 59817, 60265, 60289, 60750, 61646, 61690, 61697, 61706, 62348, 62379, 62416, 62452, 62461, 62464, 62533, 62738, 63663, 64785, 65477, 65597, 65612, 65649, 66600, 66700, 66956, 67027, 67110, 68796, 70480, 70490, 70896, 72546, 73864, 74035, 74049, 74066, 77273, 77410, 77413, 79496, 79501, 79512, 80152, 80246, 80349, 80361, 80430, 80831, 80836, 81008, 81035, 81048, 81107, 81194, 81196, 81366, 81480, 81698, 81709, 81964, 82020, 82027, 82030, 82040, 82132, 82164, 82925, 83837, 84032, 84707, 84751, 85586, 86183, 86484, 87333, 89154, 89164, 89181, 89213, 89221, 89470, 89578, 89657, 90833, 90978, 90981, 91044, 91061, 91078, 91082, 91639, 91780, 91885, 91914, 91940, 91948, 91963, 92284, 93646, 93802, 93978, 94137, 94145, 97227, 99046, 99773, 99983, 100013, 100054, 100224, 100325, 100553, 100897, 100899, 100973, 102179, 103196, 103950, 104878, 104893, 104911, 104942, 107367, 107400, 107781, 109159, 111294, 111424, 112064, 112097, 112128, 112199, 112202, 112271, 112373, 112384, 112392, 112399, 112435, 112445, 113947, 114656, 114685, 115625, 115777, 115831, 117584, 117606, 117621, 118747, 121384, 122017, 123099, 123776, 124306, 124331, 124381, 124441, 124462, 124470, 124508, 124621, 124783, 124816, 124822, 125366, 125725, 126400, 126491, 128632, 128916, 129104, 129119, 129123, 130066, 130490, 130568, 131961, 131963, 131967, 131973, 131993, 132013, 132028, 132231, 133707, 134542, 134624, 134800, 136229, 137979, 137993, 139184, 139707, 148764, 149320, 149415, 149494, 150162, 150188, 150352, 150373, 150393, 152504, 153724, 153726, 153765, 154061, 154899, 155024, 155064, 155080, 156576, 157944, 157962, 158056, 158134, 158138, 158265, 158313, 158368, 158948, 159410, 159485, 159496, 159590, 159679, 159732, 159967, 160984, 161340, 162457, 162511, 162541, 162552, 162564, 163392, 163779, 163819, 164325, 166918, 169079, 170842, 171758, 172542, 172812, 172851, 173001, 173205, 173753, 173772, 173796, 174112, 176156, 177953, 178505, 178943, 179193, 179241, 181057, 181276, 181840, 182050, 182363, 183281, 183326, 183814, 184553, 185016, 186578, 186802, 187483, 187545, 187614, 187859, 187863, 188604, 188651, 189444, 190301, 192841, 193183, 194596, 196745, 197259, 197451, 197520, 198647, 198652, 198669, 198674, 198874, 199941, 199943, 200477, 200952, 201638, 201747, 201837, 201980, 201987, 202022, 202065, 202098, 202121, 202227, 204093, 204392, 205596, 205608, 205880, 206504, 206525, 208740, 208788, 209635, 209868, 209877, 209884, 210134, 210226, 211021, 211204, 211236, 211257, 211463, 211470, 212833, 214130, 214161, 214189, 214209, 214239, 214372, 214445, 215044, 215086, 215114, 215213, 215262, 215893, 216798, 216804, 217472, 217736]
18,141,[7125, 7368, 11890, 12030, 12727, 14155, 14271, 14482, 19137, 19757, 23573, 25976, 26314, 26778, 32693, 37988, 38072, 38111, 38627, 41743, 41770, 42788, 43141, 45778, 46651, 46895, 51712, 52245, 54603, 54661, 54695, 54792, 55545, 57925, 58115, 58859, 58871, 60902, 60916, 65655, 65694, 66386, 67134, 67139, 67145, 73797, 73799, 83621, 83623, 85658, 88243, 88841, 89475, 90773, 95032, 95855, 98064, 100242, 103273, 105309, 105815, 107927, 108961, 111211, 112932, 112962, 112988, 113011, 113456, 114561, 115744, 115763, 116032, 116072, 116987, 117582, 117750, 117941, 118137, 118156, 118425, 118465, 119379, 119974, 120142, 120333, 120486, 120548, 121228, 121275, 121403, 122236, 122340, 122365, 122394, 122432, 122482, 122522, 122805, 123108, 123406, 123918, 124519, 124662, 125321, 125415, 125541, 126361, 126410, 126422, 127496, 127502, 127621, 127633, 127660, 127736, 127890, 128028, 128171, 128309, 128354, 128362, 128567, 128890, 129103, 129905, 132308, 132325, 132843, 133049, 133444, 133812, 134642, 136841, 139757, 144466, 147250, 147561, 147707, 148052, 148809]
19,54,[79, 6345, 7286, 7417, 7492, 7716, 7967, 8212, 8802, 8886, 11143, 11490, 11605, 12010, 12379, 12555, 12899, 14565, 14631, 14642, 15282, 15340, 16334, 17076, 17433, 17879, 18750, 18959, 19751, 19802, 21912, 21975, 22287, 22292, 22387, 22469, 22583, 22727, 22829, 24834, 24846, 24866, 24912, 24968, 25073, 25102, 25181, 25277, 25368, 25456, 25885, 27322, 27418, 27441]
20,156,[49, 1379, 2292, 2837, 3504, 8011, 8788, 11301, 12060, 12079, 12316, 12322, 12415, 12448, 12452, 12593, 12786, 12936, 12967, 13007, 13265, 13305, 13374, 13380, 13514, 13519, 14059, 14092, 15477, 15677, 15710, 15799, 16068, 16257, 16262, 16906, 17310, 18231, 19777, 20110, 20394, 20681, 20962, 23065, 23427, 25308, 25651, 30559, 34782, 35033, 36175, 36278, 37444, 37447, 37483, 38642, 38837, 39623, 39632, 39775, 40074, 40482, 40705, 40816, 40846, 40981, 41306, 41857, 42295, 42328, 42937, 43168, 43315, 44039, 44362, 45587, 45640, 46339, 46490, 46617, 46619, 46651, 46715, 46849, 47018, 48034, 49648, 49712, 49856, 49978, 49981, 50199, 50230, 50653, 50923, 51038, 52112, 52593, 52625, 52645, 52666, 53142, 53184, 53368, 53454, 54030, 54214, 54460, 54532, 54543, 54575, 54841, 56597, 56752, 56981, 57096, 57233, 57451, 57458, 57825, 57949, 57952, 59238, 59345, 59514, 59576, 59595, 60704, 60776, 61026, 61273, 61310, 61352, 61377, 61520, 61579, 61603, 61950, 61976, 62041, 62071, 62103, 62168, 62557, 62580, 62589, 62661, 62679, 62821, 63939, 63965, 64056, 64488, 64756, 64763, 65211]
21,139,[149, 318, 459, 494, 1012, 1017, 1175, 1288, 1474, 1477, 1534, 1540, 6731, 7313, 7317, 7349, 7387, 7625, 8282, 8853, 8892, 8922, 9829, 10685, 10692, 10720, 10748, 11419, 11841, 12765, 12973, 13030, 13034, 13086, 13197, 13565, 13568, 13612, 14218, 15589, 15763, 15863, 16589, 17471, 17593, 17724, 17743, 18104, 18165, 18174, 18255, 18288, 18361, 18578, 19129, 19240, 19416, 19577, 19793, 19925, 20599, 20627, 20952, 20965, 22137, 23006, 23071, 23133, 23142, 23169, 23187, 23348, 23352, 23455, 23475, 23556, 23578, 23605, 24110, 24405, 24649, 24715, 25014, 25458, 25834, 26433, 26438, 26443, 26628, 26782, 26799, 27223, 27619, 27738, 27853, 28296, 28355, 28391, 28444, 28448, 28469, 28512, 28568, 28647, 29000, 30229, 30354, 30406, 30415, 30569, 30906, 31697, 31698, 31740, 31760, 31765, 31806, 31967, 32383, 32442, 32635, 32907, 32917, 32953, 32992, 32997, 33474, 34572, 34625, 34951, 35371, 35377, 35382, 35387, 35392, 35396, 35524, 35635, 35705]
22,175,[1155, 3138, 3423, 10859, 13114, 14149, 14201, 15548, 16143, 16442, 17139, 17195, 17202, 21844, 23026, 31223, 36082, 36091, 36093, 36129, 36823, 42901, 45716, 47426, 47430, 48742, 48757, 48840, 48844, 48845, 48864, 48867, 49106, 54883, 56003, 58436, 66781, 66795, 67681, 67683, 67688, 67690, 67692, 67694, 67701, 69368, 69396, 69406, 72282, 75919, 78370, 79021, 83167, 85147, 85467, 85472, 86450, 86792, 88293, 89645, 90287, 94280, 94296, 95283, 99231, 99778, 101423, 102552, 102656, 103403, 103497, 103499, 103509, 104074, 104107, 104294, 105450, 105464, 105466, 105492, 105870, 106990, 108196, 108200, 111434, 111453, 111455, 111464, 111559, 111565, 111710, 111712, 111725, 113912, 116682, 116922, 117149, 117151, 117153, 118173, 118597, 118625, 121116, 123034, 123042, 123058, 124724, 124726, 124728, 124729, 124981, 125636, 127264, 131594, 132110, 133633, 135678, 136019, 136023, 136316, 136320, 136362, 137858, 137859, 138022, 138138, 138324, 138806, 140463, 140476, 141460, 141464, 141468, 141476, 141611, 141761, 141970, 142857, 143667, 144313, 144317, 144377, 145907, 146406, 146975, 147550, 147554, 147566, 147570, 147572, 147597, 147774, 148763, 148795, 148843, 152841, 153344, 153346, 153361, 153906, 154964, 154966, 154968, 155024, 155032, 155034, 155175, 155279, 155323, 155822, 156652, 156984, 158744, 161027, 161029]
23,100,[278, 587, 633, 1106, 1171, 1589, 1730, 1735, 1745, 1804, 2185, 2284, 2372, 2386, 2407, 2474, 2604, 2778, 2899, 3689, 4216, 4527, 4751, 4762, 4837, 5304, 5774, 5824, 5925, 6626, 7179, 7349, 7415, 7445, 7601, 7770, 7832, 7868, 7924, 7935, 8156, 8160, 8251, 8954, 8995, 10703, 10708, 13534, 14640, 14882, 15199, 15336, 15417, 15639, 15686, 15860, 15867, 15992, 16014, 16650, 16655, 16995, 17048, 17111, 17150, 17311, 17570, 17817, 17828, 18427, 18527, 18837, 19521, 19583, 20154, 20378, 20939, 20969, 21117, 21366, 22668, 24122, 24159, 24772, 24984, 25033, 25359, 27136, 27282, 27286, 27292, 27719, 28388, 28415, 28631, 28683, 29032, 29482, 29505, 30615]
24,110,[444, 690, 781, 919, 1100, 2949, 2952, 3508, 3544, 3606, 3687, 4159, 4177, 5648, 6142, 6355, 6376, 6800, 8615, 8623, 8908, 8980, 9002, 9101, 9131, 10060, 10171, 10669, 11463, 11713, 12036, 12118, 12143, 12965, 13563, 13789, 13864, 13968, 14030, 14479, 15575, 15635, 15826, 16172, 16362, 17190, 17237, 17924, 18139, 18451, 19943, 20643, 21007, 21065, 21468, 22051, 22132, 22589, 23106, 23152, 23755, 25226, 25687, 26901, 28640, 28701, 29041, 29110, 29497, 30163, 30171, 30285, 30836, 31143, 32043, 32681, 33272, 34371, 34392, 34499, 35133, 35397, 36212, 36219, 36775, 36791, 37279, 38053, 38375, 38461, 38839, 39218, 39275, 39652, 39699, 39773, 39804, 39888, 39999, 40475, 40619, 42167, 42302, 42329, 42427, 42869, 42918, 42946, 43039, 43719]
25,15,[501, 1623, 85849, 92552, 106757, 106861, 117645, 117692, 117818, 119498, 119613, 172468, 177800, 180110, 196694]
26,175,[381, 408, 1751, 2685, 3280, 3989, 7571, 8532, 9332, 11874, 12296, 12647, 12666, 12902, 12908, 13001, 13035, 13039, 13179, 13374, 13441, 13466, 13523, 13554, 13590, 13850, 13889, 13960, 13966, 14020, 14099, 14104, 14362, 14646, 14679, 14710, 16117, 16322, 16355, 16444, 16714, 16911, 17558, 17974, 18896, 18934, 20493, 20835, 21120, 21325, 21409, 21700, 23836, 24197, 26102, 26450, 26576, 31412, 35671, 35925, 37077, 37183, 38359, 38362, 38399, 39586, 39781, 40563, 40572, 40713, 41014, 41422, 41643, 41752, 41782, 41917, 42080, 42243, 42792, 43223, 43256, 43526, 43885, 44118, 44265, 45002, 45331, 46588, 46642, 47344, 47494, 47622, 47624, 47655, 47720, 47853, 48021, 49047, 49869, 50691, 50756, 50902, 51011, 51024, 51027, 51244, 51275, 51705, 51978, 52093, 53195, 53695, 53727, 53747, 53766, 54255, 54297, 54493, 54580, 54644, 55193, 55376, 55621, 55693, 55704, 55736, 55848, 56003, 57750, 57900, 58131, 58248, 58387, 58619, 58626, 59002, 59130, 59133, 60494, 60605, 60794, 60857, 60876, 61680, 61689, 62001, 62074, 62324, 62577, 62613, 62655, 62680, 62825, 62883, 62906, 63251, 63277, 63344, 63374, 63406, 63505, 63896, 63919, 63928, 64001, 64019, 64163, 65140, 65326, 65352, 65446, 65887, 66156, 66163, 66624]
27,419,[536, 549, 643, 651, 657, 762, 1135, 1860, 2023, 2916, 3297, 3627, 3679, 4039, 5300, 5564, 6405, 6742, 7698, 7775, 7988, 8094, 8112, 8509, 9086, 9167, 9498, 10210, 10425, 10650, 10867, 11238, 11280, 11696, 11808, 11973, 12003, 12050, 12562, 12584, 12631, 13095, 13162, 13509, 13523, 14030, 14559, 14753, 14832, 14873, 14913, 14977, 15232, 15266, 15278, 15360, 15405, 15458, 15555, 15576, 15669, 15679, 15739, 15789, 15794, 15871, 15893, 15979, 16000, 16022, 16061, 16138, 16161, 16163, 16194, 16196, 16223, 16280, 16411, 16479, 16572, 16604, 16619, 16624, 16673, 16733, 16832, 17087, 17097, 17101, 17130, 17134, 17175, 17354, 17507, 17556, 17575, 17655, 17657, 17660, 17681, 17716, 17779, 17861, 18346, 18368, 18411, 18412, 18462, 18481, 18519, 18535, 18547, 18596, 18616, 18716, 18747, 18806, 18878, 19092, 19398, 19482, 19522, 19567, 19589, 19737, 19776, 20694, 20777, 20788, 20953, 20967, 21078, 21627, 21737, 21751, 21923, 21926, 22035, 22086, 22638, 23475, 23481, 23577, 23584, 23752, 24494, 24637, 24823, 24879, 24922, 25013, 25118, 25149, 25238, 25287, 25328, 26168, 26237, 27451, 27563, 27578, 28033, 28115, 28145, 28165, 28671, 29045, 29161, 29256, 29291, 29413, 29441, 29797, 29821, 29921, 29975, 30461, 31115, 31598, 31858, 32279, 32477, 32555, 32793, 32944, 33307, 34646, 34678, 34756, 34896, 35024, 35980, 36357, 36363, 36405, 37083, 37108, 37116, 37125, 37165, 37656, 37728, 38223, 39015, 40559, 40630, 40814, 40818, 40829, 40880, 40903, 40928, 40970, 41793, 42577, 42818, 43166, 43664, 43679, 43711, 43779, 43890, 44329, 44528, 44653, 44757, 44807, 45286, 45531, 45909, 46017, 46645, 47293, 47309, 47506, 47519, 47570, 51114, 51448, 51520, 51625, 51632, 51650, 51684, 51875, 52080, 52171, 53164, 53519, 53529, 53656, 53815, 53971, 54393, 54433, 54825, 55034, 55115, 55399, 55431, 55567, 55588, 55695, 55934, 55942, 56459, 57466, 57608, 58998, 59423, 59535, 59584, 59684, 60138, 60170, 60321, 60357, 60377, 60524, 61117, 61756, 61763, 61971, 62366, 62792, 63081, 63381, 63401, 63663, 63680, 63856, 63940, 64222, 64264, 64296, 64590, 65046, 65444, 65672, 65708, 66231, 68961, 69229, 69317, 69599, 69622, 72006, 72479, 72514, 72549, 72557, 72703, 73836, 73950, 74014, 74192, 75309, 75342, 75348, 75356, 75377, 75829, 76767, 76770, 76801, 77007, 77190, 77269, 77289, 77420, 77494, 77715, 77768, 77777, 77787, 77818, 77868, 78069, 78920, 81293, 83109, 84017, 84041, 84197, 84993, 85728, 85860, 86044, 86065, 88393, 88508, 88785, 89765, 89802, 90022, 90067, 90241, 90244, 91642, 91670, 92073, 92551, 92713, 93462, 93706, 93849, 93894, 94052, 94219, 94527, 94666, 95389, 95563, 95725, 96135, 96173, 96330, 96711, 96866, 96961, 96974, 97101, 97207, 97226, 97353, 97692, 98016, 98294, 98572, 98591, 98977, 98995, 99459, 99523, 99689, 99871, 99988, 100341, 100388, 100423, 100676, 101112, 101342, 101690, 102591, 103165, 103369, 103707, 103918, 104770, 104811, 105179, 107923, 108274, 108325, 108650, 109019, 109501]
28,51,[56, 115, 157, 223, 240, 293, 325, 359, 1257, 2869, 3816, 4513, 4521, 4546, 4568, 5543, 5547, 5585, 6386, 6399, 6454, 6978, 7002, 7129, 7286, 7306, 7428, 7445, 7470, 7544, 8311, 8346, 8528, 8532, 8576, 8602, 8627, 8661, 9200, 9337, 9343, 9374, 9405, 9442, 9471, 9497, 9587, 10217, 10649, 11128, 11790]
30,2735,[741, 784, 1038, 1061, 1075, 1091, 1214, 1231, 1273, 1382, 1390, 1410, 1413, 1437, 1700, 1957, 2004, 2042, 2483, 2487, 2559, 3050, 3104, 3128, 3142, 3152, 3186, 3924, 3953, 4459, 4464, 4609, 4613, 4619, 4622, 4624, 4634, 6783, 7977, 7983, 7986, 8242, 8273, 8314, 8754, 9487, 9547, 10060, 10284, 10294, 10366, 12602, 12701, 12727, 12792, 12857, 12886, 12892, 12923, 13507, 13571, 13639, 13820, 14185, 14192, 14550, 14575, 15224, 15227, 16892, 18050, 19105, 19711, 20622, 20789, 22542, 22553, 22574, 23522, 23695, 24270, 24276, 24869, 24881, 24896, 25274, 25385, 25506, 25992, 26025, 26262, 26361, 26404, 26471, 26610, 26648, 26669, 26678, 26800, 26846, 26855, 26923, 26929, 27021, 27086, 27161, 27357, 27542, 27550, 27578, 27619, 27666, 27730, 27845, 28026, 28032, 28462, 29788, 30704, 31779, 32164, 32430, 32600, 32614, 33595, 35359, 36113, 36146, 36691, 36723, 36925, 37006, 37090, 37527, 38128, 38155, 38254, 38397, 38431, 38609, 38744, 39401, 39560, 39831, 39889, 40932, 41884, 41891, 41899, 41939, 41947, 41982, 42009, 42167, 42171, 43630, 44506, 44591, 44599, 44619, 44653, 44724, 44817, 44855, 44902, 44963, 44967, 45000, 45047, 45114, 45129, 45170, 45183, 45258, 45273, 45333, 45367, 45654, 46623, 46731, 51110, 51521, 52044, 52599, 52696, 52713, 52718, 52723, 52757, 52994, 53111, 53169, 53181, 53200, 53404, 53511, 53519, 54012, 54705, 54716, 54756, 54853, 55004, 55040, 55105, 55149, 55186, 56861, 58568, 60716, 60720, 60743, 61239, 62009, 62316, 65554, 65755, 65979, 66413, 66635, 66674, 66749, 67367, 68492, 68814, 68856, 68975, 69207, 69668, 69822, 70205, 70247, 70253, 70365, 70397, 70407, 70493, 70678, 71178, 71769, 71906, 71941, 71958, 72061, 72067, 72088, 72112, 72133, 72157, 72178, 72220, 72261, 72321, 72343, 72493, 72596, 72856, 72864, 72873, 72890, 73049, 73075, 73090, 73258, 74762, 74902, 74918, 74940, 74954, 75243, 75251, 75300, 75538, 75561, 75603, 75697, 77225, 77385, 77468, 77513, 77620, 77648, 77739, 77773, 77783, 77837, 77994, 78917, 78923, 78984, 79318, 79923, 82002, 82055, 82103, 82110, 82133, 82142, 82202, 82329, 82370, 82655, 82684, 82832, 83400, 85229, 85573, 85604, 85654, 85714, 85747, 86934, 87420, 87671, 87981, 88862, 90134, 90180, 90481, 90700, 90713, 90733, 90819, 91480, 91529, 91652, 92158, 92793, 92865, 92903, 92943, 92985, 93088, 94053, 95934, 95941, 96206, 96474, 96842, 96853, 98177, 98212, 98391, 98543, 98590, 100182, 100563, 100922, 100935, 101100, 101278, 101451, 101515, 101525, 101593, 102018, 102177, 102227, 103186, 104235, 104753, 105201, 105229, 105534, 105750, 106934, 107171, 108178, 109111, 110551, 110708, 110725, 110749, 112993, 113371, 115344, 115508, 116286, 116452, 116517, 116531, 116731, 116756, 117582, 117751, 117856, 117884, 118105, 118128, 118132, 118156, 118160, 118184, 118201, 118497, 118593, 118691, 118904, 118988, 119095, 119274, 119277, 119373, 119436, 119508, 119553, 119652, 119667, 119690, 119730, 119746, 119754, 119763, 119786, 119813, 119834, 119865, 120069, 120448, 120498, 120572, 120601, 120612, 120615, 120709, 120724, 120839, 121020, 121142, 121230, 122329, 123155, 123223, 123233, 123836, 124297, 124664, 124742, 126912, 126921, 127455, 128242, 128481, 129134, 129779, 130000, 130056, 130079, 130932, 131144, 131584, 131603, 131768, 132233, 132234, 132298, 132299, 132308, 132309, 133015, 133404, 134439, 134620, 135732, 137228, 137456, 138583, 141609, 142248, 142910, 142921, 143894, 144546, 144592, 144599, 144983, 145759, 145807, 146086, 146109, 146552, 146649, 146659, 146722, 147339, 147678, 147784, 148702, 148722, 148853, 148905, 148967, 149102, 149130, 149565, 149736, 149820, 149850, 150307, 150368, 151265, 151378, 151400, 151419, 151475, 151838, 151860, 152837, 153208, 153314, 153384, 153447, 153468, 153476, 155075, 155173, 155363, 155419, 155812, 155931, 155958, 155971, 155985, 156063, 156067, 156082, 156195, 156321, 156490, 156624, 156862, 157124, 157140, 157185, 157240, 157384, 157397, 157428, 157436, 157472, 157500, 157512, 157582, 157587, 157599, 157622, 157656, 157668, 157714, 157772, 157779, 157869, 158019, 158098, 159287, 159302, 159501, 159536, 159594, 159607, 159617, 159645, 159663, 160164, 160685, 160720, 160855, 160961, 161177, 161213, 161405, 161729, 161777, 161972, 162191, 162551, 162628, 162687, 162707, 162906, 162916, 162960, 163109, 163131, 163138, 163983, 164019, 164061, 164090, 164115, 164201, 166173, 166180, 166200, 166211, 166342, 166346, 166374, 166387, 166412, 166420, 166456, 166595, 166640, 167144, 167508, 167606, 167635, 167723, 167996, 168162, 168745, 169065, 169216, 169310, 169443, 169810, 169915, 169961, 170029, 170179, 170183, 170208, 170256, 170339, 170653, 170656, 170728, 171347, 171650, 171653, 171851, 171886, 171914, 171916, 172205, 172246, 172285, 172291, 172538, 172554, 172565, 172603, 172640, 172754, 172787, 173000, 173441, 173977, 175241, 175763, 175783, 175921, 176114, 176133, 177897, 178013, 178021, 178043, 178063, 178238, 178289, 178296, 178408, 178603, 178724, 179469, 179544, 179776, 179928, 180070, 180127, 180515, 181317, 181500, 181627, 181785, 182318, 182410, 182427, 182588, 182929, 184434, 184529, 186454, 188666, 188676, 188724, 188739, 188749, 188755, 188768, 188776, 188806, 189546, 189724, 190196, 190326, 190862, 191030, 191375, 191417, 191434, 191452, 192082, 192406, 192463, 192466, 192509, 192845, 192924, 193028, 193088, 193325, 193534, 193789, 193917, 193934, 193965, 194006, 194314, 194345, 194358, 194389, 194442, 194515, 194536, 194814, 194956, 195169, 195406, 195424, 195763, 195788, 195793, 196084, 196301, 196377, 196561, 196578, 197026, 197436, 197768, 197817, 197931, 198283, 198310, 198896, 199350, 200227, 200396, 200456, 200523, 200599, 200752, 202528, 202818, 202867, 202892, 204598, 206171, 206330, 206536, 206545, 206572, 206749, 207480, 208615, 209365, 209369, 209376, 210329, 210370, 210614, 210719, 210773, 210789, 210809, 210832, 210847, 210923, 210961, 210988, 211003, 211137, 211301, 211384, 211440, 211817, 214306, 214452, 215518, 216348, 216689, 216800, 216900, 217167, 217185, 217227, 217235, 217281, 217286, 217292, 217367, 218283, 218537, 218908, 218985, 218990, 219470, 219528, 219545, 219584, 219600, 219645, 219662, 219721, 221141, 221416, 221473, 221628, 221710, 221744, 221791, 221800, 221845, 221863, 221914, 222222, 222264, 222270, 222352, 222370, 222521, 222526, 222544, 222725, 222744, 222884, 223059, 223136, 223196, 223251, 223282, 223391, 223456, 223520, 223852, 223967, 224082, 224259, 224263, 224491, 224507, 224538, 224632, 224688, 224807, 224824, 224905, 225432, 225436, 225625, 225658, 226866, 227469, 227511, 227556, 227981, 227991, 228005, 228921, 228978, 228989, 228997, 229248, 229404, 230252, 232793, 233069, 235045, 235741, 236244, 236284, 236528, 236552, 236576, 237829, 245347, 245371, 245725, 246186, 247727, 247981, 248366, 248755, 250054, 250408, 251032, 251370, 251371, 251559, 254072, 254235, 254783, 254828, 256211, 256385, 256401, 257972, 258248, 258406, 258624, 258663, 258839, 259535, 260000, 260675, 261230, 261340, 261371, 262940, 263338, 264213, 264400, 264649, 265032, 265050, 265210, 266087, 267366, 267410, 267462, 268712, 268786, 268837, 268854, 269260, 270375, 272379, 272750, 272771, 273842, 275526, 277039, 277042, 278392, 278429, 281546, 283609, 283896, 283922, 285829, 286315, 286557, 287513, 288977, 290664, 290902, 292229, 292615, 294041, 294534, 294758, 294785, 294838, 294862, 294932, 295541, 295918, 295974, 296766, 296775, 296826, 296975, 297395, 297431, 297689, 297960, 298221, 298227, 298307, 298374, 298492, 298999, 299190, 299531, 299576, 299919, 300016, 300023, 300027, 300280, 300297, 300413, 300591, 300722, 300860, 300944, 301165, 301291, 301297, 301315, 301357, 301442, 301499, 301562, 301649, 301679, 301722, 301834, 302188, 302191, 302335, 303043, 303286, 303412, 303447, 303818, 303846, 303928, 303935, 304784, 304874, 304902, 304908, 305225, 305301, 305522, 305701, 307005, 307076, 307158, 307166, 307304, 307325, 307354, 307362, 307441, 307492, 307535, 307635, 307659, 307689, 307697, 307732, 307747, 307841, 307864, 307960, 308021, 308149, 308159, 308565, 308568, 308609, 308754, 308916, 309000, 309306, 309311, 309980, 310855, 310970, 311552, 312091, 312100, 312454, 312705, 312755, 312870, 314015, 314337, 314433, 314993, 315727, 316854, 316988, 317068, 317440, 317574, 317611, 317658, 318333, 318526, 318657, 318761, 318950, 318959, 319154, 319160, 319168, 319337, 319346, 319406, 319419, 319504, 320158, 321475, 321595, 322188, 322264, 322691, 322871, 322999, 323364, 323792, 323931, 324067, 324403, 326166, 327180, 327442, 327726, 328382, 328954, 329515, 329522, 330166, 330267, 330735, 330746, 330767, 330823, 331656, 331757, 332277, 332600, 332610, 332617, 334280, 334584, 334600, 334611, 334706, 335046, 335076, 336420, 336784, 336858, 337004, 337481, 337530, 338356, 338381, 338723, 340076, 341174, 341181, 341251, 341932, 342981, 342986, 343023, 343138, 343377, 343383, 343460, 343640, 343648, 343654, 344148, 344384, 344912, 344917, 344925, 345175, 345428, 345431, 345608, 345706, 345712, 345932, 346586, 346759, 346763, 346934, 346948, 347031, 347129, 347413, 347761, 347881, 347893, 347901, 347908, 348151, 348199, 348294, 348495, 348568, 348617, 348833, 348839, 348844, 348914, 348940, 348997, 349009, 349034, 349113, 349138, 349162, 349173, 349196, 349245, 349250, 349286, 349379, 349446, 349584, 349648, 349679, 349692, 349698, 349716, 350160, 350173, 350190, 350201, 350217, 350367, 350379, 350448, 350469, 350535, 350668, 350688, 350698, 350707, 350895, 350902, 350919, 350988, 351051, 351105, 351123, 351127, 351162, 351245, 351260, 351278, 351302, 351353, 351407, 351454, 351497, 351566, 351675, 351705, 351717, 351722, 351744, 351853, 351880, 351885, 351901, 351907, 352035, 352122, 352129, 352137, 352161, 352225, 352296, 352347, 352399, 352417, 352460, 352474, 352553, 352559, 352618, 352752, 352910, 352914, 352966, 352997, 353236, 353478, 353481, 353573, 353616, 353629, 353688, 353770, 353817, 353830, 353886, 354123, 354139, 354226, 354389, 354402, 354466, 354474, 354504, 354610, 354684, 354699, 354743, 354814, 354842, 354843, 354852, 354866, 354967, 354985, 354995, 355119, 355145, 355165, 355205, 355218, 355253, 355276, 355296, 355437, 355450, 355486, 355490, 355514, 355531, 355621, 355648, 355653, 355656, 355684, 355703, 355710, 355732, 355746, 355752, 356046, 356640, 356730, 356835, 357155, 357180, 357247, 357284, 357294, 357334, 357343, 357363, 357403, 357443, 357603, 357624, 357634, 357785, 357810, 357832, 357936, 358385, 358527, 358584, 358618, 358699, 358753, 358770, 358779, 358795, 358874, 358896, 359018, 359033, 359041, 359117, 359254, 359275, 359287, 359294, 359358, 359375, 359393, 359441, 359577, 359644, 359657, 359669, 359699, 359988, 360060, 360068, 360073, 360083, 360141, 360278, 360307, 360571, 360596, 360786, 360933, 361603, 362814, 363730, 363736, 363765, 363862, 363919, 363972, 364011, 364014, 364033, 364086, 364484, 364965, 364972, 365437, 365585, 366079, 366199, 367064, 367092, 367391, 368495, 368610, 368617, 368655, 368660, 369189, 370232, 370957, 372761, 374541, 374902, 374915, 375236, 376332, 376363, 376369, 376422, 376898, 376909, 377763, 378016, 379576, 380693, 381301, 381591, 381596, 382744, 382748, 382784, 383396, 383956, 384064, 385041, 385608, 386151, 386158, 386751, 386835, 387646, 387841, 387848, 388120, 388689, 389331, 389860, 390454, 391768, 391960, 391976, 392110, 393120, 393125, 393808, 393820, 394983, 395084, 395187, 396645, 396942, 397496, 398160, 398435, 398443, 398451, 398832, 399006, 399010, 399102, 399925, 400048, 400053, 400277, 400846, 400856, 400859, 401535, 401538, 402370, 402508, 402511, 402553, 402625, 403284, 404403, 404409, 404421, 404610, 405063, 405508, 405547, 405549, 405557, 405792, 405795, 406220, 406393, 406430, 407818, 408030, 408165, 408277, 408507, 410157, 410277, 410395, 410403, 410703, 411448, 411546, 411612, 411720, 411725, 413016, 413310, 413326, 413406, 413540, 413555, 413987, 413994, 414125, 414171, 414192, 414197, 414236, 414510, 414784, 414947, 415032, 415479, 415756, 416090, 416481, 416509, 417076, 418161, 418322, 419786, 419903, 420553, 420934, 421095, 422772, 423056, 423063, 423091, 423435, 423441, 423656, 423823, 424574, 424581, 424638, 424692, 424895, 425157, 425260, 425280, 425747, 425753, 425797, 426227, 428512, 428752, 428766, 428847, 428855, 428887, 428889, 429257, 430017, 430060, 430104, 430526, 430608, 430640, 430714, 430769, 430826, 430851, 430879, 430995, 431146, 431195, 431236, 431285, 431377, 431461, 431764, 431829, 431842, 431889, 432402, 432791, 433532, 433566, 433615, 433687, 433701, 433714, 433777, 433849, 433932, 433957, 433964, 434005, 434091, 434227, 434275, 434319, 434389, 434456, 434589, 434764, 434838, 434872, 435090, 435377, 435406, 435548, 435755, 435848, 435954, 436014, 436380, 436609, 436645, 436773, 436884, 436916, 436955, 437002, 437043, 437104, 437192, 437347, 438915, 439587, 439677, 439679, 440073, 440122, 440146, 440598, 440630, 440724, 440754, 440838, 440879, 441047, 441184, 441715, 441818, 441921, 441993, 442048, 442090, 442188, 442409, 442551, 442892, 443023, 443190, 443249, 444069, 444418, 444723, 444931, 445015, 445317, 445457, 446033, 446795, 446826, 446968, 447003, 447260, 447465, 447658, 447715, 447898, 448029, 448457, 448553, 448638, 449204, 449440, 449509, 449620, 450096, 450117, 450229, 450255, 450272, 450311, 450373, 450651, 450817, 450949, 451729, 452052, 452333, 452472, 453052, 453179, 453227, 453340, 453715, 454052, 454277, 454343, 454736, 454767, 455158, 455180, 455184, 455236, 456881, 457699, 457705, 457806, 458064, 458345, 458419, 460357, 460601, 460676, 461069, 462747, 463097, 463721, 464007, 464957, 465750, 465928, 466662, 466779, 466786, 467346, 467348, 467485, 467620, 468440, 468443, 468456, 468478, 469261, 469578, 469715, 469901, 469906, 471374, 471394, 472465, 472600, 473352, 474137, 474252, 474732, 474850, 477931, 478762, 479165, 479493, 481414, 481671, 482038, 482056, 482778, 482783, 482956, 483456, 483836, 483921, 484238, 484268, 484463, 484483, 484508, 484575, 485954, 486279, 486445, 487260, 487284, 487570, 488166, 488715, 489618, 489664, 489918, 489952, 490002, 490430, 490451, 491234, 491528, 491649, 491736, 491868, 492019, 492224, 492522, 492821, 493391, 493872, 493908, 495178, 495220, 495599, 495824, 496280, 497287, 498426, 498986, 499364, 499615, 499663, 499774, 499852, 499861, 500088, 500193, 500230, 500383, 500416, 500448, 500498, 500646, 500931, 500954, 501456, 501641, 501661, 501736, 501740, 501744, 501897, 502063, 502072, 502242, 502252, 502448, 502467, 502493, 502520, 502533, 502629, 502794, 502805, 502855, 502920, 502933, 503027, 503100, 503152, 503706, 503848, 503985, 504042, 504107, 504132, 504252, 504299, 504338, 505117, 505127, 505236, 505257, 505265, 505852, 505979, 506070, 506104, 506118, 506127, 506142, 506164, 506305, 506323, 506327, 506391, 506416, 506564, 506806, 506901, 506910, 507038, 507420, 507454, 507486, 507563, 507753, 507797, 507820, 507843, 507917, 507978, 508080, 508137, 508157, 508272, 508488, 508648, 509150, 509696, 509796, 509904, 510199, 510208, 510335, 510974, 511243, 511320, 511371, 511388, 511488, 511507, 511552, 511628, 511912, 511918, 511946, 512144, 512273, 512571, 512813, 512901, 512909, 512913, 512920, 513295, 513664, 513795, 513828, 514173, 514419, 514667, 514839, 515731, 516086, 516260, 516318, 516565, 516590, 516724, 516727, 516734, 516748, 516774, 516819, 517154, 517159, 517171, 517693, 517746, 518017, 518057, 518069, 518102, 518164, 518696, 518825, 518874, 519225, 520142, 520208, 520229, 520231, 520273, 520303, 520307, 520341, 520361, 520576, 520673, 520967, 520979, 521031, 521115, 521124, 521245, 521258, 521280, 521440, 521461, 521470, 521527, 521862, 521875, 521952, 522030, 522276, 522338, 522370, 522676, 522738, 522835, 523072, 523162, 523196, 523268, 523277, 523490, 523541, 523870, 524119, 524218, 524557, 524846, 525156, 525234, 525337, 525364, 525365, 525380, 525678, 525796, 525804, 525808, 525814, 526160, 526308, 526504, 526673, 527088, 527334, 527578, 527656, 528198, 528355, 528493, 529592, 529601, 530074, 530345, 530965, 531477, 531897, 531965, 532008, 532096, 532156, 532215, 532437, 532466, 532500, 532618, 532639, 532672, 532718, 532949, 533078, 533378, 533392, 533437, 533477, 533628, 533730, 533781, 533991, 534161, 534170, 534273, 534787, 534998, 535034, 535088, 535175, 535229, 535297, 535372, 535585, 535666, 536075, 536081, 536107, 536144, 536165, 536368, 536399, 536530, 536735, 536758, 536786, 536846, 536933, 537264, 537422, 538037, 538085, 538133, 538220, 538283, 538865, 538891, 538962, 538979, 538999, 539437, 539907, 540171, 540544, 540636, 540647, 540664, 540818, 540999, 541073, 541188, 541203, 541349, 541445, 541758, 541973, 542070, 542112, 542150, 542177, 542747, 542789, 542813, 542889, 543032, 543064, 543120, 543214, 543428, 543474, 543526, 543591, 543720, 543813, 543839, 543863, 543942, 543974, 544053, 544087, 544235, 544245, 544699, 545069, 545830, 545983, 546146, 546336, 546344, 546762, 546916, 546945, 546970, 547110, 547212, 547239, 547371, 547389, 547436, 547824, 547924, 547967, 547974, 548001, 548025, 548179, 549003, 549046, 549107, 549176, 549371, 549767, 549921, 550196, 550201, 550204, 550231, 550254, 550268, 550291, 550410, 550423, 550437, 550665, 550747, 551252, 551281, 551331, 551633, 551795, 551829, 551834, 551863, 551918, 551971, 552118, 552230, 552329, 553034, 553319, 553347, 553362, 553406, 553422, 553455, 553476, 553600, 553658, 553795, 553914, 553923, 553952, 553970, 554064, 554065, 554083, 554131, 554137, 554178, 554207, 554314, 554425, 554452, 554456, 554499, 554527, 554714, 554719, 554800, 554868, 555003, 555078, 555175, 555350, 555377, 555509, 555527, 555539, 555566, 555594, 555660, 555747, 555760, 555776, 555889, 555912, 555927, 556003, 556033, 556051, 556061, 556341, 556492, 556641, 556654, 556708, 556822, 556832, 556963, 556976, 557388, 557400, 557600, 557651, 557795, 558202, 558246, 558258, 558380, 558386, 558595, 559116, 559178, 559390, 559662, 559912, 560009, 560013, 560218, 560659, 560682, 560821, 560849, 561634, 561713, 561946, 561987, 562174, 562258, 562396, 563009, 564163, 564628, 564680, 564895, 564924, 565157, 565588, 565652, 565808, 565854, 565924, 566296, 566328, 566401, 566465, 566547, 566843, 566880, 567134, 567355, 567467, 567619, 567831, 567988, 569107, 569148, 569337, 569372, 569673, 569743, 569817, 570072, 570086, 570161, 570183, 570576, 570810, 570822, 571189, 571286, 571309, 571328, 571368, 571677, 571901, 572134, 572230, 572766, 572957, 573250, 573282, 573293, 573572, 573625, 573994, 575340, 576594, 576623, 576814, 576872, 577136, 577144, 577530, 577683, 577946, 578012, 578218, 578289, 578683, 578957, 579007, 579375, 579623, 579701, 579908, 580172, 580196, 580474, 580670, 580702, 580811, 580819, 580887, 580954, 581133, 581270, 581649, 581786, 581843, 581875, 581916, 581994, 582051, 582745, 582757, 583188, 583703, 583766, 584296, 584674, 584865, 584906, 584968, 585010, 585027, 585217, 585227, 585402, 585434, 585744, 585866, 585889, 586297, 586305, 586378, 586464, 586495, 586543, 586676, 586989, 587024, 587045, 587349, 587370, 587558, 587821, 588406, 588730, 588823, 589739, 589759, 589917, 590128, 590324, 590341, 590354, 590405, 590507, 590625, 591024, 592215, 592311, 592344, 592348, 592352, 592360, 592396, 592413, 592445, 592545, 592580, 592622, 592632, 592642, 592655, 592675, 592680, 592691, 592719, 592737, 592741, 592786, 592816, 592830, 592842, 592894, 593384, 593504, 593744, 593804, 593813, 593914, 594092, 594104, 594119, 594148, 594200, 594238, 594444, 594568, 594581, 594658, 594715, 594882, 595040, 595224, 595461, 595639, 595645, 595690, 595732, 595815, 595823, 595830, 595880, 595899, 595902, 595910, 595914, 595924, 595941, 595950, 595957, 595960, 595985, 596008, 596230, 596306, 596354, 596364, 596413, 596472, 596958, 597021, 597472, 597617, 597639, 597949, 597952, 597971, 598171, 598326, 598357, 598363, 598680, 598850, 599411, 599927, 600156, 600161, 600468, 600488, 600862, 600865, 600868, 601382, 601516, 601723, 601986, 602179, 602346, 602377, 602455, 602501, 602506, 602509, 602512, 602515, 602725, 602753, 602778, 602810, 603367, 603493, 603536, 603540, 603815, 604017, 604302, 604323, 604378, 604382, 605105, 605426, 605454, 605465, 605482, 605509, 605672, 606214, 606333, 606666, 606912, 607073, 607091, 607106, 607292, 607304, 607595, 607625, 607771, 608556, 608562, 608608, 608795, 609013, 610163, 610167, 610174, 610252, 610307, 610446, 610470, 610690, 610699, 610752, 611008, 611818, 612088, 612125, 612546, 612933, 612952, 613325, 613420, 613429, 613603, 613615, 613905, 613997, 614037, 614090, 614448, 614650, 614762, 614874, 614986, 615118, 615215, 615220, 615682, 615702, 615941, 616287, 616526, 617130, 617148, 617191, 617282, 618059, 618067, 618158, 618367, 618392, 618796, 618979, 619563, 619728, 619883, 620017, 620031, 620226, 620231, 621036, 621438, 622455, 622464, 622838, 623259, 623270, 623324, 623331, 623353, 623368, 623371, 623441, 623451, 623499, 623517, 623539, 623545, 623561, 623609, 623620, 623806, 623859, 623900, 623964, 624021, 624028, 624142, 624211, 624895, 624900, 625287, 625417, 625670, 625757, 625924, 626144, 626458, 626476, 626485, 626587, 627264, 627430, 627617, 627683, 628365, 628632, 628868, 628975, 629027, 629528, 629643, 629968, 631402, 631991, 632404, 632409, 632422, 632511, 632705, 632928, 633088, 633108, 633811, 634055, 634737, 635470, 635485, 635979, 636198, 636516, 636700, 636732, 636805, 636969, 637118, 637487, 637578, 638702, 639339, 639952, 640386, 640845, 640963, 640973, 640993]
