8,2,[211, 448]
9,1,[2375]
10,2093,[2160, 2264, 3097, 3172, 3759, 4200, 4312, 4355, 5313, 5575, 5647, 6074, 6227, 6340, 6412, 6911, 6927, 6997, 7036, 7169, 7444, 7497, 7632, 7736, 9405, 9539, 9602, 9620, 9645, 9851, 10086, 10213, 10366, 10603, 11152, 11373, 11583, 11829, 11930, 12656, 12665, 12710, 12812, 12956, 12983, 13018, 13213, 13294, 13471, 13677, 13962, 14226, 14243, 14308, 14553, 15055, 15063, 15124, 15435, 15606, 15684, 15710, 15818, 16613, 16777, 16787, 16858, 17037, 17067, 17556, 17706, 17803, 18037, 18045, 18098, 18316, 18596, 19417, 19588, 19980, 20033, 20087, 20103, 20110, 20334, 20343, 20493, 20742, 20862, 20887, 20922, 21166, 21230, 21373, 21395, 21454, 21532, 21867, 21898, 21929, 22084, 22106, 22263, 22632, 22699, 22797, 22854, 23089, 23221, 23456, 23568, 23662, 23675, 23700, 23704, 23714, 23736, 23844, 23913, 23986, 24003, 24048, 24083, 24093, 24122, 24141, 24145, 24160, 24281, 24391, 24689, 24756, 24774, 24793, 24843, 24884, 24997, 25030, 25086, 25105, 25169, 25254, 25730, 25870, 25958, 25964, 25992, 26436, 26556, 26674, 27075, 27093, 27102, 27105, 27209, 27223, 27684, 27779, 27901, 27904, 28184, 28625, 28710, 28822, 28864, 29148, 29154, 29188, 29209, 29368, 29712, 29791, 30172, 30278, 30314, 31493, 31873, 31881, 31904, 32226, 32341, 32489, 32622, 32637, 32655, 32737, 32760, 32817, 33983, 34444, 34546, 34604, 35178, 35952, 36392, 37482, 39147, 39425, 39439, 39618, 39672, 39698, 39807, 39967, 40032, 40637, 40661, 40751, 40888, 41430, 41544, 41577, 41830, 41894, 41900, 42092, 42114, 42212, 42385, 42394, 42602, 42656, 42873, 42933, 43059, 43074, 43441, 43560, 43776, 43880, 44514, 45460, 46452, 52586, 52589, 52730, 52872, 53171, 53193, 53225, 54227, 54231, 54244, 54313, 54356, 54359, 54742, 54781, 55202, 58242, 58509, 63656, 64130, 64155, 64173, 81965, 83391, 85692, 86364, 86553, 86813, 87334, 87441, 87463, 87818, 87823, 87843, 88339, 88362, 88425, 88465, 89575, 91012, 91112, 91201, 91367, 91402, 91705, 92761, 93274, 93517, 93740, 93778, 93902, 93942, 94084, 94153, 94413, 94867, 94905, 95030, 95119, 95619, 95639, 96001, 96296, 96893, 97157, 98332, 100971, 101594, 101772, 101946, 102063, 102753, 104635, 105015, 105395, 105443, 105496, 105656, 105917, 106257, 106310, 106457, 106672, 106813, 107757, 108621, 109158, 109177, 111433, 111535, 111639, 112119, 112626, 112745, 119575, 120065, 124551, 124563, 124746, 126354, 126853, 127375, 127579, 127594, 128045, 128500, 128983, 129001, 129056, 129066, 129153, 129205, 129528, 129568, 129618, 129633, 129941, 130003, 130024, 130084, 130378, 130495, 130546, 130604, 130666, 130770, 130788, 130796, 130812, 130839, 130904, 131028, 131140, 131313, 131366, 131424, 131476, 131509, 131543, 131665, 132968, 133038, 133321, 133672, 133952, 134026, 134059, 134328, 134558, 134599, 134823, 134922, 134964, 135022, 135219, 135488, 135601, 135645, 136012, 137315, 138017, 138020, 138591, 138788, 139027, 139446, 139483, 139492, 139632, 139851, 139985, 140103, 140184, 140316, 140441, 140902, 140980, 141753, 142044, 142184, 142797, 143426, 143562, 144011, 144148, 144420, 144424, 144780, 144968, 145046, 145427, 145754, 145970, 146044, 146070, 146140, 146351, 146821, 146841, 147145, 147243, 147316, 147560, 147571, 147602, 147611, 147648, 147744, 148102, 148391, 148428, 148855, 148988, 149144, 149448, 149702, 150117, 150770, 150784, 151172, 151453, 151567, 152042, 152251, 152303, 152316, 152376, 152390, 152648, 152772, 152781, 152804, 152925, 153421, 153429, 153526, 153565, 153579, 153781, 153935, 154039, 154055, 154129, 154173, 154251, 154258, 154271, 154362, 154429, 154478, 154636, 154824, 154837, 154900, 154965, 154974, 155092, 155110, 155416, 155512, 155688, 155897, 156111, 156287, 156388, 156437, 156552, 156598, 156646, 156935, 157068, 157184, 157364, 157508, 157702, 157814, 157953, 158055, 158423, 158501, 158549, 158751, 158763, 158994, 159141, 159152, 159174, 159211, 159244, 159261, 159323, 159331, 159454, 159743, 159799, 160179, 160182, 160265, 160320, 160347, 160398, 160422, 161059, 161070, 161238, 161274, 161355, 162118, 162268, 162284, 162757, 162795, 162806, 162910, 163082, 163404, 163585, 163830, 163970, 164148, 164165, 164185, 164214, 164243, 164296, 164374, 164714, 164719, 165172, 165420, 165446, 165714, 165744, 165850, 165907, 166617, 166690, 166709, 167002, 167340, 167347, 167360, 167368, 167428, 167455, 167775, 167853, 167878, 167908, 167965, 167995, 168015, 168058, 168077, 168494, 168957, 169032, 169058, 169071, 169264, 169374, 169420, 169884, 169927, 170061, 170830, 170883, 170919, 171008, 171056, 171074, 171523, 171572, 171691, 171733, 171919, 172090, 172121, 172573, 172618, 172629, 172928, 173115, 173303, 173310, 173576, 173689, 173692, 173705, 173787, 173797, 173874, 173915, 173976, 174250, 174682, 174772, 174811, 174852, 175463, 175670, 175756, 175864, 175989, 176396, 176572, 177003, 177014, 177302, 177455, 177516, 177561, 177605, 177674, 177949, 178325, 178397, 178597, 178609, 179054, 179089, 179118, 179288, 179346, 179369, 179438, 179685, 180217, 180296, 180396, 180490, 180840, 181305, 181362, 181518, 181592, 181829, 181869, 181943, 181994, 182278, 182283, 182290, 182387, 182420, 182442, 182451, 182469, 183002, 183075, 183524, 183538, 183542, 183699, 183764, 183859, 184185, 184255, 184301, 184314, 184325, 184345, 184586, 184777, 184791, 184818, 184833, 184864, 185063, 185117, 185411, 185425, 185465, 185509, 185717, 185942, 186066, 186167, 186223, 186232, 186853, 186957, 187565, 187614, 187771, 187944, 187976, 188002, 188080, 188120, 188185, 188439, 188475, 188616, 188639, 188776, 188851, 189224, 189320, 189329, 189614, 190173, 190196, 190337, 190346, 190471, 190496, 190508, 191382, 191443, 191455, 191474, 191511, 191585, 191608, 191621, 191755, 191892, 192247, 192265, 192383, 192389, 192532, 192536, 192551, 192556, 192710, 192793, 192808, 192815, 193456, 193495, 193532, 193540, 193640, 193691, 193899, 194467, 194617, 194782, 194937, 195107, 195111, 195132, 195337, 195365, 195369, 195518, 195776, 195951, 196243, 196292, 197096, 197359, 198246, 198786, 198794, 198800, 198832, 198924, 198953, 199136, 199868, 200012, 200106, 200293, 200358, 200468, 200626, 200836, 200866, 200966, 201332, 201391, 201673, 202241, 202267, 202302, 203003, 203143, 203329, 203600, 203873, 204758, 205777, 205956, 205962, 207500, 207763, 207818, 208080, 208169, 208200, 208208, 208337, 208424, 208482, 208531, 208712, 208845, 208954, 209200, 209264, 209276, 209533, 209916, 209953, 210195, 210386, 210467, 210755, 210852, 211045, 211056, 211107, 211256, 211267, 211282, 211346, 211418, 211540, 211563, 211747, 211813, 212129, 212134, 212328, 212339, 212932, 213131, 213262, 213397, 213500, 213672, 213970, 214109, 214185, 214205, 214233, 214411, 214549, 214606, 214616, 214941, 215027, 215218, 215262, 215305, 215338, 215434, 215447, 215644, 215681, 215780, 215799, 215875, 215919, 215932, 216076, 216407, 216611, 216644, 216814, 216871, 216989, 217040, 217144, 217203, 217251, 217536, 217539, 217612, 217659, 217859, 217915, 217952, 217977, 218211, 218241, 218287, 218297, 218597, 218752, 218997, 219025, 219619, 219681, 219767, 219830, 219857, 219889, 220026, 220087, 220145, 220155, 220259, 220314, 220445, 220527, 220639, 220674, 220786, 221049, 221060, 221151, 221164, 221252, 221532, 221562, 221661, 221938, 221946, 221993, 222006, 222280, 222337, 222358, 222413, 222648, 222729, 222830, 222880, 222901, 223155, 223317, 223529, 223625, 223678, 223794, 223801, 223939, 224010, 224057, 224306, 224335, 224387, 224400, 224650, 224654, 224799, 224853, 224942, 225004, 225135, 225154, 225593, 225750, 225764, 225916, 225966, 225978, 226003, 226063, 226398, 226630, 226635, 226659, 226687, 226777, 226906, 227011, 227019, 227023, 227133, 227677, 227781, 227888, 227996, 228308, 228946, 229123, 229337, 229573, 230215, 230245, 230367, 230604, 230930, 230959, 231106, 231409, 231459, 232111, 232419, 232598, 232619, 232830, 232838, 232860, 233365, 233398, 233524, 234218, 234249, 234296, 234344, 234405, 234421, 234684, 234702, 235246, 235535, 235688, 235749, 236407, 236705, 236741, 237193, 237283, 237341, 237415, 237490, 237502, 237738, 237759, 237778, 237950, 238351, 238411, 238427, 238464, 238473, 238675, 239891, 239933, 240920, 241043, 243138, 243154, 244854, 244859, 244866, 245072, 245800, 246055, 246108, 246157, 246241, 246267, 246529, 246810, 247043, 247081, 247707, 247795, 247803, 248529, 248568, 248577, 248861, 249143, 249223, 249488, 249534, 249689, 249705, 249724, 249888, 249939, 250025, 250054, 250142, 250346, 250468, 250759, 251149, 252237, 252432, 252713, 253202, 253218, 253603, 256081, 257712, 257882, 257886, 257956, 259206, 259257, 259521, 259815, 260265, 260399, 260599, 260783, 261004, 261038, 261266, 261493, 261656, 261713, 261870, 261893, 261904, 261929, 261950, 261953, 262016, 262065, 262130, 262668, 263019, 263035, 263170, 263206, 263296, 263647, 263752, 263801, 264884, 264959, 265126, 265164, 265537, 265557, 265563, 265619, 265766, 265856, 266137, 266167, 266268, 266739, 266867, 266919, 267000, 267172, 267402, 267694, 267959, 268048, 268232, 268266, 268441, 268473, 268507, 268595, 268605, 268610, 268640, 268813, 268941, 269144, 269217, 269365, 270597, 270711, 270920, 271451, 271526, 272423, 272784, 272791, 272840, 273022, 273110, 273499, 274058, 274184, 275260, 275547, 276587, 276669, 276905, 277720, 277732, 278459, 279011, 279283, 279673, 279740, 280023, 280849, 280879, 282045, 282195, 282831, 283456, 283472, 283528, 283772, 284011, 284059, 285099, 285247, 285355, 285364, 285451, 285479, 286133, 286200, 286421, 286572, 286624, 286674, 286809, 286842, 286853, 287654, 291451, 291550, 291563, 291864, 291941, 292183, 292627, 292980, 293159, 293208, 293554, 293974, 294001, 294026, 294166, 294375, 294520, 294635, 294903, 295097, 295171, 295190, 295481, 295976, 296611, 297073, 297081, 297251, 297299, 297332, 297374, 297396, 297447, 297487, 297495, 297726, 297975, 298166, 298338, 299046, 305114, 306020, 306345, 306500, 306508, 309498, 310966, 313904, 313949, 316167, 328501, 328620, 331150, 335260, 335304, 335390, 335427, 347370, 358593, 358601, 358622, 360203, 361867, 365800, 368436, 371389, 375556, 378053, 378064, 378102, 378568, 378601, 378726, 379410, 379484, 379532, 379597, 380039, 380057, 380934, 384624, 384649, 385768, 392269, 392755, 392769, 392805, 392928, 392960, 393157, 394201, 396726, 397230, 397401, 397917, 399234, 400299, 400333, 400386, 400867, 400901, 401983, 402910, 403222, 403279, 403861, 404106, 404213, 404628, 404646, 406812, 407002, 407936, 408080, 408159, 408589, 409203, 409508, 410388, 410470, 412101, 412239, 412269, 412645, 412745, 412991, 413246, 413738, 413817, 413911, 414126, 414252, 414596, 414826, 414832, 414858, 415119, 415133, 415350, 415380, 415549, 415569, 415726, 415840, 416113, 416151, 416266, 417316, 417378, 417415, 417438, 417714, 417815, 418088, 418243, 418273, 418372, 418398, 418478, 418492, 418544, 418560, 418763, 418955, 419107, 419117, 419526, 419716, 419730, 419735, 419897, 420541, 420996, 421670, 423614, 426500, 426521, 426540, 426741, 427240, 427596, 430064, 430110, 430140, 430172, 431277, 431301, 431312, 431984, 432568, 432955, 433577, 434113, 434304, 434552, 435219, 435256, 435543, 435710, 435922, 436014, 436121, 436180, 436761, 436775, 437050, 437358, 437513, 438046, 439081, 439115, 439309, 439692, 440734, 440752, 440760, 441881, 441984, 442159, 442351, 442715, 443058, 443189, 443414, 443751, 444315, 444348, 444584, 444889, 444989, 445180, 445608, 445623, 446196, 446960, 447169, 447426, 447631, 448045, 448064, 448194, 448605, 448623, 448786, 448804, 449352, 449370, 449770, 449786, 450262, 450754, 450776, 450795, 450801, 450817, 451115, 451895, 452638, 453313, 453326, 453379, 453503, 453881, 455431, 457766, 457803, 457828, 460277, 460721, 462210, 462734, 463370, 464154, 464601, 464632, 464874, 464904, 465047, 465533, 465918, 466023, 466072, 466932, 467188, 467338, 467481, 467630, 467705, 467792, 467798, 467857, 467963, 468008, 468021, 468222, 468277, 468317, 468341, 468435, 468448, 468590, 468631, 468637, 468912, 469474, 469707, 469963, 470064, 471736, 472378, 475855, 479497, 479823, 481030, 481050, 481492, 481616, 482027, 482081, 482163, 482443, 482516, 482557, 482799, 482820, 487008, 487250, 487385, 488711, 488757, 488854, 489038, 489073, 489165, 489269, 489392, 489402, 489503, 489604, 489758, 490607, 490757, 491097, 491167, 491329, 491506, 491518, 491576, 491669, 491761, 491827, 492043, 492223, 492884, 494599, 496433, 496608, 496770, 497058, 497091, 497110, 497438, 497605, 497627, 497890, 499798, 499847, 499865, 499903, 499970, 500226, 500323, 500516, 500542, 500685, 500697, 500765, 500878, 500922, 500974, 501060, 501801, 501942, 502220, 502233, 503246, 503287, 503470, 503548, 503888, 503918, 504130, 504435, 504703, 504764, 505070, 505088, 505139, 505298, 505451, 505480, 505507, 505577, 505594, 505788, 505799, 506005, 506455, 506480, 506582, 506663, 506768, 506863, 507266, 507463, 507546, 507559, 507578, 507843, 508295, 508312, 508478, 508658, 509016, 509108, 509214, 509324, 509344, 509394, 509859, 510057, 511066, 511111, 511709, 512031, 512048, 512187, 512247, 512303, 512545, 512584, 512715, 512802, 512961, 513416, 513486, 513522, 513542, 513745, 513752, 513909, 513968, 514584, 514919, 515006, 515093, 515187, 515212, 515337, 515373, 515412, 515480, 515669, 515675, 515704, 515754, 515958, 516040, 516174, 516189, 516309, 516580, 516654, 516795, 517071, 517150, 517265, 517391, 517514, 517527, 518202, 518699, 518796, 518828, 519014, 519441, 519504, 519587, 519673, 519680, 519715, 520039, 520115, 520126, 520551, 520660, 520834, 520952, 520960, 521592, 521622, 521729, 521865, 521932, 521966, 522079, 522441, 522669, 523245, 523260, 523350, 523403, 523635, 523644, 524565, 524864, 525644, 525897, 526161, 527550, 527583, 527702, 528181, 528445, 528469, 528547, 528780, 528991, 529023, 529030, 529111, 529342, 529477, 529570, 529607, 529813, 530129, 530222, 530293, 530302, 530379, 530483, 530654, 530680, 531333, 531624, 531708, 531830, 531872, 531905, 532049, 532133, 532214, 532231, 532537, 532690, 532799, 532924, 532997, 533028, 533729, 533872, 533895, 533941, 533976, 534323, 534580, 534660, 535028, 535078, 535112, 535129, 535399, 535524, 535546, 535607, 535674, 535755, 535818, 536063, 536190, 536375, 536463, 536501, 536516, 536554, 536820, 536925, 537624, 537645, 537658, 537755, 537797, 537854, 538104, 538276, 538314, 538416, 540090, 540574, 540695, 541072, 541626, 541674, 541780, 541830, 542330, 542336, 542739, 542792, 543013, 543216, 543756, 543942, 543969, 544121, 544154, 544189, 544209, 544373, 544745, 544766, 545223, 546184, 546275, 546791, 547249, 548105, 548219, 548264, 548302, 548483, 548646, 548763, 549082, 549191, 549245, 549351, 549696, 550392, 550594, 550753, 550785, 550812, 551419, 551478, 551727, 553104, 553143, 553385, 553460, 553482, 553595, 553713, 554608, 554666, 554721, 554730, 554963, 555398, 555402, 555794, 556503, 556749, 556908, 557250, 557274, 557433, 557526, 557706, 557736, 557991, 558139, 558336, 558342, 558458, 558467, 558501, 558783, 560953, 560957, 561218, 562280, 562418, 563002, 563022, 563046, 563124, 563133, 563139, 563275, 563290, 563350, 563550, 563594, 563688, 563744, 564022, 564996, 565067, 565732, 566346, 566400, 567157, 567194, 567260, 567276, 567364, 567472, 567502, 567562, 568150, 568271, 568443, 568647, 568792, 569106, 569487, 570019, 570117, 570162, 570532, 570737, 570744, 570827, 570976, 571210, 571512, 571826, 571966, 572268, 572288, 572347, 572373, 572400, 572554, 572638, 572709, 572734, 572894, 573270, 573287, 573622, 573860, 574022, 574038, 574391, 574425, 574510, 574587, 574718, 575182, 575370, 575509, 575559, 575669, 575735, 575942, 576117, 576166, 576428, 576876, 576905, 577218, 577321, 577419, 577433, 577529, 577763, 578275, 578341, 578361, 578502, 578508, 578528, 578579, 578955, 578966, 579092, 579114, 579151, 579640, 579681, 579729, 579965, 580081, 580101, 580180, 580382, 580765, 581079, 581181, 581354, 581538, 581666, 581738, 581866, 582000, 583032, 583076, 583799, 583857, 583961, 583997, 584048, 584059, 584087, 584107, 584130, 584247, 584278, 584456, 586707, 586719, 587364, 588350, 592359, 592361, 597796, 597803, 598141, 598144, 599212, 599486, 599542, 599691, 602552, 603873, 603973, 604128, 604735, 606560, 611520, 612067, 612098, 613967, 616425, 618819, 622017, 627448, 627466, 627518, 630030, 630627, 633463, 634442, 634457, 634578, 634617, 634934, 637407, 637456, 637469, 637543, 637702, 638150, 638206, 638265, 639432, 640097, 640464]
11,40,[803, 948, 1005, 2074, 2081, 2106, 4929, 5497, 5539, 5634, 5811, 6038, 6156, 6207, 7050, 7154, 8408, 8480, 8826, 9223, 10403, 11447, 12364, 12597, 12641, 12653, 12667, 12715, 12780, 13280, 13486, 15293, 15457, 17071, 17238, 17318, 17824, 18401, 20175, 20565]
12,49,[942, 957, 1121, 2432, 2706, 2714, 3184, 3365, 5166, 5421, 5558, 5573, 5972, 6602, 6789, 6804, 6850, 7088, 7161, 7209, 7245, 7424, 8309, 8554, 9734, 10597, 11024, 12129, 14086, 14433, 14512, 14595, 14738, 15383, 15700, 16020, 16432, 16643, 16772, 16990, 18033, 18193, 18910, 19718, 20743, 20792, 20824, 21632, 22707]
13,8,[273, 796, 907, 958, 2835, 3479, 4063, 4112]
14,4,[33684, 95920, 134387, 161820]
15,130,[1076, 1690, 2363, 4728, 5366, 5518, 5655, 7910, 8046, 8795, 9660, 10434, 11351, 11864, 12725, 12981, 13015, 16991, 17170, 17269, 17297, 20750, 21108, 22176, 22347, 22684, 22790, 24705, 29361, 30071, 31818, 32225, 32755, 32812, 33815, 33903, 37075, 38554, 38983, 39365, 39463, 39667, 39939, 40598, 48003, 49952, 50272, 51188, 56364, 56749, 57479, 62072, 62731, 63862, 67784, 69749, 70028, 70068, 70139, 70161, 71506, 71626, 73110, 75074, 75343, 81565, 87643, 87725, 88046, 90088, 91053, 91089, 91119, 93430, 95986, 96377, 97125, 98766, 99521, 99768, 105194, 105234, 105836, 109519, 110006, 118728, 119133, 120046, 121804, 122218, 126520, 126570, 126679, 127737, 129873, 131764, 134107, 134399, 134794, 134887, 135951, 138550, 140032, 141870, 144206, 147331, 147391, 147573, 147610, 147976, 149538, 149886, 151139, 151228, 152015, 153382, 153604, 153752, 155629, 156899, 157840, 159650, 162198, 162753, 164760, 166288, 168581, 168902, 168949, 171600]
16,76,[232, 486, 497, 640, 2084, 2864, 2871, 2937, 3250, 3370, 3422, 3783, 5050, 6393, 6910, 7044, 8249, 8736, 9330, 9918, 10358, 12399, 12694, 12744, 12747, 13001, 13159, 13268, 13577, 13639, 14002, 15075, 16043, 16539, 16746, 16794, 17844, 18105, 18139, 18485, 18607, 19492, 19990, 20037, 21194, 22224, 23846, 25964, 26161, 26320, 28799, 28856, 28918, 29522, 30012, 30026, 30031, 30545, 31019, 31207, 31680, 31762, 32007, 33224, 33657, 34866, 35085, 35330, 35530, 36106, 36320, 36330, 36354, 36409, 37150, 37650]
17,1644,[264, 331, 878, 903, 921, 942, 949, 977, 1040, 1081, 1094, 1111, 1162, 1389, 1513, 1563, 1583, 1600, 1645, 1689, 1708, 1729, 1934, 1980, 2054, 2084, 2216, 2230, 2337, 2380, 2416, 2442, 2483, 2715, 2734, 2770, 2809, 2840, 2863, 2884, 2926, 2936, 3032, 3098, 3170, 3222, 3243, 3286, 3362, 3704, 3742, 3760, 3812, 3897, 3969, 3985, 4011, 4262, 4389, 4548, 4783, 4829, 4858, 4872, 4898, 4928, 4972, 5242, 5258, 5295, 5328, 5356, 5405, 5437, 5465, 5490, 5539, 5562, 5632, 5643, 5648, 5658, 5697, 5711, 5724, 5823, 5854, 5886, 5899, 5930, 5970, 6019, 6035, 6068, 6077, 6243, 6267, 6293, 6374, 6712, 6964, 7184, 7393, 7594, 7640, 7706, 7728, 7761, 7770, 7839, 7974, 8126, 8143, 8245, 8384, 8442, 8481, 8508, 8536, 8616, 8663, 8832, 8857, 9047, 9108, 9134, 9178, 9233, 9330, 9348, 9388, 9413, 9436, 9510, 9607, 10183, 10418, 10444, 10466, 10881, 11013, 11040, 11110, 11143, 11208, 11239, 11288, 11413, 11736, 11757, 11844, 11870, 12335, 12391, 12412, 12710, 12917, 12943, 13025, 13041, 13083, 13136, 13161, 13208, 13246, 13263, 13291, 13355, 13425, 13461, 13486, 13533, 13563, 13588, 13624, 13649, 13656, 13679, 13701, 13731, 13810, 13831, 13847, 13875, 13892, 13929, 13944, 14144, 14157, 14206, 14388, 14418, 14431, 14450, 14461, 14476, 14529, 14544, 14695, 14776, 14891, 14997, 15168, 15234, 15828, 15851, 15907, 15991, 16050, 16092, 16193, 16292, 16328, 16335, 16347, 16431, 16578, 16620, 16707, 16755, 16987, 17003, 17029, 17045, 17079, 17108, 17120, 17184, 18048, 18058, 18316, 19517, 19534, 20780, 24265, 24335, 24418, 24445, 24453, 24695, 25050, 25156, 25181, 25384, 25523, 25537, 25808, 25828, 25862, 26286, 26779, 27833, 27900, 27937, 32845, 35484, 36971, 36996, 42440, 43147, 43263, 44176, 44476, 44838, 44903, 45383, 46491, 46668, 47011, 47254, 47466, 47505, 47518, 47542, 47688, 47818, 47853, 47881, 47899, 47915, 48043, 48089, 48164, 48230, 48293, 48380, 48441, 48463, 48515, 48532, 48559, 48702, 48821, 48852, 48865, 48923, 49217, 49279, 49376, 49502, 50042, 50130, 50280, 50904, 50913, 50924, 51070, 51073, 51311, 51391, 51404, 51413, 51424, 51448, 51553, 51592, 51627, 51655, 51729, 51865, 51968, 51980, 52046, 52085, 52161, 52386, 52505, 52640, 53005, 53009, 53160, 53251, 53281, 53367, 53430, 53502, 53603, 53668, 53787, 53843, 53897, 53906, 54013, 54025, 54052, 54070, 54132, 54230, 54428, 54811, 54928, 54936, 54992, 55013, 55073, 55200, 55548, 55795, 55918, 55963, 56123, 56128, 56245, 58545, 58659, 58672, 59826, 60426, 60455, 60572, 60657, 60713, 60734, 60796, 60866, 60923, 61075, 61227, 61258, 61893, 61968, 62003, 62030, 62318, 62854, 63008, 63084, 63136, 63155, 63177, 63326, 63405, 63495, 63558, 63562, 63613, 63668, 63686, 64036, 64060, 64104, 64336, 64470, 64517, 64566, 64598, 64625, 64671, 64698, 64780, 64992, 65138, 65148, 65450, 65663, 65695, 65764, 66300, 66717, 68052, 68290, 68754, 68890, 69113, 69287, 69381, 69445, 69457, 69503, 69665, 69787, 69879, 69895, 70245, 70284, 70322, 70379, 70421, 70509, 70659, 70676, 70728, 70760, 70898, 70919, 71018, 71097, 71133, 71189, 71294, 71369, 71398, 71483, 71508, 71525, 71570, 71967, 72001, 72017, 72077, 72096, 72206, 72268, 72343, 72503, 72702, 72725, 73078, 73203, 73251, 73305, 73500, 73552, 73647, 73673, 73791, 74091, 74138, 74154, 74243, 74265, 74294, 74380, 74471, 74553, 74691, 74916, 74995, 75064, 75071, 75150, 75194, 75209, 75244, 75444, 75522, 75573, 75766, 75854, 75933, 76012, 76140, 76187, 76323, 76362, 76402, 76545, 76560, 76962, 76990, 77054, 77166, 77213, 77467, 77748, 77973, 78254, 78474, 78691, 78757, 79182, 79189, 80316, 80370, 80495, 80519, 80556, 80615, 80634, 80756, 80817, 80948, 80997, 81130, 81246, 81397, 81954, 82003, 82151, 82205, 82212, 82254, 82389, 82420, 82425, 82539, 82588, 82703, 82806, 82850, 82899, 82920, 83066, 83172, 83207, 83522, 83563, 83847, 83874, 83890, 84065, 84207, 84256, 84501, 84663, 84908, 87096, 87134, 87159, 87276, 88541, 88603, 88671, 88676, 88717, 88761, 88954, 88983, 89112, 89209, 89236, 89375, 89389, 89504, 89557, 90634, 90691, 90711, 90807, 91026, 91320, 91353, 91623, 91760, 91813, 93762, 93789, 95230, 95615, 95713, 95817, 95864, 95995, 96173, 96203, 96299, 96331, 96347, 96366, 96402, 96412, 96427, 96544, 96639, 96732, 96797, 96824, 96860, 96872, 96936, 96952, 97101, 97164, 97312, 97378, 97488, 97528, 97617, 97656, 97751, 97815, 97851, 98397, 98703, 98766, 98829, 98857, 99243, 99287, 99502, 99545, 99764, 99917, 100213, 100353, 100463, 100481, 101121, 101181, 101235, 101282, 101584, 101611, 101810, 101953, 102170, 102190, 102230, 102351, 102371, 102522, 102592, 102661, 102695, 102731, 102887, 102949, 103536, 103791, 103795, 104035, 104076, 104108, 104124, 104251, 104285, 104454, 104545, 104851, 104999, 105120, 105206, 105225, 105514, 105549, 105767, 105787, 105816, 105913, 106038, 106231, 106571, 106620, 106673, 106828, 106844, 107335, 107495, 107507, 107694, 107723, 107740, 107918, 108111, 108300, 108323, 108450, 108821, 109346, 109846, 109880, 110152, 110215, 110262, 110276, 110284, 110323, 110429, 110469, 110499, 110506, 110589, 110645, 110697, 110885, 111893, 111944, 112037, 112054, 112063, 112496, 112507, 112546, 112913, 113410, 113805, 113881, 113923, 114004, 114632, 115135, 115243, 115277, 115359, 115384, 117293, 118527, 118544, 118566, 118573, 118667, 118705, 118713, 118766, 118807, 118908, 119335, 119366, 119565, 121091, 121953, 125221, 125303, 125344, 125349, 125355, 125695, 125783, 125930, 125996, 126045, 126052, 126181, 126352, 126357, 126378, 126420, 126548, 126610, 126892, 126942, 127111, 127438, 127447, 127693, 127785, 127813, 127858, 127963, 128031, 128063, 128100, 128149, 128164, 128491, 128614, 128687, 128782, 128801, 128869, 129169, 129192, 129364, 129507, 129519, 129806, 129855, 129994, 130017, 130036, 130096, 130132, 130220, 130389, 130425, 130444, 130590, 130651, 130669, 130710, 130726, 130740, 130753, 130801, 130858, 130862, 130886, 130923, 130970, 131002, 131029, 131060, 131089, 131117, 131173, 131226, 131240, 131270, 131305, 131323, 131419, 131488, 131624, 131799, 131816, 132511, 132799, 132961, 133076, 133219, 133426, 133446, 133467, 133527, 133635, 133813, 133867, 134061, 134386, 134410, 134532, 134644, 134650, 134745, 134788, 134903, 134965, 135071, 135217, 135300, 135314, 135321, 135556, 135612, 135660, 135718, 135729, 135765, 135807, 135936, 135984, 136004, 136025, 136050, 136148, 136167, 136186, 136251, 136269, 136305, 136349, 136448, 136532, 136562, 136667, 136987, 137040, 137058, 137115, 137197, 137254, 137327, 137367, 137474, 137484, 137595, 137655, 137717, 137800, 137819, 137912, 138017, 138173, 138217, 138266, 138471, 138569, 138774, 138820, 138842, 139309, 139569, 139686, 139715, 139921, 139949, 140298, 140323, 140354, 140389, 140511, 140575, 141080, 141190, 141329, 141466, 141478, 141508, 141530, 141541, 141550, 141655, 141755, 141764, 141775, 141966, 142065, 142088, 142132, 142141, 142179, 142319, 142442, 142505, 142559, 142670, 142706, 142849, 142899, 143061, 143092, 143235, 143314, 143363, 143384, 143399, 143489, 143537, 143641, 143660, 143730, 143753, 143879, 143984, 144025, 144162, 144201, 144246, 144284, 144343, 144357, 144460, 144510, 144526, 144565, 144692, 144951, 145017, 145053, 145085, 145167, 145201, 145328, 145348, 146761, 147417, 147485, 147539, 147577, 147620, 147795, 147856, 147869, 147901, 147930, 147983, 148001, 148074, 148083, 148103, 148148, 148189, 148213, 148323, 148343, 148407, 148460, 148484, 148521, 148555, 148675, 148744, 148797, 148806, 148952, 149101, 149259, 149286, 149345, 149364, 149408, 149526, 149545, 149562, 149587, 149712, 149744, 149895, 150006, 150025, 150076, 150287, 150337, 150452, 150494, 150507, 150575, 150594, 150912, 150932, 151034, 151075, 151122, 151238, 151274, 151417, 151562, 151631, 151678, 151781, 151883, 151921, 152150, 152223, 152251, 152284, 152342, 152404, 152578, 152737, 152783, 152806, 152834, 152881, 152912, 153102, 153136, 153364, 153429, 153490, 153753, 153832, 153920, 154241, 154344, 154371, 154399, 154482, 154496, 154551, 154647, 154732, 154745, 154749, 154753, 154777, 154853, 154869, 154888, 154915, 154968, 155020, 155096, 155156, 155185, 155295, 155299, 155340, 155350, 155384, 155451, 155467, 155594, 155655, 155715, 155753, 155974, 155998, 156178, 156269, 156521, 156687, 156820, 156857, 156966, 156988, 157209, 157286, 157337, 157372, 157402, 157902, 158107, 158203, 158289, 158908, 158996, 159004, 159064, 159190, 159229, 159274, 159326, 159371, 159423, 159436, 159512, 159976, 160125, 160154, 160177, 160208, 160217, 160456, 160569, 160646, 160675, 160724, 160786, 160934, 161013, 161030, 161255, 161294, 161414, 161513, 161553, 161717, 161753, 161783, 161845, 161933, 161999, 162741, 162772, 162782, 162794, 162824, 162844, 164106, 164246, 165925, 166142, 166373, 166807, 166822, 166936, 167021, 167087, 167121, 167140, 167174, 167191, 167287, 167293, 167325, 167458, 167475, 167523, 167535, 167589, 167656, 167693, 167760, 167819, 167927, 168038, 168225, 168262, 168382, 168408, 168468, 168597, 169022, 169266, 169449, 169707, 169928, 170004, 170083, 170125, 170274, 170328, 170362, 170376, 170414, 170549, 170608, 170615, 170886, 171099, 171739, 171781, 171966, 172021, 172520, 172557, 172583, 172611, 173038, 173191, 173300, 173421, 173520, 173738, 173789, 173864, 174179, 174247, 174338, 174489, 175052, 175248, 175313, 175317, 175462, 175487, 175826, 175917, 175981, 175995, 176063, 176110, 176141, 176166, 176209, 176280, 176317, 176373, 176484, 177066, 178536, 178774, 179207, 179256, 179277, 179323, 179540, 180567, 180668, 180790, 180888, 180932, 180958, 181094, 181119, 181228, 181301, 181476, 181510, 181741, 181960, 182225, 182297, 182307, 182348, 182462, 182529, 182603, 182685, 182698, 182714, 182754, 182780, 182793, 182803, 182834, 182872, 183003, 183014, 183052, 183228, 183257, 183328, 183337, 183391, 183438, 183582, 186104, 186143, 186275, 186288, 186303, 186334, 186358, 186984, 187380, 187429, 187502, 187549, 187621, 187649, 187675, 187708, 188005, 188549, 188610, 188942, 189051, 189243, 190209, 190266, 190340, 190524, 190538, 190633, 190658, 190732, 190862, 190934, 190980, 191112, 191320, 191420, 191442, 191509, 191594, 191671, 191732, 191759, 191802, 191835, 191958, 192089, 192129, 192189, 192204, 192222, 192246, 192467, 192507, 192543, 192570, 192610, 192633, 192673, 192685, 192776, 192794, 192820, 192889, 193001, 193055, 193080, 193209, 193223, 193240, 193264, 193280, 193341, 193355, 193372, 193527, 193562, 193629, 193671, 193732, 193754, 193873, 193997, 194026, 194276, 194302, 194442, 194456, 194484, 194550, 194567, 194659, 194718, 194834, 194872, 194932, 194986, 195062, 195091, 195095, 195136, 195177, 195220, 195883, 195930, 195945, 196005, 196097, 196136, 196140, 196156, 196185, 196348, 196970, 198644, 198653, 198666, 198676, 199882, 199969, 200033, 200062, 200123, 200144, 200304, 200422, 200436, 200455, 200480, 200503, 200795, 200817, 200848, 200857, 201006, 201127, 201234, 201425, 201698, 202179, 202408, 203307, 203328, 203383, 203421, 203451, 203487, 203522, 203581, 203642, 203755, 203819, 203845, 203944, 203978, 204045, 204062, 204097, 204111, 204146, 204156, 204197, 204234, 204244, 204300, 204345, 204374, 204399, 204475, 204501, 204528, 204550, 204603, 204626, 204794, 204828, 204843, 204912, 204965, 204992, 204999, 205058, 205094, 205105, 205140, 205208, 205337, 205366, 205396, 205450, 205564, 205964, 206028, 206036, 206050, 206081, 206102, 206171, 206222, 206237, 206244, 206357, 206404, 206645, 206675, 206686, 206699, 206727, 206790, 206811, 206877, 206892, 206923, 206939, 206961, 206984, 207023, 207070, 207126, 207155, 207228, 207272, 207399, 207450, 207563, 207630, 207680, 207760, 207804, 207817, 208091, 208109, 208193, 208291, 208321, 208388, 208517, 208540, 208560, 208617, 208624, 208656, 208682, 208697, 208716, 208767, 208781, 208796, 208819, 208834, 208905, 208922, 208948, 209047, 209395, 210008, 210028, 210684, 210690, 210802, 210836, 210855, 210930, 210965, 211046, 211083, 211096, 211107, 211112, 211315, 211342, 211372, 211385, 211425, 211438, 211476, 211484, 211495, 211528, 211544, 211561, 211569, 211646, 211700, 211868, 211903, 212017, 212021, 212029, 212042, 212046, 212058, 212117, 212209, 212236, 212269, 212326, 212329, 212341, 212366, 212386, 212425, 212457, 212482, 212561, 212624, 212673, 212697, 212721, 212794, 212806, 212821, 212826, 212855, 212878, 212913, 212930, 212954, 212972, 213032, 213056, 213075, 213102, 213733, 214679, 215599, 215618]
18,4,[27294, 35305, 37595, 113251]
19,76,[1215, 1220, 1225, 1230, 1235, 1240, 1245, 1663, 1777, 2606, 3509, 4309, 4329, 4358, 4472, 4865, 6394, 6558, 6568, 6846, 6853, 6858, 7016, 7516, 8381, 9151, 10068, 10108, 10289, 10918, 12056, 12109, 14640, 15191, 16587, 16649, 18385, 18479, 18837, 18970, 19194, 19993, 20069, 20385, 20411, 20586, 21055, 21341, 21349, 21786, 21895, 22012, 22580, 22587, 22629, 22650, 23247, 23283, 23411, 23497, 23519, 24127, 24326, 25263, 25413, 25468, 25657, 25665, 25701, 25705, 25727, 25734, 26300, 26312, 26600, 26643]
20,53,[2208, 2368, 2590, 2698, 2742, 2801, 2984, 3175, 4649, 8033, 8039, 9080, 14456, 14481, 14780, 15969, 16213, 16251, 17248, 19174, 19710, 19766, 19978, 22051, 24473, 25092, 25131, 27437, 28841, 29048, 29952, 31700, 32466, 33173, 35323, 37160, 37862, 39954, 40062, 41232, 43452, 47537, 50191, 50277, 51522, 51652, 51776, 56571, 59132, 59138, 60066, 60948, 61040]
21,60,[4940, 5449, 7462, 7576, 7595, 7801, 8338, 8461, 9073, 9474, 10169, 10335, 10665, 10760, 10797, 11520, 11777, 12354, 12982, 14056, 14689, 15154, 16666, 16698, 17052, 17229, 17496, 18123, 18637, 18711, 18919, 19496, 19628, 20600, 20821, 21035, 21509, 21755, 22630, 23011, 23636, 23734, 24667, 24794, 24874, 25255, 25383, 26170, 26932, 26996, 27038, 29121, 29201, 30087, 31329, 31891, 32159, 32808, 33121, 33284]
22,4,[18742, 68970, 72482, 87315]
23,45,[474, 4991, 6228, 6229, 6551, 6691, 8982, 8997, 11459, 12563, 13312, 13602, 14475, 14676, 14750, 14887, 15450, 16394, 16948, 17886, 17988, 18046, 18921, 19089, 19151, 19273, 21256, 21507, 21539, 21608, 22742, 22950, 23291, 23584, 23834, 24014, 24590, 24600, 26062, 27650, 28169, 28724, 29030, 29064, 29832]
24,93,[1200, 1614, 1668, 1986, 2845, 3078, 3830, 3952, 4978, 5153, 5692, 6091, 6130, 6169, 6719, 6785, 7171, 7253, 7490, 7584, 8063, 8082, 8393, 9342, 9431, 9640, 10740, 12152, 14498, 15310, 15781, 15879, 16242, 16317, 16979, 17116, 17910, 18621, 18896, 18947, 19168, 19210, 19949, 20016, 20491, 20585, 21163, 21269, 21360, 21957, 21997, 22735, 24474, 25665, 25734, 25788, 25912, 26689, 27294, 27975, 28547, 28856, 29717, 30105, 30300, 30678, 31261, 31327, 32740, 32887, 33765, 33958, 34300, 35612, 36388, 37757, 37834, 39084, 39196, 40597, 40821, 41691, 41834, 42498, 42983, 43313, 43329, 43629, 43827, 44519, 44562, 44673, 44871]
25,6,[4698, 91862, 128636, 153183, 155093, 192902]
26,54,[2600, 2761, 3012, 3127, 3177, 3243, 3449, 3659, 5167, 8555, 8561, 9634, 9898, 15056, 15084, 15394, 16615, 16860, 16900, 17906, 19881, 20422, 20481, 20699, 22806, 25250, 25878, 25917, 28262, 29674, 29887, 30800, 32572, 33340, 34051, 36218, 38076, 38779, 40892, 41001, 42170, 44405, 48542, 51236, 51325, 52591, 52731, 52856, 57724, 60387, 60393, 61356, 62246, 62337]
27,171,[2732, 3007, 4549, 4861, 4894, 5618, 5817, 6288, 6320, 6916, 6929, 7435, 7667, 7792, 10162, 10240, 11970, 12299, 12563, 13256, 18712, 18920, 19089, 19229, 20338, 20853, 22538, 23702, 26339, 29303, 30049, 30622, 30933, 31591, 32611, 33918, 34225, 35405, 35725, 36562, 37571, 38230, 39363, 39890, 41409, 42188, 43335, 43589, 45712, 47575, 48660, 49155, 52457, 52675, 54079, 54093, 54370, 55105, 55624, 56023, 56171, 56577, 56960, 57306, 57580, 58501, 58664, 58880, 59664, 60522, 60710, 61022, 61195, 61518, 62124, 63654, 64502, 65283, 66591, 66626, 66730, 67298, 67376, 67432, 67522, 67537, 68699, 68808, 68839, 68848, 69335, 70527, 71213, 71357, 72063, 72492, 73753, 74045, 74746, 74995, 75328, 75781, 76070, 76336, 78070, 78787, 79009, 79160, 79616, 80123, 80723, 80772, 80812, 81342, 81692, 81767, 82091, 82237, 82329, 82528, 82702, 83442, 83680, 83862, 84227, 84280, 84684, 86417, 87401, 88171, 88496, 88958, 91463, 92633, 93085, 93654, 95479, 96616, 96841, 97419, 98045, 99121, 99695, 100027, 100740, 100957, 101377, 102360, 102857, 103370, 103646, 104132, 104158, 104608, 105030, 105296, 105953, 105968, 106103, 106215, 106237, 106299, 106414, 106860, 106931, 107976, 108254, 108286, 108897, 109006, 109382]
28,64,[2007, 2621, 3207, 3410, 3440, 3468, 3500, 3526, 3977, 4050, 4145, 4191, 4232, 4430, 4531, 4555, 4836, 5051, 5076, 5179, 5212, 5334, 5501, 5548, 5928, 5962, 5994, 6028, 6163, 6319, 6335, 6551, 6774, 6928, 6951, 7184, 7214, 7341, 7634, 7665, 7782, 7887, 7902, 8009, 8136, 8265, 8341, 8392, 8440, 8546, 9110, 9149, 9267, 9289, 9314, 9542, 10623, 10766, 10783, 10786, 10802, 10915, 10926, 10985]
30,2093,[2067, 2171, 3003, 3078, 3665, 4106, 4218, 4261, 5219, 5481, 5553, 5980, 6133, 6246, 6318, 6817, 6833, 6903, 6942, 7075, 7350, 7403, 7538, 7642, 9311, 9445, 9508, 9526, 9551, 9757, 9992, 10119, 10272, 10509, 11058, 11279, 11489, 11735, 11836, 12562, 12571, 12616, 12718, 12862, 12889, 12924, 13119, 13200, 13377, 13583, 13868, 14132, 14149, 14214, 14459, 14961, 14969, 15030, 15341, 15512, 15590, 15616, 15724, 16519, 16683, 16693, 16764, 16943, 16973, 17462, 17612, 17709, 17943, 17951, 18004, 18222, 18502, 19323, 19494, 19886, 19939, 19993, 20009, 20016, 20240, 20249, 20399, 20648, 20768, 20793, 20828, 21072, 21136, 21279, 21301, 21360, 21438, 21773, 21804, 21835, 21990, 22012, 22169, 22538, 22605, 22703, 22760, 22995, 23127, 23362, 23474, 23568, 23581, 23606, 23610, 23620, 23642, 23750, 23819, 23892, 23909, 23954, 23989, 23999, 24028, 24047, 24051, 24066, 24187, 24297, 24595, 24662, 24680, 24699, 24749, 24790, 24903, 24936, 24992, 25011, 25075, 25160, 25636, 25776, 25864, 25870, 25898, 26342, 26462, 26580, 26981, 26999, 27008, 27011, 27115, 27129, 27590, 27685, 27807, 27810, 28090, 28531, 28616, 28728, 28770, 29054, 29060, 29094, 29115, 29274, 29618, 29697, 30078, 30184, 30220, 31399, 31775, 31783, 31806, 32128, 32243, 32391, 32524, 32539, 32557, 32639, 32662, 32719, 33885, 34346, 34448, 34506, 35080, 35854, 36294, 37384, 39049, 39327, 39341, 39520, 39574, 39600, 39709, 39869, 39934, 40539, 40563, 40653, 40790, 41332, 41446, 41479, 41732, 41796, 41802, 41994, 42016, 42114, 42287, 42296, 42504, 42558, 42775, 42835, 42961, 42976, 43343, 43462, 43678, 43782, 44416, 45362, 46354, 52488, 52491, 52632, 52774, 53072, 53094, 53126, 54128, 54132, 54145, 54214, 54257, 54260, 54643, 54682, 55103, 58143, 58410, 63553, 64027, 64052, 64070, 81858, 83284, 85585, 86257, 86446, 86706, 87227, 87334, 87356, 87711, 87716, 87736, 88232, 88255, 88318, 88358, 89468, 90905, 91005, 91094, 91260, 91295, 91598, 92654, 93167, 93410, 93633, 93671, 93795, 93835, 93977, 94046, 94306, 94760, 94798, 94923, 95012, 95512, 95532, 95894, 96189, 96786, 97050, 98225, 100864, 101487, 101665, 101839, 101956, 102646, 104528, 104904, 105284, 105332, 105385, 105545, 105806, 106146, 106199, 106346, 106561, 106702, 107646, 108510, 109047, 109066, 111322, 111424, 111528, 112008, 112515, 112634, 119464, 119954, 124440, 124452, 124635, 126243, 126742, 127264, 127468, 127483, 127934, 128388, 128871, 128889, 128944, 128954, 129041, 129093, 129416, 129456, 129506, 129521, 129829, 129891, 129912, 129972, 130266, 130383, 130434, 130492, 130554, 130658, 130676, 130684, 130700, 130727, 130792, 130916, 131028, 131201, 131254, 131312, 131364, 131397, 131431, 131553, 132856, 132926, 133209, 133560, 133840, 133914, 133947, 134216, 134446, 134487, 134711, 134810, 134852, 134910, 135107, 135376, 135489, 135533, 135900, 137203, 137905, 137908, 138479, 138676, 138915, 139334, 139371, 139380, 139520, 139739, 139873, 139991, 140072, 140204, 140329, 140790, 140868, 141641, 141932, 142072, 142685, 143314, 143450, 143899, 144035, 144307, 144311, 144667, 144855, 144933, 145314, 145641, 145857, 145931, 145957, 146027, 146238, 146708, 146728, 147032, 147130, 147203, 147447, 147458, 147489, 147498, 147535, 147631, 147989, 148278, 148315, 148742, 148875, 149031, 149335, 149589, 150004, 150657, 150671, 151059, 151340, 151454, 151929, 152138, 152190, 152203, 152263, 152277, 152535, 152659, 152668, 152691, 152812, 153308, 153316, 153413, 153452, 153466, 153668, 153822, 153926, 153942, 154016, 154060, 154138, 154145, 154158, 154249, 154316, 154365, 154523, 154711, 154724, 154787, 154852, 154861, 154979, 154997, 155303, 155399, 155575, 155784, 155998, 156174, 156275, 156324, 156439, 156485, 156533, 156822, 156955, 157071, 157251, 157395, 157589, 157701, 157840, 157942, 158310, 158388, 158436, 158638, 158650, 158881, 159028, 159039, 159061, 159098, 159131, 159148, 159210, 159218, 159341, 159629, 159685, 160065, 160068, 160151, 160206, 160233, 160284, 160308, 160945, 160956, 161124, 161160, 161241, 161995, 162145, 162161, 162634, 162672, 162683, 162787, 162959, 163281, 163462, 163707, 163847, 164025, 164042, 164062, 164091, 164120, 164173, 164251, 164591, 164596, 165049, 165297, 165323, 165591, 165621, 165727, 165784, 166494, 166567, 166586, 166879, 167217, 167224, 167237, 167245, 167305, 167332, 167652, 167730, 167755, 167785, 167842, 167872, 167892, 167935, 167954, 168371, 168834, 168909, 168935, 168948, 169141, 169251, 169297, 169761, 169804, 169938, 170707, 170760, 170796, 170885, 170933, 170951, 171400, 171449, 171568, 171610, 171796, 171967, 171998, 172450, 172495, 172506, 172805, 172992, 173180, 173187, 173453, 173566, 173569, 173582, 173664, 173674, 173751, 173792, 173853, 174127, 174559, 174649, 174688, 174729, 175340, 175547, 175633, 175741, 175866, 176273, 176449, 176880, 176891, 177179, 177332, 177393, 177438, 177482, 177551, 177826, 178202, 178274, 178474, 178486, 178931, 178966, 178995, 179165, 179223, 179246, 179315, 179562, 180094, 180173, 180273, 180367, 180717, 181182, 181239, 181395, 181469, 181706, 181746, 181820, 181871, 182155, 182160, 182167, 182264, 182288, 182310, 182319, 182337, 182870, 182943, 183392, 183406, 183410, 183567, 183632, 183727, 184053, 184123, 184169, 184182, 184193, 184213, 184454, 184645, 184659, 184686, 184701, 184732, 184931, 184985, 185279, 185293, 185333, 185377, 185585, 185810, 185934, 186035, 186091, 186100, 186721, 186825, 187433, 187482, 187639, 187812, 187844, 187870, 187948, 187988, 188053, 188307, 188343, 188484, 188507, 188644, 188719, 189092, 189188, 189197, 189482, 190041, 190064, 190205, 190214, 190339, 190364, 190376, 191250, 191311, 191323, 191342, 191379, 191453, 191476, 191489, 191623, 191760, 192115, 192133, 192251, 192257, 192400, 192404, 192419, 192424, 192578, 192661, 192676, 192683, 193324, 193363, 193400, 193408, 193508, 193559, 193767, 194335, 194485, 194650, 194805, 194975, 194979, 195000, 195205, 195233, 195237, 195386, 195644, 195819, 196111, 196160, 196964, 197227, 198114, 198654, 198662, 198668, 198700, 198792, 198821, 199004, 199726, 199870, 199964, 200151, 200216, 200326, 200484, 200694, 200724, 200824, 201190, 201249, 201531, 202099, 202125, 202160, 202861, 203001, 203187, 203458, 203731, 204616, 205635, 205814, 205820, 207358, 207621, 207676, 207938, 208027, 208058, 208066, 208195, 208282, 208340, 208389, 208570, 208703, 208812, 209058, 209122, 209134, 209391, 209774, 209811, 210053, 210244, 210325, 210613, 210710, 210903, 210914, 210965, 211114, 211125, 211140, 211204, 211276, 211398, 211421, 211605, 211671, 211987, 211992, 212186, 212197, 212790, 212989, 213120, 213255, 213358, 213530, 213828, 213967, 214043, 214063, 214091, 214269, 214407, 214464, 214474, 214799, 214885, 215076, 215120, 215163, 215196, 215292, 215305, 215502, 215539, 215638, 215657, 215733, 215777, 215790, 215934, 216265, 216469, 216503, 216673, 216730, 216848, 216899, 217003, 217062, 217110, 217396, 217399, 217472, 217519, 217719, 217775, 217812, 217837, 218071, 218101, 218147, 218157, 218457, 218612, 218857, 218885, 219469, 219531, 219617, 219680, 219707, 219739, 219876, 219937, 219995, 220005, 220109, 220164, 220295, 220377, 220489, 220524, 220636, 220899, 220910, 221001, 221014, 221102, 221382, 221412, 221511, 221788, 221796, 221843, 221856, 222130, 222187, 222208, 222263, 222498, 222579, 222680, 222730, 222751, 223005, 223167, 223379, 223475, 223528, 223644, 223651, 223789, 223860, 223907, 224156, 224185, 224237, 224250, 224500, 224504, 224649, 224703, 224792, 224854, 224985, 225004, 225443, 225600, 225614, 225766, 225816, 225828, 225853, 225913, 226248, 226480, 226485, 226509, 226537, 226627, 226756, 226861, 226869, 226873, 226983, 227527, 227631, 227738, 227846, 228158, 228796, 228973, 229187, 229423, 230065, 230095, 230217, 230454, 230780, 230809, 230956, 231259, 231309, 231961, 232269, 232448, 232469, 232680, 232688, 232710, 233215, 233248, 233374, 234068, 234099, 234146, 234194, 234255, 234271, 234534, 234552, 235096, 235385, 235538, 235599, 236257, 236555, 236591, 237043, 237133, 237191, 237265, 237340, 237352, 237588, 237609, 237628, 237800, 238201, 238261, 238277, 238314, 238323, 238522, 239738, 239780, 240767, 240890, 242985, 243001, 244701, 244706, 244713, 244919, 245647, 245902, 245955, 246004, 246088, 246114, 246376, 246657, 246890, 246928, 247554, 247642, 247650, 248376, 248415, 248424, 248708, 248990, 249070, 249335, 249381, 249536, 249552, 249571, 249735, 249786, 249872, 249901, 249989, 250193, 250315, 250606, 250996, 252084, 252279, 252560, 253049, 253065, 253450, 255925, 257556, 257726, 257730, 257800, 259050, 259101, 259365, 259659, 260109, 260243, 260443, 260627, 260848, 260882, 261110, 261337, 261500, 261557, 261714, 261737, 261748, 261773, 261794, 261797, 261860, 261909, 261974, 262512, 262863, 262879, 263014, 263050, 263140, 263491, 263596, 263645, 264728, 264803, 264970, 265008, 265381, 265401, 265407, 265463, 265610, 265700, 265981, 266011, 266112, 266583, 266711, 266763, 266844, 267016, 267246, 267538, 267803, 267892, 268076, 268110, 268285, 268317, 268351, 268439, 268449, 268454, 268484, 268657, 268785, 268988, 269061, 269209, 270441, 270555, 270764, 271295, 271370, 272267, 272628, 272635, 272684, 272866, 272954, 273343, 273902, 274028, 275104, 275391, 276431, 276513, 276749, 277565, 277577, 278304, 278856, 279128, 279518, 279585, 279868, 280694, 280724, 281890, 282040, 282676, 283300, 283316, 283372, 283616, 283855, 283903, 284943, 285091, 285199, 285208, 285295, 285323, 285977, 286044, 286265, 286416, 286468, 286518, 286653, 286686, 286697, 287498, 291295, 291394, 291407, 291708, 291785, 292026, 292470, 292823, 293002, 293051, 293397, 293817, 293844, 293869, 294009, 294218, 294363, 294478, 294746, 294940, 295014, 295033, 295324, 295819, 296454, 296915, 296923, 297093, 297141, 297174, 297216, 297238, 297289, 297329, 297337, 297568, 297817, 298008, 298180, 298888, 304956, 305862, 306187, 306342, 306350, 309340, 310808, 313745, 313790, 316008, 328342, 328461, 330991, 335101, 335145, 335231, 335268, 347211, 358433, 358441, 358462, 360043, 361707, 365637, 368273, 371226, 375393, 377890, 377901, 377939, 378405, 378438, 378563, 379247, 379321, 379369, 379434, 379876, 379894, 380771, 384461, 384486, 385605, 392106, 392589, 392603, 392639, 392762, 392794, 392991, 394035, 396560, 397064, 397235, 397751, 399068, 400133, 400167, 400220, 400701, 400735, 401817, 402744, 403056, 403113, 403695, 403940, 404047, 404462, 404480, 406646, 406836, 407770, 407914, 407993, 408423, 409037, 409342, 410222, 410304, 411935, 412073, 412103, 412479, 412579, 412825, 413080, 413572, 413651, 413745, 413960, 414086, 414430, 414660, 414666, 414692, 414953, 414967, 415184, 415214, 415383, 415403, 415560, 415674, 415947, 415985, 416100, 417150, 417212, 417249, 417272, 417548, 417649, 417922, 418077, 418107, 418206, 418232, 418312, 418326, 418378, 418394, 418597, 418789, 418941, 418951, 419360, 419550, 419564, 419569, 419731, 420375, 420830, 421504, 423448, 426334, 426355, 426374, 426575, 427074, 427429, 429894, 429940, 429970, 430002, 431107, 431131, 431142, 431814, 432398, 432785, 433407, 433943, 434134, 434382, 435049, 435086, 435373, 435540, 435752, 435844, 435951, 436010, 436591, 436605, 436880, 437188, 437343, 437876, 438911, 438945, 439139, 439522, 440564, 440582, 440590, 441711, 441814, 441989, 442181, 442545, 442888, 443019, 443244, 443581, 444145, 444178, 444414, 444719, 444819, 445010, 445438, 445453, 446026, 446790, 446999, 447256, 447461, 447875, 447894, 448024, 448435, 448453, 448616, 448634, 449182, 449200, 449600, 449616, 450092, 450584, 450606, 450625, 450631, 450647, 450945, 451725, 452468, 453143, 453156, 453209, 453333, 453711, 455261, 457596, 457633, 457658, 460107, 460551, 462039, 462563, 463199, 463983, 464430, 464461, 464703, 464733, 464876, 465362, 465747, 465852, 465901, 466761, 467017, 467167, 467310, 467459, 467534, 467621, 467627, 467686, 467792, 467837, 467850, 468051, 468106, 468146, 468170, 468264, 468277, 468419, 468460, 468466, 468741, 469303, 469536, 469792, 469893, 471566, 472208, 475686, 479329, 479655, 480863, 480883, 481326, 481450, 481861, 481915, 481997, 482277, 482350, 482392, 482634, 482655, 486845, 487087, 487223, 488550, 488596, 488693, 488877, 488912, 489004, 489108, 489231, 489241, 489342, 489444, 489598, 490447, 490597, 490937, 491007, 491169, 491346, 491358, 491416, 491509, 491601, 491667, 491883, 492063, 492724, 494439, 496264, 496439, 496601, 496889, 496922, 496941, 497269, 497436, 497458, 497721, 499629, 499678, 499696, 499734, 499801, 500057, 500154, 500347, 500373, 500516, 500528, 500596, 500709, 500753, 500805, 500891, 501632, 501773, 502051, 502064, 503077, 503118, 503301, 503379, 503719, 503749, 503961, 504266, 504534, 504595, 504901, 504919, 504970, 505129, 505282, 505311, 505338, 505408, 505425, 505619, 505630, 505836, 506286, 506311, 506413, 506494, 506599, 506694, 507097, 507294, 507377, 507390, 507409, 507674, 508126, 508143, 508309, 508489, 508847, 508939, 509045, 509155, 509175, 509225, 509690, 509888, 510897, 510942, 511540, 511862, 511879, 512018, 512078, 512134, 512376, 512415, 512546, 512633, 512792, 513247, 513317, 513353, 513373, 513576, 513583, 513740, 513799, 514415, 514750, 514837, 514924, 515018, 515043, 515168, 515204, 515243, 515311, 515497, 515503, 515532, 515582, 515786, 515868, 516002, 516017, 516137, 516408, 516482, 516623, 516899, 516978, 517093, 517219, 517342, 517355, 518030, 518527, 518624, 518656, 518842, 519269, 519332, 519415, 519501, 519508, 519543, 519867, 519943, 519954, 520379, 520488, 520662, 520780, 520788, 521420, 521450, 521557, 521693, 521760, 521794, 521907, 522269, 522497, 523073, 523088, 523178, 523231, 523463, 523472, 524393, 524692, 525472, 525725, 525989, 527378, 527411, 527530, 528006, 528270, 528294, 528372, 528605, 528816, 528848, 528855, 528936, 529167, 529302, 529395, 529432, 529638, 529954, 530047, 530118, 530127, 530204, 530308, 530479, 530505, 531158, 531449, 531533, 531655, 531697, 531730, 531874, 531958, 532039, 532056, 532362, 532515, 532624, 532749, 532822, 532853, 533554, 533697, 533720, 533766, 533801, 534148, 534405, 534485, 534853, 534903, 534937, 534954, 535224, 535349, 535371, 535432, 535499, 535580, 535643, 535888, 536015, 536200, 536288, 536326, 536341, 536379, 536645, 536750, 537449, 537470, 537483, 537580, 537622, 537679, 537929, 538101, 538139, 538241, 539915, 540399, 540520, 540897, 541451, 541499, 541605, 541655, 542155, 542161, 542564, 542617, 542838, 543041, 543581, 543767, 543794, 543946, 543979, 544014, 544034, 544198, 544570, 544591, 545048, 546009, 546100, 546616, 547074, 547930, 548044, 548089, 548127, 548308, 548471, 548588, 548907, 549013, 549067, 549173, 549518, 550214, 550416, 550575, 550607, 550634, 551241, 551300, 551549, 552926, 552965, 553207, 553282, 553304, 553417, 553535, 554430, 554488, 554543, 554552, 554785, 555220, 555224, 555616, 556325, 556571, 556730, 557072, 557096, 557255, 557348, 557528, 557558, 557813, 557961, 558158, 558164, 558280, 558289, 558323, 558605, 560775, 560779, 561040, 562102, 562240, 562824, 562844, 562868, 562946, 562955, 562961, 563097, 563112, 563172, 563372, 563416, 563510, 563566, 563844, 564816, 564887, 565552, 566166, 566220, 566977, 567014, 567080, 567096, 567184, 567292, 567322, 567382, 567970, 568091, 568263, 568467, 568612, 568926, 569307, 569839, 569937, 569982, 570352, 570557, 570564, 570647, 570796, 571030, 571332, 571646, 571786, 572088, 572108, 572167, 572193, 572220, 572374, 572458, 572529, 572554, 572714, 573090, 573107, 573442, 573680, 573842, 573858, 574211, 574245, 574330, 574407, 574538, 575002, 575190, 575329, 575379, 575489, 575555, 575762, 575937, 575986, 576248, 576696, 576725, 577038, 577141, 577239, 577253, 577349, 577583, 578095, 578161, 578181, 578322, 578328, 578348, 578399, 578775, 578786, 578912, 578934, 578971, 579460, 579501, 579549, 579785, 579901, 579921, 580000, 580202, 580585, 580899, 581001, 581174, 581358, 581486, 581558, 581686, 581820, 582852, 582896, 583619, 583677, 583781, 583817, 583868, 583879, 583907, 583927, 583950, 584067, 584098, 584276, 586522, 586534, 587179, 588165, 592168, 592170, 597605, 597612, 597950, 597953, 599015, 599289, 599345, 599494, 602355, 603671, 603771, 603926, 604533, 606353, 611297, 611844, 611875, 613733, 616186, 618567, 621765, 627188, 627206, 627258, 629767, 630358, 633188, 634167, 634182, 634303, 634342, 634659, 637132, 637181, 637194, 637268, 637427, 637875, 637931, 637990, 639157, 639822, 640189]
8,2,[211, 448]
9,1,[2375]
10,2093,[2160, 2264, 3097, 3172, 3759, 4200, 4312, 4355, 5313, 5575, 5647, 6074, 6227, 6340, 6412, 6911, 6927, 6997, 7036, 7169, 7444, 7497, 7632, 7736, 9405, 9539, 9602, 9620, 9645, 9851, 10086, 10213, 10366, 10603, 11152, 11373, 11583, 11829, 11930, 12656, 12665, 12710, 12812, 12956, 12983, 13018, 13213, 13294, 13471, 13677, 13962, 14226, 14243, 14308, 14553, 15055, 15063, 15124, 15435, 15606, 15684, 15710, 15818, 16613, 16777, 16787, 16858, 17037, 17067, 17556, 17706, 17803, 18037, 18045, 18098, 18316, 18596, 19417, 19588, 19980, 20033, 20087, 20103, 20110, 20334, 20343, 20493, 20742, 20862, 20887, 20922, 21166, 21230, 21373, 21395, 21454, 21532, 21867, 21898, 21929, 22084, 22106, 22263, 22632, 22699, 22797, 22854, 23089, 23221, 23456, 23568, 23662, 23675, 23700, 23704, 23714, 23736, 23844, 23913, 23986, 24003, 24048, 24083, 24093, 24122, 24141, 24145, 24160, 24281, 24391, 24689, 24756, 24774, 24793, 24843, 24884, 24997, 25030, 25086, 25105, 25169, 25254, 25730, 25870, 25958, 25964, 25992, 26436, 26556, 26674, 27075, 27093, 27102, 27105, 27209, 27223, 27684, 27779, 27901, 27904, 28184, 28625, 28710, 28822, 28864, 29148, 29154, 29188, 29209, 29368, 29712, 29791, 30172, 30278, 30314, 31493, 31873, 31881, 31904, 32226, 32341, 32489, 32622, 32637, 32655, 32737, 32760, 32817, 33983, 34444, 34546, 34604, 35178, 35952, 36392, 37482, 39147, 39425, 39439, 39618, 39672, 39698, 39807, 39967, 40032, 40637, 40661, 40751, 40888, 41430, 41544, 41577, 41830, 41894, 41900, 42092, 42114, 42212, 42385, 42394, 42602, 42656, 42873, 42933, 43059, 43074, 43441, 43560, 43776, 43880, 44514, 45460, 46452, 52586, 52589, 52730, 52872, 53171, 53193, 53225, 54227, 54231, 54244, 54313, 54356, 54359, 54742, 54781, 55202, 58242, 58509, 63656, 64130, 64155, 64173, 81965, 83391, 85692, 86364, 86553, 86813, 87334, 87441, 87463, 87818, 87823, 87843, 88339, 88362, 88425, 88465, 89575, 91012, 91112, 91201, 91367, 91402, 91705, 92761, 93274, 93517, 93740, 93778, 93902, 93942, 94084, 94153, 94413, 94867, 94905, 95030, 95119, 95619, 95639, 96001, 96296, 96893, 97157, 98332, 100971, 101594, 101772, 101946, 102063, 102753, 104635, 105015, 105395, 105443, 105496, 105656, 105917, 106257, 106310, 106457, 106672, 106813, 107757, 108621, 109158, 109177, 111433, 111535, 111639, 112119, 112626, 112745, 119575, 120065, 124551, 124563, 124746, 126354, 126853, 127375, 127579, 127594, 128045, 128500, 128983, 129001, 129056, 129066, 129153, 129205, 129528, 129568, 129618, 129633, 129941, 130003, 130024, 130084, 130378, 130495, 130546, 130604, 130666, 130770, 130788, 130796, 130812, 130839, 130904, 131028, 131140, 131313, 131366, 131424, 131476, 131509, 131543, 131665, 132968, 133038, 133321, 133672, 133952, 134026, 134059, 134328, 134558, 134599, 134823, 134922, 134964, 135022, 135219, 135488, 135601, 135645, 136012, 137315, 138017, 138020, 138591, 138788, 139027, 139446, 139483, 139492, 139632, 139851, 139985, 140103, 140184, 140316, 140441, 140902, 140980, 141753, 142044, 142184, 142797, 143426, 143562, 144011, 144148, 144420, 144424, 144780, 144968, 145046, 145427, 145754, 145970, 146044, 146070, 146140, 146351, 146821, 146841, 147145, 147243, 147316, 147560, 147571, 147602, 147611, 147648, 147744, 148102, 148391, 148428, 148855, 148988, 149144, 149448, 149702, 150117, 150770, 150784, 151172, 151453, 151567, 152042, 152251, 152303, 152316, 152376, 152390, 152648, 152772, 152781, 152804, 152925, 153421, 153429, 153526, 153565, 153579, 153781, 153935, 154039, 154055, 154129, 154173, 154251, 154258, 154271, 154362, 154429, 154478, 154636, 154824, 154837, 154900, 154965, 154974, 155092, 155110, 155416, 155512, 155688, 155897, 156111, 156287, 156388, 156437, 156552, 156598, 156646, 156935, 157068, 157184, 157364, 157508, 157702, 157814, 157953, 158055, 158423, 158501, 158549, 158751, 158763, 158994, 159141, 159152, 159174, 159211, 159244, 159261, 159323, 159331, 159454, 159743, 159799, 160179, 160182, 160265, 160320, 160347, 160398, 160422, 161059, 161070, 161238, 161274, 161355, 162118, 162268, 162284, 162757, 162795, 162806, 162910, 163082, 163404, 163585, 163830, 163970, 164148, 164165, 164185, 164214, 164243, 164296, 164374, 164714, 164719, 165172, 165420, 165446, 165714, 165744, 165850, 165907, 166617, 166690, 166709, 167002, 167340, 167347, 167360, 167368, 167428, 167455, 167775, 167853, 167878, 167908, 167965, 167995, 168015, 168058, 168077, 168494, 168957, 169032, 169058, 169071, 169264, 169374, 169420, 169884, 169927, 170061, 170830, 170883, 170919, 171008, 171056, 171074, 171523, 171572, 171691, 171733, 171919, 172090, 172121, 172573, 172618, 172629, 172928, 173115, 173303, 173310, 173576, 173689, 173692, 173705, 173787, 173797, 173874, 173915, 173976, 174250, 174682, 174772, 174811, 174852, 175463, 175670, 175756, 175864, 175989, 176396, 176572, 177003, 177014, 177302, 177455, 177516, 177561, 177605, 177674, 177949, 178325, 178397, 178597, 178609, 179054, 179089, 179118, 179288, 179346, 179369, 179438, 179685, 180217, 180296, 180396, 180490, 180840, 181305, 181362, 181518, 181592, 181829, 181869, 181943, 181994, 182278, 182283, 182290, 182387, 182420, 182442, 182451, 182469, 183002, 183075, 183524, 183538, 183542, 183699, 183764, 183859, 184185, 184255, 184301, 184314, 184325, 184345, 184586, 184777, 184791, 184818, 184833, 184864, 185063, 185117, 185411, 185425, 185465, 185509, 185717, 185942, 186066, 186167, 186223, 186232, 186853, 186957, 187565, 187614, 187771, 187944, 187976, 188002, 188080, 188120, 188185, 188439, 188475, 188616, 188639, 188776, 188851, 189224, 189320, 189329, 189614, 190173, 190196, 190337, 190346, 190471, 190496, 190508, 191382, 191443, 191455, 191474, 191511, 191585, 191608, 191621, 191755, 191892, 192247, 192265, 192383, 192389, 192532, 192536, 192551, 192556, 192710, 192793, 192808, 192815, 193456, 193495, 193532, 193540, 193640, 193691, 193899, 194467, 194617, 194782, 194937, 195107, 195111, 195132, 195337, 195365, 195369, 195518, 195776, 195951, 196243, 196292, 197096, 197359, 198246, 198786, 198794, 198800, 198832, 198924, 198953, 199136, 199868, 200012, 200106, 200293, 200358, 200468, 200626, 200836, 200866, 200966, 201332, 201391, 201673, 202241, 202267, 202302, 203003, 203143, 203329, 203600, 203873, 204758, 205777, 205956, 205962, 207500, 207763, 207818, 208080, 208169, 208200, 208208, 208337, 208424, 208482, 208531, 208712, 208845, 208954, 209200, 209264, 209276, 209533, 209916, 209953, 210195, 210386, 210467, 210755, 210852, 211045, 211056, 211107, 211256, 211267, 211282, 211346, 211418, 211540, 211563, 211747, 211813, 212129, 212134, 212328, 212339, 212932, 213131, 213262, 213397, 213500, 213672, 213970, 214109, 214185, 214205, 214233, 214411, 214549, 214606, 214616, 214941, 215027, 215218, 215262, 215305, 215338, 215434, 215447, 215644, 215681, 215780, 215799, 215875, 215919, 215932, 216076, 216407, 216611, 216644, 216814, 216871, 216989, 217040, 217144, 217203, 217251, 217536, 217539, 217612, 217659, 217859, 217915, 217952, 217977, 218211, 218241, 218287, 218297, 218597, 218752, 218997, 219025, 219619, 219681, 219767, 219830, 219857, 219889, 220026, 220087, 220145, 220155, 220259, 220314, 220445, 220527, 220639, 220674, 220786, 221049, 221060, 221151, 221164, 221252, 221532, 221562, 221661, 221938, 221946, 221993, 222006, 222280, 222337, 222358, 222413, 222648, 222729, 222830, 222880, 222901, 223155, 223317, 223529, 223625, 223678, 223794, 223801, 223939, 224010, 224057, 224306, 224335, 224387, 224400, 224650, 224654, 224799, 224853, 224942, 225004, 225135, 225154, 225593, 225750, 225764, 225916, 225966, 225978, 226003, 226063, 226398, 226630, 226635, 226659, 226687, 226777, 226906, 227011, 227019, 227023, 227133, 227677, 227781, 227888, 227996, 228308, 228946, 229123, 229337, 229573, 230215, 230245, 230367, 230604, 230930, 230959, 231106, 231409, 231459, 232111, 232419, 232598, 232619, 232830, 232838, 232860, 233365, 233398, 233524, 234218, 234249, 234296, 234344, 234405, 234421, 234684, 234702, 235246, 235535, 235688, 235749, 236407, 236705, 236741, 237193, 237283, 237341, 237415, 237490, 237502, 237738, 237759, 237778, 237950, 238351, 238411, 238427, 238464, 238473, 238675, 239891, 239933, 240920, 241043, 243138, 243154, 244854, 244859, 244866, 245072, 245800, 246055, 246108, 246157, 246241, 246267, 246529, 246810, 247043, 247081, 247707, 247795, 247803, 248529, 248568, 248577, 248861, 249143, 249223, 249488, 249534, 249689, 249705, 249724, 249888, 249939, 250025, 250054, 250142, 250346, 250468, 250759, 251149, 252237, 252432, 252713, 253202, 253218, 253603, 256081, 257712, 257882, 257886, 257956, 259206, 259257, 259521, 259815, 260265, 260399, 260599, 260783, 261004, 261038, 261266, 261493, 261656, 261713, 261870, 261893, 261904, 261929, 261950, 261953, 262016, 262065, 262130, 262668, 263019, 263035, 263170, 263206, 263296, 263647, 263752, 263801, 264884, 264959, 265126, 265164, 265537, 265557, 265563, 265619, 265766, 265856, 266137, 266167, 266268, 266739, 266867, 266919, 267000, 267172, 267402, 267694, 267959, 268048, 268232, 268266, 268441, 268473, 268507, 268595, 268605, 268610, 268640, 268813, 268941, 269144, 269217, 269365, 270597, 270711, 270920, 271451, 271526, 272423, 272784, 272791, 272840, 273022, 273110, 273499, 274058, 274184, 275260, 275547, 276587, 276669, 276905, 277720, 277732, 278459, 279011, 279283, 279673, 279740, 280023, 280849, 280879, 282045, 282195, 282831, 283456, 283472, 283528, 283772, 284011, 284059, 285099, 285247, 285355, 285364, 285451, 285479, 286133, 286200, 286421, 286572, 286624, 286674, 286809, 286842, 286853, 287654, 291451, 291550, 291563, 291864, 291941, 292183, 292627, 292980, 293159, 293208, 293554, 293974, 294001, 294026, 294166, 294375, 294520, 294635, 294903, 295097, 295171, 295190, 295481, 295976, 296611, 297073, 297081, 297251, 297299, 297332, 297374, 297396, 297447, 297487, 297495, 297726, 297975, 298166, 298338, 299046, 305114, 306020, 306345, 306500, 306508, 309498, 310966, 313904, 313949, 316167, 328501, 328620, 331150, 335260, 335304, 335390, 335427, 347370, 358593, 358601, 358622, 360203, 361867, 365800, 368436, 371389, 375556, 378053, 378064, 378102, 378568, 378601, 378726, 379410, 379484, 379532, 379597, 380039, 380057, 380934, 384624, 384649, 385768, 392269, 392755, 392769, 392805, 392928, 392960, 393157, 394201, 396726, 397230, 397401, 397917, 399234, 400299, 400333, 400386, 400867, 400901, 401983, 402910, 403222, 403279, 403861, 404106, 404213, 404628, 404646, 406812, 407002, 407936, 408080, 408159, 408589, 409203, 409508, 410388, 410470, 412101, 412239, 412269, 412645, 412745, 412991, 413246, 413738, 413817, 413911, 414126, 414252, 414596, 414826, 414832, 414858, 415119, 415133, 415350, 415380, 415549, 415569, 415726, 415840, 416113, 416151, 416266, 417316, 417378, 417415, 417438, 417714, 417815, 418088, 418243, 418273, 418372, 418398, 418478, 418492, 418544, 418560, 418763, 418955, 419107, 419117, 419526, 419716, 419730, 419735, 419897, 420541, 420996, 421670, 423614, 426500, 426521, 426540, 426741, 427240, 427596, 430064, 430110, 430140, 430172, 431277, 431301, 431312, 431984, 432568, 432955, 433577, 434113, 434304, 434552, 435219, 435256, 435543, 435710, 435922, 436014, 436121, 436180, 436761, 436775, 437050, 437358, 437513, 438046, 439081, 439115, 439309, 439692, 440734, 440752, 440760, 441881, 441984, 442159, 442351, 442715, 443058, 443189, 443414, 443751, 444315, 444348, 444584, 444889, 444989, 445180, 445608, 445623, 446196, 446960, 447169, 447426, 447631, 448045, 448064, 448194, 448605, 448623, 448786, 448804, 449352, 449370, 449770, 449786, 450262, 450754, 450776, 450795, 450801, 450817, 451115, 451895, 452638, 453313, 453326, 453379, 453503, 453881, 455431, 457766, 457803, 457828, 460277, 460721, 462210, 462734, 463370, 464154, 464601, 464632, 464874, 464904, 465047, 465533, 465918, 466023, 466072, 466932, 467188, 467338, 467481, 467630, 467705, 467792, 467798, 467857, 467963, 468008, 468021, 468222, 468277, 468317, 468341, 468435, 468448, 468590, 468631, 468637, 468912, 469474, 469707, 469963, 470064, 471736, 472378, 475855, 479497, 479823, 481030, 481050, 481492, 481616, 482027, 482081, 482163, 482443, 482516, 482557, 482799, 482820, 487008, 487250, 487385, 488711, 488757, 488854, 489038, 489073, 489165, 489269, 489392, 489402, 489503, 489604, 489758, 490607, 490757, 491097, 491167, 491329, 491506, 491518, 491576, 491669, 491761, 491827, 492043, 492223, 492884, 494599, 496433, 496608, 496770, 497058, 497091, 497110, 497438, 497605, 497627, 497890, 499798, 499847, 499865, 499903, 499970, 500226, 500323, 500516, 500542, 500685, 500697, 500765, 500878, 500922, 500974, 501060, 501801, 501942, 502220, 502233, 503246, 503287, 503470, 503548, 503888, 503918, 504130, 504435, 504703, 504764, 505070, 505088, 505139, 505298, 505451, 505480, 505507, 505577, 505594, 505788, 505799, 506005, 506455, 506480, 506582, 506663, 506768, 506863, 507266, 507463, 507546, 507559, 507578, 507843, 508295, 508312, 508478, 508658, 509016, 509108, 509214, 509324, 509344, 509394, 509859, 510057, 511066, 511111, 511709, 512031, 512048, 512187, 512247, 512303, 512545, 512584, 512715, 512802, 512961, 513416, 513486, 513522, 513542, 513745, 513752, 513909, 513968, 514584, 514919, 515006, 515093, 515187, 515212, 515337, 515373, 515412, 515480, 515669, 515675, 515704, 515754, 515958, 516040, 516174, 516189, 516309, 516580, 516654, 516795, 517071, 517150, 517265, 517391, 517514, 517527, 518202, 518699, 518796, 518828, 519014, 519441, 519504, 519587, 519673, 519680, 519715, 520039, 520115, 520126, 520551, 520660, 520834, 520952, 520960, 521592, 521622, 521729, 521865, 521932, 521966, 522079, 522441, 522669, 523245, 523260, 523350, 523403, 523635, 523644, 524565, 524864, 525644, 525897, 526161, 527550, 527583, 527702, 528181, 528445, 528469, 528547, 528780, 528991, 529023, 529030, 529111, 529342, 529477, 529570, 529607, 529813, 530129, 530222, 530293, 530302, 530379, 530483, 530654, 530680, 531333, 531624, 531708, 531830, 531872, 531905, 532049, 532133, 532214, 532231, 532537, 532690, 532799, 532924, 532997, 533028, 533729, 533872, 533895, 533941, 533976, 534323, 534580, 534660, 535028, 535078, 535112, 535129, 535399, 535524, 535546, 535607, 535674, 535755, 535818, 536063, 536190, 536375, 536463, 536501, 536516, 536554, 536820, 536925, 537624, 537645, 537658, 537755, 537797, 537854, 538104, 538276, 538314, 538416, 540090, 540574, 540695, 541072, 541626, 541674, 541780, 541830, 542330, 542336, 542739, 542792, 543013, 543216, 543756, 543942, 543969, 544121, 544154, 544189, 544209, 544373, 544745, 544766, 545223, 546184, 546275, 546791, 547249, 548105, 548219, 548264, 548302, 548483, 548646, 548763, 549082, 549191, 549245, 549351, 549696, 550392, 550594, 550753, 550785, 550812, 551419, 551478, 551727, 553104, 553143, 553385, 553460, 553482, 553595, 553713, 554608, 554666, 554721, 554730, 554963, 555398, 555402, 555794, 556503, 556749, 556908, 557250, 557274, 557433, 557526, 557706, 557736, 557991, 558139, 558336, 558342, 558458, 558467, 558501, 558783, 560953, 560957, 561218, 562280, 562418, 563002, 563022, 563046, 563124, 563133, 563139, 563275, 563290, 563350, 563550, 563594, 563688, 563744, 564022, 564996, 565067, 565732, 566346, 566400, 567157, 567194, 567260, 567276, 567364, 567472, 567502, 567562, 568150, 568271, 568443, 568647, 568792, 569106, 569487, 570019, 570117, 570162, 570532, 570737, 570744, 570827, 570976, 571210, 571512, 571826, 571966, 572268, 572288, 572347, 572373, 572400, 572554, 572638, 572709, 572734, 572894, 573270, 573287, 573622, 573860, 574022, 574038, 574391, 574425, 574510, 574587, 574718, 575182, 575370, 575509, 575559, 575669, 575735, 575942, 576117, 576166, 576428, 576876, 576905, 577218, 577321, 577419, 577433, 577529, 577763, 578275, 578341, 578361, 578502, 578508, 578528, 578579, 578955, 578966, 579092, 579114, 579151, 579640, 579681, 579729, 579965, 580081, 580101, 580180, 580382, 580765, 581079, 581181, 581354, 581538, 581666, 581738, 581866, 582000, 583032, 583076, 583799, 583857, 583961, 583997, 584048, 584059, 584087, 584107, 584130, 584247, 584278, 584456, 586707, 586719, 587364, 588350, 592359, 592361, 597796, 597803, 598141, 598144, 599212, 599486, 599542, 599691, 602552, 603873, 603973, 604128, 604735, 606560, 611520, 612067, 612098, 613967, 616425, 618819, 622017, 627448, 627466, 627518, 630030, 630627, 633463, 634442, 634457, 634578, 634617, 634934, 637407, 637456, 637469, 637543, 637702, 638150, 638206, 638265, 639432, 640097, 640464]
11,40,[803, 948, 1005, 2074, 2081, 2106, 4929, 5497, 5539, 5634, 5811, 6038, 6156, 6207, 7050, 7154, 8408, 8480, 8826, 9223, 10403, 11447, 12364, 12597, 12641, 12653, 12667, 12715, 12780, 13280, 13486, 15293, 15457, 17071, 17238, 17318, 17824, 18401, 20175, 20565]
12,49,[942, 957, 1121, 2432, 2706, 2714, 3184, 3365, 5166, 5421, 5558, 5573, 5972, 6602, 6789, 6804, 6850, 7088, 7161, 7209, 7245, 7424, 8309, 8554, 9734, 10597, 11024, 12129, 14086, 14433, 14512, 14595, 14738, 15383, 15700, 16020, 16432, 16643, 16772, 16990, 18033, 18193, 18910, 19718, 20743, 20792, 20824, 21632, 22707]
13,8,[273, 796, 907, 958, 2835, 3479, 4063, 4112]
14,4,[33684, 95920, 134387, 161820]
15,130,[1076, 1690, 2363, 4728, 5366, 5518, 5655, 7910, 8046, 8795, 9660, 10434, 11351, 11864, 12725, 12981, 13015, 16991, 17170, 17269, 17297, 20750, 21108, 22176, 22347, 22684, 22790, 24705, 29361, 30071, 31818, 32225, 32755, 32812, 33815, 33903, 37075, 38554, 38983, 39365, 39463, 39667, 39939, 40598, 48003, 49952, 50272, 51188, 56364, 56749, 57479, 62072, 62731, 63862, 67784, 69749, 70028, 70068, 70139, 70161, 71506, 71626, 73110, 75074, 75343, 81565, 87643, 87725, 88046, 90088, 91053, 91089, 91119, 93430, 95986, 96377, 97125, 98766, 99521, 99768, 105194, 105234, 105836, 109519, 110006, 118728, 119133, 120046, 121804, 122218, 126520, 126570, 126679, 127737, 129873, 131764, 134107, 134399, 134794, 134887, 135951, 138550, 140032, 141870, 144206, 147331, 147391, 147573, 147610, 147976, 149538, 149886, 151139, 151228, 152015, 153382, 153604, 153752, 155629, 156899, 157840, 159650, 162198, 162753, 164760, 166288, 168581, 168902, 168949, 171600]
16,76,[232, 486, 497, 640, 2084, 2864, 2871, 2937, 3250, 3370, 3422, 3783, 5050, 6393, 6910, 7044, 8249, 8736, 9330, 9918, 10358, 12399, 12694, 12744, 12747, 13001, 13159, 13268, 13577, 13639, 14002, 15075, 16043, 16539, 16746, 16794, 17844, 18105, 18139, 18485, 18607, 19492, 19990, 20037, 21194, 22224, 23846, 25964, 26161, 26320, 28799, 28856, 28918, 29522, 30012, 30026, 30031, 30545, 31019, 31207, 31680, 31762, 32007, 33224, 33657, 34866, 35085, 35330, 35530, 36106, 36320, 36330, 36354, 36409, 37150, 37650]
17,1644,[264, 331, 878, 903, 921, 942, 949, 977, 1040, 1081, 1094, 1111, 1162, 1389, 1513, 1563, 1583, 1600, 1645, 1689, 1708, 1729, 1934, 1980, 2054, 2084, 2216, 2230, 2337, 2380, 2416, 2442, 2483, 2715, 2734, 2770, 2809, 2840, 2863, 2884, 2926, 2936, 3032, 3098, 3170, 3222, 3243, 3286, 3362, 3704, 3742, 3760, 3812, 3897, 3969, 3985, 4011, 4262, 4389, 4548, 4783, 4829, 4858, 4872, 4898, 4928, 4972, 5242, 5258, 5295, 5328, 5356, 5405, 5437, 5465, 5490, 5539, 5562, 5632, 5643, 5648, 5658, 5697, 5711, 5724, 5823, 5854, 5886, 5899, 5930, 5970, 6019, 6035, 6068, 6077, 6243, 6267, 6293, 6374, 6712, 6964, 7184, 7393, 7594, 7640, 7706, 7728, 7761, 7770, 7839, 7974, 8126, 8143, 8245, 8384, 8442, 8481, 8508, 8536, 8616, 8663, 8832, 8857, 9047, 9108, 9134, 9178, 9233, 9330, 9348, 9388, 9413, 9436, 9510, 9607, 10183, 10418, 10444, 10466, 10881, 11013, 11040, 11110, 11143, 11208, 11239, 11288, 11413, 11736, 11757, 11844, 11870, 12335, 12391, 12412, 12710, 12917, 12943, 13025, 13041, 13083, 13136, 13161, 13208, 13246, 13263, 13291, 13355, 13425, 13461, 13486, 13533, 13563, 13588, 13624, 13649, 13656, 13679, 13701, 13731, 13810, 13831, 13847, 13875, 13892, 13929, 13944, 14144, 14157, 14206, 14388, 14418, 14431, 14450, 14461, 14476, 14529, 14544, 14695, 14776, 14891, 14997, 15168, 15234, 15828, 15851, 15907, 15991, 16050, 16092, 16193, 16292, 16328, 16335, 16347, 16431, 16578, 16620, 16707, 16755, 16987, 17003, 17029, 17045, 17079, 17108, 17120, 17184, 18048, 18058, 18316, 19517, 19534, 20780, 24265, 24335, 24418, 24445, 24453, 24695, 25050, 25156, 25181, 25384, 25523, 25537, 25808, 25828, 25862, 26286, 26779, 27833, 27900, 27937, 32845, 35484, 36971, 36996, 42440, 43147, 43263, 44176, 44476, 44838, 44903, 45383, 46491, 46668, 47011, 47254, 47466, 47505, 47518, 47542, 47688, 47818, 47853, 47881, 47899, 47915, 48043, 48089, 48164, 48230, 48293, 48380, 48441, 48463, 48515, 48532, 48559, 48702, 48821, 48852, 48865, 48923, 49217, 49279, 49376, 49502, 50042, 50130, 50280, 50904, 50913, 50924, 51070, 51073, 51311, 51391, 51404, 51413, 51424, 51448, 51553, 51592, 51627, 51655, 51729, 51865, 51968, 51980, 52046, 52085, 52161, 52386, 52505, 52640, 53005, 53009, 53160, 53251, 53281, 53367, 53430, 53502, 53603, 53668, 53787, 53843, 53897, 53906, 54013, 54025, 54052, 54070, 54132, 54230, 54428, 54811, 54928, 54936, 54992, 55013, 55073, 55200, 55548, 55795, 55918, 55963, 56123, 56128, 56245, 58545, 58659, 58672, 59826, 60426, 60455, 60572, 60657, 60713, 60734, 60796, 60866, 60923, 61075, 61227, 61258, 61893, 61968, 62003, 62030, 62318, 62854, 63008, 63084, 63136, 63155, 63177, 63326, 63405, 63495, 63558, 63562, 63613, 63668, 63686, 64036, 64060, 64104, 64336, 64470, 64517, 64566, 64598, 64625, 64671, 64698, 64780, 64992, 65138, 65148, 65450, 65663, 65695, 65764, 66300, 66717, 68052, 68290, 68754, 68890, 69113, 69287, 69381, 69445, 69457, 69503, 69665, 69787, 69879, 69895, 70245, 70284, 70322, 70379, 70421, 70509, 70659, 70676, 70728, 70760, 70898, 70919, 71018, 71097, 71133, 71189, 71294, 71369, 71398, 71483, 71508, 71525, 71570, 71967, 72001, 72017, 72077, 72096, 72206, 72268, 72343, 72503, 72702, 72725, 73078, 73203, 73251, 73305, 73500, 73552, 73647, 73673, 73791, 74091, 74138, 74154, 74243, 74265, 74294, 74380, 74471, 74553, 74691, 74916, 74995, 75064, 75071, 75150, 75194, 75209, 75244, 75444, 75522, 75573, 75766, 75854, 75933, 76012, 76140, 76187, 76323, 76362, 76402, 76545, 76560, 76962, 76990, 77054, 77166, 77213, 77467, 77748, 77973, 78254, 78474, 78691, 78757, 79182, 79189, 80316, 80370, 80495, 80519, 80556, 80615, 80634, 80756, 80817, 80948, 80997, 81130, 81246, 81397, 81954, 82003, 82151, 82205, 82212, 82254, 82389, 82420, 82425, 82539, 82588, 82703, 82806, 82850, 82899, 82920, 83066, 83172, 83207, 83522, 83563, 83847, 83874, 83890, 84065, 84207, 84256, 84501, 84663, 84908, 87096, 87134, 87159, 87276, 88541, 88603, 88671, 88676, 88717, 88761, 88954, 88983, 89112, 89209, 89236, 89375, 89389, 89504, 89557, 90634, 90691, 90711, 90807, 91026, 91320, 91353, 91623, 91760, 91813, 93762, 93789, 95230, 95615, 95713, 95817, 95864, 95995, 96173, 96203, 96299, 96331, 96347, 96366, 96402, 96412, 96427, 96544, 96639, 96732, 96797, 96824, 96860, 96872, 96936, 96952, 97101, 97164, 97312, 97378, 97488, 97528, 97617, 97656, 97751, 97815, 97851, 98397, 98703, 98766, 98829, 98857, 99243, 99287, 99502, 99545, 99764, 99917, 100213, 100353, 100463, 100481, 101121, 101181, 101235, 101282, 101584, 101611, 101810, 101953, 102170, 102190, 102230, 102351, 102371, 102522, 102592, 102661, 102695, 102731, 102887, 102949, 103536, 103791, 103795, 104035, 104076, 104108, 104124, 104251, 104285, 104454, 104545, 104851, 104999, 105120, 105206, 105225, 105514, 105549, 105767, 105787, 105816, 105913, 106038, 106231, 106571, 106620, 106673, 106828, 106844, 107335, 107495, 107507, 107694, 107723, 107740, 107918, 108111, 108300, 108323, 108450, 108821, 109346, 109846, 109880, 110152, 110215, 110262, 110276, 110284, 110323, 110429, 110469, 110499, 110506, 110589, 110645, 110697, 110885, 111893, 111944, 112037, 112054, 112063, 112496, 112507, 112546, 112913, 113410, 113805, 113881, 113923, 114004, 114632, 115135, 115243, 115277, 115359, 115384, 117293, 118527, 118544, 118566, 118573, 118667, 118705, 118713, 118766, 118807, 118908, 119335, 119366, 119565, 121091, 121953, 125221, 125303, 125344, 125349, 125355, 125695, 125783, 125930, 125996, 126045, 126052, 126181, 126352, 126357, 126378, 126420, 126548, 126610, 126892, 126942, 127111, 127438, 127447, 127693, 127785, 127813, 127858, 127963, 128031, 128063, 128100, 128149, 128164, 128491, 128614, 128687, 128782, 128801, 128869, 129169, 129192, 129364, 129507, 129519, 129806, 129855, 129994, 130017, 130036, 130096, 130132, 130220, 130389, 130425, 130444, 130590, 130651, 130669, 130710, 130726, 130740, 130753, 130801, 130858, 130862, 130886, 130923, 130970, 131002, 131029, 131060, 131089, 131117, 131173, 131226, 131240, 131270, 131305, 131323, 131419, 131488, 131624, 131799, 131816, 132511, 132799, 132961, 133076, 133219, 133426, 133446, 133467, 133527, 133635, 133813, 133867, 134061, 134386, 134410, 134532, 134644, 134650, 134745, 134788, 134903, 134965, 135071, 135217, 135300, 135314, 135321, 135556, 135612, 135660, 135718, 135729, 135765, 135807, 135936, 135984, 136004, 136025, 136050, 136148, 136167, 136186, 136251, 136269, 136305, 136349, 136448, 136532, 136562, 136667, 136987, 137040, 137058, 137115, 137197, 137254, 137327, 137367, 137474, 137484, 137595, 137655, 137717, 137800, 137819, 137912, 138017, 138173, 138217, 138266, 138471, 138569, 138774, 138820, 138842, 139309, 139569, 139686, 139715, 139921, 139949, 140298, 140323, 140354, 140389, 140511, 140575, 141080, 141190, 141329, 141466, 141478, 141508, 141530, 141541, 141550, 141655, 141755, 141764, 141775, 141966, 142065, 142088, 142132, 142141, 142179, 142319, 142442, 142505, 142559, 142670, 142706, 142849, 142899, 143061, 143092, 143235, 143314, 143363, 143384, 143399, 143489, 143537, 143641, 143660, 143730, 143753, 143879, 143984, 144025, 144162, 144201, 144246, 144284, 144343, 144357, 144460, 144510, 144526, 144565, 144692, 144951, 145017, 145053, 145085, 145167, 145201, 145328, 145348, 146761, 147417, 147485, 147539, 147577, 147620, 147795, 147856, 147869, 147901, 147930, 147983, 148001, 148074, 148083, 148103, 148148, 148189, 148213, 148323, 148343, 148407, 148460, 148484, 148521, 148555, 148675, 148744, 148797, 148806, 148952, 149101, 149259, 149286, 149345, 149364, 149408, 149526, 149545, 149562, 149587, 149712, 149744, 149895, 150006, 150025, 150076, 150287, 150337, 150452, 150494, 150507, 150575, 150594, 150912, 150932, 151034, 151075, 151122, 151238, 151274, 151417, 151562, 151631, 151678, 151781, 151883, 151921, 152150, 152223, 152251, 152284, 152342, 152404, 152578, 152737, 152783, 152806, 152834, 152881, 152912, 153102, 153136, 153364, 153429, 153490, 153753, 153832, 153920, 154241, 154344, 154371, 154399, 154482, 154496, 154551, 154647, 154732, 154745, 154749, 154753, 154777, 154853, 154869, 154888, 154915, 154968, 155020, 155096, 155156, 155185, 155295, 155299, 155340, 155350, 155384, 155451, 155467, 155594, 155655, 155715, 155753, 155974, 155998, 156178, 156269, 156521, 156687, 156820, 156857, 156966, 156988, 157209, 157286, 157337, 157372, 157402, 157902, 158107, 158203, 158289, 158908, 158996, 159004, 159064, 159190, 159229, 159274, 159326, 159371, 159423, 159436, 159512, 159976, 160125, 160154, 160177, 160208, 160217, 160456, 160569, 160646, 160675, 160724, 160786, 160934, 161013, 161030, 161255, 161294, 161414, 161513, 161553, 161717, 161753, 161783, 161845, 161933, 161999, 162741, 162772, 162782, 162794, 162824, 162844, 164106, 164246, 165925, 166142, 166373, 166807, 166822, 166936, 167021, 167087, 167121, 167140, 167174, 167191, 167287, 167293, 167325, 167458, 167475, 167523, 167535, 167589, 167656, 167693, 167760, 167819, 167927, 168038, 168225, 168262, 168382, 168408, 168468, 168597, 169022, 169266, 169449, 169707, 169928, 170004, 170083, 170125, 170274, 170328, 170362, 170376, 170414, 170549, 170608, 170615, 170886, 171099, 171739, 171781, 171966, 172021, 172520, 172557, 172583, 172611, 173038, 173191, 173300, 173421, 173520, 173738, 173789, 173864, 174179, 174247, 174338, 174489, 175052, 175248, 175313, 175317, 175462, 175487, 175826, 175917, 175981, 175995, 176063, 176110, 176141, 176166, 176209, 176280, 176317, 176373, 176484, 177066, 178536, 178774, 179207, 179256, 179277, 179323, 179540, 180567, 180668, 180790, 180888, 180932, 180958, 181094, 181119, 181228, 181301, 181476, 181510, 181741, 181960, 182225, 182297, 182307, 182348, 182462, 182529, 182603, 182685, 182698, 182714, 182754, 182780, 182793, 182803, 182834, 182872, 183003, 183014, 183052, 183228, 183257, 183328, 183337, 183391, 183438, 183582, 186104, 186143, 186275, 186288, 186303, 186334, 186358, 186984, 187380, 187429, 187502, 187549, 187621, 187649, 187675, 187708, 188005, 188549, 188610, 188942, 189051, 189243, 190209, 190266, 190340, 190524, 190538, 190633, 190658, 190732, 190862, 190934, 190980, 191112, 191320, 191420, 191442, 191509, 191594, 191671, 191732, 191759, 191802, 191835, 191958, 192089, 192129, 192189, 192204, 192222, 192246, 192467, 192507, 192543, 192570, 192610, 192633, 192673, 192685, 192776, 192794, 192820, 192889, 193001, 193055, 193080, 193209, 193223, 193240, 193264, 193280, 193341, 193355, 193372, 193527, 193562, 193629, 193671, 193732, 193754, 193873, 193997, 194026, 194276, 194302, 194442, 194456, 194484, 194550, 194567, 194659, 194718, 194834, 194872, 194932, 194986, 195062, 195091, 195095, 195136, 195177, 195220, 195883, 195930, 195945, 196005, 196097, 196136, 196140, 196156, 196185, 196348, 196970, 198644, 198653, 198666, 198676, 199882, 199969, 200033, 200062, 200123, 200144, 200304, 200422, 200436, 200455, 200480, 200503, 200795, 200817, 200848, 200857, 201006, 201127, 201234, 201425, 201698, 202179, 202408, 203307, 203328, 203383, 203421, 203451, 203487, 203522, 203581, 203642, 203755, 203819, 203845, 203944, 203978, 204045, 204062, 204097, 204111, 204146, 204156, 204197, 204234, 204244, 204300, 204345, 204374, 204399, 204475, 204501, 204528, 204550, 204603, 204626, 204794, 204828, 204843, 204912, 204965, 204992, 204999, 205058, 205094, 205105, 205140, 205208, 205337, 205366, 205396, 205450, 205564, 205964, 206028, 206036, 206050, 206081, 206102, 206171, 206222, 206237, 206244, 206357, 206404, 206645, 206675, 206686, 206699, 206727, 206790, 206811, 206877, 206892, 206923, 206939, 206961, 206984, 207023, 207070, 207126, 207155, 207228, 207272, 207399, 207450, 207563, 207630, 207680, 207760, 207804, 207817, 208091, 208109, 208193, 208291, 208321, 208388, 208517, 208540, 208560, 208617, 208624, 208656, 208682, 208697, 208716, 208767, 208781, 208796, 208819, 208834, 208905, 208922, 208948, 209047, 209395, 210008, 210028, 210684, 210690, 210802, 210836, 210855, 210930, 210965, 211046, 211083, 211096, 211107, 211112, 211315, 211342, 211372, 211385, 211425, 211438, 211476, 211484, 211495, 211528, 211544, 211561, 211569, 211646, 211700, 211868, 211903, 212017, 212021, 212029, 212042, 212046, 212058, 212117, 212209, 212236, 212269, 212326, 212329, 212341, 212366, 212386, 212425, 212457, 212482, 212561, 212624, 212673, 212697, 212721, 212794, 212806, 212821, 212826, 212855, 212878, 212913, 212930, 212954, 212972, 213032, 213056, 213075, 213102, 213733, 214679, 215599, 215618]
18,4,[27294, 35305, 37595, 113251]
19,76,[1215, 1220, 1225, 1230, 1235, 1240, 1245, 1663, 1777, 2606, 3509, 4309, 4329, 4358, 4472, 4865, 6394, 6558, 6568, 6846, 6853, 6858, 7016, 7516, 8381, 9151, 10068, 10108, 10289, 10918, 12056, 12109, 14640, 15191, 16587, 16649, 18385, 18479, 18837, 18970, 19194, 19993, 20069, 20385, 20411, 20586, 21055, 21341, 21349, 21786, 21895, 22012, 22580, 22587, 22629, 22650, 23247, 23283, 23411, 23497, 23519, 24127, 24326, 25263, 25413, 25468, 25657, 25665, 25701, 25705, 25727, 25734, 26300, 26312, 26600, 26643]
20,53,[2208, 2368, 2590, 2698, 2742, 2801, 2984, 3175, 4649, 8033, 8039, 9080, 14456, 14481, 14780, 15969, 16213, 16251, 17248, 19174, 19710, 19766, 19978, 22051, 24473, 25092, 25131, 27437, 28841, 29048, 29952, 31700, 32466, 33173, 35323, 37160, 37862, 39954, 40062, 41232, 43452, 47537, 50191, 50277, 51522, 51652, 51776, 56571, 59132, 59138, 60066, 60948, 61040]
21,60,[4940, 5449, 7462, 7576, 7595, 7801, 8338, 8461, 9073, 9474, 10169, 10335, 10665, 10760, 10797, 11520, 11777, 12354, 12982, 14056, 14689, 15154, 16666, 16698, 17052, 17229, 17496, 18123, 18637, 18711, 18919, 19496, 19628, 20600, 20821, 21035, 21509, 21755, 22630, 23011, 23636, 23734, 24667, 24794, 24874, 25255, 25383, 26170, 26932, 26996, 27038, 29121, 29201, 30087, 31329, 31891, 32159, 32808, 33121, 33284]
22,4,[18742, 68970, 72482, 87315]
23,45,[474, 4991, 6228, 6229, 6551, 6691, 8982, 8997, 11459, 12563, 13312, 13602, 14475, 14676, 14750, 14887, 15450, 16394, 16948, 17886, 17988, 18046, 18921, 19089, 19151, 19273, 21256, 21507, 21539, 21608, 22742, 22950, 23291, 23584, 23834, 24014, 24590, 24600, 26062, 27650, 28169, 28724, 29030, 29064, 29832]
24,93,[1200, 1614, 1668, 1986, 2845, 3078, 3830, 3952, 4978, 5153, 5692, 6091, 6130, 6169, 6719, 6785, 7171, 7253, 7490, 7584, 8063, 8082, 8393, 9342, 9431, 9640, 10740, 12152, 14498, 15310, 15781, 15879, 16242, 16317, 16979, 17116, 17910, 18621, 18896, 18947, 19168, 19210, 19949, 20016, 20491, 20585, 21163, 21269, 21360, 21957, 21997, 22735, 24474, 25665, 25734, 25788, 25912, 26689, 27294, 27975, 28547, 28856, 29717, 30105, 30300, 30678, 31261, 31327, 32740, 32887, 33765, 33958, 34300, 35612, 36388, 37757, 37834, 39084, 39196, 40597, 40821, 41691, 41834, 42498, 42983, 43313, 43329, 43629, 43827, 44519, 44562, 44673, 44871]
25,6,[4698, 91862, 128636, 153183, 155093, 192902]
26,54,[2600, 2761, 3012, 3127, 3177, 3243, 3449, 3659, 5167, 8555, 8561, 9634, 9898, 15056, 15084, 15394, 16615, 16860, 16900, 17906, 19881, 20422, 20481, 20699, 22806, 25250, 25878, 25917, 28262, 29674, 29887, 30800, 32572, 33340, 34051, 36218, 38076, 38779, 40892, 41001, 42170, 44405, 48542, 51236, 51325, 52591, 52731, 52856, 57724, 60387, 60393, 61356, 62246, 62337]
27,171,[2732, 3007, 4549, 4861, 4894, 5618, 5817, 6288, 6320, 6916, 6929, 7435, 7667, 7792, 10162, 10240, 11970, 12299, 12563, 13256, 18712, 18920, 19089, 19229, 20338, 20853, 22538, 23702, 26339, 29303, 30049, 30622, 30933, 31591, 32611, 33918, 34225, 35405, 35725, 36562, 37571, 38230, 39363, 39890, 41409, 42188, 43335, 43589, 45712, 47575, 48660, 49155, 52457, 52675, 54079, 54093, 54370, 55105, 55624, 56023, 56171, 56577, 56960, 57306, 57580, 58501, 58664, 58880, 59664, 60522, 60710, 61022, 61195, 61518, 62124, 63654, 64502, 65283, 66591, 66626, 66730, 67298, 67376, 67432, 67522, 67537, 68699, 68808, 68839, 68848, 69335, 70527, 71213, 71357, 72063, 72492, 73753, 74045, 74746, 74995, 75328, 75781, 76070, 76336, 78070, 78787, 79009, 79160, 79616, 80123, 80723, 80772, 80812, 81342, 81692, 81767, 82091, 82237, 82329, 82528, 82702, 83442, 83680, 83862, 84227, 84280, 84684, 86417, 87401, 88171, 88496, 88958, 91463, 92633, 93085, 93654, 95479, 96616, 96841, 97419, 98045, 99121, 99695, 100027, 100740, 100957, 101377, 102360, 102857, 103370, 103646, 104132, 104158, 104608, 105030, 105296, 105953, 105968, 106103, 106215, 106237, 106299, 106414, 106860, 106931, 107976, 108254, 108286, 108897, 109006, 109382]
28,64,[2007, 2621, 3207, 3410, 3440, 3468, 3500, 3526, 3977, 4050, 4145, 4191, 4232, 4430, 4531, 4555, 4836, 5051, 5076, 5179, 5212, 5334, 5501, 5548, 5928, 5962, 5994, 6028, 6163, 6319, 6335, 6551, 6774, 6928, 6951, 7184, 7214, 7341, 7634, 7665, 7782, 7887, 7902, 8009, 8136, 8265, 8341, 8392, 8440, 8546, 9110, 9149, 9267, 9289, 9314, 9542, 10623, 10766, 10783, 10786, 10802, 10915, 10926, 10985]
30,2093,[2067, 2171, 3003, 3078, 3665, 4106, 4218, 4261, 5219, 5481, 5553, 5980, 6133, 6246, 6318, 6817, 6833, 6903, 6942, 7075, 7350, 7403, 7538, 7642, 9311, 9445, 9508, 9526, 9551, 9757, 9992, 10119, 10272, 10509, 11058, 11279, 11489, 11735, 11836, 12562, 12571, 12616, 12718, 12862, 12889, 12924, 13119, 13200, 13377, 13583, 13868, 14132, 14149, 14214, 14459, 14961, 14969, 15030, 15341, 15512, 15590, 15616, 15724, 16519, 16683, 16693, 16764, 16943, 16973, 17462, 17612, 17709, 17943, 17951, 18004, 18222, 18502, 19323, 19494, 19886, 19939, 19993, 20009, 20016, 20240, 20249, 20399, 20648, 20768, 20793, 20828, 21072, 21136, 21279, 21301, 21360, 21438, 21773, 21804, 21835, 21990, 22012, 22169, 22538, 22605, 22703, 22760, 22995, 23127, 23362, 23474, 23568, 23581, 23606, 23610, 23620, 23642, 23750, 23819, 23892, 23909, 23954, 23989, 23999, 24028, 24047, 24051, 24066, 24187, 24297, 24595, 24662, 24680, 24699, 24749, 24790, 24903, 24936, 24992, 25011, 25075, 25160, 25636, 25776, 25864, 25870, 25898, 26342, 26462, 26580, 26981, 26999, 27008, 27011, 27115, 27129, 27590, 27685, 27807, 27810, 28090, 28531, 28616, 28728, 28770, 29054, 29060, 29094, 29115, 29274, 29618, 29697, 30078, 30184, 30220, 31399, 31775, 31783, 31806, 32128, 32243, 32391, 32524, 32539, 32557, 32639, 32662, 32719, 33885, 34346, 34448, 34506, 35080, 35854, 36294, 37384, 39049, 39327, 39341, 39520, 39574, 39600, 39709, 39869, 39934, 40539, 40563, 40653, 40790, 41332, 41446, 41479, 41732, 41796, 41802, 41994, 42016, 42114, 42287, 42296, 42504, 42558, 42775, 42835, 42961, 42976, 43343, 43462, 43678, 43782, 44416, 45362, 46354, 52488, 52491, 52632, 52774, 53072, 53094, 53126, 54128, 54132, 54145, 54214, 54257, 54260, 54643, 54682, 55103, 58143, 58410, 63553, 64027, 64052, 64070, 81858, 83284, 85585, 86257, 86446, 86706, 87227, 87334, 87356, 87711, 87716, 87736, 88232, 88255, 88318, 88358, 89468, 90905, 91005, 91094, 91260, 91295, 91598, 92654, 93167, 93410, 93633, 93671, 93795, 93835, 93977, 94046, 94306, 94760, 94798, 94923, 95012, 95512, 95532, 95894, 96189, 96786, 97050, 98225, 100864, 101487, 101665, 101839, 101956, 102646, 104528, 104904, 105284, 105332, 105385, 105545, 105806, 106146, 106199, 106346, 106561, 106702, 107646, 108510, 109047, 109066, 111322, 111424, 111528, 112008, 112515, 112634, 119464, 119954, 124440, 124452, 124635, 126243, 126742, 127264, 127468, 127483, 127934, 128388, 128871, 128889, 128944, 128954, 129041, 129093, 129416, 129456, 129506, 129521, 129829, 129891, 129912, 129972, 130266, 130383, 130434, 130492, 130554, 130658, 130676, 130684, 130700, 130727, 130792, 130916, 131028, 131201, 131254, 131312, 131364, 131397, 131431, 131553, 132856, 132926, 133209, 133560, 133840, 133914, 133947, 134216, 134446, 134487, 134711, 134810, 134852, 134910, 135107, 135376, 135489, 135533, 135900, 137203, 137905, 137908, 138479, 138676, 138915, 139334, 139371, 139380, 139520, 139739, 139873, 139991, 140072, 140204, 140329, 140790, 140868, 141641, 141932, 142072, 142685, 143314, 143450, 143899, 144035, 144307, 144311, 144667, 144855, 144933, 145314, 145641, 145857, 145931, 145957, 146027, 146238, 146708, 146728, 147032, 147130, 147203, 147447, 147458, 147489, 147498, 147535, 147631, 147989, 148278, 148315, 148742, 148875, 149031, 149335, 149589, 150004, 150657, 150671, 151059, 151340, 151454, 151929, 152138, 152190, 152203, 152263, 152277, 152535, 152659, 152668, 152691, 152812, 153308, 153316, 153413, 153452, 153466, 153668, 153822, 153926, 153942, 154016, 154060, 154138, 154145, 154158, 154249, 154316, 154365, 154523, 154711, 154724, 154787, 154852, 154861, 154979, 154997, 155303, 155399, 155575, 155784, 155998, 156174, 156275, 156324, 156439, 156485, 156533, 156822, 156955, 157071, 157251, 157395, 157589, 157701, 157840, 157942, 158310, 158388, 158436, 158638, 158650, 158881, 159028, 159039, 159061, 159098, 159131, 159148, 159210, 159218, 159341, 159629, 159685, 160065, 160068, 160151, 160206, 160233, 160284, 160308, 160945, 160956, 161124, 161160, 161241, 161995, 162145, 162161, 162634, 162672, 162683, 162787, 162959, 163281, 163462, 163707, 163847, 164025, 164042, 164062, 164091, 164120, 164173, 164251, 164591, 164596, 165049, 165297, 165323, 165591, 165621, 165727, 165784, 166494, 166567, 166586, 166879, 167217, 167224, 167237, 167245, 167305, 167332, 167652, 167730, 167755, 167785, 167842, 167872, 167892, 167935, 167954, 168371, 168834, 168909, 168935, 168948, 169141, 169251, 169297, 169761, 169804, 169938, 170707, 170760, 170796, 170885, 170933, 170951, 171400, 171449, 171568, 171610, 171796, 171967, 171998, 172450, 172495, 172506, 172805, 172992, 173180, 173187, 173453, 173566, 173569, 173582, 173664, 173674, 173751, 173792, 173853, 174127, 174559, 174649, 174688, 174729, 175340, 175547, 175633, 175741, 175866, 176273, 176449, 176880, 176891, 177179, 177332, 177393, 177438, 177482, 177551, 177826, 178202, 178274, 178474, 178486, 178931, 178966, 178995, 179165, 179223, 179246, 179315, 179562, 180094, 180173, 180273, 180367, 180717, 181182, 181239, 181395, 181469, 181706, 181746, 181820, 181871, 182155, 182160, 182167, 182264, 182288, 182310, 182319, 182337, 182870, 182943, 183392, 183406, 183410, 183567, 183632, 183727, 184053, 184123, 184169, 184182, 184193, 184213, 184454, 184645, 184659, 184686, 184701, 184732, 184931, 184985, 185279, 185293, 185333, 185377, 185585, 185810, 185934, 186035, 186091, 186100, 186721, 186825, 187433, 187482, 187639, 187812, 187844, 187870, 187948, 187988, 188053, 188307, 188343, 188484, 188507, 188644, 188719, 189092, 189188, 189197, 189482, 190041, 190064, 190205, 190214, 190339, 190364, 190376, 191250, 191311, 191323, 191342, 191379, 191453, 191476, 191489, 191623, 191760, 192115, 192133, 192251, 192257, 192400, 192404, 192419, 192424, 192578, 192661, 192676, 192683, 193324, 193363, 193400, 193408, 193508, 193559, 193767, 194335, 194485, 194650, 194805, 194975, 194979, 195000, 195205, 195233, 195237, 195386, 195644, 195819, 196111, 196160, 196964, 197227, 198114, 198654, 198662, 198668, 198700, 198792, 198821, 199004, 199726, 199870, 199964, 200151, 200216, 200326, 200484, 200694, 200724, 200824, 201190, 201249, 201531, 202099, 202125, 202160, 202861, 203001, 203187, 203458, 203731, 204616, 205635, 205814, 205820, 207358, 207621, 207676, 207938, 208027, 208058, 208066, 208195, 208282, 208340, 208389, 208570, 208703, 208812, 209058, 209122, 209134, 209391, 209774, 209811, 210053, 210244, 210325, 210613, 210710, 210903, 210914, 210965, 211114, 211125, 211140, 211204, 211276, 211398, 211421, 211605, 211671, 211987, 211992, 212186, 212197, 212790, 212989, 213120, 213255, 213358, 213530, 213828, 213967, 214043, 214063, 214091, 214269, 214407, 214464, 214474, 214799, 214885, 215076, 215120, 215163, 215196, 215292, 215305, 215502, 215539, 215638, 215657, 215733, 215777, 215790, 215934, 216265, 216469, 216503, 216673, 216730, 216848, 216899, 217003, 217062, 217110, 217396, 217399, 217472, 217519, 217719, 217775, 217812, 217837, 218071, 218101, 218147, 218157, 218457, 218612, 218857, 218885, 219469, 219531, 219617, 219680, 219707, 219739, 219876, 219937, 219995, 220005, 220109, 220164, 220295, 220377, 220489, 220524, 220636, 220899, 220910, 221001, 221014, 221102, 221382, 221412, 221511, 221788, 221796, 221843, 221856, 222130, 222187, 222208, 222263, 222498, 222579, 222680, 222730, 222751, 223005, 223167, 223379, 223475, 223528, 223644, 223651, 223789, 223860, 223907, 224156, 224185, 224237, 224250, 224500, 224504, 224649, 224703, 224792, 224854, 224985, 225004, 225443, 225600, 225614, 225766, 225816, 225828, 225853, 225913, 226248, 226480, 226485, 226509, 226537, 226627, 226756, 226861, 226869, 226873, 226983, 227527, 227631, 227738, 227846, 228158, 228796, 228973, 229187, 229423, 230065, 230095, 230217, 230454, 230780, 230809, 230956, 231259, 231309, 231961, 232269, 232448, 232469, 232680, 232688, 232710, 233215, 233248, 233374, 234068, 234099, 234146, 234194, 234255, 234271, 234534, 234552, 235096, 235385, 235538, 235599, 236257, 236555, 236591, 237043, 237133, 237191, 237265, 237340, 237352, 237588, 237609, 237628, 237800, 238201, 238261, 238277, 238314, 238323, 238522, 239738, 239780, 240767, 240890, 242985, 243001, 244701, 244706, 244713, 244919, 245647, 245902, 245955, 246004, 246088, 246114, 246376, 246657, 246890, 246928, 247554, 247642, 247650, 248376, 248415, 248424, 248708, 248990, 249070, 249335, 249381, 249536, 249552, 249571, 249735, 249786, 249872, 249901, 249989, 250193, 250315, 250606, 250996, 252084, 252279, 252560, 253049, 253065, 253450, 255925, 257556, 257726, 257730, 257800, 259050, 259101, 259365, 259659, 260109, 260243, 260443, 260627, 260848, 260882, 261110, 261337, 261500, 261557, 261714, 261737, 261748, 261773, 261794, 261797, 261860, 261909, 261974, 262512, 262863, 262879, 263014, 263050, 263140, 263491, 263596, 263645, 264728, 264803, 264970, 265008, 265381, 265401, 265407, 265463, 265610, 265700, 265981, 266011, 266112, 266583, 266711, 266763, 266844, 267016, 267246, 267538, 267803, 267892, 268076, 268110, 268285, 268317, 268351, 268439, 268449, 268454, 268484, 268657, 268785, 268988, 269061, 269209, 270441, 270555, 270764, 271295, 271370, 272267, 272628, 272635, 272684, 272866, 272954, 273343, 273902, 274028, 275104, 275391, 276431, 276513, 276749, 277565, 277577, 278304, 278856, 279128, 279518, 279585, 279868, 280694, 280724, 281890, 282040, 282676, 283300, 283316, 283372, 283616, 283855, 283903, 284943, 285091, 285199, 285208, 285295, 285323, 285977, 286044, 286265, 286416, 286468, 286518, 286653, 286686, 286697, 287498, 291295, 291394, 291407, 291708, 291785, 292026, 292470, 292823, 293002, 293051, 293397, 293817, 293844, 293869, 294009, 294218, 294363, 294478, 294746, 294940, 295014, 295033, 295324, 295819, 296454, 296915, 296923, 297093, 297141, 297174, 297216, 297238, 297289, 297329, 297337, 297568, 297817, 298008, 298180, 298888, 304956, 305862, 306187, 306342, 306350, 309340, 310808, 313745, 313790, 316008, 328342, 328461, 330991, 335101, 335145, 335231, 335268, 347211, 358433, 358441, 358462, 360043, 361707, 365637, 368273, 371226, 375393, 377890, 377901, 377939, 378405, 378438, 378563, 379247, 379321, 379369, 379434, 379876, 379894, 380771, 384461, 384486, 385605, 392106, 392589, 392603, 392639, 392762, 392794, 392991, 394035, 396560, 397064, 397235, 397751, 399068, 400133, 400167, 400220, 400701, 400735, 401817, 402744, 403056, 403113, 403695, 403940, 404047, 404462, 404480, 406646, 406836, 407770, 407914, 407993, 408423, 409037, 409342, 410222, 410304, 411935, 412073, 412103, 412479, 412579, 412825, 413080, 413572, 413651, 413745, 413960, 414086, 414430, 414660, 414666, 414692, 414953, 414967, 415184, 415214, 415383, 415403, 415560, 415674, 415947, 415985, 416100, 417150, 417212, 417249, 417272, 417548, 417649, 417922, 418077, 418107, 418206, 418232, 418312, 418326, 418378, 418394, 418597, 418789, 418941, 418951, 419360, 419550, 419564, 419569, 419731, 420375, 420830, 421504, 423448, 426334, 426355, 426374, 426575, 427074, 427429, 429894, 429940, 429970, 430002, 431107, 431131, 431142, 431814, 432398, 432785, 433407, 433943, 434134, 434382, 435049, 435086, 435373, 435540, 435752, 435844, 435951, 436010, 436591, 436605, 436880, 437188, 437343, 437876, 438911, 438945, 439139, 439522, 440564, 440582, 440590, 441711, 441814, 441989, 442181, 442545, 442888, 443019, 443244, 443581, 444145, 444178, 444414, 444719, 444819, 445010, 445438, 445453, 446026, 446790, 446999, 447256, 447461, 447875, 447894, 448024, 448435, 448453, 448616, 448634, 449182, 449200, 449600, 449616, 450092, 450584, 450606, 450625, 450631, 450647, 450945, 451725, 452468, 453143, 453156, 453209, 453333, 453711, 455261, 457596, 457633, 457658, 460107, 460551, 462039, 462563, 463199, 463983, 464430, 464461, 464703, 464733, 464876, 465362, 465747, 465852, 465901, 466761, 467017, 467167, 467310, 467459, 467534, 467621, 467627, 467686, 467792, 467837, 467850, 468051, 468106, 468146, 468170, 468264, 468277, 468419, 468460, 468466, 468741, 469303, 469536, 469792, 469893, 471566, 472208, 475686, 479329, 479655, 480863, 480883, 481326, 481450, 481861, 481915, 481997, 482277, 482350, 482392, 482634, 482655, 486845, 487087, 487223, 488550, 488596, 488693, 488877, 488912, 489004, 489108, 489231, 489241, 489342, 489444, 489598, 490447, 490597, 490937, 491007, 491169, 491346, 491358, 491416, 491509, 491601, 491667, 491883, 492063, 492724, 494439, 496264, 496439, 496601, 496889, 496922, 496941, 497269, 497436, 497458, 497721, 499629, 499678, 499696, 499734, 499801, 500057, 500154, 500347, 500373, 500516, 500528, 500596, 500709, 500753, 500805, 500891, 501632, 501773, 502051, 502064, 503077, 503118, 503301, 503379, 503719, 503749, 503961, 504266, 504534, 504595, 504901, 504919, 504970, 505129, 505282, 505311, 505338, 505408, 505425, 505619, 505630, 505836, 506286, 506311, 506413, 506494, 506599, 506694, 507097, 507294, 507377, 507390, 507409, 507674, 508126, 508143, 508309, 508489, 508847, 508939, 509045, 509155, 509175, 509225, 509690, 509888, 510897, 510942, 511540, 511862, 511879, 512018, 512078, 512134, 512376, 512415, 512546, 512633, 512792, 513247, 513317, 513353, 513373, 513576, 513583, 513740, 513799, 514415, 514750, 514837, 514924, 515018, 515043, 515168, 515204, 515243, 515311, 515497, 515503, 515532, 515582, 515786, 515868, 516002, 516017, 516137, 516408, 516482, 516623, 516899, 516978, 517093, 517219, 517342, 517355, 518030, 518527, 518624, 518656, 518842, 519269, 519332, 519415, 519501, 519508, 519543, 519867, 519943, 519954, 520379, 520488, 520662, 520780, 520788, 521420, 521450, 521557, 521693, 521760, 521794, 521907, 522269, 522497, 523073, 523088, 523178, 523231, 523463, 523472, 524393, 524692, 525472, 525725, 525989, 527378, 527411, 527530, 528006, 528270, 528294, 528372, 528605, 528816, 528848, 528855, 528936, 529167, 529302, 529395, 529432, 529638, 529954, 530047, 530118, 530127, 530204, 530308, 530479, 530505, 531158, 531449, 531533, 531655, 531697, 531730, 531874, 531958, 532039, 532056, 532362, 532515, 532624, 532749, 532822, 532853, 533554, 533697, 533720, 533766, 533801, 534148, 534405, 534485, 534853, 534903, 534937, 534954, 535224, 535349, 535371, 535432, 535499, 535580, 535643, 535888, 536015, 536200, 536288, 536326, 536341, 536379, 536645, 536750, 537449, 537470, 537483, 537580, 537622, 537679, 537929, 538101, 538139, 538241, 539915, 540399, 540520, 540897, 541451, 541499, 541605, 541655, 542155, 542161, 542564, 542617, 542838, 543041, 543581, 543767, 543794, 543946, 543979, 544014, 544034, 544198, 544570, 544591, 545048, 546009, 546100, 546616, 547074, 547930, 548044, 548089, 548127, 548308, 548471, 548588, 548907, 549013, 549067, 549173, 549518, 550214, 550416, 550575, 550607, 550634, 551241, 551300, 551549, 552926, 552965, 553207, 553282, 553304, 553417, 553535, 554430, 554488, 554543, 554552, 554785, 555220, 555224, 555616, 556325, 556571, 556730, 557072, 557096, 557255, 557348, 557528, 557558, 557813, 557961, 558158, 558164, 558280, 558289, 558323, 558605, 560775, 560779, 561040, 562102, 562240, 562824, 562844, 562868, 562946, 562955, 562961, 563097, 563112, 563172, 563372, 563416, 563510, 563566, 563844, 564816, 564887, 565552, 566166, 566220, 566977, 567014, 567080, 567096, 567184, 567292, 567322, 567382, 567970, 568091, 568263, 568467, 568612, 568926, 569307, 569839, 569937, 569982, 570352, 570557, 570564, 570647, 570796, 571030, 571332, 571646, 571786, 572088, 572108, 572167, 572193, 572220, 572374, 572458, 572529, 572554, 572714, 573090, 573107, 573442, 573680, 573842, 573858, 574211, 574245, 574330, 574407, 574538, 575002, 575190, 575329, 575379, 575489, 575555, 575762, 575937, 575986, 576248, 576696, 576725, 577038, 577141, 577239, 577253, 577349, 577583, 578095, 578161, 578181, 578322, 578328, 578348, 578399, 578775, 578786, 578912, 578934, 578971, 579460, 579501, 579549, 579785, 579901, 579921, 580000, 580202, 580585, 580899, 581001, 581174, 581358, 581486, 581558, 581686, 581820, 582852, 582896, 583619, 583677, 583781, 583817, 583868, 583879, 583907, 583927, 583950, 584067, 584098, 584276, 586522, 586534, 587179, 588165, 592168, 592170, 597605, 597612, 597950, 597953, 599015, 599289, 599345, 599494, 602355, 603671, 603771, 603926, 604533, 606353, 611297, 611844, 611875, 613733, 616186, 618567, 621765, 627188, 627206, 627258, 629767, 630358, 633188, 634167, 634182, 634303, 634342, 634659, 637132, 637181, 637194, 637268, 637427, 637875, 637931, 637990, 639157, 639822, 640189]
