6,1,[720]
9,20,[64, 1009, 1094, 1125, 1176, 1685, 1826, 1845, 1952, 1962, 2144, 2192, 2219, 2237, 2339, 2355, 2394, 2444, 2454, 2485]
10,2143,[5666, 7268, 8423, 8468, 9521, 12012, 12109, 12122, 12132, 13922, 14078, 14187, 14196, 14202, 14619, 14639, 15652, 16176, 16618, 19442, 20689, 20801, 21177, 21571, 25514, 25821, 25986, 29898, 29948, 30248, 30615, 30893, 30982, 31207, 31301, 31738, 31965, 31968, 32219, 32242, 32952, 33051, 33099, 33369, 33804, 33945, 34109, 34112, 34156, 34233, 34247, 34269, 34278, 34345, 34355, 34379, 34479, 34596, 34613, 34619, 34763, 35300, 35495, 35545, 35830, 35880, 35899, 35993, 35998, 36025, 36080, 36299, 36309, 36324, 36354, 36378, 36381, 36528, 36541, 36576, 36593, 36613, 36746, 36892, 36914, 36938, 36976, 37239, 37505, 37514, 38222, 38245, 38269, 38390, 39123, 39228, 39261, 39279, 39321, 39667, 40039, 40062, 40076, 40178, 40267, 40280, 40302, 40469, 40962, 41202, 41218, 41270, 41276, 41451, 41673, 42220, 42277, 42436, 42440, 42466, 42473, 42507, 42520, 42564, 42725, 42805, 43019, 43083, 43086, 43105, 43114, 43123, 43139, 43190, 43224, 43266, 43296, 43345, 43378, 43392, 43532, 43567, 43584, 43602, 43619, 43637, 43649, 43681, 43692, 43751, 43755, 43765, 43805, 43816, 43910, 43949, 43991, 44008, 44295, 44314, 44346, 44367, 45584, 45653, 45886, 46259, 46447, 46456, 46469, 46558, 46579, 51654, 51761, 52016, 52111, 52122, 52182, 52259, 52279, 52337, 52341, 52382, 52435, 52488, 52548, 52653, 52677, 52740, 52837, 52881, 52908, 52957, 52988, 53009, 53076, 53085, 53113, 53205, 53251, 53263, 53317, 53372, 53403, 53418, 53422, 53772, 53793, 53810, 55218, 55261, 59874, 60504, 62407, 62448, 62519, 62546, 63819, 63825, 63978, 63991, 64045, 64125, 64160, 64170, 64195, 64272, 64352, 69703, 70006, 70015, 70246, 70363, 70507, 70544, 71222, 71376, 71530, 71575, 71995, 72018, 72034, 72084, 72116, 72353, 72398, 72539, 72592, 72646, 72702, 72913, 72922, 74355, 74374, 76526, 82512, 82699, 85842, 86853, 86887, 86993, 87035, 87085, 87091, 87127, 87143, 87188, 87237, 87251, 87342, 87417, 87430, 87573, 87645, 87702, 87708, 87725, 87730, 88039, 88050, 88257, 88485, 88539, 88565, 88603, 88643, 88802, 88856, 88908, 88932, 88967, 88990, 89053, 89065, 89463, 90108, 90207, 91363, 91491, 91500, 93291, 93321, 93746, 93803, 93855, 93970, 94024, 94033, 94070, 94075, 94078, 94083, 94114, 94281, 94305, 94402, 94541, 94625, 94648, 94675, 94722, 94786, 94792, 94816, 94933, 94971, 95070, 95663, 95835, 96132, 96551, 96560, 96563, 96795, 96807, 96815, 96849, 97103, 97222, 98602, 100706, 100712, 102060, 102827, 105578, 106006, 106179, 106324, 106396, 106678, 106698, 106819, 106837, 106874, 107457, 107624, 107726, 107980, 108319, 109323, 109764, 110157, 110171, 110176, 110202, 110208, 110399, 110450, 110551, 111228, 111406, 111571, 111608, 111612, 111913, 111947, 111992, 112270, 112378, 114378, 114450, 114726, 114739, 115048, 116437, 116692, 116882, 116972, 117157, 118120, 118159, 118213, 118306, 118344, 118354, 118382, 118499, 118836, 118849, 122001, 122088, 122120, 122136, 122346, 122376, 122389, 122464, 122481, 122494, 122510, 122527, 122546, 122560, 122581, 122595, 122608, 122622, 122639, 122824, 122846, 123420, 124254, 124679, 125844, 125957, 126094, 126609, 126667, 126679, 126938, 127212, 127350, 127372, 127386, 127504, 127516, 127611, 127647, 127684, 127954, 127989, 128050, 128198, 128527, 128623, 128743, 128752, 129649, 129710, 129738, 129750, 129945, 129963, 130042, 130077, 130089, 130108, 130363, 130372, 130383, 130401, 130545, 130645, 130768, 130794, 130803, 130833, 130913, 131235, 131252, 131295, 131321, 131383, 131559, 131655, 131669, 131677, 131690, 131997, 132012, 132024, 132066, 132113, 132264, 132703, 132719, 132765, 132810, 132931, 132941, 132950, 132954, 132957, 133009, 133063, 133102, 133239, 133617, 134522, 134690, 134857, 135228, 135576, 135649, 137380, 139070, 139083, 139162, 143319, 143728, 143779, 143792, 143814, 143856, 143871, 143912, 143932, 143973, 144003, 144511, 145063, 145090, 145105, 145235, 145480, 145932, 146554, 146908, 147035, 147085, 147120, 147142, 147228, 148568, 148603, 148635, 148654, 148671, 148722, 148778, 148813, 148820, 149479, 150872, 150938, 150969, 150991, 151025, 151038, 151044, 151074, 151109, 151178, 151191, 151208, 151250, 151274, 151329, 151357, 151373, 151943, 152193, 152442, 152461, 152513, 153013, 153978, 154329, 154384, 155660, 155870, 156393, 156483, 156768, 156939, 158000, 158011, 158129, 158181, 158318, 158443, 158546, 158668, 158681, 159173, 159217, 159341, 159479, 159895, 159989, 160096, 160131, 160133, 160571, 161153, 161423, 161556, 161621, 162746, 163015, 163026, 163169, 163883, 163925, 164279, 164739, 164770, 164974, 165354, 165364, 165373, 165962, 166051, 166225, 166267, 166358, 166625, 166646, 166730, 166735, 166745, 166772, 166967, 167385, 167497, 167659, 167665, 167676, 167692, 167696, 167708, 167726, 167865, 167869, 167891, 167962, 168053, 168094, 168136, 168149, 168317, 168663, 168673, 168705, 168755, 168769, 168865, 168923, 168947, 168975, 168980, 169014, 169037, 169096, 169202, 169229, 169247, 169391, 169468, 169499, 169795, 169837, 169918, 170034, 170052, 170073, 170092, 170105, 170138, 170146, 170161, 170191, 170227, 170233, 170252, 170266, 170294, 170328, 170433, 170466, 170487, 170515, 170577, 170614, 170797, 170866, 170957, 170967, 171122, 171273, 171370, 171486, 172753, 172846, 173681, 173877, 177054, 179400, 179440, 179462, 179636, 179688, 180285, 181387, 181427, 181436, 181861, 181872, 182333, 182512, 182521, 182700, 183628, 183648, 183663, 183713, 184141, 184498, 184541, 184576, 184585, 184613, 184626, 184630, 185105, 185336, 185611, 186014, 186025, 186049, 186119, 186296, 186328, 186370, 186404, 186658, 186667, 186685, 186704, 186706, 187173, 187827, 187878, 187899, 188248, 188509, 189501, 189523, 189570, 189609, 190473, 190892, 190958, 191748, 191859, 192024, 192039, 192076, 192207, 192570, 192788, 192804, 192868, 193033, 193052, 193064, 193168, 193196, 193408, 193574, 193755, 193765, 193777, 193798, 193830, 193840, 193898, 193928, 193941, 193958, 193994, 194217, 194228, 194726, 194729, 194744, 194753, 194924, 194936, 194952, 195722, 195759, 195768, 196221, 196255, 196312, 196482, 197594, 197817, 197824, 197875, 198183, 198215, 198684, 198691, 198706, 198759, 198849, 198885, 199046, 199078, 199108, 199221, 200283, 200292, 200298, 201919, 202065, 202071, 202087, 202102, 203145, 203357, 203555, 203919, 206074, 206095, 206450, 206523, 206563, 206620, 206644, 206681, 206759, 206811, 206821, 206838, 207023, 207058, 207089, 207110, 207185, 207278, 207289, 207465, 207498, 207687, 207977, 208072, 210000, 210027, 210039, 210100, 210134, 210194, 210215, 210266, 210303, 210494, 210565, 210577, 210644, 210664, 211636, 211715, 211847, 211853, 213281, 213293, 213615, 213626, 213749, 213757, 213772, 213779, 215031, 215052, 215062, 215140, 215297, 215304, 215484, 215534, 216308, 216518, 216586, 216728, 217521, 217524, 217781, 217856, 217881, 218343, 218345, 218922, 219291, 220840, 220842, 221727, 222400, 222440, 222460, 223637, 223960, 224589, 224632, 224724, 225301, 225646, 226700, 226932, 227779, 227783, 227812, 227910, 227916, 227923, 227927, 227981, 228015, 228091, 228235, 228764, 229327, 229744, 230024, 230062, 230167, 230749, 231044, 231224, 233089, 233346, 234431, 235424, 235438, 235584, 235800, 236114, 236183, 236328, 236810, 237085, 237225, 237614, 237824, 238008, 238254, 238261, 238306, 238452, 241504, 244909, 245062, 245069, 245297, 246711, 246964, 247869, 247996, 248132, 248194, 248221, 248367, 248516, 248634, 248671, 248712, 248747, 248978, 248986, 248999, 249008, 249015, 249433, 249687, 249777, 249826, 249845, 250108, 250138, 250280, 250302, 250356, 250665, 250696, 250811, 251436, 251877, 254345, 254947, 255208, 255334, 255428, 255456, 255968, 255987, 255994, 256037, 256491, 256706, 258107, 258131, 258146, 258539, 258615, 258656, 258718, 258744, 258783, 258864, 258913, 258925, 258940, 259127, 259299, 259326, 259482, 259506, 259573, 259574, 259926, 260017, 261082, 261110, 261120, 261173, 261206, 261265, 261331, 261369, 261924, 262699, 263118, 263920, 264218, 264448, 264478, 264480, 265059, 265327, 265688, 266045, 266166, 266377, 266817, 266941, 267470, 267505, 267616, 267687, 267696, 267725, 267829, 267839, 267843, 267940, 267944, 267980, 268217, 268519, 268620, 268624, 269059, 269205, 269212, 269576, 270121, 270223, 272097, 272103, 272179, 272451, 272584, 272646, 272831, 272998, 273121, 273149, 273173, 273559, 273624, 273684, 273802, 273838, 273877, 273935, 273946, 273961, 273989, 274636, 274814, 275002, 275016, 275905, 276118, 276158, 276192, 276228, 276348, 276392, 276799, 277100, 277138, 277165, 277388, 277467, 277750, 278509, 278542, 278601, 278897, 278958, 278973, 278976, 279085, 279092, 279928, 280422, 280960, 281041, 281278, 281605, 282182, 282198, 282212, 282258, 282522, 282622, 282699, 282728, 282933, 282987, 283011, 283716, 285242, 285396, 285424, 285579, 285636, 285688, 286016, 286071, 286091, 286185, 286198, 286771, 286796, 286873, 287607, 287639, 287664, 287759, 287825, 287831, 287837, 287850, 287893, 287899, 287938, 287943, 287959, 288011, 288025, 288063, 288141, 288531, 288932, 289178, 289249, 289484, 289534, 289554, 289623, 289635, 289745, 289966, 289972, 289992, 290474, 290953, 291115, 291400, 292013, 292282, 292449, 292584, 292766, 292787, 293074, 293385, 293614, 293632, 293676, 293683, 293696, 293773, 293818, 293827, 293903, 294163, 294190, 295252, 295258, 295624, 295763, 295828, 295880, 295990, 296086, 296912, 300713, 300995, 302434, 302799, 307977, 308127, 308672, 308796, 311238, 311462, 311501, 312041, 312057, 312450, 312494, 313300, 313348, 314203, 314419, 314428, 314476, 315158, 315520, 316520, 316676, 316682, 317529, 317554, 318247, 320437, 320584, 320619, 320852, 320937, 320969, 321041, 321210, 321233, 321300, 321306, 321494, 321829, 321854, 322541, 322595, 323108, 323340, 323677, 323835, 324155, 324639, 324857, 325039, 325046, 325062, 325073, 325080, 325217, 325462, 325581, 325593, 325673, 326645, 326659, 326670, 327044, 327480, 327537, 328096, 328104, 328179, 328189, 328484, 328924, 329068, 329188, 329424, 329496, 329812, 329854, 329877, 330066, 330451, 330506, 330532, 330923, 331389, 331465, 331860, 332695, 332730, 332812, 333018, 333061, 333120, 333164, 333221, 333274, 333350, 333586, 333594, 333613, 333756, 334133, 334181, 335065, 335203, 335277, 335316, 335330, 335502, 335542, 335563, 335630, 336103, 336222, 336647, 336817, 337408, 337560, 337603, 337869, 337892, 338357, 338407, 338428, 341130, 342141, 342161, 342447, 343795, 343987, 343994, 344782, 344822, 344832, 344892, 344933, 348745, 348900, 350001, 350008, 350087, 353908, 355347, 355559, 355568, 355759, 356275, 358292, 361010, 363162, 363168, 363311, 363731, 363781, 363824, 364222, 364291, 364374, 364384, 364406, 364417, 364437, 365078, 365338, 365607, 365684, 365700, 365855, 365989, 366126, 366433, 366510, 366567, 366576, 366714, 366828, 366998, 367082, 367130, 367221, 367315, 367403, 367540, 367563, 367760, 367800, 368237, 368268, 368424, 368508, 368601, 368827, 369041, 369149, 369441, 369713, 370516, 370624, 370759, 370765, 371375, 371911, 372586, 372759, 372825, 372960, 373256, 373333, 373362, 373391, 373703, 373893, 374168, 374362, 374487, 374556, 375203, 375237, 375562, 375620, 375664, 375888, 376109, 376168, 376789, 376876, 376983, 377122, 377261, 377262, 377385, 377399, 377511, 378320, 380189, 380319, 380835, 381592, 381621, 381927, 382138, 382205, 382224, 382463, 382466, 382741, 384262, 385055, 385261, 385372, 385586, 386085, 386104, 386116, 386180, 386432, 386564, 386688, 386712, 386735, 386822, 387130, 387749, 387754, 388050, 388172, 388595, 388755, 389676, 390173, 390431, 390743, 390756, 390792, 390854, 390921, 390981, 391044, 391117, 391202, 391439, 391518, 391530, 391697, 391902, 391910, 391994, 393128, 393395, 393418, 393848, 393865, 394877, 394896, 394909, 395093, 395667, 395819, 395882, 395941, 396042, 396354, 396470, 396523, 396547, 396632, 396665, 396937, 397013, 397185, 397439, 397641, 397706, 397798, 397998, 398041, 398061, 398083, 398095, 398222, 398409, 398742, 399305, 399564, 400173, 400232, 400240, 400249, 400408, 400465, 401048, 401085, 401219, 401285, 401448, 401616, 401933, 402102, 402227, 402966, 403474, 403736, 404024, 404128, 404799, 404859, 405079, 405144, 405764, 406060, 406288, 406377, 406482, 406502, 406510, 406547, 406894, 407007, 407035, 407477, 407482, 407557, 408069, 408099, 408109, 408141, 408193, 408220, 408323, 408357, 408372, 408554, 408575, 408915, 408924, 409007, 409245, 409342, 409399, 409471, 409614, 409688, 410029, 410287, 410447, 410456, 410507, 410994, 411059, 411065, 411193, 411401, 411879, 412599, 413068, 413160, 413825, 413846, 413936, 414143, 414185, 414480, 415005, 415269, 415324, 415373, 415378, 415422, 415505, 415536, 416068, 416119, 416298, 416452, 416580, 416667, 416681, 417560, 417583, 417600, 417613, 417708, 417994, 418027, 418671, 418682, 418769, 418795, 418850, 418947, 419139, 419538, 419635, 420349, 420493, 420502, 420531, 420619, 421350, 421516, 422669, 422769, 422821, 423879, 424153, 424654, 424751, 425955, 426291, 426587, 426812, 426817, 427120, 427127, 427177, 427357, 427538, 427648, 427851, 428313, 428804, 429130, 429159, 429398, 429451, 429553, 431067, 431079, 431191, 433551, 435003, 435344, 435426, 435944, 436347, 436378, 436558, 436599, 436614, 436640, 436690, 436750, 436959, 436994, 437037, 439278, 439404, 440073, 441569, 441601, 441774, 442222, 442235, 443334, 443929, 444953, 444968, 445345, 445512, 445643, 445775, 445870, 446137, 446224, 446882, 446944, 447408, 447550, 447959, 448270, 448402, 449097, 449431, 449565, 449586, 450271, 450283, 450310, 450372, 450549, 450690, 450991, 451033, 451040, 451417, 451871, 452296, 452455, 452543, 452617, 452733, 452931, 453434, 453464, 453567, 453747, 453857, 453991, 454040, 454084, 454159, 454236, 454258, 454276, 454476, 454596, 454656, 454843, 455193, 457643, 458780, 459014, 459042, 459109, 459564, 459603, 459747, 459923, 460096, 460228, 460504, 460523, 460599, 460688, 463773, 464056, 464114, 464130, 464731, 464782, 466365, 467349, 467821, 468162, 468795, 469017, 469250, 469306, 469394, 469411, 469499, 469587, 469981, 470547, 470584, 470795, 471047, 471062, 471417, 471438, 471610, 471933, 471969, 472558, 472561, 472777, 472806, 472855, 472867, 472917, 473010, 473558, 473715, 474156, 474618, 474726, 474819, 474959, 476307, 476385, 476393, 476621, 476669, 476690, 476705, 476715, 476924, 476945, 477102, 477123, 477245, 477406, 477659, 478380, 479946, 480096, 480195, 480780, 480881, 481246, 481695, 482143, 482577, 482771, 482998, 483066, 483087, 483142, 483253, 483315, 483530, 483582, 483646, 483875, 484072, 484104, 484284, 484290, 484325, 484604, 484902, 485980, 486112, 486633, 486699, 486749, 486790, 486798, 487215, 487300, 487638, 488017, 488053, 488060, 488080, 488407, 488485, 488682, 488742, 488959, 488982, 488999, 489035, 489102, 489142, 489345, 490305, 491588, 491930, 491950, 491974, 492064, 492103, 492280, 492309, 492759, 493026, 493352, 493563, 493587, 493599, 493636, 493681, 494148, 494203, 494470, 494836, 495311, 496515, 496660, 496703, 497668, 497810, 497825, 497861, 499874, 500985, 501008, 501185, 502856, 503337, 503643, 504728, 505240, 509213, 509290, 512756, 512790, 513503, 514039, 514280, 514461, 515138, 518595, 518657, 519654, 519684, 519902, 520236, 520363, 520419, 520868, 520897, 521366, 521747, 521931, 522427, 523272, 523762, 524003, 524239, 524790, 524849, 525632, 527040, 527100, 528218, 528356, 528432, 529179, 529287, 529513, 529870, 529879, 530452, 530532, 530615, 530651, 531868, 531909, 531966, 533013, 533688, 533841, 533892, 533919, 533995, 534144, 534243, 534725, 535532, 535585, 535688, 536032, 536120, 536207, 536569, 538117, 538360, 538891, 539887, 540235, 540318, 543876, 544724, 544738, 544753, 544834, 544870, 545086, 545212, 545491, 545919, 546183, 546221, 547241, 547383, 547397, 547539, 547552, 547754, 547893, 548103, 548584, 553059, 553127, 554085, 554099, 554200, 554370, 554393, 554543, 554592, 554653, 554729, 557678, 557834, 558129, 558186, 558275, 558299, 558481, 558539, 561817, 565803, 565950, 565998, 566017, 566261, 566335, 566355, 566463, 566488, 566636, 566714, 566807, 566850, 567300, 567320, 567447, 567581, 567598, 567744, 567811, 568083, 568142, 568555, 568844, 569461, 569530, 571017, 571746, 571771, 572324, 572361, 572500, 572700, 572937, 573327, 573349, 573357, 573498, 573634, 574219, 574277, 574294, 574380, 574402, 574876, 576275, 576328, 576434, 577061, 577491, 577918, 578013, 578091, 578121, 579543, 579564, 579614, 579743, 579748, 579819, 579837, 580566, 581454, 582639, 582782, 583824, 584161, 584350, 584371, 588688, 588692, 588714, 589183, 589225, 589233, 589251, 591016, 591028, 595563, 597528, 600999, 617358, 618572, 619020, 619223, 619847, 619933, 620197, 620471, 620667, 620903, 620928, 621580, 622178, 623196, 625839, 625862, 625867, 627544, 630946, 633545, 634338, 635852, 637177, 638809, 639349, 640325]
11,13,[585, 1174, 1606, 1615, 5039, 10031, 10067, 12757, 13296, 13574, 14443, 14483, 19180]
12,14,[3650, 5501, 5861, 6006, 6347, 6948, 7946, 12028, 12321, 14266, 14404, 14689, 17723, 21737]
13,1,[434]
14,502,[472, 689, 994, 1172, 2283, 2953, 3222, 3995, 4101, 4147, 4165, 4188, 4195, 4209, 4224, 4274, 4704, 4877, 5114, 5186, 5872, 5946, 6496, 7231, 7308, 7313, 7391, 7837, 7953, 8659, 9279, 10531, 11462, 11660, 12044, 12731, 13722, 13960, 14067, 14656, 15034, 15425, 16169, 16407, 16505, 16684, 17295, 17560, 18042, 18180, 19214, 19405, 20000, 20198, 20220, 20776, 21462, 22179, 23191, 23414, 23940, 24163, 25300, 25544, 25713, 26078, 26840, 26946, 27809, 27994, 28761, 28959, 28972, 29032, 29688, 30464, 30557, 30685, 30744, 30770, 31220, 31244, 31409, 31605, 31657, 32252, 33233, 33400, 33479, 33930, 34044, 34678, 35553, 36434, 37520, 37671, 37753, 37817, 37826, 37915, 37918, 38588, 38694, 39026, 39174, 39637, 40044, 40667, 41466, 41584, 41589, 41650, 41724, 42220, 42319, 42556, 42986, 43136, 43361, 44028, 44237, 44246, 44316, 45043, 45368, 46209, 46439, 46570, 47070, 47256, 47489, 47506, 47551, 47558, 47576, 47584, 48218, 48404, 48908, 49598, 50607, 50835, 51708, 51919, 52044, 52124, 52405, 52900, 53259, 54021, 54201, 54879, 54983, 55265, 55271, 55795, 55959, 56612, 56781, 56798, 56840, 57241, 58113, 58325, 58340, 58345, 58388, 58389, 58394, 58415, 58416, 58420, 58435, 59194, 60464, 61132, 61753, 61932, 62746, 62949, 62964, 62972, 63623, 64115, 64312, 64325, 64456, 65032, 65041, 65216, 66260, 66969, 67089, 67744, 67901, 68917, 69547, 70323, 71103, 71710, 72085, 72708, 73176, 73376, 73957, 74123, 74237, 74240, 74674, 74812, 75018, 75025, 75032, 75047, 75624, 75738, 76594, 76734, 77049, 77776, 78739, 79003, 79813, 79970, 80208, 80257, 80270, 80287, 80862, 80967, 81139, 81264, 82464, 82706, 83625, 83964, 84794, 85734, 85914, 87010, 88262, 89374, 90290, 90495, 91132, 91352, 92450, 92653, 93215, 93538, 94393, 94571, 95403, 95563, 96236, 96329, 96426, 96501, 96973, 97102, 98075, 98830, 98920, 98989, 99010, 99042, 99068, 99518, 99680, 101089, 101897, 102103, 102150, 102867, 102973, 103124, 103127, 103134, 103157, 103600, 103705, 104326, 105153, 105807, 106154, 106780, 107631, 108098, 108919, 109681, 109898, 110429, 111182, 111793, 112437, 113195, 114038, 114366, 114863, 115435, 116609, 116734, 117280, 117452, 118081, 118196, 118272, 118285, 118290, 118303, 118317, 118341, 118365, 118368, 118708, 118801, 118979, 119368, 120281, 120374, 120378, 120429, 120435, 121067, 121265, 121798, 122427, 122575, 123480, 124512, 124722, 124792, 124800, 125383, 125993, 126962, 127989, 128145, 128980, 129865, 130073, 130093, 130487, 131050, 131683, 131929, 131968, 131981, 132208, 132705, 133401, 134649, 134909, 135716, 135879, 136169, 136300, 136990, 137228, 137760, 137909, 138975, 140084, 141257, 141783, 143001, 144080, 144801, 145432, 146169, 147164, 147934, 148489, 148710, 149139, 149791, 150380, 150566, 151015, 151619, 151715, 151886, 151959, 151962, 152580, 153477, 154335, 154542, 155062, 155272, 155798, 155985, 156011, 156621, 156832, 157367, 157552, 157620, 158229, 158580, 158586, 158651, 158657, 159472, 159924, 160218, 160338, 160341, 161457, 162623, 162802, 163083, 163095, 163189, 163807, 164707, 164942, 165653, 166015, 166151, 166750, 167016, 167732, 168020, 168028, 168068, 168799, 169004, 169120, 169148, 169871, 169964, 170708, 170852, 171173, 171176, 171189, 171223, 171226, 171964, 172231, 172762, 172991, 173274, 173869, 174073, 174689, 174835, 175770, 176757, 176933, 177293, 177790, 178007, 178053, 178058, 178699, 179589, 181081, 182247, 182498, 183124, 183816, 184331, 185328, 185627, 186313, 186967, 187188, 187947, 188452, 188947, 189742, 189913, 190201, 190405, 190932, 191066, 191144, 191154, 191216, 191286, 191665, 191667, 191811, 192224, 192849, 193091, 193982, 194708, 195363, 195501, 195895, 195933, 198188, 198940, 199923, 200746, 201356, 201454, 201917, 201933]
15,46,[2283, 3411, 7681, 12458, 14766, 16546, 17026, 17658, 18152, 19780, 20230, 20448, 20456, 20573, 20686, 21656, 22833, 24859, 32570, 32830, 34549, 37419, 41810, 48551, 49938, 57199, 63510, 70736, 70932, 71558, 73919, 97433, 100875, 100885, 104911, 105109, 107632, 121569, 123045, 124003, 126008, 135605, 137245, 139938, 143591, 145887]
16,6,[6010, 16339, 20729, 22315, 24634, 36848]
17,1761,[20, 106, 119, 220, 250, 261, 462, 686, 909, 940, 1371, 1549, 2619, 4519, 5999, 6161, 6526, 6535, 6583, 6600, 6629, 8095, 8197, 8266, 8429, 8470, 8506, 8864, 9044, 9054, 9124, 9504, 10567, 10764, 11141, 11262, 11406, 11863, 12117, 14499, 14929, 14937, 14961, 15358, 17202, 17337, 17378, 17385, 17441, 17796, 17895, 17937, 17947, 18085, 18787, 18800, 18808, 19009, 19140, 19368, 20100, 20333, 20383, 20606, 20625, 20659, 21497, 23481, 23490, 23628, 23711, 25131, 25274, 25301, 25413, 25436, 25440, 25529, 25691, 25716, 25762, 25826, 25858, 25889, 25916, 25935, 25944, 25982, 26203, 26508, 26519, 26527, 26666, 27109, 27129, 27141, 27204, 27455, 27585, 30402, 30438, 30505, 30578, 30625, 30701, 30751, 30809, 31022, 31267, 31341, 31425, 31435, 31457, 31468, 31488, 32123, 32374, 32645, 32722, 32740, 32899, 33035, 33173, 33484, 33561, 33618, 33626, 33762, 33879, 34043, 34127, 34173, 34265, 34359, 34447, 34587, 34610, 34808, 34846, 35284, 35315, 35472, 35559, 35656, 35874, 36064, 36106, 36237, 36534, 36806, 36839, 36880, 36913, 36983, 37023, 37167, 37429, 37450, 37579, 37660, 38066, 38069, 38244, 38256, 38433, 38542, 38669, 39173, 39737, 40307, 40341, 40778, 41664, 41720, 41769, 41819, 41852, 42221, 42252, 42341, 42523, 42558, 42577, 42583, 42641, 42651, 43961, 44034, 44072, 44150, 44470, 44536, 44541, 44549, 44607, 44622, 44653, 44759, 44767, 44796, 44812, 44830, 44845, 44882, 44894, 44907, 44987, 45007, 45063, 45406, 45776, 45830, 45861, 45913, 45938, 45960, 45969, 45992, 46006, 46020, 46381, 46589, 46613, 46676, 47228, 50538, 50630, 50917, 50931, 50949, 50969, 51004, 51119, 51430, 51443, 51640, 51700, 51739, 51779, 52199, 52223, 52394, 52413, 52450, 52509, 52550, 52553, 52685, 52843, 52932, 53033, 53170, 53215, 53398, 53677, 53702, 53856, 53861, 53870, 53884, 53904, 54007, 54056, 54104, 54110, 54145, 54502, 54529, 54692, 54784, 54897, 54926, 54945, 55048, 55088, 55101, 55133, 55183, 55615, 55617, 55621, 55640, 55653, 55666, 55676, 55694, 55723, 55735, 55935, 55985, 56234, 56251, 56404, 56422, 57188, 57716, 57849, 58060, 58063, 58326, 58363, 58417, 58730, 59836, 59843, 60407, 60478, 60496, 60607, 60628, 60647, 60677, 60691, 60838, 60944, 61113, 61239, 61274, 61394, 61424, 61485, 61593, 61785, 61810, 61830, 61904, 61921, 61990, 62042, 62093, 62099, 62182, 62309, 62326, 62409, 62603, 62881, 62911, 62919, 62997, 63030, 63054, 63092, 63098, 63122, 63209, 63229, 63357, 63368, 63391, 63512, 63515, 63526, 63553, 63622, 63719, 63731, 63880, 63984, 64012, 64069, 64098, 64157, 64299, 64303, 64468, 64564, 64623, 64634, 64816, 64823, 64897, 64905, 65036, 65046, 65057, 65078, 65087, 65096, 65174, 65297, 65437, 65448, 65486, 65589, 65859, 65901, 65956, 65995, 66007, 66014, 66167, 66310, 66734, 66765, 66835, 66870, 66983, 67242, 67392, 67484, 67684, 67881, 67890, 67902, 68213, 68257, 68323, 68444, 68982, 69003, 69246, 69310, 69334, 69532, 69645, 69972, 70084, 70108, 70149, 70332, 70368, 70385, 70434, 70457, 70604, 70615, 70632, 70925, 71074, 71146, 71166, 71176, 71202, 71218, 71327, 71416, 71423, 71439, 71448, 71470, 71493, 71529, 71601, 71680, 71682, 71701, 71713, 71719, 71724, 71729, 71744, 71759, 71785, 71802, 71837, 71976, 71984, 71994, 71999, 72041, 72049, 72083, 72210, 72294, 72354, 72578, 72628, 72714, 72894, 72963, 72988, 73070, 73086, 73181, 73187, 73214, 73230, 73246, 73292, 73377, 73423, 73516, 73556, 73641, 73669, 73682, 73742, 73771, 73827, 73839, 74012, 74063, 74128, 74183, 74210, 74422, 74670, 74722, 74727, 74790, 74803, 74814, 74820, 74893, 74901, 75039, 75094, 75145, 75232, 75240, 75250, 75299, 75411, 75442, 75492, 75513, 75534, 75538, 75554, 75563, 75586, 75592, 75644, 75829, 75866, 75874, 75897, 75907, 75941, 75961, 76048, 76164, 76212, 76275, 76309, 76420, 76617, 76625, 76629, 76897, 76952, 76982, 77022, 77044, 77330, 77378, 77422, 77427, 77447, 77453, 77494, 77594, 77608, 77961, 78040, 78265, 78289, 78380, 78466, 78857, 78874, 78884, 78952, 78977, 79002, 79031, 79062, 79133, 79171, 79188, 79247, 79255, 79266, 79343, 79373, 79430, 79452, 79466, 79477, 79488, 79537, 79556, 79692, 79843, 79910, 79944, 79958, 79977, 79986, 80070, 80091, 80111, 80142, 80211, 80218, 80243, 80328, 80476, 80599, 80676, 80711, 80733, 80768, 80805, 80853, 80870, 80893, 80899, 81030, 81061, 81114, 81160, 81181, 81204, 81237, 81240, 81285, 81472, 81573, 81630, 81632, 81990, 82017, 82061, 82080, 82086, 82118, 82129, 82155, 82211, 82222, 82295, 82312, 82316, 82412, 82460, 82466, 82601, 82664, 82810, 82949, 83046, 83506, 83607, 83624, 83628, 83877, 84076, 84088, 84198, 84245, 84267, 84340, 84369, 84380, 84439, 84538, 84545, 84589, 84686, 84723, 84748, 84769, 84809, 84812, 84848, 84876, 84919, 84939, 85018, 85621, 85818, 86294, 86633, 86911, 87107, 87395, 87720, 87783, 87882, 87898, 87925, 87951, 88554, 88600, 88616, 88647, 88664, 88675, 88728, 88788, 88820, 88916, 88977, 89058, 89091, 89110, 89290, 89332, 89373, 89379, 89403, 89416, 89436, 89517, 89549, 89551, 89645, 89660, 90115, 90130, 90135, 90169, 90183, 90337, 90441, 90454, 90502, 90592, 90632, 90645, 90660, 90673, 90754, 90903, 90992, 91172, 91280, 91292, 91307, 91413, 91437, 91456, 91467, 91495, 91520, 91558, 91627, 91748, 91770, 91860, 91976, 92068, 92229, 92261, 92531, 92558, 92583, 92615, 92709, 92993, 93084, 93161, 93214, 93774, 93908, 94549, 94564, 95003, 95060, 95106, 95148, 95298, 95605, 95624, 95740, 95766, 95788, 95800, 95842, 95871, 96101, 96235, 96382, 96440, 96571, 96634, 96717, 96867, 96966, 97260, 97288, 97334, 97347, 97435, 97523, 97539, 97610, 97635, 97921, 97996, 98046, 98055, 98072, 98152, 98244, 98305, 98332, 98379, 98391, 98640, 98919, 98920, 98970, 99221, 99232, 99998, 100192, 100918, 100987, 101162, 101167, 101580, 101719, 101911, 101939, 101993, 102423, 102473, 102546, 102569, 102613, 102650, 102932, 103627, 103743, 103844, 103878, 103881, 103912, 104115, 104332, 104334, 104364, 104374, 104399, 104450, 104498, 104672, 105353, 105377, 105523, 105563, 105806, 106050, 106174, 106192, 106381, 106415, 106426, 106437, 106448, 106646, 106766, 106803, 106880, 106925, 106932, 107349, 107526, 107536, 107744, 107766, 107807, 107840, 107870, 107946, 107970, 108338, 108343, 108363, 109283, 109774, 109810, 109818, 109908, 109914, 109926, 110008, 110169, 110206, 110240, 110244, 110485, 110494, 110505, 110655, 110727, 110742, 110749, 110875, 110878, 110890, 110954, 110983, 110994, 111020, 111095, 111385, 111771, 111898, 111922, 111973, 111986, 112020, 112034, 112078, 112238, 112457, 112463, 112494, 112565, 112607, 112648, 112650, 112675, 112679, 112726, 112957, 112971, 112987, 113020, 113096, 113113, 113385, 113493, 113688, 113795, 113855, 113930, 113933, 114036, 114050, 114062, 114158, 114173, 114629, 114730, 114779, 114925, 114962, 114981, 115018, 115090, 115257, 115293, 115353, 117010, 117043, 117196, 117510, 118626, 118651, 118665, 118679, 118726, 118733, 118752, 118783, 118847, 118877, 118896, 118900, 119035, 119063, 119072, 119589, 119747, 120057, 120148, 120269, 120728, 120738, 120759, 120773, 120821, 120973, 121019, 121036, 121070, 121180, 121678, 121796, 121931, 122175, 122236, 122569, 122669, 122687, 122760, 125177, 125231, 125317, 125558, 125566, 125617, 125794, 125816, 125823, 126091, 126145, 127427, 127847, 127943, 127977, 128081, 128104, 128160, 128299, 128340, 128428, 128435, 128537, 128700, 128708, 128734, 128779, 128929, 128983, 129040, 129133, 129441, 129518, 129835, 129863, 129876, 129899, 129927, 130077, 130359, 130376, 131279, 131303, 131388, 131527, 131641, 131703, 131753, 131839, 132012, 132024, 132042, 132178, 132269, 132301, 132605, 132850, 132971, 133475, 133525, 133534, 133565, 133630, 133648, 133941, 134163, 134178, 134284, 134362, 134432, 134468, 134490, 134508, 134537, 134550, 134676, 134696, 134715, 134735, 134808, 134814, 134862, 134868, 134893, 134911, 134990, 135006, 135065, 135086, 135094, 135098, 135128, 135140, 135312, 135320, 135343, 135390, 135402, 135413, 135418, 135600, 135639, 135669, 135706, 135727, 135910, 135952, 136032, 136182, 136436, 136461, 136543, 136569, 136983, 137141, 138014, 138341, 138790, 138814, 138869, 138875, 138962, 139074, 139269, 139305, 139411, 139429, 139608, 139651, 140100, 140569, 140601, 140847, 141621, 142116, 142145, 142148, 142403, 142800, 143361, 143658, 143876, 144802, 144916, 144962, 145001, 145100, 145171, 145192, 145224, 145287, 145317, 145395, 145508, 145655, 145698, 145851, 146027, 146540, 146563, 146841, 146887, 147048, 147092, 147766, 147780, 147810, 147968, 148336, 148341, 148365, 148856, 148890, 148995, 149043, 149083, 149134, 149281, 149301, 149508, 149570, 149615, 149752, 149787, 149908, 149916, 149968, 150004, 150015, 150022, 150044, 150052, 150069, 150091, 150106, 150110, 150201, 150226, 150252, 150259, 150864, 151113, 151140, 151231, 151508, 151531, 151578, 151596, 151614, 151736, 151759, 151828, 151906, 151928, 151950, 151953, 151969, 152137, 152264, 152281, 152389, 152646, 152677, 152761, 152854, 153319, 153339, 153535, 153567, 153583, 153781, 153816, 153906, 154051, 154106, 154292, 154326, 155395, 155497, 155552, 155612, 155679, 156012, 156035, 156411, 156501, 156519, 156544, 156721, 156982, 157001, 157023, 157069, 157226, 157364, 157371, 157387, 157396, 157938, 157969, 158036, 158050, 158065, 158115, 158207, 158522, 159079, 159112, 159122, 159151, 159235, 159281, 159447, 159638, 159794, 160072, 160133, 160190, 160250, 160339, 160356, 160385, 160421, 160436, 160673, 160718, 160752, 160803, 160850, 160938, 160963, 161038, 161055, 161198, 161272, 161309, 161372, 161449, 161540, 161565, 161575, 161707, 161713, 161780, 161884, 161936, 162081, 162141, 162186, 162792, 162804, 162835, 162879, 162914, 162922, 162937, 162943, 162949, 162955, 162981, 163027, 163344, 163515, 163653, 163887, 164218, 164485, 165316, 165321, 165347, 165352, 165880, 166077, 166086, 166254, 166270, 166285, 166304, 166343, 166347, 166389, 166425, 166654, 166694, 166718, 166737, 166756, 166934, 166966, 167034, 167133, 167159, 167315, 167395, 167549, 167579, 167597, 167615, 167742, 167800, 167817, 167941, 168005, 168015, 168042, 168071, 168131, 168229, 168288, 168311, 168482, 168493, 168535, 168542, 168569, 168661, 168815, 168990, 169047, 169106, 169131, 169253, 169361, 169570, 170242, 170422, 170434, 170597, 170624, 170817, 170873, 170998, 171285, 171303, 171366, 171395, 171569, 171743, 171932, 172016, 172034, 172069, 172207, 172218, 172252, 172272, 172358, 172374, 172387, 172402, 172422, 172609, 172688, 172796, 172889, 172934, 172962, 172991, 173049, 173076, 173111, 173153, 173175, 173188, 173490, 173493, 173515, 173551, 173590, 173617, 173633, 173701, 173811, 173856, 174365, 174373, 174482, 174511, 174538, 174767, 174804, 174950, 175253, 175283, 175322, 175326, 175333, 175382, 175390, 175467, 175556, 175605, 175843, 175927, 176220, 176548, 177050, 177438, 177471, 178572, 179413, 179477, 179563, 179957, 180058, 180138, 180145, 180181, 180199, 180266, 180327, 180385, 180392, 180424, 180459, 180477, 180535, 180980, 181419, 181725, 182109, 182114, 182383, 182431, 182612, 183608, 183663, 183745, 183812, 183824, 183849, 183914, 183920, 183948, 184002, 184137, 184146, 184185, 184317, 184429, 184621, 184630, 184667, 184735, 184745, 184788, 184817, 184902, 184945, 185105, 185111, 185303, 185368, 185396, 185449, 185466, 185492, 185529, 186022, 186190, 187101, 187184, 187199, 187214, 187228, 187314, 187353, 187419, 187749, 187767, 188302, 188328, 188363, 189123, 189253, 189263, 189286, 189398, 189464, 189883, 190183, 190202, 190274, 190542, 190558, 190642, 190750, 190776, 190780, 190911, 191010, 191289, 191359, 191386, 191390, 191439, 191449, 191613, 191620, 191632, 191678, 191692, 191697, 191744, 191816, 191974, 192009, 192037, 192071, 192119, 192307, 192357, 192531, 192691, 192721, 192886, 192933, 193215, 193252, 193286, 193431, 193548, 193573, 193592, 193676, 193812, 193888, 194008, 194129, 194227, 194611, 194657, 195213, 195310, 195324, 195327, 195366, 195415, 195421, 195577, 195594, 195604, 195665, 195879, 195913, 195999, 196013, 196027, 196100, 196163, 196224, 196241, 196263, 196278, 196368, 196440, 196612, 196907, 197015, 197123, 197151, 197237, 197250, 197313, 197398, 197438, 197557, 197978, 199427, 199436, 199552, 199596, 199908, 199930, 200570, 201267, 201599, 201944, 202039, 202505, 202515, 203012, 203891, 203911, 203951, 203982, 204073, 204131, 204137, 204183, 204291, 204353, 204495, 204578, 204690, 204733, 204798, 204812, 204832, 204884, 204892, 205005, 205503, 205632, 205647, 205656, 205853, 206090, 206138, 206157, 206257, 206273, 206302, 206329, 206670, 206755, 206853, 206937, 207008, 207027, 207053, 207092, 207153, 207244, 207405, 207423, 207473, 207523, 207531, 207544, 207572, 207734, 207851, 208062, 208304, 208329, 208339, 208404, 208432, 208524, 208575, 208632, 208660, 208680, 208724, 208848, 208875, 208958, 208986, 209059, 209577, 210204, 210669, 210687, 210703, 210710, 210817, 210881, 210908, 210941, 211171, 211202, 211474, 211579, 211704, 211830, 211938, 212100, 212148, 212222, 212234, 212267, 212273, 212280, 212287, 212291, 212298, 212302, 212309, 212323, 212466, 212492, 212497, 212510, 212532, 212655, 212719, 212748, 212769, 212868, 212875, 212920, 212927, 213155, 213207, 213797, 213923, 214001, 215153, 216195, 216355, 216484, 216564, 216643, 216663, 216668, 216691, 216788, 216876, 216932]
18,622,[555, 562, 898, 968, 1540, 1635, 1688, 1978, 2131, 2138, 2192, 2215, 2266, 2362, 2491, 2492, 2544, 2601, 2652, 2713, 2735, 2803, 2866, 2955, 3034, 3052, 3165, 3191, 3285, 3302, 3356, 3475, 3485, 3520, 3580, 3597, 3664, 3758, 4244, 4619, 4633, 4683, 4809, 5109, 5756, 5818, 5912, 5939, 6165, 6247, 7049, 7313, 8140, 8181, 8804, 10581, 11291, 11344, 11372, 11489, 11607, 11686, 11717, 11897, 12169, 12530, 12905, 13691, 15266, 15276, 15311, 15461, 16010, 16264, 17930, 18365, 18541, 19376, 19596, 19633, 19847, 20354, 20542, 20659, 21615, 21784, 21883, 22031, 22078, 22144, 22304, 22737, 24362, 25481, 25585, 25616, 25643, 25906, 26164, 26225, 26329, 26509, 26604, 26756, 26867, 27040, 27166, 28253, 28903, 29937, 30228, 30295, 30577, 31639, 31815, 32212, 32364, 32419, 32548, 32730, 33194, 33311, 33712, 33902, 34159, 34165, 34327, 35516, 35797, 35904, 35963, 36001, 37002, 37050, 37113, 37399, 37637, 37734, 38128, 38660, 38901, 39226, 39279, 39311, 39334, 40399, 40694, 40839, 41052, 41138, 41658, 41797, 41878, 41927, 42177, 42245, 42280, 42311, 42407, 42560, 42821, 43209, 43300, 43491, 43888, 43904, 43912, 44027, 44112, 44139, 44183, 44263, 44289, 44477, 44541, 45307, 45332, 45381, 45514, 45881, 45933, 46008, 46063, 46199, 46373, 46431, 46476, 47725, 48245, 48476, 48801, 48879, 48980, 49051, 49086, 50193, 50321, 50904, 51498, 51742, 52150, 53188, 54026, 54495, 54702, 54852, 54873, 54923, 54962, 55689, 55837, 56162, 56299, 56418, 56981, 57689, 57709, 57717, 57792, 57802, 59115, 59247, 59300, 59318, 59398, 59425, 61657, 61715, 61802, 61826, 61933, 62002, 62056, 62171, 62188, 62197, 62223, 62611, 62630, 62665, 62695, 62718, 62756, 62760, 62773, 62816, 62879, 62883, 63140, 63206, 63436, 63619, 64165, 64465, 64488, 64650, 64857, 64918, 64934, 65364, 65383, 65425, 65528, 65917, 65953, 66130, 66163, 66934, 67396, 67451, 67511, 67598, 68145, 68708, 70333, 70368, 70870, 71252, 73030, 73476, 73811, 74091, 75102, 75160, 75181, 75761, 75847, 75896, 75951, 75993, 76002, 76016, 76042, 76103, 76407, 76449, 76507, 76590, 76605, 76748, 76759, 76815, 77124, 77453, 77484, 77533, 77552, 77603, 77671, 77711, 77722, 77738, 77835, 77857, 77908, 77943, 78043, 78292, 78598, 78813, 78817, 78891, 78932, 79015, 79153, 79164, 79214, 79236, 79392, 79417, 79432, 79529, 81681, 82060, 82125, 82163, 82283, 82755, 82844, 83125, 83138, 83290, 83395, 83428, 83451, 83550, 83755, 83792, 83901, 83949, 83967, 84005, 84032, 84047, 84080, 84210, 84338, 84387, 84399, 84412, 84474, 85180, 85288, 85468, 85739, 86071, 86099, 86125, 86364, 86587, 86745, 86888, 86966, 87139, 87156, 87395, 87536, 87606, 87706, 87801, 87957, 88063, 88118, 88175, 88477, 88616, 88784, 89027, 89584, 89838, 89859, 89895, 89911, 89949, 90913, 91375, 91477, 91507, 91715, 92238, 92264, 92359, 92805, 92808, 92957, 93933, 93943, 94137, 94212, 94240, 94368, 94462, 94518, 94733, 94751, 94781, 94891, 94956, 94979, 94981, 95020, 95067, 95128, 95367, 95554, 95814, 95874, 95902, 96178, 96267, 96431, 96731, 96780, 97052, 97155, 97196, 97210, 97520, 98549, 98686, 98703, 98746, 98844, 98959, 99150, 99196, 99272, 99356, 99370, 100148, 100407, 100583, 100616, 101243, 101259, 101277, 101290, 101758, 102076, 102348, 102549, 102854, 102880, 103079, 103239, 103323, 103505, 103556, 103856, 103872, 104042, 104140, 104141, 104162, 104201, 104255, 104277, 104318, 104388, 104624, 104627, 104642, 104658, 104801, 104807, 104811, 104827, 104853, 104869, 104883, 104903, 104938, 104944, 104957, 104988, 105027, 105044, 105131, 105233, 105294, 105365, 105558, 105571, 105658, 105688, 105740, 105824, 105847, 105883, 105902, 106046, 106071, 106157, 106193, 107072, 107711, 108225, 108282, 109245, 109885, 110944, 111014, 112106, 112151, 112222, 112312, 112340, 112529, 112649, 112708, 112806, 112864, 113320, 113370, 113474, 115194, 115432, 115636, 115931, 116007, 117274, 117308, 117655, 118029, 118324, 118400, 119666, 119700, 120047, 120413, 120733, 120751, 120843, 120887, 120929, 120953, 121102, 121112, 121161, 121268, 121711, 121733, 122039, 122581, 122912, 123009, 123156, 123190, 123227, 123281, 125085, 125596, 125840, 126345, 126594, 127206, 127309, 127511, 127551, 129044, 130366, 130399, 130487, 130502, 130973, 131299, 131303, 131377, 131397, 131481, 131505, 131522, 131936, 131992, 132015, 132064, 132421, 132805, 133603, 135503, 138399, 139591, 140501, 143677, 143909, 144579, 144772, 144783, 144797, 145196, 145562, 145660, 145742, 145774, 146175, 147074, 147373, 147538, 148012, 148728, 148976, 149043]
19,50,[687, 754, 2097, 3388, 5536, 5971, 6333, 7375, 8929, 10369, 11503, 11591, 11657, 11785, 12933, 13241, 13995, 15656, 15742, 16710, 16760, 16795, 17324, 17527, 18023, 19104, 19763, 20391, 21583, 21589, 21722, 22224, 22306, 22381, 22476, 22538, 22785, 22834, 23770, 25593, 25728, 25814, 25823, 25945, 26009, 26301, 26520, 26674, 26989, 27130]
20,5,[49765, 63170, 63242, 64028, 65139]
21,3,[7575, 18325, 33094]
22,30,[12138, 13404, 25262, 25315, 25590, 28315, 48793, 56000, 68117, 79444, 79472, 95528, 99122, 103186, 103191, 104459, 124979, 130206, 134576, 135384, 136045, 139476, 141552, 141583, 141624, 141627, 141630, 141654, 146440, 161436]
23,19,[449, 1808, 4334, 6148, 6690, 7358, 7649, 9472, 21723, 25001, 28133, 28177, 28490, 28529, 28649, 28710, 28723, 29211, 29232]
24,85,[498, 611, 1884, 2541, 4873, 5820, 6823, 7045, 8270, 9141, 9147, 9370, 9789, 10599, 10699, 10702, 13650, 13810, 14054, 14164, 14167, 14415, 14633, 15164, 15184, 15287, 15360, 16416, 17848, 17862, 18016, 18059, 18322, 18337, 18497, 19675, 19763, 19787, 19811, 19837, 20480, 21120, 21374, 22174, 22739, 22776, 23469, 24519, 24549, 24617, 26431, 26496, 26838, 26927, 27041, 28291, 28642, 29093, 29233, 29248, 29264, 30060, 31420, 31449, 31656, 32514, 32855, 32935, 33267, 34696, 36081, 36240, 37189, 37203, 38078, 38861, 39004, 39011, 40750, 41724, 44300, 44303, 44345, 44837, 44844]
25,245,[862, 1389, 2584, 3625, 3697, 4522, 4534, 4572, 4675, 5110, 5471, 5543, 6264, 7522, 7608, 8107, 11793, 13942, 14028, 14981, 16315, 16516, 17283, 18978, 19702, 20289, 20299, 22851, 24966, 26077, 26952, 28030, 28042, 28096, 29674, 29731, 29757, 30175, 30207, 30531, 32224, 32295, 32733, 36275, 36353, 36408, 36416, 36516, 36519, 37176, 37188, 38526, 40038, 40113, 40583, 40881, 41596, 42419, 42427, 42493, 43532, 44582, 44747, 45244, 45630, 45647, 45693, 45701, 45718, 45726, 46508, 48820, 49797, 49938, 50269, 51074, 51258, 52032, 52115, 52798, 52805, 52821, 53033, 54380, 54400, 54426, 54445, 54472, 55939, 55955, 55977, 56023, 56030, 56047, 56056, 56063, 58869, 58915, 58956, 60491, 60506, 60514, 68705, 69863, 70585, 70693, 70696, 71096, 71411, 71418, 71425, 71440, 72026, 73444, 74363, 76571, 76618, 76630, 76641, 77271, 77427, 77572, 78980, 80239, 86745, 92260, 92346, 92429, 92875, 94835, 94897, 94916, 94919, 94945, 94969, 95401, 97927, 98033, 98821, 98964, 98967, 98973, 98994, 103645, 105351, 105434, 109499, 109571, 111770, 113093, 113165, 113177, 113185, 113188, 113220, 113277, 113280, 113298, 113687, 113926, 115330, 116188, 117696, 119489, 119569, 119577, 126235, 126273, 126287, 126516, 129145, 129158, 130377, 130489, 131417, 142608, 144323, 145295, 145528, 145623, 147957, 147983, 148670, 149360, 149388, 149863, 150144, 150817, 150903, 151828, 151834, 151897, 151903, 153417, 153520, 153523, 156259, 156312, 156398, 158145, 159240, 160037, 160098, 160119, 161092, 161100, 161126, 162050, 162178, 162216, 163014, 163738, 164329, 164333, 164348, 164394, 164398, 165371, 166094, 167070, 168904, 168915, 169771, 170707, 170754, 170758, 175053, 178013, 182169, 182333, 182592, 182646, 182753, 182849, 182910, 184726, 187154, 187723, 187761, 201274, 202268, 203814, 204278, 204299, 204305]
26,7,[63, 160, 50811, 64531, 64603, 65415, 66551]
27,65,[589, 2090, 2836, 3756, 6519, 7067, 8589, 9259, 9287, 9831, 14125, 15899, 16989, 17534, 17708, 17712, 20909, 21536, 22609, 24831, 25336, 25398, 27410, 36148, 40522, 40848, 41816, 45024, 45338, 47447, 51227, 51321, 53014, 55372, 59781, 59888, 60068, 66462, 69373, 69483, 69648, 69821, 72287, 73092, 73318, 73344, 73474, 75086, 75380, 76189, 76809, 76853, 85911, 86689, 89680, 89956, 91719, 93234, 94009, 94176, 94476, 97900, 101750, 104522, 107940]
28,5,[542, 865, 6968, 10528, 11518]
30,2143,[5572, 7174, 8329, 8374, 9427, 11918, 12015, 12028, 12038, 13828, 13984, 14093, 14102, 14108, 14525, 14545, 15558, 16082, 16524, 19348, 20595, 20707, 21083, 21477, 25420, 25727, 25892, 29804, 29854, 30154, 30521, 30799, 30888, 31113, 31207, 31644, 31867, 31870, 32121, 32144, 32854, 32953, 33001, 33271, 33706, 33847, 34011, 34014, 34058, 34135, 34149, 34171, 34180, 34247, 34257, 34281, 34381, 34498, 34515, 34521, 34665, 35202, 35397, 35447, 35732, 35782, 35801, 35895, 35900, 35927, 35982, 36201, 36211, 36226, 36256, 36280, 36283, 36430, 36443, 36478, 36495, 36515, 36648, 36794, 36816, 36840, 36878, 37141, 37407, 37416, 38124, 38147, 38171, 38292, 39025, 39130, 39163, 39181, 39223, 39569, 39941, 39964, 39978, 40080, 40169, 40182, 40204, 40371, 40864, 41104, 41120, 41172, 41178, 41353, 41575, 42122, 42179, 42338, 42342, 42368, 42375, 42409, 42422, 42466, 42627, 42707, 42921, 42985, 42988, 43007, 43016, 43025, 43041, 43092, 43126, 43168, 43198, 43247, 43280, 43294, 43434, 43469, 43486, 43504, 43521, 43539, 43551, 43583, 43594, 43653, 43657, 43667, 43707, 43718, 43812, 43851, 43893, 43910, 44197, 44216, 44248, 44269, 45486, 45555, 45788, 46161, 46349, 46358, 46371, 46460, 46481, 51556, 51663, 51918, 52013, 52024, 52084, 52161, 52181, 52239, 52243, 52284, 52337, 52390, 52450, 52555, 52579, 52642, 52739, 52783, 52810, 52858, 52889, 52910, 52977, 52986, 53014, 53106, 53152, 53164, 53218, 53273, 53304, 53319, 53323, 53673, 53694, 53711, 55119, 55162, 59771, 60401, 62304, 62345, 62416, 62443, 63716, 63722, 63875, 63888, 63942, 64022, 64057, 64067, 64092, 64169, 64249, 69600, 69903, 69912, 70143, 70260, 70404, 70441, 71119, 71273, 71427, 71472, 71892, 71915, 71931, 71981, 72013, 72250, 72295, 72436, 72489, 72543, 72599, 72810, 72819, 74252, 74271, 76423, 82405, 82592, 85735, 86746, 86780, 86886, 86928, 86978, 86984, 87020, 87036, 87081, 87130, 87144, 87235, 87310, 87323, 87466, 87538, 87595, 87601, 87618, 87623, 87932, 87943, 88150, 88378, 88432, 88458, 88496, 88536, 88695, 88749, 88801, 88825, 88860, 88883, 88946, 88958, 89356, 90001, 90100, 91256, 91384, 91393, 93184, 93214, 93639, 93696, 93748, 93863, 93917, 93926, 93963, 93968, 93971, 93976, 94007, 94174, 94198, 94295, 94434, 94518, 94541, 94568, 94615, 94679, 94685, 94709, 94826, 94864, 94963, 95556, 95728, 96025, 96444, 96453, 96456, 96688, 96700, 96708, 96742, 96996, 97115, 98495, 100599, 100605, 101953, 102720, 105467, 105895, 106068, 106213, 106285, 106567, 106587, 106708, 106726, 106763, 107346, 107513, 107615, 107869, 108208, 109212, 109653, 110046, 110060, 110065, 110091, 110097, 110288, 110339, 110440, 111117, 111295, 111460, 111497, 111501, 111802, 111836, 111881, 112159, 112267, 114267, 114339, 114615, 114628, 114937, 116326, 116581, 116771, 116861, 117046, 118009, 118048, 118102, 118195, 118233, 118243, 118271, 118388, 118725, 118738, 121890, 121977, 122009, 122025, 122235, 122265, 122278, 122353, 122370, 122383, 122399, 122416, 122435, 122449, 122470, 122484, 122497, 122511, 122528, 122713, 122735, 123309, 124143, 124568, 125733, 125846, 125983, 126498, 126556, 126568, 126827, 127101, 127239, 127261, 127275, 127393, 127405, 127500, 127536, 127573, 127843, 127878, 127939, 128087, 128415, 128511, 128631, 128640, 129537, 129598, 129626, 129638, 129833, 129851, 129930, 129965, 129977, 129996, 130251, 130260, 130271, 130289, 130433, 130533, 130656, 130682, 130691, 130721, 130801, 131123, 131140, 131183, 131209, 131271, 131447, 131543, 131557, 131565, 131578, 131885, 131900, 131912, 131954, 132001, 132152, 132591, 132607, 132653, 132698, 132819, 132829, 132838, 132842, 132845, 132897, 132951, 132990, 133127, 133505, 134410, 134578, 134745, 135116, 135464, 135537, 137268, 138958, 138971, 139050, 143207, 143616, 143667, 143680, 143702, 143744, 143759, 143800, 143820, 143861, 143891, 144398, 144950, 144977, 144992, 145122, 145367, 145819, 146441, 146795, 146922, 146972, 147007, 147029, 147115, 148455, 148490, 148522, 148541, 148558, 148609, 148665, 148700, 148707, 149366, 150759, 150825, 150856, 150878, 150912, 150925, 150931, 150961, 150996, 151065, 151078, 151095, 151137, 151161, 151216, 151244, 151260, 151830, 152080, 152329, 152348, 152400, 152900, 153865, 154216, 154271, 155547, 155757, 156280, 156370, 156655, 156826, 157887, 157898, 158016, 158068, 158205, 158330, 158433, 158555, 158568, 159060, 159104, 159228, 159366, 159781, 159875, 159982, 160017, 160019, 160457, 161039, 161309, 161442, 161507, 162623, 162892, 162903, 163046, 163760, 163802, 164156, 164616, 164647, 164851, 165231, 165241, 165250, 165839, 165928, 166102, 166144, 166235, 166502, 166523, 166607, 166612, 166622, 166649, 166844, 167262, 167374, 167536, 167542, 167553, 167569, 167573, 167585, 167603, 167742, 167746, 167768, 167839, 167930, 167971, 168013, 168026, 168194, 168540, 168550, 168582, 168632, 168646, 168742, 168800, 168824, 168852, 168857, 168891, 168914, 168973, 169079, 169106, 169124, 169268, 169345, 169376, 169672, 169714, 169795, 169911, 169929, 169950, 169969, 169982, 170015, 170023, 170038, 170068, 170104, 170110, 170129, 170143, 170171, 170205, 170310, 170343, 170364, 170392, 170454, 170491, 170674, 170743, 170834, 170844, 170999, 171150, 171247, 171363, 172630, 172723, 173558, 173754, 176931, 179277, 179317, 179339, 179513, 179565, 180162, 181264, 181304, 181313, 181738, 181749, 182210, 182380, 182389, 182568, 183496, 183516, 183531, 183581, 184009, 184366, 184409, 184444, 184453, 184481, 184494, 184498, 184973, 185204, 185479, 185882, 185893, 185917, 185987, 186164, 186196, 186238, 186272, 186526, 186535, 186553, 186572, 186574, 187041, 187695, 187746, 187767, 188116, 188377, 189369, 189391, 189438, 189477, 190341, 190760, 190826, 191616, 191727, 191892, 191907, 191944, 192075, 192438, 192656, 192672, 192736, 192901, 192920, 192932, 193036, 193064, 193276, 193442, 193623, 193633, 193645, 193666, 193698, 193708, 193766, 193796, 193809, 193826, 193862, 194085, 194096, 194594, 194597, 194612, 194621, 194792, 194804, 194820, 195590, 195627, 195636, 196089, 196123, 196180, 196350, 197462, 197685, 197692, 197743, 198051, 198083, 198552, 198559, 198574, 198627, 198717, 198753, 198914, 198946, 198976, 199089, 200141, 200150, 200156, 201777, 201923, 201929, 201945, 201960, 203003, 203215, 203413, 203777, 205932, 205953, 206308, 206381, 206421, 206478, 206502, 206539, 206617, 206669, 206679, 206696, 206881, 206916, 206947, 206968, 207043, 207136, 207147, 207323, 207356, 207545, 207835, 207930, 209858, 209885, 209897, 209958, 209992, 210052, 210073, 210124, 210161, 210352, 210423, 210435, 210502, 210522, 211494, 211573, 211705, 211711, 213139, 213151, 213473, 213484, 213607, 213615, 213630, 213637, 214889, 214910, 214920, 214998, 215155, 215162, 215342, 215392, 216166, 216376, 216444, 216587, 217381, 217384, 217641, 217716, 217741, 218203, 218205, 218782, 219151, 220690, 220692, 221577, 222250, 222290, 222310, 223487, 223810, 224439, 224482, 224574, 225151, 225496, 226550, 226782, 227629, 227633, 227662, 227760, 227766, 227773, 227777, 227831, 227865, 227941, 228085, 228614, 229177, 229594, 229874, 229912, 230017, 230599, 230894, 231074, 232939, 233196, 234281, 235274, 235288, 235434, 235650, 235964, 236033, 236178, 236660, 236935, 237075, 237464, 237674, 237858, 238104, 238111, 238156, 238302, 241351, 244756, 244909, 244916, 245144, 246558, 246811, 247716, 247843, 247979, 248041, 248068, 248214, 248363, 248481, 248518, 248559, 248594, 248825, 248833, 248846, 248855, 248862, 249280, 249534, 249624, 249673, 249692, 249955, 249985, 250127, 250149, 250203, 250512, 250543, 250658, 251283, 251724, 254192, 254794, 255055, 255181, 255275, 255303, 255812, 255831, 255838, 255881, 256335, 256550, 257951, 257975, 257990, 258383, 258459, 258500, 258562, 258588, 258627, 258708, 258757, 258769, 258784, 258971, 259143, 259170, 259326, 259350, 259417, 259418, 259770, 259861, 260926, 260954, 260964, 261017, 261050, 261109, 261175, 261213, 261768, 262543, 262962, 263764, 264062, 264292, 264322, 264324, 264903, 265171, 265532, 265889, 266010, 266221, 266661, 266785, 267314, 267349, 267460, 267531, 267540, 267569, 267673, 267683, 267687, 267784, 267788, 267824, 268061, 268363, 268464, 268468, 268903, 269049, 269056, 269420, 269965, 270067, 271941, 271947, 272023, 272295, 272428, 272490, 272675, 272842, 272965, 272993, 273017, 273403, 273468, 273528, 273646, 273682, 273721, 273779, 273790, 273805, 273833, 274480, 274658, 274846, 274860, 275749, 275962, 276002, 276036, 276072, 276192, 276236, 276643, 276944, 276982, 277009, 277232, 277312, 277595, 278354, 278387, 278446, 278742, 278803, 278818, 278821, 278930, 278937, 279773, 280267, 280805, 280886, 281123, 281450, 282027, 282043, 282057, 282103, 282367, 282467, 282544, 282573, 282778, 282832, 282856, 283560, 285086, 285240, 285268, 285423, 285480, 285532, 285860, 285915, 285935, 286029, 286042, 286615, 286640, 286717, 287451, 287483, 287508, 287603, 287669, 287675, 287681, 287694, 287737, 287743, 287782, 287787, 287803, 287855, 287869, 287907, 287985, 288375, 288776, 289022, 289093, 289328, 289378, 289398, 289467, 289479, 289589, 289810, 289816, 289836, 290318, 290797, 290959, 291244, 291857, 292125, 292292, 292427, 292609, 292630, 292917, 293228, 293457, 293475, 293519, 293526, 293539, 293616, 293661, 293670, 293746, 294006, 294033, 295095, 295101, 295467, 295606, 295671, 295723, 295833, 295929, 296755, 300555, 300837, 302276, 302641, 307819, 307969, 308514, 308638, 311079, 311303, 311342, 311882, 311898, 312291, 312335, 313141, 313189, 314044, 314260, 314269, 314317, 314999, 315361, 316361, 316517, 316523, 317370, 317395, 318088, 320278, 320425, 320460, 320693, 320778, 320810, 320882, 321051, 321074, 321141, 321147, 321335, 321670, 321695, 322382, 322436, 322949, 323181, 323518, 323676, 323996, 324480, 324698, 324880, 324887, 324903, 324914, 324921, 325058, 325303, 325422, 325434, 325514, 326486, 326500, 326511, 326885, 327321, 327378, 327937, 327945, 328020, 328030, 328325, 328765, 328909, 329029, 329265, 329337, 329653, 329695, 329718, 329907, 330292, 330347, 330373, 330764, 331230, 331306, 331701, 332536, 332571, 332653, 332859, 332902, 332961, 333005, 333062, 333115, 333191, 333427, 333435, 333454, 333597, 333974, 334022, 334906, 335044, 335118, 335157, 335171, 335343, 335383, 335404, 335471, 335944, 336063, 336488, 336658, 337249, 337401, 337444, 337710, 337733, 338198, 338248, 338269, 340971, 341982, 342002, 342288, 343636, 343828, 343835, 344623, 344663, 344673, 344733, 344774, 348586, 348741, 349842, 349849, 349928, 353749, 355188, 355400, 355409, 355600, 356116, 358132, 360850, 362999, 363005, 363148, 363568, 363618, 363661, 364059, 364128, 364211, 364221, 364243, 364254, 364274, 364915, 365175, 365444, 365521, 365537, 365692, 365826, 365963, 366270, 366347, 366404, 366413, 366551, 366665, 366835, 366919, 366967, 367058, 367152, 367240, 367377, 367400, 367597, 367637, 368074, 368105, 368261, 368345, 368438, 368664, 368878, 368986, 369278, 369550, 370353, 370461, 370596, 370602, 371212, 371748, 372423, 372596, 372662, 372797, 373093, 373170, 373199, 373228, 373540, 373730, 374005, 374199, 374324, 374393, 375040, 375074, 375399, 375457, 375501, 375725, 375946, 376005, 376626, 376713, 376820, 376959, 377098, 377099, 377222, 377236, 377348, 378157, 380026, 380156, 380672, 381429, 381458, 381764, 381975, 382042, 382061, 382300, 382303, 382578, 384099, 384892, 385098, 385209, 385423, 385922, 385941, 385953, 386017, 386269, 386401, 386525, 386549, 386572, 386659, 386967, 387586, 387591, 387887, 388009, 388432, 388592, 389513, 390010, 390268, 390580, 390593, 390629, 390691, 390758, 390818, 390881, 390954, 391039, 391276, 391355, 391367, 391534, 391739, 391747, 391831, 392962, 393229, 393252, 393682, 393699, 394711, 394730, 394743, 394927, 395501, 395653, 395716, 395775, 395876, 396188, 396304, 396357, 396381, 396466, 396499, 396771, 396847, 397019, 397273, 397475, 397540, 397632, 397832, 397875, 397895, 397917, 397929, 398056, 398243, 398576, 399139, 399398, 400007, 400066, 400074, 400083, 400242, 400299, 400882, 400919, 401053, 401119, 401282, 401450, 401767, 401936, 402061, 402800, 403308, 403570, 403858, 403962, 404633, 404693, 404913, 404978, 405598, 405894, 406122, 406211, 406316, 406336, 406344, 406381, 406728, 406841, 406869, 407311, 407316, 407391, 407903, 407933, 407943, 407975, 408027, 408054, 408157, 408191, 408206, 408388, 408409, 408749, 408758, 408841, 409079, 409176, 409233, 409305, 409448, 409522, 409863, 410121, 410281, 410290, 410341, 410828, 410893, 410899, 411027, 411235, 411713, 412433, 412902, 412994, 413659, 413680, 413770, 413977, 414019, 414314, 414839, 415103, 415158, 415207, 415212, 415256, 415339, 415370, 415902, 415953, 416132, 416286, 416414, 416501, 416515, 417394, 417417, 417434, 417447, 417542, 417828, 417861, 418505, 418516, 418603, 418629, 418684, 418781, 418973, 419372, 419469, 420183, 420327, 420336, 420365, 420453, 421184, 421350, 422503, 422603, 422655, 423713, 423987, 424488, 424585, 425789, 426125, 426421, 426646, 426651, 426954, 426961, 427011, 427190, 427371, 427481, 427684, 428146, 428637, 428963, 428992, 429231, 429284, 429386, 430897, 430909, 431021, 433381, 434833, 435174, 435256, 435774, 436177, 436208, 436388, 436429, 436444, 436470, 436520, 436580, 436789, 436824, 436867, 439108, 439234, 439903, 441399, 441431, 441604, 442052, 442065, 443164, 443759, 444783, 444798, 445175, 445342, 445473, 445605, 445700, 445967, 446054, 446712, 446774, 447238, 447380, 447789, 448100, 448232, 448927, 449261, 449395, 449416, 450101, 450113, 450140, 450202, 450379, 450520, 450821, 450863, 450870, 451247, 451701, 452126, 452285, 452373, 452447, 452563, 452761, 453264, 453294, 453397, 453577, 453687, 453821, 453870, 453914, 453989, 454066, 454088, 454106, 454306, 454426, 454486, 454673, 455023, 457473, 458610, 458844, 458872, 458939, 459394, 459433, 459577, 459753, 459926, 460058, 460334, 460353, 460429, 460518, 463602, 463885, 463943, 463959, 464560, 464611, 466194, 467178, 467650, 467991, 468624, 468846, 469079, 469135, 469223, 469240, 469328, 469416, 469810, 470376, 470413, 470624, 470876, 470891, 471246, 471267, 471439, 471763, 471799, 472388, 472391, 472607, 472636, 472685, 472697, 472747, 472840, 473388, 473545, 473986, 474448, 474556, 474649, 474789, 476138, 476216, 476224, 476452, 476500, 476521, 476536, 476546, 476755, 476776, 476933, 476954, 477076, 477237, 477491, 478212, 479778, 479928, 480027, 480612, 480713, 481079, 481529, 481977, 482412, 482606, 482833, 482901, 482922, 482977, 483088, 483150, 483365, 483417, 483481, 483710, 483907, 483939, 484119, 484125, 484160, 484439, 484737, 485816, 485948, 486470, 486536, 486586, 486627, 486635, 487052, 487137, 487476, 487855, 487891, 487898, 487918, 488245, 488323, 488520, 488581, 488798, 488821, 488838, 488874, 488941, 488981, 489184, 490145, 491428, 491770, 491790, 491814, 491904, 491943, 492120, 492149, 492599, 492866, 493192, 493403, 493427, 493439, 493476, 493521, 493988, 494043, 494310, 494677, 495152, 496346, 496491, 496534, 497499, 497641, 497656, 497692, 499705, 500816, 500839, 501016, 502687, 503168, 503474, 504559, 505071, 509044, 509121, 512587, 512621, 513334, 513870, 514111, 514292, 514969, 518423, 518485, 519482, 519512, 519730, 520064, 520191, 520247, 520696, 520725, 521194, 521575, 521759, 522255, 523100, 523590, 523831, 524067, 524618, 524677, 525460, 526868, 526928, 528043, 528181, 528257, 529004, 529112, 529338, 529695, 529704, 530277, 530357, 530440, 530476, 531693, 531734, 531791, 532838, 533513, 533666, 533717, 533744, 533820, 533969, 534068, 534550, 535357, 535410, 535513, 535857, 535945, 536032, 536394, 537942, 538185, 538716, 539712, 540060, 540143, 543701, 544549, 544563, 544578, 544659, 544695, 544911, 545037, 545316, 545744, 546008, 546046, 547066, 547208, 547222, 547364, 547377, 547579, 547718, 547928, 548409, 552881, 552949, 553907, 553921, 554022, 554192, 554215, 554365, 554414, 554475, 554551, 557500, 557656, 557951, 558008, 558097, 558121, 558303, 558361, 561639, 565623, 565770, 565818, 565837, 566081, 566155, 566175, 566283, 566308, 566456, 566534, 566627, 566670, 567120, 567140, 567267, 567401, 567418, 567564, 567631, 567903, 567962, 568375, 568664, 569281, 569350, 570837, 571566, 571591, 572144, 572181, 572320, 572520, 572757, 573147, 573169, 573177, 573318, 573454, 574039, 574097, 574114, 574200, 574222, 574696, 576095, 576148, 576254, 576881, 577311, 577738, 577833, 577911, 577941, 579363, 579384, 579434, 579563, 579568, 579639, 579657, 580386, 581274, 582459, 582602, 583644, 583981, 584170, 584191, 588503, 588507, 588529, 588998, 589040, 589048, 589066, 590831, 590843, 595372, 597337, 600802, 617115, 618320, 618768, 618971, 619595, 619681, 619945, 620219, 620415, 620651, 620676, 621328, 621926, 622944, 625582, 625605, 625610, 627284, 630675, 633270, 634063, 635577, 636902, 638534, 639074, 640050]
6,1,[720]
9,20,[64, 1009, 1094, 1125, 1176, 1685, 1826, 1845, 1952, 1962, 2144, 2192, 2219, 2237, 2339, 2355, 2394, 2444, 2454, 2485]
10,2143,[5666, 7268, 8423, 8468, 9521, 12012, 12109, 12122, 12132, 13922, 14078, 14187, 14196, 14202, 14619, 14639, 15652, 16176, 16618, 19442, 20689, 20801, 21177, 21571, 25514, 25821, 25986, 29898, 29948, 30248, 30615, 30893, 30982, 31207, 31301, 31738, 31965, 31968, 32219, 32242, 32952, 33051, 33099, 33369, 33804, 33945, 34109, 34112, 34156, 34233, 34247, 34269, 34278, 34345, 34355, 34379, 34479, 34596, 34613, 34619, 34763, 35300, 35495, 35545, 35830, 35880, 35899, 35993, 35998, 36025, 36080, 36299, 36309, 36324, 36354, 36378, 36381, 36528, 36541, 36576, 36593, 36613, 36746, 36892, 36914, 36938, 36976, 37239, 37505, 37514, 38222, 38245, 38269, 38390, 39123, 39228, 39261, 39279, 39321, 39667, 40039, 40062, 40076, 40178, 40267, 40280, 40302, 40469, 40962, 41202, 41218, 41270, 41276, 41451, 41673, 42220, 42277, 42436, 42440, 42466, 42473, 42507, 42520, 42564, 42725, 42805, 43019, 43083, 43086, 43105, 43114, 43123, 43139, 43190, 43224, 43266, 43296, 43345, 43378, 43392, 43532, 43567, 43584, 43602, 43619, 43637, 43649, 43681, 43692, 43751, 43755, 43765, 43805, 43816, 43910, 43949, 43991, 44008, 44295, 44314, 44346, 44367, 45584, 45653, 45886, 46259, 46447, 46456, 46469, 46558, 46579, 51654, 51761, 52016, 52111, 52122, 52182, 52259, 52279, 52337, 52341, 52382, 52435, 52488, 52548, 52653, 52677, 52740, 52837, 52881, 52908, 52957, 52988, 53009, 53076, 53085, 53113, 53205, 53251, 53263, 53317, 53372, 53403, 53418, 53422, 53772, 53793, 53810, 55218, 55261, 59874, 60504, 62407, 62448, 62519, 62546, 63819, 63825, 63978, 63991, 64045, 64125, 64160, 64170, 64195, 64272, 64352, 69703, 70006, 70015, 70246, 70363, 70507, 70544, 71222, 71376, 71530, 71575, 71995, 72018, 72034, 72084, 72116, 72353, 72398, 72539, 72592, 72646, 72702, 72913, 72922, 74355, 74374, 76526, 82512, 82699, 85842, 86853, 86887, 86993, 87035, 87085, 87091, 87127, 87143, 87188, 87237, 87251, 87342, 87417, 87430, 87573, 87645, 87702, 87708, 87725, 87730, 88039, 88050, 88257, 88485, 88539, 88565, 88603, 88643, 88802, 88856, 88908, 88932, 88967, 88990, 89053, 89065, 89463, 90108, 90207, 91363, 91491, 91500, 93291, 93321, 93746, 93803, 93855, 93970, 94024, 94033, 94070, 94075, 94078, 94083, 94114, 94281, 94305, 94402, 94541, 94625, 94648, 94675, 94722, 94786, 94792, 94816, 94933, 94971, 95070, 95663, 95835, 96132, 96551, 96560, 96563, 96795, 96807, 96815, 96849, 97103, 97222, 98602, 100706, 100712, 102060, 102827, 105578, 106006, 106179, 106324, 106396, 106678, 106698, 106819, 106837, 106874, 107457, 107624, 107726, 107980, 108319, 109323, 109764, 110157, 110171, 110176, 110202, 110208, 110399, 110450, 110551, 111228, 111406, 111571, 111608, 111612, 111913, 111947, 111992, 112270, 112378, 114378, 114450, 114726, 114739, 115048, 116437, 116692, 116882, 116972, 117157, 118120, 118159, 118213, 118306, 118344, 118354, 118382, 118499, 118836, 118849, 122001, 122088, 122120, 122136, 122346, 122376, 122389, 122464, 122481, 122494, 122510, 122527, 122546, 122560, 122581, 122595, 122608, 122622, 122639, 122824, 122846, 123420, 124254, 124679, 125844, 125957, 126094, 126609, 126667, 126679, 126938, 127212, 127350, 127372, 127386, 127504, 127516, 127611, 127647, 127684, 127954, 127989, 128050, 128198, 128527, 128623, 128743, 128752, 129649, 129710, 129738, 129750, 129945, 129963, 130042, 130077, 130089, 130108, 130363, 130372, 130383, 130401, 130545, 130645, 130768, 130794, 130803, 130833, 130913, 131235, 131252, 131295, 131321, 131383, 131559, 131655, 131669, 131677, 131690, 131997, 132012, 132024, 132066, 132113, 132264, 132703, 132719, 132765, 132810, 132931, 132941, 132950, 132954, 132957, 133009, 133063, 133102, 133239, 133617, 134522, 134690, 134857, 135228, 135576, 135649, 137380, 139070, 139083, 139162, 143319, 143728, 143779, 143792, 143814, 143856, 143871, 143912, 143932, 143973, 144003, 144511, 145063, 145090, 145105, 145235, 145480, 145932, 146554, 146908, 147035, 147085, 147120, 147142, 147228, 148568, 148603, 148635, 148654, 148671, 148722, 148778, 148813, 148820, 149479, 150872, 150938, 150969, 150991, 151025, 151038, 151044, 151074, 151109, 151178, 151191, 151208, 151250, 151274, 151329, 151357, 151373, 151943, 152193, 152442, 152461, 152513, 153013, 153978, 154329, 154384, 155660, 155870, 156393, 156483, 156768, 156939, 158000, 158011, 158129, 158181, 158318, 158443, 158546, 158668, 158681, 159173, 159217, 159341, 159479, 159895, 159989, 160096, 160131, 160133, 160571, 161153, 161423, 161556, 161621, 162746, 163015, 163026, 163169, 163883, 163925, 164279, 164739, 164770, 164974, 165354, 165364, 165373, 165962, 166051, 166225, 166267, 166358, 166625, 166646, 166730, 166735, 166745, 166772, 166967, 167385, 167497, 167659, 167665, 167676, 167692, 167696, 167708, 167726, 167865, 167869, 167891, 167962, 168053, 168094, 168136, 168149, 168317, 168663, 168673, 168705, 168755, 168769, 168865, 168923, 168947, 168975, 168980, 169014, 169037, 169096, 169202, 169229, 169247, 169391, 169468, 169499, 169795, 169837, 169918, 170034, 170052, 170073, 170092, 170105, 170138, 170146, 170161, 170191, 170227, 170233, 170252, 170266, 170294, 170328, 170433, 170466, 170487, 170515, 170577, 170614, 170797, 170866, 170957, 170967, 171122, 171273, 171370, 171486, 172753, 172846, 173681, 173877, 177054, 179400, 179440, 179462, 179636, 179688, 180285, 181387, 181427, 181436, 181861, 181872, 182333, 182512, 182521, 182700, 183628, 183648, 183663, 183713, 184141, 184498, 184541, 184576, 184585, 184613, 184626, 184630, 185105, 185336, 185611, 186014, 186025, 186049, 186119, 186296, 186328, 186370, 186404, 186658, 186667, 186685, 186704, 186706, 187173, 187827, 187878, 187899, 188248, 188509, 189501, 189523, 189570, 189609, 190473, 190892, 190958, 191748, 191859, 192024, 192039, 192076, 192207, 192570, 192788, 192804, 192868, 193033, 193052, 193064, 193168, 193196, 193408, 193574, 193755, 193765, 193777, 193798, 193830, 193840, 193898, 193928, 193941, 193958, 193994, 194217, 194228, 194726, 194729, 194744, 194753, 194924, 194936, 194952, 195722, 195759, 195768, 196221, 196255, 196312, 196482, 197594, 197817, 197824, 197875, 198183, 198215, 198684, 198691, 198706, 198759, 198849, 198885, 199046, 199078, 199108, 199221, 200283, 200292, 200298, 201919, 202065, 202071, 202087, 202102, 203145, 203357, 203555, 203919, 206074, 206095, 206450, 206523, 206563, 206620, 206644, 206681, 206759, 206811, 206821, 206838, 207023, 207058, 207089, 207110, 207185, 207278, 207289, 207465, 207498, 207687, 207977, 208072, 210000, 210027, 210039, 210100, 210134, 210194, 210215, 210266, 210303, 210494, 210565, 210577, 210644, 210664, 211636, 211715, 211847, 211853, 213281, 213293, 213615, 213626, 213749, 213757, 213772, 213779, 215031, 215052, 215062, 215140, 215297, 215304, 215484, 215534, 216308, 216518, 216586, 216728, 217521, 217524, 217781, 217856, 217881, 218343, 218345, 218922, 219291, 220840, 220842, 221727, 222400, 222440, 222460, 223637, 223960, 224589, 224632, 224724, 225301, 225646, 226700, 226932, 227779, 227783, 227812, 227910, 227916, 227923, 227927, 227981, 228015, 228091, 228235, 228764, 229327, 229744, 230024, 230062, 230167, 230749, 231044, 231224, 233089, 233346, 234431, 235424, 235438, 235584, 235800, 236114, 236183, 236328, 236810, 237085, 237225, 237614, 237824, 238008, 238254, 238261, 238306, 238452, 241504, 244909, 245062, 245069, 245297, 246711, 246964, 247869, 247996, 248132, 248194, 248221, 248367, 248516, 248634, 248671, 248712, 248747, 248978, 248986, 248999, 249008, 249015, 249433, 249687, 249777, 249826, 249845, 250108, 250138, 250280, 250302, 250356, 250665, 250696, 250811, 251436, 251877, 254345, 254947, 255208, 255334, 255428, 255456, 255968, 255987, 255994, 256037, 256491, 256706, 258107, 258131, 258146, 258539, 258615, 258656, 258718, 258744, 258783, 258864, 258913, 258925, 258940, 259127, 259299, 259326, 259482, 259506, 259573, 259574, 259926, 260017, 261082, 261110, 261120, 261173, 261206, 261265, 261331, 261369, 261924, 262699, 263118, 263920, 264218, 264448, 264478, 264480, 265059, 265327, 265688, 266045, 266166, 266377, 266817, 266941, 267470, 267505, 267616, 267687, 267696, 267725, 267829, 267839, 267843, 267940, 267944, 267980, 268217, 268519, 268620, 268624, 269059, 269205, 269212, 269576, 270121, 270223, 272097, 272103, 272179, 272451, 272584, 272646, 272831, 272998, 273121, 273149, 273173, 273559, 273624, 273684, 273802, 273838, 273877, 273935, 273946, 273961, 273989, 274636, 274814, 275002, 275016, 275905, 276118, 276158, 276192, 276228, 276348, 276392, 276799, 277100, 277138, 277165, 277388, 277467, 277750, 278509, 278542, 278601, 278897, 278958, 278973, 278976, 279085, 279092, 279928, 280422, 280960, 281041, 281278, 281605, 282182, 282198, 282212, 282258, 282522, 282622, 282699, 282728, 282933, 282987, 283011, 283716, 285242, 285396, 285424, 285579, 285636, 285688, 286016, 286071, 286091, 286185, 286198, 286771, 286796, 286873, 287607, 287639, 287664, 287759, 287825, 287831, 287837, 287850, 287893, 287899, 287938, 287943, 287959, 288011, 288025, 288063, 288141, 288531, 288932, 289178, 289249, 289484, 289534, 289554, 289623, 289635, 289745, 289966, 289972, 289992, 290474, 290953, 291115, 291400, 292013, 292282, 292449, 292584, 292766, 292787, 293074, 293385, 293614, 293632, 293676, 293683, 293696, 293773, 293818, 293827, 293903, 294163, 294190, 295252, 295258, 295624, 295763, 295828, 295880, 295990, 296086, 296912, 300713, 300995, 302434, 302799, 307977, 308127, 308672, 308796, 311238, 311462, 311501, 312041, 312057, 312450, 312494, 313300, 313348, 314203, 314419, 314428, 314476, 315158, 315520, 316520, 316676, 316682, 317529, 317554, 318247, 320437, 320584, 320619, 320852, 320937, 320969, 321041, 321210, 321233, 321300, 321306, 321494, 321829, 321854, 322541, 322595, 323108, 323340, 323677, 323835, 324155, 324639, 324857, 325039, 325046, 325062, 325073, 325080, 325217, 325462, 325581, 325593, 325673, 326645, 326659, 326670, 327044, 327480, 327537, 328096, 328104, 328179, 328189, 328484, 328924, 329068, 329188, 329424, 329496, 329812, 329854, 329877, 330066, 330451, 330506, 330532, 330923, 331389, 331465, 331860, 332695, 332730, 332812, 333018, 333061, 333120, 333164, 333221, 333274, 333350, 333586, 333594, 333613, 333756, 334133, 334181, 335065, 335203, 335277, 335316, 335330, 335502, 335542, 335563, 335630, 336103, 336222, 336647, 336817, 337408, 337560, 337603, 337869, 337892, 338357, 338407, 338428, 341130, 342141, 342161, 342447, 343795, 343987, 343994, 344782, 344822, 344832, 344892, 344933, 348745, 348900, 350001, 350008, 350087, 353908, 355347, 355559, 355568, 355759, 356275, 358292, 361010, 363162, 363168, 363311, 363731, 363781, 363824, 364222, 364291, 364374, 364384, 364406, 364417, 364437, 365078, 365338, 365607, 365684, 365700, 365855, 365989, 366126, 366433, 366510, 366567, 366576, 366714, 366828, 366998, 367082, 367130, 367221, 367315, 367403, 367540, 367563, 367760, 367800, 368237, 368268, 368424, 368508, 368601, 368827, 369041, 369149, 369441, 369713, 370516, 370624, 370759, 370765, 371375, 371911, 372586, 372759, 372825, 372960, 373256, 373333, 373362, 373391, 373703, 373893, 374168, 374362, 374487, 374556, 375203, 375237, 375562, 375620, 375664, 375888, 376109, 376168, 376789, 376876, 376983, 377122, 377261, 377262, 377385, 377399, 377511, 378320, 380189, 380319, 380835, 381592, 381621, 381927, 382138, 382205, 382224, 382463, 382466, 382741, 384262, 385055, 385261, 385372, 385586, 386085, 386104, 386116, 386180, 386432, 386564, 386688, 386712, 386735, 386822, 387130, 387749, 387754, 388050, 388172, 388595, 388755, 389676, 390173, 390431, 390743, 390756, 390792, 390854, 390921, 390981, 391044, 391117, 391202, 391439, 391518, 391530, 391697, 391902, 391910, 391994, 393128, 393395, 393418, 393848, 393865, 394877, 394896, 394909, 395093, 395667, 395819, 395882, 395941, 396042, 396354, 396470, 396523, 396547, 396632, 396665, 396937, 397013, 397185, 397439, 397641, 397706, 397798, 397998, 398041, 398061, 398083, 398095, 398222, 398409, 398742, 399305, 399564, 400173, 400232, 400240, 400249, 400408, 400465, 401048, 401085, 401219, 401285, 401448, 401616, 401933, 402102, 402227, 402966, 403474, 403736, 404024, 404128, 404799, 404859, 405079, 405144, 405764, 406060, 406288, 406377, 406482, 406502, 406510, 406547, 406894, 407007, 407035, 407477, 407482, 407557, 408069, 408099, 408109, 408141, 408193, 408220, 408323, 408357, 408372, 408554, 408575, 408915, 408924, 409007, 409245, 409342, 409399, 409471, 409614, 409688, 410029, 410287, 410447, 410456, 410507, 410994, 411059, 411065, 411193, 411401, 411879, 412599, 413068, 413160, 413825, 413846, 413936, 414143, 414185, 414480, 415005, 415269, 415324, 415373, 415378, 415422, 415505, 415536, 416068, 416119, 416298, 416452, 416580, 416667, 416681, 417560, 417583, 417600, 417613, 417708, 417994, 418027, 418671, 418682, 418769, 418795, 418850, 418947, 419139, 419538, 419635, 420349, 420493, 420502, 420531, 420619, 421350, 421516, 422669, 422769, 422821, 423879, 424153, 424654, 424751, 425955, 426291, 426587, 426812, 426817, 427120, 427127, 427177, 427357, 427538, 427648, 427851, 428313, 428804, 429130, 429159, 429398, 429451, 429553, 431067, 431079, 431191, 433551, 435003, 435344, 435426, 435944, 436347, 436378, 436558, 436599, 436614, 436640, 436690, 436750, 436959, 436994, 437037, 439278, 439404, 440073, 441569, 441601, 441774, 442222, 442235, 443334, 443929, 444953, 444968, 445345, 445512, 445643, 445775, 445870, 446137, 446224, 446882, 446944, 447408, 447550, 447959, 448270, 448402, 449097, 449431, 449565, 449586, 450271, 450283, 450310, 450372, 450549, 450690, 450991, 451033, 451040, 451417, 451871, 452296, 452455, 452543, 452617, 452733, 452931, 453434, 453464, 453567, 453747, 453857, 453991, 454040, 454084, 454159, 454236, 454258, 454276, 454476, 454596, 454656, 454843, 455193, 457643, 458780, 459014, 459042, 459109, 459564, 459603, 459747, 459923, 460096, 460228, 460504, 460523, 460599, 460688, 463773, 464056, 464114, 464130, 464731, 464782, 466365, 467349, 467821, 468162, 468795, 469017, 469250, 469306, 469394, 469411, 469499, 469587, 469981, 470547, 470584, 470795, 471047, 471062, 471417, 471438, 471610, 471933, 471969, 472558, 472561, 472777, 472806, 472855, 472867, 472917, 473010, 473558, 473715, 474156, 474618, 474726, 474819, 474959, 476307, 476385, 476393, 476621, 476669, 476690, 476705, 476715, 476924, 476945, 477102, 477123, 477245, 477406, 477659, 478380, 479946, 480096, 480195, 480780, 480881, 481246, 481695, 482143, 482577, 482771, 482998, 483066, 483087, 483142, 483253, 483315, 483530, 483582, 483646, 483875, 484072, 484104, 484284, 484290, 484325, 484604, 484902, 485980, 486112, 486633, 486699, 486749, 486790, 486798, 487215, 487300, 487638, 488017, 488053, 488060, 488080, 488407, 488485, 488682, 488742, 488959, 488982, 488999, 489035, 489102, 489142, 489345, 490305, 491588, 491930, 491950, 491974, 492064, 492103, 492280, 492309, 492759, 493026, 493352, 493563, 493587, 493599, 493636, 493681, 494148, 494203, 494470, 494836, 495311, 496515, 496660, 496703, 497668, 497810, 497825, 497861, 499874, 500985, 501008, 501185, 502856, 503337, 503643, 504728, 505240, 509213, 509290, 512756, 512790, 513503, 514039, 514280, 514461, 515138, 518595, 518657, 519654, 519684, 519902, 520236, 520363, 520419, 520868, 520897, 521366, 521747, 521931, 522427, 523272, 523762, 524003, 524239, 524790, 524849, 525632, 527040, 527100, 528218, 528356, 528432, 529179, 529287, 529513, 529870, 529879, 530452, 530532, 530615, 530651, 531868, 531909, 531966, 533013, 533688, 533841, 533892, 533919, 533995, 534144, 534243, 534725, 535532, 535585, 535688, 536032, 536120, 536207, 536569, 538117, 538360, 538891, 539887, 540235, 540318, 543876, 544724, 544738, 544753, 544834, 544870, 545086, 545212, 545491, 545919, 546183, 546221, 547241, 547383, 547397, 547539, 547552, 547754, 547893, 548103, 548584, 553059, 553127, 554085, 554099, 554200, 554370, 554393, 554543, 554592, 554653, 554729, 557678, 557834, 558129, 558186, 558275, 558299, 558481, 558539, 561817, 565803, 565950, 565998, 566017, 566261, 566335, 566355, 566463, 566488, 566636, 566714, 566807, 566850, 567300, 567320, 567447, 567581, 567598, 567744, 567811, 568083, 568142, 568555, 568844, 569461, 569530, 571017, 571746, 571771, 572324, 572361, 572500, 572700, 572937, 573327, 573349, 573357, 573498, 573634, 574219, 574277, 574294, 574380, 574402, 574876, 576275, 576328, 576434, 577061, 577491, 577918, 578013, 578091, 578121, 579543, 579564, 579614, 579743, 579748, 579819, 579837, 580566, 581454, 582639, 582782, 583824, 584161, 584350, 584371, 588688, 588692, 588714, 589183, 589225, 589233, 589251, 591016, 591028, 595563, 597528, 600999, 617358, 618572, 619020, 619223, 619847, 619933, 620197, 620471, 620667, 620903, 620928, 621580, 622178, 623196, 625839, 625862, 625867, 627544, 630946, 633545, 634338, 635852, 637177, 638809, 639349, 640325]
11,13,[585, 1174, 1606, 1615, 5039, 10031, 10067, 12757, 13296, 13574, 14443, 14483, 19180]
12,14,[3650, 5501, 5861, 6006, 6347, 6948, 7946, 12028, 12321, 14266, 14404, 14689, 17723, 21737]
13,1,[434]
14,502,[472, 689, 994, 1172, 2283, 2953, 3222, 3995, 4101, 4147, 4165, 4188, 4195, 4209, 4224, 4274, 4704, 4877, 5114, 5186, 5872, 5946, 6496, 7231, 7308, 7313, 7391, 7837, 7953, 8659, 9279, 10531, 11462, 11660, 12044, 12731, 13722, 13960, 14067, 14656, 15034, 15425, 16169, 16407, 16505, 16684, 17295, 17560, 18042, 18180, 19214, 19405, 20000, 20198, 20220, 20776, 21462, 22179, 23191, 23414, 23940, 24163, 25300, 25544, 25713, 26078, 26840, 26946, 27809, 27994, 28761, 28959, 28972, 29032, 29688, 30464, 30557, 30685, 30744, 30770, 31220, 31244, 31409, 31605, 31657, 32252, 33233, 33400, 33479, 33930, 34044, 34678, 35553, 36434, 37520, 37671, 37753, 37817, 37826, 37915, 37918, 38588, 38694, 39026, 39174, 39637, 40044, 40667, 41466, 41584, 41589, 41650, 41724, 42220, 42319, 42556, 42986, 43136, 43361, 44028, 44237, 44246, 44316, 45043, 45368, 46209, 46439, 46570, 47070, 47256, 47489, 47506, 47551, 47558, 47576, 47584, 48218, 48404, 48908, 49598, 50607, 50835, 51708, 51919, 52044, 52124, 52405, 52900, 53259, 54021, 54201, 54879, 54983, 55265, 55271, 55795, 55959, 56612, 56781, 56798, 56840, 57241, 58113, 58325, 58340, 58345, 58388, 58389, 58394, 58415, 58416, 58420, 58435, 59194, 60464, 61132, 61753, 61932, 62746, 62949, 62964, 62972, 63623, 64115, 64312, 64325, 64456, 65032, 65041, 65216, 66260, 66969, 67089, 67744, 67901, 68917, 69547, 70323, 71103, 71710, 72085, 72708, 73176, 73376, 73957, 74123, 74237, 74240, 74674, 74812, 75018, 75025, 75032, 75047, 75624, 75738, 76594, 76734, 77049, 77776, 78739, 79003, 79813, 79970, 80208, 80257, 80270, 80287, 80862, 80967, 81139, 81264, 82464, 82706, 83625, 83964, 84794, 85734, 85914, 87010, 88262, 89374, 90290, 90495, 91132, 91352, 92450, 92653, 93215, 93538, 94393, 94571, 95403, 95563, 96236, 96329, 96426, 96501, 96973, 97102, 98075, 98830, 98920, 98989, 99010, 99042, 99068, 99518, 99680, 101089, 101897, 102103, 102150, 102867, 102973, 103124, 103127, 103134, 103157, 103600, 103705, 104326, 105153, 105807, 106154, 106780, 107631, 108098, 108919, 109681, 109898, 110429, 111182, 111793, 112437, 113195, 114038, 114366, 114863, 115435, 116609, 116734, 117280, 117452, 118081, 118196, 118272, 118285, 118290, 118303, 118317, 118341, 118365, 118368, 118708, 118801, 118979, 119368, 120281, 120374, 120378, 120429, 120435, 121067, 121265, 121798, 122427, 122575, 123480, 124512, 124722, 124792, 124800, 125383, 125993, 126962, 127989, 128145, 128980, 129865, 130073, 130093, 130487, 131050, 131683, 131929, 131968, 131981, 132208, 132705, 133401, 134649, 134909, 135716, 135879, 136169, 136300, 136990, 137228, 137760, 137909, 138975, 140084, 141257, 141783, 143001, 144080, 144801, 145432, 146169, 147164, 147934, 148489, 148710, 149139, 149791, 150380, 150566, 151015, 151619, 151715, 151886, 151959, 151962, 152580, 153477, 154335, 154542, 155062, 155272, 155798, 155985, 156011, 156621, 156832, 157367, 157552, 157620, 158229, 158580, 158586, 158651, 158657, 159472, 159924, 160218, 160338, 160341, 161457, 162623, 162802, 163083, 163095, 163189, 163807, 164707, 164942, 165653, 166015, 166151, 166750, 167016, 167732, 168020, 168028, 168068, 168799, 169004, 169120, 169148, 169871, 169964, 170708, 170852, 171173, 171176, 171189, 171223, 171226, 171964, 172231, 172762, 172991, 173274, 173869, 174073, 174689, 174835, 175770, 176757, 176933, 177293, 177790, 178007, 178053, 178058, 178699, 179589, 181081, 182247, 182498, 183124, 183816, 184331, 185328, 185627, 186313, 186967, 187188, 187947, 188452, 188947, 189742, 189913, 190201, 190405, 190932, 191066, 191144, 191154, 191216, 191286, 191665, 191667, 191811, 192224, 192849, 193091, 193982, 194708, 195363, 195501, 195895, 195933, 198188, 198940, 199923, 200746, 201356, 201454, 201917, 201933]
15,46,[2283, 3411, 7681, 12458, 14766, 16546, 17026, 17658, 18152, 19780, 20230, 20448, 20456, 20573, 20686, 21656, 22833, 24859, 32570, 32830, 34549, 37419, 41810, 48551, 49938, 57199, 63510, 70736, 70932, 71558, 73919, 97433, 100875, 100885, 104911, 105109, 107632, 121569, 123045, 124003, 126008, 135605, 137245, 139938, 143591, 145887]
16,6,[6010, 16339, 20729, 22315, 24634, 36848]
17,1761,[20, 106, 119, 220, 250, 261, 462, 686, 909, 940, 1371, 1549, 2619, 4519, 5999, 6161, 6526, 6535, 6583, 6600, 6629, 8095, 8197, 8266, 8429, 8470, 8506, 8864, 9044, 9054, 9124, 9504, 10567, 10764, 11141, 11262, 11406, 11863, 12117, 14499, 14929, 14937, 14961, 15358, 17202, 17337, 17378, 17385, 17441, 17796, 17895, 17937, 17947, 18085, 18787, 18800, 18808, 19009, 19140, 19368, 20100, 20333, 20383, 20606, 20625, 20659, 21497, 23481, 23490, 23628, 23711, 25131, 25274, 25301, 25413, 25436, 25440, 25529, 25691, 25716, 25762, 25826, 25858, 25889, 25916, 25935, 25944, 25982, 26203, 26508, 26519, 26527, 26666, 27109, 27129, 27141, 27204, 27455, 27585, 30402, 30438, 30505, 30578, 30625, 30701, 30751, 30809, 31022, 31267, 31341, 31425, 31435, 31457, 31468, 31488, 32123, 32374, 32645, 32722, 32740, 32899, 33035, 33173, 33484, 33561, 33618, 33626, 33762, 33879, 34043, 34127, 34173, 34265, 34359, 34447, 34587, 34610, 34808, 34846, 35284, 35315, 35472, 35559, 35656, 35874, 36064, 36106, 36237, 36534, 36806, 36839, 36880, 36913, 36983, 37023, 37167, 37429, 37450, 37579, 37660, 38066, 38069, 38244, 38256, 38433, 38542, 38669, 39173, 39737, 40307, 40341, 40778, 41664, 41720, 41769, 41819, 41852, 42221, 42252, 42341, 42523, 42558, 42577, 42583, 42641, 42651, 43961, 44034, 44072, 44150, 44470, 44536, 44541, 44549, 44607, 44622, 44653, 44759, 44767, 44796, 44812, 44830, 44845, 44882, 44894, 44907, 44987, 45007, 45063, 45406, 45776, 45830, 45861, 45913, 45938, 45960, 45969, 45992, 46006, 46020, 46381, 46589, 46613, 46676, 47228, 50538, 50630, 50917, 50931, 50949, 50969, 51004, 51119, 51430, 51443, 51640, 51700, 51739, 51779, 52199, 52223, 52394, 52413, 52450, 52509, 52550, 52553, 52685, 52843, 52932, 53033, 53170, 53215, 53398, 53677, 53702, 53856, 53861, 53870, 53884, 53904, 54007, 54056, 54104, 54110, 54145, 54502, 54529, 54692, 54784, 54897, 54926, 54945, 55048, 55088, 55101, 55133, 55183, 55615, 55617, 55621, 55640, 55653, 55666, 55676, 55694, 55723, 55735, 55935, 55985, 56234, 56251, 56404, 56422, 57188, 57716, 57849, 58060, 58063, 58326, 58363, 58417, 58730, 59836, 59843, 60407, 60478, 60496, 60607, 60628, 60647, 60677, 60691, 60838, 60944, 61113, 61239, 61274, 61394, 61424, 61485, 61593, 61785, 61810, 61830, 61904, 61921, 61990, 62042, 62093, 62099, 62182, 62309, 62326, 62409, 62603, 62881, 62911, 62919, 62997, 63030, 63054, 63092, 63098, 63122, 63209, 63229, 63357, 63368, 63391, 63512, 63515, 63526, 63553, 63622, 63719, 63731, 63880, 63984, 64012, 64069, 64098, 64157, 64299, 64303, 64468, 64564, 64623, 64634, 64816, 64823, 64897, 64905, 65036, 65046, 65057, 65078, 65087, 65096, 65174, 65297, 65437, 65448, 65486, 65589, 65859, 65901, 65956, 65995, 66007, 66014, 66167, 66310, 66734, 66765, 66835, 66870, 66983, 67242, 67392, 67484, 67684, 67881, 67890, 67902, 68213, 68257, 68323, 68444, 68982, 69003, 69246, 69310, 69334, 69532, 69645, 69972, 70084, 70108, 70149, 70332, 70368, 70385, 70434, 70457, 70604, 70615, 70632, 70925, 71074, 71146, 71166, 71176, 71202, 71218, 71327, 71416, 71423, 71439, 71448, 71470, 71493, 71529, 71601, 71680, 71682, 71701, 71713, 71719, 71724, 71729, 71744, 71759, 71785, 71802, 71837, 71976, 71984, 71994, 71999, 72041, 72049, 72083, 72210, 72294, 72354, 72578, 72628, 72714, 72894, 72963, 72988, 73070, 73086, 73181, 73187, 73214, 73230, 73246, 73292, 73377, 73423, 73516, 73556, 73641, 73669, 73682, 73742, 73771, 73827, 73839, 74012, 74063, 74128, 74183, 74210, 74422, 74670, 74722, 74727, 74790, 74803, 74814, 74820, 74893, 74901, 75039, 75094, 75145, 75232, 75240, 75250, 75299, 75411, 75442, 75492, 75513, 75534, 75538, 75554, 75563, 75586, 75592, 75644, 75829, 75866, 75874, 75897, 75907, 75941, 75961, 76048, 76164, 76212, 76275, 76309, 76420, 76617, 76625, 76629, 76897, 76952, 76982, 77022, 77044, 77330, 77378, 77422, 77427, 77447, 77453, 77494, 77594, 77608, 77961, 78040, 78265, 78289, 78380, 78466, 78857, 78874, 78884, 78952, 78977, 79002, 79031, 79062, 79133, 79171, 79188, 79247, 79255, 79266, 79343, 79373, 79430, 79452, 79466, 79477, 79488, 79537, 79556, 79692, 79843, 79910, 79944, 79958, 79977, 79986, 80070, 80091, 80111, 80142, 80211, 80218, 80243, 80328, 80476, 80599, 80676, 80711, 80733, 80768, 80805, 80853, 80870, 80893, 80899, 81030, 81061, 81114, 81160, 81181, 81204, 81237, 81240, 81285, 81472, 81573, 81630, 81632, 81990, 82017, 82061, 82080, 82086, 82118, 82129, 82155, 82211, 82222, 82295, 82312, 82316, 82412, 82460, 82466, 82601, 82664, 82810, 82949, 83046, 83506, 83607, 83624, 83628, 83877, 84076, 84088, 84198, 84245, 84267, 84340, 84369, 84380, 84439, 84538, 84545, 84589, 84686, 84723, 84748, 84769, 84809, 84812, 84848, 84876, 84919, 84939, 85018, 85621, 85818, 86294, 86633, 86911, 87107, 87395, 87720, 87783, 87882, 87898, 87925, 87951, 88554, 88600, 88616, 88647, 88664, 88675, 88728, 88788, 88820, 88916, 88977, 89058, 89091, 89110, 89290, 89332, 89373, 89379, 89403, 89416, 89436, 89517, 89549, 89551, 89645, 89660, 90115, 90130, 90135, 90169, 90183, 90337, 90441, 90454, 90502, 90592, 90632, 90645, 90660, 90673, 90754, 90903, 90992, 91172, 91280, 91292, 91307, 91413, 91437, 91456, 91467, 91495, 91520, 91558, 91627, 91748, 91770, 91860, 91976, 92068, 92229, 92261, 92531, 92558, 92583, 92615, 92709, 92993, 93084, 93161, 93214, 93774, 93908, 94549, 94564, 95003, 95060, 95106, 95148, 95298, 95605, 95624, 95740, 95766, 95788, 95800, 95842, 95871, 96101, 96235, 96382, 96440, 96571, 96634, 96717, 96867, 96966, 97260, 97288, 97334, 97347, 97435, 97523, 97539, 97610, 97635, 97921, 97996, 98046, 98055, 98072, 98152, 98244, 98305, 98332, 98379, 98391, 98640, 98919, 98920, 98970, 99221, 99232, 99998, 100192, 100918, 100987, 101162, 101167, 101580, 101719, 101911, 101939, 101993, 102423, 102473, 102546, 102569, 102613, 102650, 102932, 103627, 103743, 103844, 103878, 103881, 103912, 104115, 104332, 104334, 104364, 104374, 104399, 104450, 104498, 104672, 105353, 105377, 105523, 105563, 105806, 106050, 106174, 106192, 106381, 106415, 106426, 106437, 106448, 106646, 106766, 106803, 106880, 106925, 106932, 107349, 107526, 107536, 107744, 107766, 107807, 107840, 107870, 107946, 107970, 108338, 108343, 108363, 109283, 109774, 109810, 109818, 109908, 109914, 109926, 110008, 110169, 110206, 110240, 110244, 110485, 110494, 110505, 110655, 110727, 110742, 110749, 110875, 110878, 110890, 110954, 110983, 110994, 111020, 111095, 111385, 111771, 111898, 111922, 111973, 111986, 112020, 112034, 112078, 112238, 112457, 112463, 112494, 112565, 112607, 112648, 112650, 112675, 112679, 112726, 112957, 112971, 112987, 113020, 113096, 113113, 113385, 113493, 113688, 113795, 113855, 113930, 113933, 114036, 114050, 114062, 114158, 114173, 114629, 114730, 114779, 114925, 114962, 114981, 115018, 115090, 115257, 115293, 115353, 117010, 117043, 117196, 117510, 118626, 118651, 118665, 118679, 118726, 118733, 118752, 118783, 118847, 118877, 118896, 118900, 119035, 119063, 119072, 119589, 119747, 120057, 120148, 120269, 120728, 120738, 120759, 120773, 120821, 120973, 121019, 121036, 121070, 121180, 121678, 121796, 121931, 122175, 122236, 122569, 122669, 122687, 122760, 125177, 125231, 125317, 125558, 125566, 125617, 125794, 125816, 125823, 126091, 126145, 127427, 127847, 127943, 127977, 128081, 128104, 128160, 128299, 128340, 128428, 128435, 128537, 128700, 128708, 128734, 128779, 128929, 128983, 129040, 129133, 129441, 129518, 129835, 129863, 129876, 129899, 129927, 130077, 130359, 130376, 131279, 131303, 131388, 131527, 131641, 131703, 131753, 131839, 132012, 132024, 132042, 132178, 132269, 132301, 132605, 132850, 132971, 133475, 133525, 133534, 133565, 133630, 133648, 133941, 134163, 134178, 134284, 134362, 134432, 134468, 134490, 134508, 134537, 134550, 134676, 134696, 134715, 134735, 134808, 134814, 134862, 134868, 134893, 134911, 134990, 135006, 135065, 135086, 135094, 135098, 135128, 135140, 135312, 135320, 135343, 135390, 135402, 135413, 135418, 135600, 135639, 135669, 135706, 135727, 135910, 135952, 136032, 136182, 136436, 136461, 136543, 136569, 136983, 137141, 138014, 138341, 138790, 138814, 138869, 138875, 138962, 139074, 139269, 139305, 139411, 139429, 139608, 139651, 140100, 140569, 140601, 140847, 141621, 142116, 142145, 142148, 142403, 142800, 143361, 143658, 143876, 144802, 144916, 144962, 145001, 145100, 145171, 145192, 145224, 145287, 145317, 145395, 145508, 145655, 145698, 145851, 146027, 146540, 146563, 146841, 146887, 147048, 147092, 147766, 147780, 147810, 147968, 148336, 148341, 148365, 148856, 148890, 148995, 149043, 149083, 149134, 149281, 149301, 149508, 149570, 149615, 149752, 149787, 149908, 149916, 149968, 150004, 150015, 150022, 150044, 150052, 150069, 150091, 150106, 150110, 150201, 150226, 150252, 150259, 150864, 151113, 151140, 151231, 151508, 151531, 151578, 151596, 151614, 151736, 151759, 151828, 151906, 151928, 151950, 151953, 151969, 152137, 152264, 152281, 152389, 152646, 152677, 152761, 152854, 153319, 153339, 153535, 153567, 153583, 153781, 153816, 153906, 154051, 154106, 154292, 154326, 155395, 155497, 155552, 155612, 155679, 156012, 156035, 156411, 156501, 156519, 156544, 156721, 156982, 157001, 157023, 157069, 157226, 157364, 157371, 157387, 157396, 157938, 157969, 158036, 158050, 158065, 158115, 158207, 158522, 159079, 159112, 159122, 159151, 159235, 159281, 159447, 159638, 159794, 160072, 160133, 160190, 160250, 160339, 160356, 160385, 160421, 160436, 160673, 160718, 160752, 160803, 160850, 160938, 160963, 161038, 161055, 161198, 161272, 161309, 161372, 161449, 161540, 161565, 161575, 161707, 161713, 161780, 161884, 161936, 162081, 162141, 162186, 162792, 162804, 162835, 162879, 162914, 162922, 162937, 162943, 162949, 162955, 162981, 163027, 163344, 163515, 163653, 163887, 164218, 164485, 165316, 165321, 165347, 165352, 165880, 166077, 166086, 166254, 166270, 166285, 166304, 166343, 166347, 166389, 166425, 166654, 166694, 166718, 166737, 166756, 166934, 166966, 167034, 167133, 167159, 167315, 167395, 167549, 167579, 167597, 167615, 167742, 167800, 167817, 167941, 168005, 168015, 168042, 168071, 168131, 168229, 168288, 168311, 168482, 168493, 168535, 168542, 168569, 168661, 168815, 168990, 169047, 169106, 169131, 169253, 169361, 169570, 170242, 170422, 170434, 170597, 170624, 170817, 170873, 170998, 171285, 171303, 171366, 171395, 171569, 171743, 171932, 172016, 172034, 172069, 172207, 172218, 172252, 172272, 172358, 172374, 172387, 172402, 172422, 172609, 172688, 172796, 172889, 172934, 172962, 172991, 173049, 173076, 173111, 173153, 173175, 173188, 173490, 173493, 173515, 173551, 173590, 173617, 173633, 173701, 173811, 173856, 174365, 174373, 174482, 174511, 174538, 174767, 174804, 174950, 175253, 175283, 175322, 175326, 175333, 175382, 175390, 175467, 175556, 175605, 175843, 175927, 176220, 176548, 177050, 177438, 177471, 178572, 179413, 179477, 179563, 179957, 180058, 180138, 180145, 180181, 180199, 180266, 180327, 180385, 180392, 180424, 180459, 180477, 180535, 180980, 181419, 181725, 182109, 182114, 182383, 182431, 182612, 183608, 183663, 183745, 183812, 183824, 183849, 183914, 183920, 183948, 184002, 184137, 184146, 184185, 184317, 184429, 184621, 184630, 184667, 184735, 184745, 184788, 184817, 184902, 184945, 185105, 185111, 185303, 185368, 185396, 185449, 185466, 185492, 185529, 186022, 186190, 187101, 187184, 187199, 187214, 187228, 187314, 187353, 187419, 187749, 187767, 188302, 188328, 188363, 189123, 189253, 189263, 189286, 189398, 189464, 189883, 190183, 190202, 190274, 190542, 190558, 190642, 190750, 190776, 190780, 190911, 191010, 191289, 191359, 191386, 191390, 191439, 191449, 191613, 191620, 191632, 191678, 191692, 191697, 191744, 191816, 191974, 192009, 192037, 192071, 192119, 192307, 192357, 192531, 192691, 192721, 192886, 192933, 193215, 193252, 193286, 193431, 193548, 193573, 193592, 193676, 193812, 193888, 194008, 194129, 194227, 194611, 194657, 195213, 195310, 195324, 195327, 195366, 195415, 195421, 195577, 195594, 195604, 195665, 195879, 195913, 195999, 196013, 196027, 196100, 196163, 196224, 196241, 196263, 196278, 196368, 196440, 196612, 196907, 197015, 197123, 197151, 197237, 197250, 197313, 197398, 197438, 197557, 197978, 199427, 199436, 199552, 199596, 199908, 199930, 200570, 201267, 201599, 201944, 202039, 202505, 202515, 203012, 203891, 203911, 203951, 203982, 204073, 204131, 204137, 204183, 204291, 204353, 204495, 204578, 204690, 204733, 204798, 204812, 204832, 204884, 204892, 205005, 205503, 205632, 205647, 205656, 205853, 206090, 206138, 206157, 206257, 206273, 206302, 206329, 206670, 206755, 206853, 206937, 207008, 207027, 207053, 207092, 207153, 207244, 207405, 207423, 207473, 207523, 207531, 207544, 207572, 207734, 207851, 208062, 208304, 208329, 208339, 208404, 208432, 208524, 208575, 208632, 208660, 208680, 208724, 208848, 208875, 208958, 208986, 209059, 209577, 210204, 210669, 210687, 210703, 210710, 210817, 210881, 210908, 210941, 211171, 211202, 211474, 211579, 211704, 211830, 211938, 212100, 212148, 212222, 212234, 212267, 212273, 212280, 212287, 212291, 212298, 212302, 212309, 212323, 212466, 212492, 212497, 212510, 212532, 212655, 212719, 212748, 212769, 212868, 212875, 212920, 212927, 213155, 213207, 213797, 213923, 214001, 215153, 216195, 216355, 216484, 216564, 216643, 216663, 216668, 216691, 216788, 216876, 216932]
18,622,[555, 562, 898, 968, 1540, 1635, 1688, 1978, 2131, 2138, 2192, 2215, 2266, 2362, 2491, 2492, 2544, 2601, 2652, 2713, 2735, 2803, 2866, 2955, 3034, 3052, 3165, 3191, 3285, 3302, 3356, 3475, 3485, 3520, 3580, 3597, 3664, 3758, 4244, 4619, 4633, 4683, 4809, 5109, 5756, 5818, 5912, 5939, 6165, 6247, 7049, 7313, 8140, 8181, 8804, 10581, 11291, 11344, 11372, 11489, 11607, 11686, 11717, 11897, 12169, 12530, 12905, 13691, 15266, 15276, 15311, 15461, 16010, 16264, 17930, 18365, 18541, 19376, 19596, 19633, 19847, 20354, 20542, 20659, 21615, 21784, 21883, 22031, 22078, 22144, 22304, 22737, 24362, 25481, 25585, 25616, 25643, 25906, 26164, 26225, 26329, 26509, 26604, 26756, 26867, 27040, 27166, 28253, 28903, 29937, 30228, 30295, 30577, 31639, 31815, 32212, 32364, 32419, 32548, 32730, 33194, 33311, 33712, 33902, 34159, 34165, 34327, 35516, 35797, 35904, 35963, 36001, 37002, 37050, 37113, 37399, 37637, 37734, 38128, 38660, 38901, 39226, 39279, 39311, 39334, 40399, 40694, 40839, 41052, 41138, 41658, 41797, 41878, 41927, 42177, 42245, 42280, 42311, 42407, 42560, 42821, 43209, 43300, 43491, 43888, 43904, 43912, 44027, 44112, 44139, 44183, 44263, 44289, 44477, 44541, 45307, 45332, 45381, 45514, 45881, 45933, 46008, 46063, 46199, 46373, 46431, 46476, 47725, 48245, 48476, 48801, 48879, 48980, 49051, 49086, 50193, 50321, 50904, 51498, 51742, 52150, 53188, 54026, 54495, 54702, 54852, 54873, 54923, 54962, 55689, 55837, 56162, 56299, 56418, 56981, 57689, 57709, 57717, 57792, 57802, 59115, 59247, 59300, 59318, 59398, 59425, 61657, 61715, 61802, 61826, 61933, 62002, 62056, 62171, 62188, 62197, 62223, 62611, 62630, 62665, 62695, 62718, 62756, 62760, 62773, 62816, 62879, 62883, 63140, 63206, 63436, 63619, 64165, 64465, 64488, 64650, 64857, 64918, 64934, 65364, 65383, 65425, 65528, 65917, 65953, 66130, 66163, 66934, 67396, 67451, 67511, 67598, 68145, 68708, 70333, 70368, 70870, 71252, 73030, 73476, 73811, 74091, 75102, 75160, 75181, 75761, 75847, 75896, 75951, 75993, 76002, 76016, 76042, 76103, 76407, 76449, 76507, 76590, 76605, 76748, 76759, 76815, 77124, 77453, 77484, 77533, 77552, 77603, 77671, 77711, 77722, 77738, 77835, 77857, 77908, 77943, 78043, 78292, 78598, 78813, 78817, 78891, 78932, 79015, 79153, 79164, 79214, 79236, 79392, 79417, 79432, 79529, 81681, 82060, 82125, 82163, 82283, 82755, 82844, 83125, 83138, 83290, 83395, 83428, 83451, 83550, 83755, 83792, 83901, 83949, 83967, 84005, 84032, 84047, 84080, 84210, 84338, 84387, 84399, 84412, 84474, 85180, 85288, 85468, 85739, 86071, 86099, 86125, 86364, 86587, 86745, 86888, 86966, 87139, 87156, 87395, 87536, 87606, 87706, 87801, 87957, 88063, 88118, 88175, 88477, 88616, 88784, 89027, 89584, 89838, 89859, 89895, 89911, 89949, 90913, 91375, 91477, 91507, 91715, 92238, 92264, 92359, 92805, 92808, 92957, 93933, 93943, 94137, 94212, 94240, 94368, 94462, 94518, 94733, 94751, 94781, 94891, 94956, 94979, 94981, 95020, 95067, 95128, 95367, 95554, 95814, 95874, 95902, 96178, 96267, 96431, 96731, 96780, 97052, 97155, 97196, 97210, 97520, 98549, 98686, 98703, 98746, 98844, 98959, 99150, 99196, 99272, 99356, 99370, 100148, 100407, 100583, 100616, 101243, 101259, 101277, 101290, 101758, 102076, 102348, 102549, 102854, 102880, 103079, 103239, 103323, 103505, 103556, 103856, 103872, 104042, 104140, 104141, 104162, 104201, 104255, 104277, 104318, 104388, 104624, 104627, 104642, 104658, 104801, 104807, 104811, 104827, 104853, 104869, 104883, 104903, 104938, 104944, 104957, 104988, 105027, 105044, 105131, 105233, 105294, 105365, 105558, 105571, 105658, 105688, 105740, 105824, 105847, 105883, 105902, 106046, 106071, 106157, 106193, 107072, 107711, 108225, 108282, 109245, 109885, 110944, 111014, 112106, 112151, 112222, 112312, 112340, 112529, 112649, 112708, 112806, 112864, 113320, 113370, 113474, 115194, 115432, 115636, 115931, 116007, 117274, 117308, 117655, 118029, 118324, 118400, 119666, 119700, 120047, 120413, 120733, 120751, 120843, 120887, 120929, 120953, 121102, 121112, 121161, 121268, 121711, 121733, 122039, 122581, 122912, 123009, 123156, 123190, 123227, 123281, 125085, 125596, 125840, 126345, 126594, 127206, 127309, 127511, 127551, 129044, 130366, 130399, 130487, 130502, 130973, 131299, 131303, 131377, 131397, 131481, 131505, 131522, 131936, 131992, 132015, 132064, 132421, 132805, 133603, 135503, 138399, 139591, 140501, 143677, 143909, 144579, 144772, 144783, 144797, 145196, 145562, 145660, 145742, 145774, 146175, 147074, 147373, 147538, 148012, 148728, 148976, 149043]
19,50,[687, 754, 2097, 3388, 5536, 5971, 6333, 7375, 8929, 10369, 11503, 11591, 11657, 11785, 12933, 13241, 13995, 15656, 15742, 16710, 16760, 16795, 17324, 17527, 18023, 19104, 19763, 20391, 21583, 21589, 21722, 22224, 22306, 22381, 22476, 22538, 22785, 22834, 23770, 25593, 25728, 25814, 25823, 25945, 26009, 26301, 26520, 26674, 26989, 27130]
20,5,[49765, 63170, 63242, 64028, 65139]
21,3,[7575, 18325, 33094]
22,30,[12138, 13404, 25262, 25315, 25590, 28315, 48793, 56000, 68117, 79444, 79472, 95528, 99122, 103186, 103191, 104459, 124979, 130206, 134576, 135384, 136045, 139476, 141552, 141583, 141624, 141627, 141630, 141654, 146440, 161436]
23,19,[449, 1808, 4334, 6148, 6690, 7358, 7649, 9472, 21723, 25001, 28133, 28177, 28490, 28529, 28649, 28710, 28723, 29211, 29232]
24,85,[498, 611, 1884, 2541, 4873, 5820, 6823, 7045, 8270, 9141, 9147, 9370, 9789, 10599, 10699, 10702, 13650, 13810, 14054, 14164, 14167, 14415, 14633, 15164, 15184, 15287, 15360, 16416, 17848, 17862, 18016, 18059, 18322, 18337, 18497, 19675, 19763, 19787, 19811, 19837, 20480, 21120, 21374, 22174, 22739, 22776, 23469, 24519, 24549, 24617, 26431, 26496, 26838, 26927, 27041, 28291, 28642, 29093, 29233, 29248, 29264, 30060, 31420, 31449, 31656, 32514, 32855, 32935, 33267, 34696, 36081, 36240, 37189, 37203, 38078, 38861, 39004, 39011, 40750, 41724, 44300, 44303, 44345, 44837, 44844]
25,245,[862, 1389, 2584, 3625, 3697, 4522, 4534, 4572, 4675, 5110, 5471, 5543, 6264, 7522, 7608, 8107, 11793, 13942, 14028, 14981, 16315, 16516, 17283, 18978, 19702, 20289, 20299, 22851, 24966, 26077, 26952, 28030, 28042, 28096, 29674, 29731, 29757, 30175, 30207, 30531, 32224, 32295, 32733, 36275, 36353, 36408, 36416, 36516, 36519, 37176, 37188, 38526, 40038, 40113, 40583, 40881, 41596, 42419, 42427, 42493, 43532, 44582, 44747, 45244, 45630, 45647, 45693, 45701, 45718, 45726, 46508, 48820, 49797, 49938, 50269, 51074, 51258, 52032, 52115, 52798, 52805, 52821, 53033, 54380, 54400, 54426, 54445, 54472, 55939, 55955, 55977, 56023, 56030, 56047, 56056, 56063, 58869, 58915, 58956, 60491, 60506, 60514, 68705, 69863, 70585, 70693, 70696, 71096, 71411, 71418, 71425, 71440, 72026, 73444, 74363, 76571, 76618, 76630, 76641, 77271, 77427, 77572, 78980, 80239, 86745, 92260, 92346, 92429, 92875, 94835, 94897, 94916, 94919, 94945, 94969, 95401, 97927, 98033, 98821, 98964, 98967, 98973, 98994, 103645, 105351, 105434, 109499, 109571, 111770, 113093, 113165, 113177, 113185, 113188, 113220, 113277, 113280, 113298, 113687, 113926, 115330, 116188, 117696, 119489, 119569, 119577, 126235, 126273, 126287, 126516, 129145, 129158, 130377, 130489, 131417, 142608, 144323, 145295, 145528, 145623, 147957, 147983, 148670, 149360, 149388, 149863, 150144, 150817, 150903, 151828, 151834, 151897, 151903, 153417, 153520, 153523, 156259, 156312, 156398, 158145, 159240, 160037, 160098, 160119, 161092, 161100, 161126, 162050, 162178, 162216, 163014, 163738, 164329, 164333, 164348, 164394, 164398, 165371, 166094, 167070, 168904, 168915, 169771, 170707, 170754, 170758, 175053, 178013, 182169, 182333, 182592, 182646, 182753, 182849, 182910, 184726, 187154, 187723, 187761, 201274, 202268, 203814, 204278, 204299, 204305]
26,7,[63, 160, 50811, 64531, 64603, 65415, 66551]
27,65,[589, 2090, 2836, 3756, 6519, 7067, 8589, 9259, 9287, 9831, 14125, 15899, 16989, 17534, 17708, 17712, 20909, 21536, 22609, 24831, 25336, 25398, 27410, 36148, 40522, 40848, 41816, 45024, 45338, 47447, 51227, 51321, 53014, 55372, 59781, 59888, 60068, 66462, 69373, 69483, 69648, 69821, 72287, 73092, 73318, 73344, 73474, 75086, 75380, 76189, 76809, 76853, 85911, 86689, 89680, 89956, 91719, 93234, 94009, 94176, 94476, 97900, 101750, 104522, 107940]
28,5,[542, 865, 6968, 10528, 11518]
30,2143,[5572, 7174, 8329, 8374, 9427, 11918, 12015, 12028, 12038, 13828, 13984, 14093, 14102, 14108, 14525, 14545, 15558, 16082, 16524, 19348, 20595, 20707, 21083, 21477, 25420, 25727, 25892, 29804, 29854, 30154, 30521, 30799, 30888, 31113, 31207, 31644, 31867, 31870, 32121, 32144, 32854, 32953, 33001, 33271, 33706, 33847, 34011, 34014, 34058, 34135, 34149, 34171, 34180, 34247, 34257, 34281, 34381, 34498, 34515, 34521, 34665, 35202, 35397, 35447, 35732, 35782, 35801, 35895, 35900, 35927, 35982, 36201, 36211, 36226, 36256, 36280, 36283, 36430, 36443, 36478, 36495, 36515, 36648, 36794, 36816, 36840, 36878, 37141, 37407, 37416, 38124, 38147, 38171, 38292, 39025, 39130, 39163, 39181, 39223, 39569, 39941, 39964, 39978, 40080, 40169, 40182, 40204, 40371, 40864, 41104, 41120, 41172, 41178, 41353, 41575, 42122, 42179, 42338, 42342, 42368, 42375, 42409, 42422, 42466, 42627, 42707, 42921, 42985, 42988, 43007, 43016, 43025, 43041, 43092, 43126, 43168, 43198, 43247, 43280, 43294, 43434, 43469, 43486, 43504, 43521, 43539, 43551, 43583, 43594, 43653, 43657, 43667, 43707, 43718, 43812, 43851, 43893, 43910, 44197, 44216, 44248, 44269, 45486, 45555, 45788, 46161, 46349, 46358, 46371, 46460, 46481, 51556, 51663, 51918, 52013, 52024, 52084, 52161, 52181, 52239, 52243, 52284, 52337, 52390, 52450, 52555, 52579, 52642, 52739, 52783, 52810, 52858, 52889, 52910, 52977, 52986, 53014, 53106, 53152, 53164, 53218, 53273, 53304, 53319, 53323, 53673, 53694, 53711, 55119, 55162, 59771, 60401, 62304, 62345, 62416, 62443, 63716, 63722, 63875, 63888, 63942, 64022, 64057, 64067, 64092, 64169, 64249, 69600, 69903, 69912, 70143, 70260, 70404, 70441, 71119, 71273, 71427, 71472, 71892, 71915, 71931, 71981, 72013, 72250, 72295, 72436, 72489, 72543, 72599, 72810, 72819, 74252, 74271, 76423, 82405, 82592, 85735, 86746, 86780, 86886, 86928, 86978, 86984, 87020, 87036, 87081, 87130, 87144, 87235, 87310, 87323, 87466, 87538, 87595, 87601, 87618, 87623, 87932, 87943, 88150, 88378, 88432, 88458, 88496, 88536, 88695, 88749, 88801, 88825, 88860, 88883, 88946, 88958, 89356, 90001, 90100, 91256, 91384, 91393, 93184, 93214, 93639, 93696, 93748, 93863, 93917, 93926, 93963, 93968, 93971, 93976, 94007, 94174, 94198, 94295, 94434, 94518, 94541, 94568, 94615, 94679, 94685, 94709, 94826, 94864, 94963, 95556, 95728, 96025, 96444, 96453, 96456, 96688, 96700, 96708, 96742, 96996, 97115, 98495, 100599, 100605, 101953, 102720, 105467, 105895, 106068, 106213, 106285, 106567, 106587, 106708, 106726, 106763, 107346, 107513, 107615, 107869, 108208, 109212, 109653, 110046, 110060, 110065, 110091, 110097, 110288, 110339, 110440, 111117, 111295, 111460, 111497, 111501, 111802, 111836, 111881, 112159, 112267, 114267, 114339, 114615, 114628, 114937, 116326, 116581, 116771, 116861, 117046, 118009, 118048, 118102, 118195, 118233, 118243, 118271, 118388, 118725, 118738, 121890, 121977, 122009, 122025, 122235, 122265, 122278, 122353, 122370, 122383, 122399, 122416, 122435, 122449, 122470, 122484, 122497, 122511, 122528, 122713, 122735, 123309, 124143, 124568, 125733, 125846, 125983, 126498, 126556, 126568, 126827, 127101, 127239, 127261, 127275, 127393, 127405, 127500, 127536, 127573, 127843, 127878, 127939, 128087, 128415, 128511, 128631, 128640, 129537, 129598, 129626, 129638, 129833, 129851, 129930, 129965, 129977, 129996, 130251, 130260, 130271, 130289, 130433, 130533, 130656, 130682, 130691, 130721, 130801, 131123, 131140, 131183, 131209, 131271, 131447, 131543, 131557, 131565, 131578, 131885, 131900, 131912, 131954, 132001, 132152, 132591, 132607, 132653, 132698, 132819, 132829, 132838, 132842, 132845, 132897, 132951, 132990, 133127, 133505, 134410, 134578, 134745, 135116, 135464, 135537, 137268, 138958, 138971, 139050, 143207, 143616, 143667, 143680, 143702, 143744, 143759, 143800, 143820, 143861, 143891, 144398, 144950, 144977, 144992, 145122, 145367, 145819, 146441, 146795, 146922, 146972, 147007, 147029, 147115, 148455, 148490, 148522, 148541, 148558, 148609, 148665, 148700, 148707, 149366, 150759, 150825, 150856, 150878, 150912, 150925, 150931, 150961, 150996, 151065, 151078, 151095, 151137, 151161, 151216, 151244, 151260, 151830, 152080, 152329, 152348, 152400, 152900, 153865, 154216, 154271, 155547, 155757, 156280, 156370, 156655, 156826, 157887, 157898, 158016, 158068, 158205, 158330, 158433, 158555, 158568, 159060, 159104, 159228, 159366, 159781, 159875, 159982, 160017, 160019, 160457, 161039, 161309, 161442, 161507, 162623, 162892, 162903, 163046, 163760, 163802, 164156, 164616, 164647, 164851, 165231, 165241, 165250, 165839, 165928, 166102, 166144, 166235, 166502, 166523, 166607, 166612, 166622, 166649, 166844, 167262, 167374, 167536, 167542, 167553, 167569, 167573, 167585, 167603, 167742, 167746, 167768, 167839, 167930, 167971, 168013, 168026, 168194, 168540, 168550, 168582, 168632, 168646, 168742, 168800, 168824, 168852, 168857, 168891, 168914, 168973, 169079, 169106, 169124, 169268, 169345, 169376, 169672, 169714, 169795, 169911, 169929, 169950, 169969, 169982, 170015, 170023, 170038, 170068, 170104, 170110, 170129, 170143, 170171, 170205, 170310, 170343, 170364, 170392, 170454, 170491, 170674, 170743, 170834, 170844, 170999, 171150, 171247, 171363, 172630, 172723, 173558, 173754, 176931, 179277, 179317, 179339, 179513, 179565, 180162, 181264, 181304, 181313, 181738, 181749, 182210, 182380, 182389, 182568, 183496, 183516, 183531, 183581, 184009, 184366, 184409, 184444, 184453, 184481, 184494, 184498, 184973, 185204, 185479, 185882, 185893, 185917, 185987, 186164, 186196, 186238, 186272, 186526, 186535, 186553, 186572, 186574, 187041, 187695, 187746, 187767, 188116, 188377, 189369, 189391, 189438, 189477, 190341, 190760, 190826, 191616, 191727, 191892, 191907, 191944, 192075, 192438, 192656, 192672, 192736, 192901, 192920, 192932, 193036, 193064, 193276, 193442, 193623, 193633, 193645, 193666, 193698, 193708, 193766, 193796, 193809, 193826, 193862, 194085, 194096, 194594, 194597, 194612, 194621, 194792, 194804, 194820, 195590, 195627, 195636, 196089, 196123, 196180, 196350, 197462, 197685, 197692, 197743, 198051, 198083, 198552, 198559, 198574, 198627, 198717, 198753, 198914, 198946, 198976, 199089, 200141, 200150, 200156, 201777, 201923, 201929, 201945, 201960, 203003, 203215, 203413, 203777, 205932, 205953, 206308, 206381, 206421, 206478, 206502, 206539, 206617, 206669, 206679, 206696, 206881, 206916, 206947, 206968, 207043, 207136, 207147, 207323, 207356, 207545, 207835, 207930, 209858, 209885, 209897, 209958, 209992, 210052, 210073, 210124, 210161, 210352, 210423, 210435, 210502, 210522, 211494, 211573, 211705, 211711, 213139, 213151, 213473, 213484, 213607, 213615, 213630, 213637, 214889, 214910, 214920, 214998, 215155, 215162, 215342, 215392, 216166, 216376, 216444, 216587, 217381, 217384, 217641, 217716, 217741, 218203, 218205, 218782, 219151, 220690, 220692, 221577, 222250, 222290, 222310, 223487, 223810, 224439, 224482, 224574, 225151, 225496, 226550, 226782, 227629, 227633, 227662, 227760, 227766, 227773, 227777, 227831, 227865, 227941, 228085, 228614, 229177, 229594, 229874, 229912, 230017, 230599, 230894, 231074, 232939, 233196, 234281, 235274, 235288, 235434, 235650, 235964, 236033, 236178, 236660, 236935, 237075, 237464, 237674, 237858, 238104, 238111, 238156, 238302, 241351, 244756, 244909, 244916, 245144, 246558, 246811, 247716, 247843, 247979, 248041, 248068, 248214, 248363, 248481, 248518, 248559, 248594, 248825, 248833, 248846, 248855, 248862, 249280, 249534, 249624, 249673, 249692, 249955, 249985, 250127, 250149, 250203, 250512, 250543, 250658, 251283, 251724, 254192, 254794, 255055, 255181, 255275, 255303, 255812, 255831, 255838, 255881, 256335, 256550, 257951, 257975, 257990, 258383, 258459, 258500, 258562, 258588, 258627, 258708, 258757, 258769, 258784, 258971, 259143, 259170, 259326, 259350, 259417, 259418, 259770, 259861, 260926, 260954, 260964, 261017, 261050, 261109, 261175, 261213, 261768, 262543, 262962, 263764, 264062, 264292, 264322, 264324, 264903, 265171, 265532, 265889, 266010, 266221, 266661, 266785, 267314, 267349, 267460, 267531, 267540, 267569, 267673, 267683, 267687, 267784, 267788, 267824, 268061, 268363, 268464, 268468, 268903, 269049, 269056, 269420, 269965, 270067, 271941, 271947, 272023, 272295, 272428, 272490, 272675, 272842, 272965, 272993, 273017, 273403, 273468, 273528, 273646, 273682, 273721, 273779, 273790, 273805, 273833, 274480, 274658, 274846, 274860, 275749, 275962, 276002, 276036, 276072, 276192, 276236, 276643, 276944, 276982, 277009, 277232, 277312, 277595, 278354, 278387, 278446, 278742, 278803, 278818, 278821, 278930, 278937, 279773, 280267, 280805, 280886, 281123, 281450, 282027, 282043, 282057, 282103, 282367, 282467, 282544, 282573, 282778, 282832, 282856, 283560, 285086, 285240, 285268, 285423, 285480, 285532, 285860, 285915, 285935, 286029, 286042, 286615, 286640, 286717, 287451, 287483, 287508, 287603, 287669, 287675, 287681, 287694, 287737, 287743, 287782, 287787, 287803, 287855, 287869, 287907, 287985, 288375, 288776, 289022, 289093, 289328, 289378, 289398, 289467, 289479, 289589, 289810, 289816, 289836, 290318, 290797, 290959, 291244, 291857, 292125, 292292, 292427, 292609, 292630, 292917, 293228, 293457, 293475, 293519, 293526, 293539, 293616, 293661, 293670, 293746, 294006, 294033, 295095, 295101, 295467, 295606, 295671, 295723, 295833, 295929, 296755, 300555, 300837, 302276, 302641, 307819, 307969, 308514, 308638, 311079, 311303, 311342, 311882, 311898, 312291, 312335, 313141, 313189, 314044, 314260, 314269, 314317, 314999, 315361, 316361, 316517, 316523, 317370, 317395, 318088, 320278, 320425, 320460, 320693, 320778, 320810, 320882, 321051, 321074, 321141, 321147, 321335, 321670, 321695, 322382, 322436, 322949, 323181, 323518, 323676, 323996, 324480, 324698, 324880, 324887, 324903, 324914, 324921, 325058, 325303, 325422, 325434, 325514, 326486, 326500, 326511, 326885, 327321, 327378, 327937, 327945, 328020, 328030, 328325, 328765, 328909, 329029, 329265, 329337, 329653, 329695, 329718, 329907, 330292, 330347, 330373, 330764, 331230, 331306, 331701, 332536, 332571, 332653, 332859, 332902, 332961, 333005, 333062, 333115, 333191, 333427, 333435, 333454, 333597, 333974, 334022, 334906, 335044, 335118, 335157, 335171, 335343, 335383, 335404, 335471, 335944, 336063, 336488, 336658, 337249, 337401, 337444, 337710, 337733, 338198, 338248, 338269, 340971, 341982, 342002, 342288, 343636, 343828, 343835, 344623, 344663, 344673, 344733, 344774, 348586, 348741, 349842, 349849, 349928, 353749, 355188, 355400, 355409, 355600, 356116, 358132, 360850, 362999, 363005, 363148, 363568, 363618, 363661, 364059, 364128, 364211, 364221, 364243, 364254, 364274, 364915, 365175, 365444, 365521, 365537, 365692, 365826, 365963, 366270, 366347, 366404, 366413, 366551, 366665, 366835, 366919, 366967, 367058, 367152, 367240, 367377, 367400, 367597, 367637, 368074, 368105, 368261, 368345, 368438, 368664, 368878, 368986, 369278, 369550, 370353, 370461, 370596, 370602, 371212, 371748, 372423, 372596, 372662, 372797, 373093, 373170, 373199, 373228, 373540, 373730, 374005, 374199, 374324, 374393, 375040, 375074, 375399, 375457, 375501, 375725, 375946, 376005, 376626, 376713, 376820, 376959, 377098, 377099, 377222, 377236, 377348, 378157, 380026, 380156, 380672, 381429, 381458, 381764, 381975, 382042, 382061, 382300, 382303, 382578, 384099, 384892, 385098, 385209, 385423, 385922, 385941, 385953, 386017, 386269, 386401, 386525, 386549, 386572, 386659, 386967, 387586, 387591, 387887, 388009, 388432, 388592, 389513, 390010, 390268, 390580, 390593, 390629, 390691, 390758, 390818, 390881, 390954, 391039, 391276, 391355, 391367, 391534, 391739, 391747, 391831, 392962, 393229, 393252, 393682, 393699, 394711, 394730, 394743, 394927, 395501, 395653, 395716, 395775, 395876, 396188, 396304, 396357, 396381, 396466, 396499, 396771, 396847, 397019, 397273, 397475, 397540, 397632, 397832, 397875, 397895, 397917, 397929, 398056, 398243, 398576, 399139, 399398, 400007, 400066, 400074, 400083, 400242, 400299, 400882, 400919, 401053, 401119, 401282, 401450, 401767, 401936, 402061, 402800, 403308, 403570, 403858, 403962, 404633, 404693, 404913, 404978, 405598, 405894, 406122, 406211, 406316, 406336, 406344, 406381, 406728, 406841, 406869, 407311, 407316, 407391, 407903, 407933, 407943, 407975, 408027, 408054, 408157, 408191, 408206, 408388, 408409, 408749, 408758, 408841, 409079, 409176, 409233, 409305, 409448, 409522, 409863, 410121, 410281, 410290, 410341, 410828, 410893, 410899, 411027, 411235, 411713, 412433, 412902, 412994, 413659, 413680, 413770, 413977, 414019, 414314, 414839, 415103, 415158, 415207, 415212, 415256, 415339, 415370, 415902, 415953, 416132, 416286, 416414, 416501, 416515, 417394, 417417, 417434, 417447, 417542, 417828, 417861, 418505, 418516, 418603, 418629, 418684, 418781, 418973, 419372, 419469, 420183, 420327, 420336, 420365, 420453, 421184, 421350, 422503, 422603, 422655, 423713, 423987, 424488, 424585, 425789, 426125, 426421, 426646, 426651, 426954, 426961, 427011, 427190, 427371, 427481, 427684, 428146, 428637, 428963, 428992, 429231, 429284, 429386, 430897, 430909, 431021, 433381, 434833, 435174, 435256, 435774, 436177, 436208, 436388, 436429, 436444, 436470, 436520, 436580, 436789, 436824, 436867, 439108, 439234, 439903, 441399, 441431, 441604, 442052, 442065, 443164, 443759, 444783, 444798, 445175, 445342, 445473, 445605, 445700, 445967, 446054, 446712, 446774, 447238, 447380, 447789, 448100, 448232, 448927, 449261, 449395, 449416, 450101, 450113, 450140, 450202, 450379, 450520, 450821, 450863, 450870, 451247, 451701, 452126, 452285, 452373, 452447, 452563, 452761, 453264, 453294, 453397, 453577, 453687, 453821, 453870, 453914, 453989, 454066, 454088, 454106, 454306, 454426, 454486, 454673, 455023, 457473, 458610, 458844, 458872, 458939, 459394, 459433, 459577, 459753, 459926, 460058, 460334, 460353, 460429, 460518, 463602, 463885, 463943, 463959, 464560, 464611, 466194, 467178, 467650, 467991, 468624, 468846, 469079, 469135, 469223, 469240, 469328, 469416, 469810, 470376, 470413, 470624, 470876, 470891, 471246, 471267, 471439, 471763, 471799, 472388, 472391, 472607, 472636, 472685, 472697, 472747, 472840, 473388, 473545, 473986, 474448, 474556, 474649, 474789, 476138, 476216, 476224, 476452, 476500, 476521, 476536, 476546, 476755, 476776, 476933, 476954, 477076, 477237, 477491, 478212, 479778, 479928, 480027, 480612, 480713, 481079, 481529, 481977, 482412, 482606, 482833, 482901, 482922, 482977, 483088, 483150, 483365, 483417, 483481, 483710, 483907, 483939, 484119, 484125, 484160, 484439, 484737, 485816, 485948, 486470, 486536, 486586, 486627, 486635, 487052, 487137, 487476, 487855, 487891, 487898, 487918, 488245, 488323, 488520, 488581, 488798, 488821, 488838, 488874, 488941, 488981, 489184, 490145, 491428, 491770, 491790, 491814, 491904, 491943, 492120, 492149, 492599, 492866, 493192, 493403, 493427, 493439, 493476, 493521, 493988, 494043, 494310, 494677, 495152, 496346, 496491, 496534, 497499, 497641, 497656, 497692, 499705, 500816, 500839, 501016, 502687, 503168, 503474, 504559, 505071, 509044, 509121, 512587, 512621, 513334, 513870, 514111, 514292, 514969, 518423, 518485, 519482, 519512, 519730, 520064, 520191, 520247, 520696, 520725, 521194, 521575, 521759, 522255, 523100, 523590, 523831, 524067, 524618, 524677, 525460, 526868, 526928, 528043, 528181, 528257, 529004, 529112, 529338, 529695, 529704, 530277, 530357, 530440, 530476, 531693, 531734, 531791, 532838, 533513, 533666, 533717, 533744, 533820, 533969, 534068, 534550, 535357, 535410, 535513, 535857, 535945, 536032, 536394, 537942, 538185, 538716, 539712, 540060, 540143, 543701, 544549, 544563, 544578, 544659, 544695, 544911, 545037, 545316, 545744, 546008, 546046, 547066, 547208, 547222, 547364, 547377, 547579, 547718, 547928, 548409, 552881, 552949, 553907, 553921, 554022, 554192, 554215, 554365, 554414, 554475, 554551, 557500, 557656, 557951, 558008, 558097, 558121, 558303, 558361, 561639, 565623, 565770, 565818, 565837, 566081, 566155, 566175, 566283, 566308, 566456, 566534, 566627, 566670, 567120, 567140, 567267, 567401, 567418, 567564, 567631, 567903, 567962, 568375, 568664, 569281, 569350, 570837, 571566, 571591, 572144, 572181, 572320, 572520, 572757, 573147, 573169, 573177, 573318, 573454, 574039, 574097, 574114, 574200, 574222, 574696, 576095, 576148, 576254, 576881, 577311, 577738, 577833, 577911, 577941, 579363, 579384, 579434, 579563, 579568, 579639, 579657, 580386, 581274, 582459, 582602, 583644, 583981, 584170, 584191, 588503, 588507, 588529, 588998, 589040, 589048, 589066, 590831, 590843, 595372, 597337, 600802, 617115, 618320, 618768, 618971, 619595, 619681, 619945, 620219, 620415, 620651, 620676, 621328, 621926, 622944, 625582, 625605, 625610, 627284, 630675, 633270, 634063, 635577, 636902, 638534, 639074, 640050]
