6,26,[21, 222, 269, 332, 428, 434, 441, 450, 458, 482, 495, 507, 509, 511, 513, 520, 534, 539, 547, 551, 589, 601, 607, 696, 783, 873]
7,1,[140]
8,3,[19, 69, 565]
9,20,[130, 144, 148, 652, 661, 1179, 1320, 1847, 2274, 2303, 2322, 2342, 2455, 2467, 2553, 2573, 2644, 2651, 2660, 2682]
10,3904,[843, 910, 937, 986, 2133, 2521, 2574, 3238, 3261, 3591, 3662, 4573, 4668, 4936, 5670, 5687, 6517, 7370, 7407, 7418, 7771, 7916, 8109, 8232, 8547, 8551, 8754, 8907, 8947, 8991, 9119, 9248, 9337, 9574, 9578, 9947, 10424, 10531, 10668, 10825, 10832, 10837, 11201, 11311, 11743, 12766, 12875, 13006, 13061, 14622, 14630, 14961, 14998, 15003, 15011, 15078, 15459, 15776, 15783, 15865, 15874, 15884, 15958, 16463, 16467, 16587, 17265, 17358, 17419, 17424, 17576, 17610, 17645, 17734, 17744, 17754, 17761, 17787, 18256, 18379, 18676, 18935, 18945, 18955, 18997, 19098, 19219, 19381, 19391, 19401, 19919, 20141, 20157, 20168, 20198, 20987, 21390, 22438, 22478, 22507, 23000, 24428, 24591, 25038, 25048, 25278, 25529, 25907, 26592, 26785, 27127, 27135, 27526, 27540, 27707, 27814, 27821, 28384, 29251, 29305, 29316, 29387, 29451, 29566, 29574, 29950, 30041, 30111, 30679, 31006, 31055, 31127, 31373, 31392, 32171, 32176, 32695, 32731, 32947, 32957, 33027, 33090, 33232, 33244, 33704, 33931, 34426, 34563, 34683, 34703, 34717, 34862, 35233, 36955, 37230, 37430, 37461, 37467, 37593, 37910, 38861, 39238, 39247, 40285, 40289, 40489, 40595, 41057, 41310, 41531, 41645, 41863, 42329, 42778, 42842, 43146, 43498, 44025, 44038, 44396, 44399, 44530, 44536, 44636, 44645, 45030, 45033, 45191, 45306, 45945, 46110, 46678, 46722, 47627, 48899, 48993, 49541, 50715, 51770, 51784, 51823, 51842, 51851, 51943, 52287, 52291, 52302, 52308, 52311, 52321, 52334, 52465, 52882, 52909, 52914, 52962, 53347, 53404, 53759, 53797, 54188, 60160, 60183, 61326, 61692, 62105, 62119, 62166, 62661, 62676, 62689, 64631, 64672, 64686, 64702, 64712, 64890, 64930, 64952, 65063, 65109, 65652, 65860, 66103, 66173, 66389, 66518, 66741, 67083, 68978, 69102, 69413, 69787, 70448, 70553, 71171, 71710, 71846, 71936, 72092, 72228, 72246, 72508, 72534, 72573, 72587, 73338, 73832, 73992, 74265, 74550, 75062, 75642, 75761, 76024, 76475, 76545, 76817, 77067, 77134, 77141, 77147, 77718, 79980, 80389, 81177, 82134, 82163, 82414, 82437, 82478, 82662, 85322, 85353, 85365, 85885, 87072, 87087, 87092, 87121, 87159, 87261, 87320, 87328, 87956, 87961, 88591, 88870, 88924, 88974, 89075, 89098, 89110, 89117, 89210, 89229, 89258, 89303, 89364, 89493, 89962, 90155, 90773, 90781, 91045, 91107, 91360, 91986, 92034, 92060, 92077, 92162, 92211, 92375, 92411, 92418, 92434, 92505, 92521, 92527, 92537, 92563, 92660, 92705, 93342, 93360, 93555, 93605, 93682, 93812, 94041, 94088, 94091, 94559, 94568, 94639, 95338, 95491, 95595, 95732, 95737, 96065, 96673, 97035, 97130, 98501, 98513, 98524, 98538, 98585, 98683, 99333, 99357, 99456, 99573, 99682, 100146, 100500, 100980, 101039, 101605, 101623, 101822, 101827, 101970, 101988, 102092, 102122, 102211, 102367, 103259, 103478, 103652, 103661, 103672, 103907, 104065, 104074, 104168, 104329, 104463, 105086, 105139, 105572, 105592, 105840, 105993, 106048, 106165, 106371, 106478, 106653, 107237, 107245, 107251, 107287, 107298, 107535, 107577, 107684, 108088, 108824, 109204, 109213, 109267, 109316, 109326, 109331, 109337, 109665, 109718, 110462, 110669, 111437, 111456, 111579, 111594, 111605, 111774, 111846, 111866, 112477, 112537, 112542, 112673, 113183, 113880, 114147, 114161, 114528, 114541, 114661, 114892, 115857, 116597, 116632, 117115, 117136, 117276, 117463, 117469, 117526, 117943, 118051, 118338, 118557, 118822, 118828, 118919, 118984, 119016, 119026, 119100, 119121, 119207, 120225, 120239, 121197, 121414, 121425, 121436, 121447, 121802, 121908, 121919, 121942, 121948, 121951, 121957, 121974, 121982, 123134, 123407, 123526, 123599, 123789, 123866, 124278, 124298, 124332, 124449, 124480, 124507, 124531, 124536, 124739, 124753, 124823, 125008, 125140, 125206, 125505, 125617, 125794, 125998, 126117, 126182, 126219, 126239, 126301, 126425, 126478, 126588, 126913, 126922, 127733, 127749, 128314, 128549, 128711, 128714, 128854, 128865, 129191, 129269, 129301, 129699, 130933, 131148, 132197, 132206, 132213, 132221, 132474, 132485, 132710, 132842, 132886, 132903, 133874, 134114, 134183, 134263, 134542, 135998, 136638, 136664, 137400, 139129, 139170, 139200, 139355, 139375, 141772, 141784, 141791, 141803, 142092, 142219, 142234, 142411, 142435, 142455, 142476, 142547, 142692, 142701, 142854, 142881, 142901, 143001, 143219, 143236, 143248, 143471, 143474, 143626, 143877, 144175, 144293, 144979, 145013, 145018, 145489, 145949, 145986, 147113, 147124, 147441, 147445, 147738, 147858, 147903, 148061, 148874, 149401, 150534, 150540, 150545, 150554, 150589, 150601, 150617, 151363, 151368, 151786, 151792, 151848, 151865, 151883, 152602, 152830, 153677, 153845, 153861, 153872, 153881, 153945, 154063, 154300, 154304, 154339, 154651, 154749, 154895, 155455, 156215, 156461, 156592, 156840, 156855, 158080, 158084, 158109, 158196, 159301, 159544, 159945, 160019, 160023, 160026, 160471, 160498, 160515, 160858, 160972, 161332, 161562, 161585, 162179, 162187, 162208, 162307, 162377, 162475, 162571, 162822, 163151, 163630, 163642, 163669, 164085, 164728, 165404, 165570, 165971, 165977, 165991, 166007, 166211, 166237, 166513, 166523, 166742, 166964, 167539, 167557, 168010, 168189, 168199, 168223, 168244, 168248, 168251, 168254, 168258, 168303, 168435, 168438, 168443, 168519, 168523, 168637, 168690, 168708, 169128, 169168, 170178, 170279, 170843, 171018, 171085, 171114, 171140, 171243, 171250, 171259, 171266, 171286, 171355, 171358, 171476, 171611, 171631, 171765, 172025, 172674, 172826, 173067, 173757, 173765, 173772, 173985, 174380, 174858, 174913, 175018, 175126, 175387, 175525, 175832, 175917, 175921, 175963, 175980, 176084, 176241, 176244, 176249, 176471, 176595, 176862, 177355, 177528, 177793, 177867, 177990, 178256, 178374, 178623, 178890, 178904, 178938, 179043, 179048, 179709, 179762, 179783, 179803, 179849, 179868, 179873, 180090, 180223, 180530, 180692, 180861, 180866, 180899, 181052, 181167, 181207, 181217, 181253, 181281, 181904, 182657, 182788, 183116, 183127, 183148, 183170, 183936, 184843, 184971, 184986, 184999, 186251, 186270, 186279, 186339, 186349, 186407, 186645, 187437, 187476, 188986, 189113, 189485, 189490, 189846, 190303, 190399, 190959, 191154, 191187, 191334, 191392, 191424, 191639, 192116, 192302, 192356, 192674, 192894, 193379, 194087, 194142, 194160, 194274, 194803, 195245, 195287, 195463, 195484, 195581, 195785, 195795, 195830, 195850, 195856, 195910, 195914, 196679, 197057, 197504, 197511, 197538, 197624, 197629, 197712, 197728, 198892, 198896, 198910, 199111, 199114, 199121, 200180, 200416, 200432, 200453, 200982, 201205, 201788, 201805, 202156, 202161, 202186, 203363, 206014, 206181, 206192, 206374, 206377, 206532, 206586, 206832, 206867, 206945, 206948, 206951, 206999, 207025, 207035, 207052, 207253, 207542, 207554, 207592, 207643, 207664, 207671, 207739, 207746, 209125, 209182, 209611, 209625, 209635, 209638, 209658, 209736, 209744, 210102, 210310, 210313, 212098, 212878, 214138, 214220, 214284, 214444, 214775, 214959, 214970, 215472, 215945, 215958, 216089, 216102, 216197, 216206, 216280, 216403, 216416, 217058, 217159, 217570, 218053, 218521, 218663, 218671, 220600, 220978, 221240, 221364, 222634, 222850, 224454, 224625, 225565, 225603, 225640, 225796, 226165, 226666, 226967, 227116, 227846, 229043, 229081, 232353, 232730, 232913, 233311, 233328, 233555, 233655, 233666, 233675, 233795, 233803, 233824, 233879, 233987, 233998, 234012, 234018, 234021, 234383, 234393, 234441, 234445, 234545, 234721, 234736, 234744, 234772, 235045, 235079, 235230, 235238, 235581, 235597, 235666, 235701, 235711, 235721, 235824, 235925, 235928, 236025, 236995, 237006, 245428, 247429, 248595, 248609, 248620, 248637, 248674, 248683, 248693, 248965, 250416, 250420, 250434, 250669, 250680, 251311, 251339, 254470, 254988, 255046, 255052, 255061, 255071, 255351, 255382, 255415, 255423, 255489, 256040, 256063, 256066, 256076, 256538, 258048, 258134, 258142, 258232, 258244, 258467, 258469, 258625, 258681, 258934, 258969, 259044, 259046, 259050, 259071, 259099, 259129, 259546, 259551, 259626, 259662, 259679, 259703, 259725, 259732, 261175, 261376, 261379, 261977, 261981, 262020, 262410, 262458, 262473, 262510, 262579, 262963, 262969, 263075, 263704, 263893, 264791, 264798, 265704, 265803, 266831, 267772, 268537, 269003, 270621, 270669, 270727, 271226, 271241, 271245, 271261, 271273, 271313, 271558, 271598, 271938, 273159, 273164, 273797, 273931, 274554, 274579, 274591, 275461, 275501, 275514, 275620, 275713, 275721, 275724, 275818, 276604, 276621, 276686, 279058, 279298, 279340, 279356, 279395, 279427, 279499, 279504, 279512, 280319, 280377, 280437, 281012, 281142, 282206, 282239, 282253, 282377, 282388, 282498, 282529, 282717, 282723, 282958, 282961, 283034, 283051, 283616, 283624, 283626, 283633, 283704, 283889, 284320, 285219, 285725, 285744, 285797, 285847, 286052, 286194, 286521, 286552, 289273, 289277, 289306, 289381, 289871, 291738, 292133, 292645, 293731, 294234, 294499, 294562, 295237, 295574, 295646, 295655, 296035, 296242, 296258, 297054, 297279, 297349, 297940, 297993, 298000, 298202, 298257, 298472, 298794, 298888, 298918, 298930, 298980, 299090, 299390, 299471, 299476, 299665, 300213, 300365, 300372, 300721, 301193, 301539, 301639, 301850, 301857, 301863, 302103, 302115, 302208, 302215, 302222, 302285, 302321, 302523, 302528, 302776, 302793, 302854, 302866, 302979, 302984, 303051, 303054, 303184, 303244, 303600, 303740, 303915, 304106, 304181, 304313, 304320, 304518, 304524, 304532, 304707, 304899, 305371, 305624, 305793, 306181, 306186, 306188, 306309, 306342, 306379, 306598, 306650, 306654, 306731, 306738, 306745, 306766, 306772, 306785, 306796, 306835, 306839, 306887, 306906, 307009, 307016, 307225, 307349, 307420, 307615, 307659, 307753, 308134, 308148, 308251, 308436, 308526, 308603, 309335, 309421, 309750, 310110, 310788, 310813, 310862, 310910, 311282, 311299, 311320, 311464, 311514, 311783, 311841, 311970, 311976, 311986, 312285, 312510, 312661, 313073, 313202, 313214, 313245, 313292, 313321, 313511, 313528, 313649, 313664, 313737, 313743, 313791, 314113, 314120, 314223, 314229, 314318, 314333, 314430, 314718, 315231, 315236, 315284, 315290, 315814, 315944, 316012, 316016, 316040, 316044, 316054, 316091, 316194, 316273, 316811, 316896, 316915, 316957, 317020, 317080, 317275, 317359, 317660, 318052, 318063, 318343, 318348, 318779, 318785, 318944, 318951, 319080, 319246, 319752, 319758, 319765, 319772, 319779, 319810, 319815, 319973, 320119, 320400, 320408, 320647, 320652, 320663, 320684, 320778, 320904, 321396, 321398, 321415, 321671, 321836, 321878, 322089, 322126, 322488, 322534, 322546, 322630, 322786, 322829, 322842, 322939, 323062, 323151, 323292, 323301, 323645, 324208, 324258, 324931, 325302, 325486, 325777, 325993, 326179, 326338, 326497, 326512, 326724, 327011, 327081, 327094, 327206, 327256, 327365, 327372, 327392, 327538, 327561, 327815, 327824, 327977, 328207, 328214, 329218, 329222, 329231, 329251, 329300, 329309, 329317, 329419, 329888, 329903, 329912, 329917, 329933, 329998, 330055, 330060, 330074, 330094, 330132, 330566, 330790, 330795, 330819, 330946, 331057, 331062, 331106, 331146, 331191, 331206, 331211, 331452, 331459, 331466, 331473, 331644, 331864, 331869, 332092, 332600, 332605, 332877, 333068, 333494, 334011, 334061, 334260, 334709, 335020, 335655, 335660, 335663, 336975, 337005, 337518, 337624, 338021, 338028, 338035, 338042, 338049, 338056, 338312, 338748, 338853, 338867, 338895, 338906, 338925, 338932, 338946, 339024, 339059, 339099, 339106, 339109, 339203, 339225, 339245, 339284, 339294, 339323, 339328, 339340, 339357, 339363, 339371, 339385, 339423, 339426, 339481, 339492, 339507, 339530, 339551, 339572, 339642, 339702, 339782, 339800, 339806, 339815, 339848, 339868, 339880, 339921, 339963, 339975, 339986, 340043, 340087, 340147, 340228, 340289, 340321, 340416, 340515, 340552, 340564, 340582, 340642, 340646, 340668, 340977, 340980, 340984, 341448, 341459, 341466, 341543, 341651, 341838, 341873, 342182, 342189, 342196, 343159, 343184, 343190, 343197, 343203, 343465, 343522, 343640, 344296, 344660, 344953, 345198, 345325, 345329, 345337, 346094, 346280, 346286, 346347, 346631, 346639, 347360, 347366, 347379, 347382, 347395, 347516, 347686, 348019, 349385, 349985, 350944, 350953, 351719, 352034, 352092, 352999, 353007, 353121, 353438, 353575, 353585, 353893, 354151, 355103, 355272, 355320, 355398, 355408, 355425, 355522, 355799, 355907, 355916, 355986, 356221, 356300, 356523, 356739, 356998, 357038, 357046, 357458, 357464, 357468, 357736, 357940, 358186, 358220, 358296, 358565, 358652, 358735, 358802, 359141, 359186, 359318, 359394, 359417, 359424, 359429, 359439, 359584, 359978, 360000, 360183, 360348, 360369, 360836, 361213, 361264, 361585, 362129, 362134, 362139, 362178, 362185, 362463, 362834, 362987, 363064, 363137, 363144, 363179, 363184, 363235, 363287, 363292, 363644, 363653, 363888, 364336, 364423, 364721, 364731, 364869, 364875, 365085, 365314, 365613, 365757, 365929, 366134, 366404, 366701, 366832, 367146, 367153, 367299, 367478, 367528, 367535, 367542, 367547, 367571, 367915, 368577, 368581, 368902, 369011, 369527, 369533, 369866, 369872, 370031, 370085, 370172, 370403, 370426, 370640, 370782, 370882, 371088, 371112, 371565, 371575, 371701, 371709, 371891, 371987, 372008, 372016, 372036, 372405, 372578, 372839, 373018, 373034, 373041, 373413, 373423, 373513, 373617, 373633, 373733, 373798, 373829, 373834, 373838, 373841, 373846, 373854, 374176, 374384, 374401, 374560, 374562, 374584, 374592, 374754, 375215, 375519, 375635, 375869, 376173, 376488, 376510, 376963, 377140, 378155, 378518, 378534, 378757, 378857, 378868, 378877, 378997, 379007, 379028, 379182, 379192, 379207, 379213, 379216, 379575, 379585, 379616, 379620, 379754, 380077, 380089, 380097, 380125, 380590, 380593, 380604, 380780, 380985, 380993, 381015, 381380, 381504, 381551, 381602, 381770, 381775, 381830, 381987, 382051, 382054, 382128, 382189, 382194, 382198, 382207, 382213, 382260, 382286, 382289, 382292, 382341, 382345, 382467, 382506, 382583, 382587, 382594, 382610, 382637, 382760, 382768, 382994, 383024, 383056, 383063, 383070, 383117, 383128, 383142, 383301, 383382, 383388, 383480, 383553, 383563, 383572, 383574, 383731, 383769, 383809, 383840, 383869, 383977, 384127, 384133, 384263, 384602, 384641, 384681, 384776, 384783, 384873, 384876, 384879, 384893, 384980, 385106, 385109, 385242, 385248, 385375, 385401, 385417, 385513, 385546, 385742, 385748, 385755, 385784, 385889, 385989, 385993, 386402, 386408, 386515, 386566, 386596, 386672, 386706, 387062, 387065, 387420, 387443, 387458, 387469, 387605, 387624, 387743, 387821, 388234, 388524, 388656, 388679, 388794, 388803, 388848, 388883, 389183, 389193, 389217, 389328, 389619, 389895, 390372, 390638, 390716, 390727, 390847, 391205, 391212, 391299, 391342, 391371, 391509, 391612, 391699, 392116, 392160, 392575, 392580, 392710, 392892, 392898, 393054, 393057, 393096, 393235, 393246, 393396, 393419, 393424, 393473, 393564, 393641, 393713, 393753, 393809, 393816, 393839, 393866, 393899, 393927, 394056, 394320, 394468, 394513, 394537, 394543, 394619, 394637, 394882, 395025, 395096, 395105, 395115, 395210, 395212, 395298, 395391, 395400, 395405, 395413, 395451, 395464, 395521, 395604, 395613, 395791, 395824, 395830, 395845, 395925, 395933, 396044, 396079, 396253, 396347, 396478, 396574, 396596, 396657, 396913, 396942, 396987, 396996, 397192, 397239, 397356, 397364, 397376, 397549, 397554, 397560, 397565, 397570, 397609, 397669, 397742, 397792, 397869, 397907, 397949, 398014, 398179, 398362, 398370, 398378, 398431, 398440, 398505, 398512, 398926, 399130, 399216, 399226, 399316, 399464, 399546, 399661, 399747, 399855, 399946, 399984, 399991, 400006, 400010, 400014, 400035, 400060, 400064, 400070, 400077, 400126, 400129, 400137, 400171, 400198, 400205, 400444, 400578, 400832, 400893, 400992, 401050, 401055, 401138, 401162, 401238, 401374, 401561, 401633, 401645, 401709, 401715, 401821, 401996, 402096, 402254, 402270, 402276, 402282, 402286, 402290, 402293, 402298, 402484, 402488, 402526, 402658, 402858, 402892, 402901, 403321, 403478, 403484, 403603, 403678, 403802, 403805, 403810, 403822, 403829, 403838, 404088, 404097, 404152, 404157, 404532, 404618, 404851, 404854, 404914, 405248, 405325, 405765, 405773, 405799, 406011, 406049, 406063, 406180, 406249, 406253, 406265, 406273, 406294, 406339, 406350, 406352, 406391, 406602, 406653, 406836, 407071, 407080, 407101, 407168, 407194, 407341, 407864, 408019, 408040, 408205, 408237, 408668, 408688, 408697, 408715, 408803, 408972, 409256, 409403, 409561, 409584, 409762, 409822, 409839, 409877, 409983, 410004, 410112, 410117, 410153, 410229, 410234, 410242, 410248, 410442, 410489, 410548, 410705, 410755, 410763, 410804, 410885, 411032, 411090, 411099, 411484, 411559, 411671, 411677, 411724, 411757, 412010, 412659, 412815, 412838, 412850, 412901, 412925, 412944, 413041, 413152, 413169, 413338, 413349, 413402, 413413, 413418, 413644, 413776, 413826, 413844, 413865, 413905, 414072, 414390, 414437, 414441, 414752, 414771, 414803, 414810, 414814, 414920, 414932, 414972, 414979, 414994, 415035, 415040, 415046, 415050, 415056, 415076, 415151, 415934, 415989, 416443, 416454, 416609, 416787, 416793, 416800, 417179, 417183, 417256, 417889, 417895, 418186, 418602, 419017, 419192, 419229, 419273, 419439, 419480, 419486, 419798, 419928, 419934, 419960, 420118, 420146, 420164, 420209, 420272, 420310, 420400, 420444, 420449, 420562, 420577, 420582, 420588, 420648, 420666, 420704, 420940, 420948, 421060, 421247, 421644, 421871, 421908, 421926, 422357, 422460, 422487, 422591, 423017, 423020, 423024, 423073, 423093, 423116, 423371, 423399, 423546, 423710, 423886, 423891, 423898, 423904, 423912, 423923, 424168, 424207, 424292, 424319, 425097, 425123, 425497, 425648, 425652, 425664, 425703, 426079, 426102, 427401, 427574, 427654, 427842, 427898, 427909, 427919, 428185, 428274, 428281, 428390, 428400, 428410, 428453, 428467, 428477, 428479, 428670, 428872, 428984, 429084, 429087, 429134, 429198, 429540, 429589, 429598, 429615, 429625, 429632, 429704, 429847, 429864, 429866, 429880, 429886, 429891, 429962, 429992, 430826, 431098, 431127, 431146, 431317, 431738, 431786, 431974, 431993, 432178, 432215, 432221, 432243, 432248, 432252, 432290, 432372, 432440, 432444, 432496, 432561, 432724, 432784, 432798, 433018, 433121, 433241, 433409, 434036, 434043, 434066, 434093, 434242, 434384, 434411, 435059, 435075, 435082, 435099, 435120, 435198, 435206, 435283, 435304, 435314, 435352, 435555, 435562, 435667, 435761, 436023, 436167, 436224, 436236, 436258, 436277, 436287, 436293, 436304, 436314, 436376, 436433, 436466, 436508, 436710, 436718, 436782, 436976, 437313, 437321, 437340, 437347, 437453, 437501, 437585, 437637, 438127, 438134, 439575, 439658, 439664, 439669, 439675, 439683, 439686, 439709, 439727, 440199, 440413, 440430, 441373, 441377, 441782, 441829, 441844, 441853, 441964, 442075, 442293, 442345, 442472, 442492, 442532, 442641, 442708, 442801, 442843, 442853, 442861, 442901, 442908, 442946, 442975, 443012, 443178, 443224, 443228, 443236, 443246, 443250, 443256, 443265, 443276, 443308, 443337, 443344, 443352, 443384, 443391, 443401, 443575, 444203, 444254, 444265, 444270, 444290, 444294, 444301, 444324, 444334, 444731, 444827, 444845, 444853, 445027, 445035, 445541, 445545, 445714, 445958, 446248, 446253, 446263, 446275, 446284, 446416, 446697, 447158, 447257, 447299, 447465, 447543, 447571, 447595, 447681, 447751, 447777, 447855, 448141, 448348, 448459, 448530, 448540, 448628, 448988, 449035, 449052, 449065, 449070, 449107, 449962, 449974, 450008, 450077, 450225, 450400, 450512, 450970, 450982, 451173, 451177, 451184, 451191, 451200, 451212, 451402, 451557, 451574, 451594, 451604, 451631, 451647, 451702, 451785, 452124, 452136, 452162, 452166, 452171, 452269, 452353, 452365, 452409, 452415, 452427, 452787, 452806, 453037, 453124, 453460, 453492, 453739, 453763, 453783, 453791, 454046, 454167, 454313, 454363, 454623, 454692, 454915, 455016, 455055, 455060, 455123, 455146, 455162, 455172, 455187, 455227, 455235, 455251, 456710, 457935, 457944, 457947, 458001, 458657, 458681, 458689, 458698, 458807, 458855, 458975, 458983, 459453, 459609, 459899, 461083, 461297, 461579, 461623, 461967, 461983, 462746, 462883, 463266, 463300, 463403, 464241, 464299, 464328, 464588, 464704, 464950, 465186, 465501, 465558, 466009, 466213, 466240, 466267, 466296, 466496, 466514, 466702, 466816, 467244, 467258, 468973, 468976, 468980, 468984, 468996, 469064, 469080, 469093, 469098, 469119, 469149, 469266, 469268, 470038, 470270, 470812, 470987, 470998, 471330, 471603, 471871, 471885, 472079, 472284, 472542, 472888, 472900, 472938, 473065, 473107, 473124, 473164, 473215, 473223, 473259, 473459, 473464, 473497, 473502, 473534, 473561, 473603, 473650, 473665, 473693, 473721, 473801, 473809, 473813, 473818, 473824, 473849, 473905, 473933, 473939, 473950, 473999, 474048, 474080, 474339, 474554, 474580, 474592, 474791, 474794, 474797, 475217, 475252, 475258, 475359, 475460, 475799, 475804, 476211, 477109, 477119, 477125, 477142, 477169, 477175, 477191, 477212, 477500, 477523, 477611, 477867, 478012, 478019, 478035, 478310, 478347, 478369, 478593, 478715, 478730, 478739, 478793, 478800, 478827, 478834, 478847, 478853, 478859, 478870, 478877, 478894, 479162, 479172, 479237, 479430, 479443, 479742, 479759, 480701, 480929, 480948, 480968, 481042, 481076, 481089, 481101, 481205, 481219, 481232, 481241, 481255, 481264, 481276, 481290, 481326, 482056, 483012, 483088, 483098, 483183, 483186, 483300, 483346, 483688, 483761, 483938, 484193, 484245, 484292, 484298, 484488, 484609, 484787, 485021, 485296, 485423, 486458, 486983, 487521, 487787, 487887, 488002, 488015, 488067, 488073, 488273, 488278, 488306, 488657, 488788, 488796, 489589, 489662, 489863, 489894, 490049, 490074, 490208, 490434, 490552, 490625, 490763, 491318, 491570, 492158, 492360, 492547, 492631, 492658, 492821, 492827, 492831, 492953, 493010, 493018, 493797, 494472, 494652, 494762, 494891, 494904, 494988, 495043, 495066, 495161, 495197, 495285, 495291, 495301, 495313, 495318, 495323, 495403, 495529, 495539, 495737, 495762, 495767, 495778, 495873, 495883, 495888, 495897, 495903, 496623, 496737, 496926, 497234, 497346, 498034, 498195, 498340, 498481, 498559, 498608, 498637, 498714, 498753, 498780, 498788, 498855, 498920, 499031, 499344, 499737, 499745, 500056, 500245, 500252, 500411, 500750, 501048, 501366, 501616, 501652, 502026, 502202, 502207, 502210, 502215, 502294, 502335, 502344, 502519, 502564, 502603, 502610, 502669, 502772, 503586, 503657, 503711, 503719, 503730, 504107, 504395, 504602, 504607, 504806, 505223, 505461, 505655, 505667, 505690, 505706, 505915, 505932, 506548, 506592, 506689, 507080, 507362, 507428, 507499, 507603, 507779, 507856, 507929, 507955, 508058, 508066, 508079, 508318, 508343, 508356, 508698, 508721, 509006, 509067, 509158, 509739, 510180, 510739, 510752, 510883, 511013, 511449, 511777, 511782, 512201, 512257, 512365, 512371, 512380, 512410, 512601, 512609, 512835, 512862, 512869, 513858, 513862, 514090, 514093, 514336, 514344, 514766, 515155, 515300, 515517, 515655, 515914, 516645, 516709, 516836, 517169, 517712, 517740, 517749, 517866, 518177, 518312, 519370, 519382, 519750, 519783, 519957, 520188, 520350, 520404, 520532, 520802, 520808, 520815, 520860, 521052, 521064, 521071, 521486, 521718, 521776, 521890, 522395, 522402, 522406, 522734, 522765, 522803, 522893, 522897, 523299, 523319, 523737, 523813, 523854, 523873, 523880, 524205, 524523, 524901, 525362, 525682, 525692, 525717, 525730, 526701, 528057, 528283, 529076, 529198, 529858, 530099, 530188, 530406, 531488, 531668, 531997, 532003, 532447, 532738, 533157, 533285, 533302, 533317, 533848, 534099, 534304, 534309, 534312, 534316, 534452, 534473, 534899, 534921, 535026, 535241, 535892, 535988, 536104, 536950, 536956, 537270, 537488, 537496, 537507, 537933, 537955, 538611, 538644, 538829, 538929, 538939, 538964, 539186, 539309, 539428, 539461, 539596, 539600, 539787, 539807, 540476, 540649, 540762, 540876, 541032, 541043, 541048, 541058, 541063, 541226, 541314, 541426, 541498, 541607, 541634, 541653, 541707, 541899, 542125, 542141, 542380, 542468, 542489, 542690, 542718, 542731, 542777, 543524, 543555, 543586, 543634, 543795, 543817, 544008, 544115, 544180, 544217, 544286, 544704, 545578, 546403, 546608, 546646, 546654, 546774, 547319, 547458, 547543, 547560, 547658, 548521, 548598, 548608, 548694, 548699, 548739, 548919, 548945, 549334, 549738, 549802, 549983, 549991, 550110, 550565, 550572, 550625, 550647, 551116, 551141, 551146, 551266, 551276, 551495, 551663, 552011, 552394, 552433, 552443, 552529, 552565, 552577, 552596, 552611, 552622, 552683, 553364, 553440, 553659, 553900, 554218, 554259, 554599, 554622, 554643, 554792, 554929, 555032, 555142, 555160, 555177, 555317, 555324, 555361, 555379, 555503, 555595, 556137, 556367, 556545, 556551, 556635, 556677, 556682, 556688, 556857, 557538, 557573, 557581, 558121, 558125, 558473, 558542, 558579, 558596, 558806, 558817, 559077, 559093, 559104, 559110, 559145, 559262, 559324, 559405, 559421, 559508, 559577, 559587, 559604, 559881, 559915, 559942, 559968, 560050, 560139, 560150, 560160, 560181, 560219, 560227, 560230, 560235, 560239, 560301, 560327, 560335, 560376, 560405, 560461, 560469, 560507, 560516, 560559, 560627, 560845, 560885, 560900, 560947, 560950, 561044, 561050, 561055, 561060, 561127, 561132, 561159, 561181, 561187, 561199, 561210, 561214, 561224, 561305, 561333, 561337, 561401, 561467, 561540, 561545, 561552, 561698, 561719, 561954, 561965, 562000, 562136, 562223, 562324, 562471, 562526, 562531, 562539, 562654, 562773, 562775, 563250, 563263, 563436, 563445, 563489, 563696, 563809, 563814, 563851, 563947, 564067, 564444, 564523, 564668, 564775, 564873, 565366, 565371, 565599, 565896, 565900, 566275, 566277, 566448, 566692, 567220, 567233, 567495, 567602, 567637, 568127, 568182, 568680, 568706, 568838, 568840, 568848, 569044, 569200, 569207, 569219, 569227, 569235, 569795, 570220, 570359, 571157, 571224, 571335, 571526, 571866, 572522, 573050, 573321, 573456, 573568, 573674, 573910, 573934, 574272, 575063, 575071, 575111, 575122, 575280, 575410, 575654, 575912, 576054, 576069, 576076, 576198, 576296, 576739, 576747, 577059, 577442, 577454, 577825, 577894, 578009, 578085, 578164, 578188, 578585, 578622, 578626, 578703, 578722, 578746, 578861, 578873, 578882, 579406, 579410, 579461, 580419, 580443, 580486, 580679, 580773, 580784, 580917, 580957, 580971, 581074, 581093, 581114, 581310, 581344, 581500, 581524, 581561, 581579, 581647, 581701, 581713, 581904, 581940, 581949, 582042, 582061, 582067, 582239, 582269, 582274, 582281, 582298, 582607, 582939, 583341, 583346, 583351, 583472, 583512, 583565, 583912, 584156, 584182, 584210, 584383, 584539, 584625, 584666, 584682, 585041, 585231, 585242, 585272, 585674, 585730, 585761, 585855, 586256, 586403, 586414, 586556, 586581, 586842, 586985, 587042, 587075, 587131, 587744, 587836, 587845, 587975, 588293, 588430, 588486, 588490, 588506, 588510, 588514, 588518, 588545, 588567, 588793, 588865, 588885, 589071, 589082, 589120, 589146, 589217, 589270, 589294, 589301, 589417, 589771, 589776, 589784, 589808, 589949, 589957, 590228, 590835, 590920, 591094, 591136, 591187, 591194, 591223, 591232, 591317, 591334, 591338, 591401, 591477, 591660, 591706, 592482, 592497, 592557, 592650, 592670, 592737, 592802, 593086, 593093, 593154, 593228, 593275, 593281, 593288, 593301, 593397, 593405, 593428, 593567, 593592, 593673, 593963, 594005, 594013, 594401, 594464, 594483, 594530, 594737, 594750, 594979, 595012, 595018, 595038, 595130, 595153, 595209, 595215, 595241, 595259, 595298, 595455, 595778, 595999, 596122, 596177, 596185, 596202, 596293, 596307, 596321, 596524, 596704, 596811, 596820, 596855, 596863, 596892, 596961, 596995, 597005, 597018, 597026, 597044, 597865, 597881, 598069, 598116, 598182, 598192, 598308, 598319, 598351, 598579, 598659, 598666, 598737, 598918, 598952, 598988, 598992, 599206, 599299, 599329, 599356, 599494, 599544, 599585, 599592, 599848, 599975, 600093, 600096, 600102, 600208, 600301, 600421, 600600, 600671, 600790, 600799, 601057, 601060, 601063, 601072, 601262, 601326, 601373, 601543, 601570, 601668, 601736, 601743, 601759, 601835, 602421, 602461, 602468, 602474, 602500, 602509, 602518, 602559, 602784, 603098, 603102, 603308, 603312, 603323, 603359, 603682, 603704, 603752, 603980, 604232, 604391, 604703, 604709, 604783, 604788, 604941, 604971, 604982, 605029, 605036, 605382, 605428, 605559, 605599, 605675, 605751, 605771, 605812, 605998, 606060, 606578, 606654, 606817, 607243, 607255, 607260, 607264, 607361, 607565, 608204, 608348, 608438, 608883, 608954, 609006, 609120, 609212, 609219, 609292, 609385, 609439, 609460, 609467, 609689, 609732, 609769, 609821, 609966, 610125, 610202, 610285, 610412, 610422, 610497, 610514, 610772, 610902, 610912, 610970, 611163, 611244, 611318, 611736, 611758, 611893, 611902, 611916, 611972, 612087, 612112, 612251, 612328, 612424, 612430, 612445, 612558, 613390, 613442, 613462, 613479, 613575, 613660, 613812, 614052, 614060, 614116, 614354, 614437, 614790, 614891, 614895, 614899, 614905, 614910, 614924, 614937, 615000, 615189, 615338, 615540, 615599, 615769, 615778, 616117, 616638, 616642, 616645, 616717, 616844, 617440, 617490, 617557, 617695, 617747, 617762, 617775, 617782, 617856, 617880, 618044, 618222, 618737, 618910, 618916, 619011, 619111, 619115, 619134, 619199, 619260, 619340, 619358, 619376, 619409, 619468, 619481, 619580, 619586, 619695, 619699, 619712, 619842, 620213, 620236, 620241, 620284, 620369, 621043, 621136, 621146, 621486, 621636, 621654, 621659, 621695, 622021, 622024, 622527, 622537, 622604, 622754, 622993, 623021, 623067, 623096, 623102, 623148, 623153, 623157, 623161, 623218, 623259, 623296, 623374, 623399, 623458, 623843, 623878, 623942, 623983, 624042, 624065, 624120, 624484, 624575, 624580, 624588, 624876, 624890, 624906, 624916, 624924, 624930, 625003, 625021, 625027, 625124, 625402, 625464, 625625, 625732, 625876, 626607, 626696, 627087, 627112, 627169, 627407, 627413, 627477, 627837, 627845, 627952, 627990, 627998, 628439, 628442, 628448, 628454, 628465, 628488, 628498, 628530, 628546, 628564, 628582, 628606, 628630, 628728, 628821, 628834, 628845, 628849, 628855, 628862, 628878, 628953, 628986, 629004, 629014, 629073, 629080, 629108, 629121, 629165, 629415, 629476, 629536, 629654, 629670, 629818, 629846, 629873, 629935, 630174, 630189, 630206, 630224, 630372, 630418, 630459, 630495, 630639, 630660, 630710, 631081, 631189, 631200, 631300, 631785, 631924, 632079, 632170, 632323, 632422, 632428, 632446, 632551, 632599, 632690, 632744, 632910, 634207, 634462, 634952, 634979, 635769, 635781, 635802, 636575, 636792, 637307, 637903, 638302, 638310, 638563, 638577, 638768, 638781, 638824, 638918, 639560, 640447, 641147, 641180]
11,76,[192, 612, 2224, 2324, 2425, 2433, 2532, 4021, 4096, 4112, 4337, 4784, 4820, 5364, 5429, 6645, 6851, 6922, 7218, 7233, 7362, 7405, 8499, 9159, 9759, 9858, 10096, 10577, 10702, 10939, 10947, 11056, 11108, 11156, 11201, 11245, 11645, 11654, 12522, 12539, 13633, 13667, 13736, 13773, 13922, 14266, 14429, 14730, 14767, 14854, 14865, 14975, 15210, 15334, 15843, 16135, 16239, 16270, 16597, 16794, 17013, 17029, 17042, 17331, 17436, 18091, 18114, 18432, 18563, 18768, 18926, 19884, 19956, 20000, 20006, 20650]
12,98,[127, 371, 544, 647, 765, 772, 841, 959, 1112, 2831, 2846, 2909, 3077, 3928, 4742, 4822, 4906, 5052, 5590, 5785, 5976, 5996, 6019, 6135, 6355, 6451, 6705, 6720, 6818, 6904, 6917, 7600, 7961, 8378, 8387, 9223, 9403, 9429, 9459, 9489, 9579, 9609, 9837, 9877, 10008, 10055, 10312, 10398, 10543, 10874, 11991, 12200, 12330, 12620, 12823, 12853, 12903, 12946, 13134, 14130, 14396, 14837, 14877, 15124, 15197, 15208, 15815, 16164, 16552, 17188, 17329, 17506, 17915, 18215, 18435, 18459, 18466, 18688, 19571, 19634, 19710, 19831, 19936, 19950, 20052, 20654, 21618, 21731, 22192, 22204, 22437, 22772, 23058, 23118, 23204, 23218, 23273, 23364]
13,31,[257, 432, 530, 590, 628, 642, 679, 1491, 1495, 1514, 1520, 1524, 1540, 1674, 1681, 1812, 1934, 1990, 2102, 2693, 2709, 2920, 2975, 3069, 3114, 3139, 3151, 3333, 3397, 3615, 3916]
14,171,[525, 745, 918, 964, 1052, 2566, 2621, 3317, 3465, 3512, 3528, 4431, 5378, 6903, 8436, 8446, 8548, 8809, 8818, 8995, 12370, 13255, 15789, 19992, 20401, 27490, 28825, 30625, 31310, 31323, 31337, 34730, 35461, 35474, 35798, 36966, 38100, 38226, 40190, 41009, 45239, 45722, 46762, 47181, 48033, 51226, 52386, 56274, 59808, 59862, 63895, 64023, 64224, 64585, 64695, 65150, 65500, 67412, 68144, 68401, 68421, 72318, 72323, 76245, 79183, 79512, 79899, 81075, 81535, 81554, 82404, 83975, 84081, 84119, 85264, 85278, 85842, 88082, 91867, 93934, 93960, 95671, 96704, 97644, 99095, 99842, 100350, 100385, 103056, 103254, 103275, 103285, 103307, 104057, 105464, 106348, 109178, 109286, 111417, 111474, 112129, 114551, 116986, 117794, 117802, 118484, 122088, 126231, 126537, 127624, 128056, 128069, 128884, 128897, 128911, 129266, 130758, 132467, 133592, 136247, 138453, 139547, 139558, 139566, 142447, 143842, 144376, 144473, 144983, 147538, 147574, 148208, 148841, 149407, 150059, 150681, 152732, 153000, 156727, 159893, 160546, 160772, 161219, 165168, 165795, 165810, 167080, 169151, 169169, 169387, 169397, 170002, 170381, 171636, 173216, 173225, 175216, 175251, 179483, 180277, 181674, 183396, 184832, 185549, 187168, 188108, 188157, 188229, 192463, 192504, 194794]
15,769,[687, 885, 1242, 1468, 1675, 1714, 1773, 1810, 2432, 2603, 2608, 2624, 3008, 3091, 3351, 4111, 4122, 4130, 4345, 4453, 4745, 4918, 5372, 5742, 6556, 6668, 6932, 7144, 7273, 7516, 7744, 8190, 8471, 8600, 9512, 9706, 9830, 10558, 10574, 11010, 11022, 11438, 11617, 11632, 11763, 12101, 12184, 12413, 12597, 12703, 12901, 13075, 13651, 13887, 15183, 15270, 15296, 16351, 17056, 17167, 17614, 18107, 18223, 18332, 18544, 18736, 19042, 19105, 19161, 19255, 19297, 20438, 20574, 20977, 21093, 21617, 21632, 21920, 23095, 23217, 23483, 23974, 24071, 24141, 24153, 24303, 24470, 24527, 24533, 25103, 25135, 25497, 25645, 25923, 25984, 26064, 26280, 26608, 26697, 26853, 26882, 27283, 27576, 27656, 27757, 27951, 28116, 28158, 28492, 28546, 28719, 29400, 29754, 30118, 30306, 30314, 30395, 30398, 30451, 30551, 30586, 30777, 30875, 30931, 30950, 31912, 32375, 32398, 32401, 33243, 33514, 33980, 33993, 34004, 34020, 34087, 34655, 34842, 34850, 35132, 35180, 35549, 35559, 35798, 35801, 36103, 36393, 36611, 36725, 36758, 37285, 37309, 37382, 37411, 37435, 37935, 38521, 39536, 39890, 39904, 40412, 40458, 40632, 40666, 41145, 41453, 41575, 41633, 42012, 42057, 42065, 42152, 42305, 42344, 42352, 42488, 42650, 42787, 42929, 43562, 43731, 43794, 43951, 44337, 44366, 44556, 44702, 44901, 44921, 44965, 45045, 45152, 45192, 45316, 45645, 46059, 46137, 46551, 46557, 46567, 46727, 46868, 46874, 46880, 46897, 47011, 47026, 47106, 47519, 47724, 47868, 48025, 48135, 48160, 48287, 48321, 48780, 49451, 49519, 49798, 49816, 49859, 50408, 50550, 50692, 50837, 50925, 50964, 51072, 51235, 51918, 52032, 52103, 52678, 52689, 52799, 52892, 52908, 53119, 53310, 53458, 53567, 53761, 54420, 54462, 54476, 54687, 54725, 55256, 55621, 55640, 55670, 55723, 55732, 55761, 55833, 56326, 56809, 57348, 57496, 57707, 58261, 58552, 58628, 58806, 59329, 60228, 60251, 60674, 60800, 60829, 61152, 61237, 61256, 61463, 61619, 62018, 62341, 62445, 62581, 62621, 62642, 62705, 62741, 62832, 62862, 63319, 63332, 63512, 63524, 63539, 63751, 63765, 63772, 64025, 64034, 64454, 64460, 64787, 64797, 65059, 65118, 65125, 65192, 65219, 65260, 65301, 65355, 65634, 65782, 65844, 65982, 66547, 66572, 68632, 68668, 68778, 69287, 70343, 70453, 70858, 71040, 71081, 71525, 71535, 71913, 72044, 72863, 73117, 73157, 73241, 73366, 73585, 73797, 73824, 73900, 73933, 74119, 74538, 74837, 75068, 75379, 75661, 75780, 75815, 76270, 76389, 76515, 76757, 77291, 77321, 77557, 77608, 77725, 78215, 78226, 78293, 79496, 79925, 80103, 80158, 80833, 81329, 81349, 81578, 82227, 82300, 82409, 82443, 82923, 83533, 83554, 83677, 83919, 84105, 84602, 84626, 85004, 85070, 85109, 85120, 85834, 85908, 85951, 85998, 86047, 86087, 86257, 86306, 87875, 88618, 88961, 89267, 89679, 90217, 90584, 90948, 91449, 91781, 91955, 91977, 92201, 92246, 92312, 92321, 92598, 92691, 92779, 92818, 92894, 93008, 93387, 93395, 93743, 94334, 94346, 94509, 94530, 94681, 94938, 95273, 95430, 95585, 95629, 96243, 96446, 97037, 97517, 97816, 97819, 97905, 98002, 98092, 98478, 98666, 98835, 98949, 99257, 99407, 99565, 99576, 100373, 101017, 101658, 102227, 102244, 102418, 102601, 103003, 103108, 103336, 103384, 103400, 103558, 103567, 103588, 103603, 103772, 103871, 104005, 104101, 104199, 104363, 104616, 104638, 104686, 105104, 105174, 105270, 105918, 105988, 105994, 106023, 106155, 106198, 106207, 106250, 106409, 106757, 106952, 107038, 107258, 107339, 107603, 108080, 108128, 108282, 108762, 108915, 109025, 109347, 109526, 109683, 109703, 109794, 109860, 110451, 110499, 110515, 110566, 111051, 111219, 111449, 111529, 111592, 111607, 111733, 112001, 112013, 112215, 112282, 112337, 112411, 112418, 112524, 113292, 113389, 113418, 113852, 114076, 114181, 114387, 114413, 114678, 114936, 114947, 114981, 115785, 115986, 116196, 116318, 116322, 116668, 116716, 116739, 116768, 117017, 117037, 117201, 117642, 118127, 118152, 118918, 118925, 119021, 119098, 119219, 119302, 120409, 120625, 121076, 121090, 121158, 121537, 121547, 122001, 122541, 122899, 123142, 124064, 124077, 124174, 124201, 124780, 124899, 125132, 125246, 125247, 125326, 125559, 125775, 126227, 127835, 127875, 128059, 128063, 128263, 128453, 128465, 130329, 130949, 131157, 131210, 131266, 131987, 131995, 132017, 132160, 132179, 132256, 132390, 132627, 132729, 133143, 133692, 134163, 134214, 134663, 135178, 135203, 135832, 136251, 136331, 136718, 136725, 136755, 136852, 136893, 137020, 137026, 137074, 137085, 137605, 137925, 137935, 137944, 138222, 138413, 138672, 139019, 139117, 139272, 139288, 139358, 139416, 139480, 139613, 139666, 139914, 140017, 140188, 140207, 140214, 140250, 140475, 140717, 140774, 140948, 140970, 141036, 141061, 141137, 141630, 141689, 141786, 141987, 142063, 142226, 142511, 142664, 142709, 142783, 142881, 143106, 143179, 143326, 143352, 143498, 143660, 143874, 144214, 144527, 144719, 144884, 145159, 145213, 145797, 146135, 146206, 146220, 146746, 146790, 147811, 148578, 148652, 150001, 150570, 150937, 150943, 151080, 151828, 151845, 152073, 152156, 152190, 152684, 152806, 152846, 153018, 153029, 153033, 153132, 154258, 154295, 154413, 154530, 154961, 155123, 155146, 155217, 155274, 155320, 155385, 155942, 156008, 156049, 156361, 156402, 157018, 157028, 157449, 157633, 157891, 157961, 158520, 158558, 158688, 158702, 158998, 159281, 159424, 159441, 159584, 159625, 159892, 160248, 160255, 160539, 160590, 160692, 160883, 160987, 161213, 161809, 161820, 162251, 162730, 163023, 163298, 163307, 163355, 163511, 163574, 163732, 163742, 163744, 163745, 164029, 164562, 164656, 165059, 166492, 167174, 167458, 167464, 167677, 167973, 169003, 169237, 169259, 169292, 169494, 170355, 170366, 170575, 170752, 170887, 172378, 173872]
16,257,[175, 368, 428, 477, 575, 705, 783, 800, 924, 1081, 1206, 1261, 1349, 1378, 1626, 1640, 1658, 1950, 1973, 2202, 2304, 2421, 2466, 2502, 2541, 2572, 2882, 3010, 3216, 3232, 3375, 3404, 3463, 3568, 3706, 3715, 3733, 4017, 4024, 4236, 4262, 4301, 4845, 4966, 5014, 5476, 5489, 5674, 5715, 6135, 6678, 6853, 7056, 7383, 7838, 8079, 8133, 8237, 8715, 8840, 8874, 9043, 9320, 9605, 9696, 9961, 10179, 10341, 10402, 10412, 10786, 11425, 11723, 11789, 11845, 12011, 12076, 12119, 12157, 12276, 12284, 12467, 12493, 12526, 12608, 12875, 12967, 12996, 13200, 13415, 13461, 13484, 13519, 13689, 13706, 13742, 13803, 14185, 14699, 14788, 14940, 14974, 15178, 15245, 15379, 15480, 15526, 15782, 15788, 15820, 15871, 16524, 16634, 16647, 16736, 16759, 16964, 16998, 17190, 17268, 17563, 17580, 17689, 17735, 17959, 18053, 18329, 18416, 18593, 18662, 18766, 18804, 18846, 18871, 19011, 19154, 19269, 19345, 19361, 19472, 19727, 19797, 19852, 19949, 20853, 21005, 21614, 21734, 22069, 22086, 22158, 22282, 22415, 22672, 22989, 23202, 23225, 23320, 23441, 23448, 23962, 24464, 24810, 25177, 25189, 25198, 25317, 25355, 25495, 25510, 25530, 25579, 25605, 25744, 25826, 25909, 26231, 26237, 26252, 26267, 26278, 26648, 27111, 27140, 27200, 27476, 27697, 27705, 28078, 28120, 28142, 28146, 28445, 28719, 28778, 28812, 29120, 29126, 29297, 29527, 29655, 29764, 29851, 30064, 30213, 30221, 30443, 30674, 31494, 31757, 31885, 32029, 32282, 32477, 33105, 33131, 33243, 33272, 33302, 33461, 33569, 33577, 33770, 33797, 34293, 34310, 34318, 34362, 34554, 34565, 34677, 34683, 34749, 35090, 35204, 35208, 35225, 35334, 35343, 35419, 35424, 35743, 35762, 35806, 35856, 35887, 36014, 36346, 36389, 36945, 37266, 37369, 37374, 37400, 37586, 37663, 37873]
17,1788,[239, 277, 302, 313, 487, 536, 552, 567, 1128, 1324, 1332, 2123, 2186, 2237, 2310, 2315, 2501, 2564, 2623, 2684, 2694, 3303, 3458, 3893, 4117, 4133, 4382, 5024, 5042, 5052, 5055, 5064, 5090, 5169, 5175, 5182, 5192, 5215, 5574, 5579, 5588, 5590, 5601, 5688, 6508, 6536, 6562, 7158, 7173, 7347, 7583, 9829, 9851, 9858, 9962, 9977, 10031, 10037, 10074, 10150, 10199, 10217, 10246, 10372, 10553, 11010, 11459, 11590, 11599, 11665, 11669, 11726, 11916, 11924, 12053, 12781, 12848, 12872, 12965, 13984, 13990, 14075, 14565, 14649, 14849, 14860, 14868, 14882, 14895, 14903, 14910, 14922, 15015, 15038, 15330, 15478, 15526, 15619, 15680, 15706, 15714, 17230, 17275, 17381, 17427, 17831, 17942, 17976, 18010, 18154, 18178, 18185, 18269, 18308, 18358, 18460, 18463, 18578, 18581, 18585, 18597, 18610, 18632, 18689, 18859, 18862, 18986, 18995, 19143, 19178, 19196, 19295, 19328, 19349, 19544, 19607, 19661, 19687, 19694, 19700, 19766, 19774, 19825, 20150, 20695, 20726, 20872, 20886, 20893, 21053, 21144, 21379, 21425, 21539, 21649, 21684, 21717, 21751, 22218, 22443, 22452, 22534, 22547, 22678, 22778, 22862, 22866, 22878, 22893, 22902, 22908, 22928, 22949, 22977, 23129, 23143, 23154, 23236, 23434, 23474, 23535, 23662, 23893, 24061, 24571, 24625, 24681, 24690, 24718, 24737, 24791, 24965, 25093, 25116, 25553, 25904, 26019, 26052, 26059, 26066, 26167, 26287, 26348, 26727, 26731, 26748, 26754, 26759, 26766, 26798, 26911, 27014, 27018, 27207, 27424, 27430, 27534, 27587, 27616, 27692, 27792, 27942, 27950, 28001, 28108, 28125, 28246, 28262, 28289, 28299, 28414, 28437, 28445, 28669, 28695, 29023, 29036, 29481, 29622, 29629, 29809, 29996, 30068, 30157, 30205, 30214, 30295, 30409, 30416, 30452, 30462, 30525, 30601, 30794, 30874, 31354, 31388, 31474, 31764, 31774, 31917, 31923, 32130, 32350, 32651, 32797, 32974, 33181, 33454, 33750, 33883, 34189, 34196, 34343, 34522, 34575, 34582, 34589, 34594, 34618, 34961, 35630, 35634, 35949, 36076, 36621, 36627, 36819, 36822, 36854, 37052, 37064, 37075, 37191, 37206, 37258, 37281, 37307, 37398, 37477, 37720, 37812, 38071, 38083, 38195, 38228, 38436, 38510, 38518, 38527, 38535, 38548, 38715, 38720, 38731, 38739, 38755, 38785, 38873, 38878, 38890, 38893, 38924, 38943, 38953, 39268, 39277, 39285, 39354, 39649, 39654, 39692, 39765, 39871, 39899, 40153, 40208, 40216, 40320, 40640, 40966, 40973, 40987, 41049, 41354, 41424, 41468, 41480, 41538, 41549, 41649, 41678, 41739, 41757, 41812, 41822, 41826, 41830, 41849, 41859, 41866, 41889, 42011, 42043, 42056, 42146, 42174, 42183, 42195, 42208, 42315, 42391, 42824, 42838, 42894, 42959, 42993, 43005, 43169, 43271, 43289, 43316, 43375, 43378, 43391, 43438, 43442, 43453, 43484, 43502, 43561, 43635, 43717, 44022, 44025, 44077, 44127, 44147, 44164, 44178, 44315, 45109, 45133, 45139, 45148, 45251, 45278, 45304, 45315, 45421, 45463, 45471, 45618, 45657, 45667, 45827, 45884, 45891, 45950, 45994, 46062, 46067, 46073, 46080, 46083, 46092, 46313, 46329, 46338, 46502, 46510, 46792, 46897, 46957, 47327, 47410, 47668, 47755, 47970, 47998, 48013, 48068, 48155, 48215, 48244, 48267, 48313, 48317, 48338, 48344, 48371, 48396, 48585, 48590, 48680, 48690, 48741, 48750, 48765, 48768, 48779, 48845, 48938, 48961, 48967, 49070, 49087, 49093, 49107, 49121, 49150, 49154, 49159, 49163, 49166, 49170, 49173, 49176, 49231, 49246, 49275, 49313, 49318, 49360, 49496, 49573, 49638, 49649, 49660, 49681, 49694, 50113, 50313, 50320, 50325, 50343, 50350, 50354, 50372, 50404, 50429, 50573, 50699, 50742, 50749, 51084, 51094, 51114, 51263, 51269, 51284, 51510, 51516, 51537, 51752, 52099, 52122, 52364, 52696, 52701, 52818, 52821, 52888, 52903, 52905, 53416, 53427, 53687, 54176, 54190, 54455, 54487, 54496, 54562, 54638, 54648, 54655, 54865, 55290, 55311, 55316, 55374, 55390, 55402, 55407, 55489, 55691, 55782, 56311, 56328, 56371, 56400, 56424, 56451, 56462, 56474, 56497, 56506, 56525, 56559, 56568, 56621, 56655, 56905, 56985, 57020, 57063, 57135, 57138, 57147, 57150, 57183, 57267, 57289, 57294, 57305, 57357, 57360, 57385, 57527, 57545, 57624, 57632, 57960, 57966, 57976, 58360, 58389, 58395, 58473, 58481, 58512, 58616, 58773, 58916, 58997, 59001, 59008, 59013, 59018, 59128, 59336, 59354, 59362, 59377, 59434, 59457, 59548, 59552, 59567, 59578, 59603, 59614, 59800, 59892, 59912, 59929, 60017, 60027, 60037, 60073, 60115, 60365, 60973, 60984, 60989, 61043, 61047, 61057, 61299, 61531, 61558, 61569, 61577, 61603, 61641, 61915, 62202, 62221, 62240, 62246, 62311, 62328, 62453, 62466, 63354, 63482, 63925, 63956, 63981, 63995, 64825, 65177, 65184, 65325, 65475, 65587, 65733, 65781, 65930, 65935, 65941, 65948, 66044, 66123, 66153, 66161, 66164, 66178, 66204, 66238, 66249, 66279, 66290, 66295, 66361, 66445, 66731, 66756, 66768, 66991, 66998, 67007, 67039, 67174, 67177, 67657, 67671, 67686, 67779, 67783, 67789, 67921, 67959, 67986, 67993, 68022, 68038, 68048, 68072, 68077, 68088, 68121, 68131, 68137, 68151, 68348, 68434, 68515, 68526, 68535, 68541, 68545, 68935, 68997, 69014, 69018, 69146, 69591, 69604, 69617, 69726, 70162, 71249, 71633, 71638, 71676, 71683, 71707, 71818, 71914, 72772, 73031, 73242, 73331, 73357, 73849, 73879, 73887, 73896, 73965, 73971, 73979, 73994, 74028, 74678, 75087, 75418, 76463, 76475, 76487, 76665, 76761, 76975, 77069, 77639, 78008, 78012, 78743, 78928, 79285, 79385, 79391, 79523, 79543, 79571, 79579, 79588, 79622, 79654, 79821, 79919, 80019, 80087, 80112, 80351, 80944, 81363, 81751, 82757, 82935, 83048, 83195, 83199, 83616, 83675, 83709, 84726, 85090, 85101, 85115, 85370, 85375, 85381, 85422, 85453, 85478, 85523, 85566, 85683, 85736, 85762, 85767, 85779, 85796, 85803, 86028, 86044, 86046, 86052, 86259, 86267, 86298, 86330, 86355, 86408, 86774, 86934, 87053, 87417, 87437, 87465, 87496, 87580, 87600, 87643, 88007, 88109, 88114, 88168, 88193, 88197, 88314, 88344, 88398, 88437, 88462, 88485, 88534, 89280, 89321, 89703, 89712, 89742, 89787, 89906, 89913, 89937, 90319, 90339, 90357, 90543, 90546, 90565, 90617, 90844, 90850, 90863, 90887, 91653, 91690, 91711, 91720, 91726, 91729, 92240, 92443, 92455, 92728, 92835, 92921, 93011, 93521, 93525, 93921, 93932, 93939, 94026, 94059, 94069, 94082, 94090, 94121, 94294, 94335, 94353, 94645, 94678, 95017, 95199, 95211, 95283, 95313, 95344, 95446, 96228, 96386, 96445, 96615, 97224, 97808, 98057, 99344, 100105, 101150, 101164, 101310, 101535, 101643, 102420, 103617, 103902, 103914, 104419, 104620, 104683, 104744, 104976, 105017, 105800, 105953, 105970, 106006, 106128, 106180, 106283, 106549, 106586, 106970, 106987, 106997, 107027, 107067, 107106, 107268, 107315, 107604, 107768, 107871, 107879, 107888, 108557, 108561, 108572, 108627, 108644, 108800, 108805, 108816, 108898, 108937, 108943, 108998, 109071, 109077, 109080, 109209, 109294, 109302, 109406, 109414, 109420, 109425, 109449, 109458, 109465, 109472, 109485, 109500, 109521, 109526, 109609, 109669, 109678, 109690, 110048, 110098, 111234, 111361, 111493, 111540, 111584, 111723, 111796, 111803, 111807, 111886, 112022, 112230, 112523, 112794, 112990, 113027, 113031, 113051, 113082, 113173, 113185, 113193, 113204, 113238, 113246, 113319, 113559, 113575, 113691, 113711, 113751, 115001, 115073, 115098, 115287, 115368, 115421, 115427, 115437, 115445, 115842, 115847, 115912, 115930, 115962, 116235, 116329, 116348, 116472, 116686, 116720, 116728, 116864, 116869, 116947, 116975, 116979, 117065, 117327, 117355, 117392, 117409, 117701, 117770, 117842, 117998, 118021, 118072, 118163, 118246, 118256, 118266, 118475, 118505, 119004, 119014, 119116, 119152, 119265, 119583, 119618, 119761, 119819, 119824, 119826, 119829, 119833, 119841, 119848, 119851, 119972, 119984, 120045, 120059, 120072, 120075, 120095, 120104, 120264, 120313, 120730, 120917, 120933, 121169, 121355, 121732, 121746, 121775, 121907, 121934, 122000, 122040, 122107, 122184, 122198, 122242, 122305, 122614, 122880, 123064, 123204, 123307, 123345, 123362, 123682, 123697, 123710, 123715, 123912, 124015, 124071, 124177, 124184, 124191, 124200, 124406, 124424, 124433, 124860, 125153, 125203, 127145, 127174, 127292, 127359, 127423, 127552, 127590, 127626, 128045, 128185, 128254, 128548, 129615, 129790, 129918, 130167, 130212, 131156, 131166, 131468, 132212, 132221, 132335, 132830, 132834, 133293, 134053, 134280, 134339, 134427, 134606, 134614, 134617, 136758, 138336, 138416, 138421, 138424, 138950, 138959, 139046, 139064, 139070, 139107, 139270, 139274, 139343, 139422, 139475, 139512, 139515, 139624, 139635, 139654, 139809, 139819, 139852, 140079, 140628, 140655, 140699, 140711, 140816, 140894, 140904, 140934, 140962, 141125, 141814, 142023, 142231, 143216, 143522, 143525, 144583, 144628, 144664, 144696, 144709, 144751, 144793, 144805, 144839, 144920, 144930, 145391, 145405, 145418, 145470, 145511, 145517, 145589, 145595, 145601, 145606, 145611, 145615, 145628, 145637, 145660, 145686, 145701, 145751, 145754, 145763, 145772, 145775, 145786, 145874, 145889, 145896, 145937, 145996, 146002, 146099, 146123, 146132, 146138, 146143, 146262, 146310, 146423, 146461, 146533, 146598, 146637, 146660, 146834, 146849, 146857, 146866, 146875, 146881, 146896, 146901, 146907, 146915, 146921, 146936, 146965, 146972, 146992, 147001, 147061, 147265, 147358, 149939, 151550, 151556, 151860, 152045, 152053, 152066, 152071, 152119, 153172, 153910, 153927, 153989, 154025, 154032, 154211, 154769, 155130, 155556, 155590, 155737, 155769, 155948, 156274, 157200, 157216, 157251, 157258, 157414, 157426, 157451, 157459, 157484, 157519, 157534, 157565, 157591, 157663, 157741, 157749, 157791, 157812, 158082, 158103, 158197, 158256, 158355, 158550, 158555, 158688, 158694, 158698, 158746, 158749, 158758, 158762, 158783, 159174, 159308, 159321, 159461, 159676, 159695, 159724, 159729, 159800, 159818, 159866, 160233, 160244, 160335, 160381, 161059, 161071, 161076, 161210, 161463, 162717, 162721, 162727, 162731, 163008, 163463, 163472, 163548, 163555, 163702, 163708, 164044, 164075, 164081, 164087, 164168, 164185, 164199, 164396, 164447, 164498, 164522, 164536, 164616, 165224, 165234, 165268, 165344, 165382, 165499, 165555, 165571, 165580, 165722, 165737, 165820, 165829, 165845, 165906, 166462, 167230, 167245, 167618, 168759, 168778, 168962, 168998, 170507, 171168, 171313, 171340, 171386, 171399, 171416, 171435, 171466, 171484, 171527, 171535, 171596, 171726, 171871, 172477, 173652, 174408, 174415, 174464, 174469, 174554, 174568, 174586, 174624, 174663, 174712, 174727, 174770, 174853, 174941, 174991, 175068, 175071, 175191, 175225, 175230, 175338, 175352, 175363, 175371, 175387, 175398, 175404, 175417, 175745, 175861, 176135, 176244, 176256, 176268, 176364, 176704, 176717, 176731, 177056, 177124, 177138, 177175, 177196, 177367, 177522, 177550, 177575, 177587, 177966, 178077, 178116, 178142, 178150, 178216, 178281, 178382, 178560, 178567, 178725, 179146, 179154, 179298, 179420, 179435, 179454, 179474, 179518, 179643, 179757, 179840, 179868, 179888, 179898, 179904, 179912, 179961, 180127, 180136, 180151, 180159, 180197, 180324, 180348, 180617, 180716, 180726, 180754, 180773, 181436, 181439, 181454, 181471, 181552, 181570, 181589, 181606, 181716, 181735, 181780, 181906, 181911, 181918, 181923, 181932, 182174, 182198, 182205, 182908, 182915, 183155, 183347, 183374, 183378, 183381, 183386, 183633, 183743, 184020, 184022, 184153, 184182, 184187, 184413, 185218, 185320, 185357, 185472, 185747, 185770, 185785, 185796, 185930, 185949, 186042, 186060, 186140, 186154, 186255, 186557, 186582, 186587, 186598, 186692, 186702, 186706, 186716, 186722, 187203, 187216, 187243, 187251, 187321, 187338, 187775, 187942, 187986, 187990, 188000, 188040, 188065, 188192, 188261, 188269, 188289, 188319, 188485, 188646, 188660, 188750, 188840, 188863, 188866, 188885, 189335, 189340, 189628, 189707, 189832, 189865, 191077, 191936, 192005, 192026, 192067, 192227, 193177, 193946, 193956, 194217, 194231, 194407, 195345, 195351, 195358, 195380, 195428, 195485, 195725, 195753, 195789, 196447, 196458, 196476, 196501, 196561, 196957, 196964, 197069, 197073, 197086, 197107, 197121, 197265, 197270, 197348, 197371, 197630, 197634, 197980, 197988, 198116, 198165, 198406, 198579, 198593, 198796, 198807, 198813, 198886, 199314, 199329, 199353, 199358, 199391, 199403, 199408, 199420, 199463, 199471, 199491, 199673, 200298, 200742, 200786, 201002, 201139, 201148, 201255, 201262, 201299, 201306, 201354, 201366, 201394, 201413, 201537, 201577, 201617, 201665, 201669, 201851, 201956, 201976, 201982, 202023, 202197, 202221, 202282, 202527, 202539, 202554, 202593, 202613, 202795, 202956, 203002, 203123, 203133, 203139, 203269, 203279, 203672, 204027, 205642, 205814, 205894, 205928, 207288, 207986, 208536, 209189, 209195, 209203, 209425, 209517, 209737, 209819, 209826, 209879, 209949, 209975, 209996, 210004, 210025, 210036, 210072, 210118, 210146, 210164, 210206, 210255, 210488, 210494, 210555, 213146, 213212, 213216, 213286, 213346, 213350, 213615, 213689, 214067, 214727, 214768, 214774, 214802, 214811, 214905, 214913, 214943, 214946, 214966, 214984, 215015, 215073, 215096, 215103, 215135, 215142, 215174, 215188, 215214, 215218, 215235, 215280, 215283, 215290, 215336, 215428, 215539, 215544, 215576, 215788, 215802, 216049, 216313, 216337, 216416, 216421, 216455, 216490, 216497, 216524, 216573, 216618, 216654, 216775, 216780, 216800, 216813, 216978, 217016, 217033, 217145, 217161, 217511, 217555, 217569, 217574, 217577, 217594, 217788]
18,1289,[536, 964, 1141, 1455, 1672, 1680, 1699, 1742, 1802, 1945, 1952, 2284, 2347, 2475, 2533, 2546, 2584, 2597, 2615, 2621, 2627, 3115, 3211, 3233, 3246, 3280, 3357, 3442, 3522, 3557, 3693, 3927, 4336, 4585, 4587, 4741, 5420, 5477, 5482, 5489, 5496, 5503, 5564, 5613, 6786, 7060, 7109, 7154, 7218, 7253, 7314, 7330, 7564, 7596, 7616, 7666, 7726, 7780, 7797, 7813, 7912, 8160, 8175, 8183, 8201, 8284, 8480, 8490, 8510, 8523, 8587, 8734, 8820, 8838, 8874, 8890, 8909, 8913, 8925, 8964, 9003, 9010, 9276, 9363, 9382, 9448, 9647, 9667, 9757, 10009, 10261, 10372, 10382, 10445, 10456, 10622, 10671, 10691, 10982, 11078, 11144, 11176, 11187, 11245, 11379, 11406, 11414, 11458, 11771, 11791, 11816, 11860, 12124, 12329, 12345, 12363, 12374, 12394, 12398, 12434, 12453, 12464, 12542, 12699, 12720, 12734, 12841, 12850, 12856, 13011, 13121, 13131, 13240, 13276, 13343, 13385, 13401, 13768, 13778, 13824, 13936, 14182, 14317, 14323, 14371, 14409, 15056, 15063, 15075, 15082, 15090, 15095, 15679, 16043, 16109, 16137, 16328, 16371, 16378, 16589, 16974, 17226, 17466, 17655, 17762, 17795, 17804, 17830, 17944, 18109, 18177, 18369, 18385, 18394, 18410, 18594, 18950, 19019, 19059, 19174, 19529, 19697, 20051, 20136, 20218, 20359, 20391, 20407, 20417, 20584, 20601, 20668, 20872, 21101, 21211, 21717, 21789, 21801, 21890, 21901, 21911, 21951, 22041, 22060, 22117, 22151, 22161, 22194, 22297, 22307, 22338, 22355, 22427, 22443, 22465, 22513, 22605, 22692, 22778, 22993, 23047, 23246, 23300, 23309, 23641, 23957, 24064, 24072, 24142, 24149, 24157, 24193, 24217, 24383, 24390, 24399, 24446, 24461, 24465, 24630, 25173, 25215, 25344, 25359, 25452, 26027, 26638, 26914, 27104, 27667, 27677, 27919, 27926, 28823, 28915, 29645, 30151, 30163, 30219, 30249, 30429, 30453, 30462, 30471, 30487, 30602, 30675, 30709, 31116, 31413, 31426, 31482, 31521, 31530, 31664, 31834, 31854, 31905, 32078, 32275, 32298, 32516, 32550, 33205, 33557, 33620, 33899, 34354, 34436, 34870, 34910, 35009, 35058, 35102, 35213, 35327, 35534, 35624, 36391, 36399, 36409, 36520, 36707, 36945, 36957, 37095, 37117, 37288, 37295, 37420, 37704, 37738, 37747, 38031, 38045, 38280, 38294, 38342, 38670, 38789, 38857, 39029, 39146, 39187, 39374, 39456, 39480, 39693, 39893, 39904, 39962, 39986, 40516, 40556, 40626, 40665, 40711, 40781, 40806, 41056, 41273, 41309, 41450, 41594, 41637, 41805, 41964, 42019, 42211, 42231, 42369, 42801, 42850, 43373, 43547, 43570, 43585, 43742, 43801, 44174, 44268, 44334, 44346, 44373, 44721, 44734, 44920, 45384, 45467, 45721, 45828, 46525, 46573, 46614, 46645, 47024, 47032, 47099, 47117, 47405, 47634, 47665, 48016, 48076, 48088, 48170, 48180, 48197, 48424, 48547, 48650, 48738, 49021, 49518, 49725, 49741, 49909, 50165, 50302, 50317, 50373, 50413, 50444, 50610, 50717, 50787, 50912, 51050, 51249, 51269, 51293, 51520, 51691, 51714, 51720, 52275, 52319, 52338, 52639, 52865, 52900, 52912, 53020, 53033, 53046, 53101, 53106, 53799, 53874, 54146, 54325, 54426, 54439, 54459, 54480, 54508, 54928, 54991, 55192, 55452, 55624, 55856, 55918, 55993, 56029, 56075, 56086, 56150, 56181, 56623, 56631, 56762, 56823, 56851, 56876, 56883, 56887, 56899, 56920, 57131, 57199, 57289, 57310, 57517, 57590, 57618, 57876, 57897, 57905, 57948, 57986, 58035, 58083, 58531, 58619, 58676, 58688, 58715, 58771, 58790, 58807, 58843, 58853, 58904, 59024, 59286, 59314, 59395, 59420, 59478, 59533, 59641, 59671, 59770, 60952, 61045, 61142, 61148, 61409, 61416, 61421, 61425, 61504, 61533, 61586, 61594, 62450, 62465, 62823, 63802, 63842, 64113, 64235, 64371, 64381, 64419, 64731, 64807, 64832, 64851, 64883, 64892, 64964, 64989, 65002, 65030, 65035, 65067, 65169, 65333, 65414, 65483, 65516, 65548, 65675, 66046, 66054, 66058, 66075, 66090, 66173, 66662, 66727, 66893, 67101, 67150, 67214, 67348, 67494, 67719, 67741, 67917, 68026, 68194, 68202, 68302, 68309, 68358, 68478, 68624, 68666, 69015, 69030, 69062, 69081, 69096, 69324, 69367, 69473, 69523, 69672, 69699, 69712, 69734, 70011, 70144, 70567, 70601, 70639, 70645, 70749, 70961, 71204, 71378, 71391, 71401, 71518, 71525, 71538, 71743, 71791, 72000, 72165, 72172, 72686, 72727, 72740, 72991, 73038, 73047, 73060, 73071, 73695, 74059, 74076, 74105, 74141, 74382, 74450, 74497, 74504, 74517, 74523, 74533, 74544, 74560, 74575, 74612, 74730, 74815, 74821, 74833, 74860, 74934, 75267, 75330, 75338, 75376, 75431, 75438, 75454, 75469, 75567, 75585, 75668, 75819, 75983, 76137, 76185, 76297, 76389, 76470, 76559, 76846, 76853, 77313, 77333, 77348, 77368, 77393, 77399, 77409, 77474, 77548, 77559, 77739, 77806, 77967, 78075, 78314, 78324, 78347, 78362, 78399, 78479, 78875, 79480, 79601, 79830, 79863, 79879, 79957, 80092, 80148, 80422, 80464, 80480, 80803, 80852, 81525, 81612, 81666, 81874, 81936, 81944, 81960, 81974, 82002, 82317, 82395, 82672, 82680, 83614, 83655, 83700, 83883, 84059, 84496, 84618, 84644, 84684, 84752, 84956, 85025, 85039, 85191, 85227, 85244, 85254, 85418, 85431, 86687, 86832, 86842, 86850, 86858, 86872, 86890, 86903, 86910, 87006, 87026, 87134, 87148, 87452, 87663, 87669, 87709, 87789, 87809, 87899, 88492, 88531, 88563, 88579, 88928, 89701, 89829, 90006, 90316, 90340, 90384, 90545, 90551, 90687, 90792, 90926, 91109, 91165, 91185, 91254, 91267, 91316, 91341, 91895, 91974, 92166, 92230, 92587, 92890, 93269, 93460, 93703, 93725, 93747, 93776, 93864, 94026, 94233, 94257, 94555, 94735, 94832, 94859, 94905, 95210, 95522, 95785, 95824, 95942, 95983, 96057, 96153, 96161, 96208, 96256, 96433, 96594, 96647, 96745, 96941, 96989, 97001, 97015, 97336, 97356, 97364, 97609, 97694, 97754, 97763, 97801, 97810, 97839, 97871, 98065, 98087, 98257, 98264, 98289, 98326, 98350, 98362, 98381, 98383, 98519, 98629, 98751, 98851, 98964, 99332, 99449, 99861, 99926, 100095, 100193, 100227, 100650, 100681, 100686, 100694, 100700, 101167, 101354, 101397, 101543, 101612, 101680, 101713, 101858, 101896, 101984, 102085, 102107, 102807, 103458, 103710, 103802, 103848, 103944, 103961, 104053, 104076, 104122, 104279, 104298, 104349, 104609, 104712, 104735, 104897, 104959, 105091, 105447, 105456, 105480, 105649, 106029, 106036, 106053, 106145, 106194, 106679, 106716, 106724, 106766, 106839, 106852, 106936, 106965, 106989, 107043, 107096, 107426, 107545, 107658, 108033, 108151, 108161, 108192, 108232, 108399, 108433, 108700, 108705, 108722, 108732, 108818, 108821, 108824, 109044, 109095, 109208, 109255, 109620, 109794, 110054, 110164, 110184, 110236, 110482, 110581, 110605, 110617, 110637, 110856, 110969, 111002, 111017, 111049, 111073, 111136, 111144, 111200, 111233, 111324, 111508, 111708, 111787, 111836, 111863, 111869, 111912, 112078, 112101, 112115, 112153, 112432, 112448, 112562, 112604, 112619, 112641, 112666, 112913, 112955, 113094, 113181, 113184, 113224, 113315, 113403, 113667, 113673, 113837, 113845, 113874, 113971, 114001, 114224, 114342, 114468, 114589, 114621, 115224, 115241, 115273, 115295, 115940, 115956, 115965, 115978, 115988, 116116, 116132, 116179, 116370, 116382, 116551, 116557, 116566, 116570, 116609, 116641, 117068, 117085, 117114, 117217, 117230, 117236, 117242, 117267, 117283, 117315, 117796, 117812, 117836, 118333, 118349, 118358, 118371, 118381, 118509, 118525, 118572, 118763, 118775, 118943, 118949, 118958, 118962, 119001, 119033, 119460, 119477, 119506, 119609, 119622, 119628, 119634, 119659, 119675, 119707, 120188, 120204, 120228, 120455, 120855, 121159, 121285, 121367, 121397, 121564, 121601, 121624, 122121, 122379, 122563, 122708, 122980, 123026, 123038, 123485, 123510, 123538, 123545, 123595, 123603, 123621, 123671, 124158, 124404, 124598, 124608, 124832, 124929, 124936, 125146, 125155, 125449, 125490, 125820, 125847, 125918, 125950, 125966, 125993, 126017, 126207, 126483, 126493, 126514, 126525, 126701, 126889, 126918, 126931, 127209, 127379, 127585, 127592, 127700, 127706, 127718, 127898, 127938, 127946, 127964, 128179, 128219, 128227, 128245, 128476, 128520, 128642, 128828, 128991, 128998, 129219, 129240, 129250, 129298, 129427, 129793, 129861, 129881, 130061, 130261, 130319, 130327, 130339, 130528, 130553, 130886, 131018, 131027, 131713, 131951, 132065, 132194, 132237, 132258, 132270, 132278, 132282, 132569, 132613, 132640, 132721, 132743, 132888, 132906, 132982, 133526, 133547, 133572, 133863, 134048, 134322, 134351, 134368, 134389, 134418, 134574, 134682, 134720, 134918, 134982, 135100, 135113, 135236, 135365, 135376, 135410, 135445, 135568, 135584, 135962, 136244, 136267, 136716, 136802, 137067, 137167, 137400, 137471, 137508, 137541, 137566, 137640, 137850, 137865, 137905, 137920, 138004, 138119, 138285, 138370, 138471, 138655, 138724, 138829, 139047, 139114, 139356, 139741, 139774, 139783, 139797, 140087, 140279, 140538, 140715, 140807, 140817, 140872, 140896, 141127, 141246, 141308, 141334, 141459, 141489, 141571, 141615, 141666, 141709, 141719, 141726, 141817, 141860, 141868, 141883, 141909, 141916, 141929, 142405, 142570, 142676, 142827, 142911, 143037, 143110, 143129, 143159, 143168, 143176, 143200, 143215, 143242, 143263, 143286, 143320, 143365, 143370, 143633, 143667, 143687, 143718, 143921, 143931, 144271, 144291, 144341, 144398, 144442, 144627, 144645, 144763, 144792, 145235, 145342, 145580, 145823, 145870, 145912, 145941, 146012, 146157, 146651, 146664, 146761, 146772, 146778, 146837, 146996, 147125, 147228, 147252, 147305, 147434, 147441, 147451, 147458, 147480, 147495, 147502, 147518, 147574, 147586, 147602, 147614, 147629, 147641, 147882, 147926, 147953, 148607, 148994]
19,45,[794, 1409, 1414, 1419, 1425, 1431, 2005, 2030, 3143, 3149, 3156, 4961, 5516, 6362, 6671, 6676, 8198, 9662, 9802, 9917, 9946, 12612, 15250, 15737, 17021, 17025, 17538, 19597, 19601, 19611, 19716, 19721, 23710, 23715, 23742, 23759, 23883, 23890, 23902, 24997, 25803, 26738, 26742, 27000, 27004]
20,147,[270, 930, 1504, 1726, 1991, 2016, 3192, 3198, 3700, 3835, 3889, 4578, 5150, 5513, 6656, 7307, 8571, 8775, 10399, 11203, 12113, 12120, 12154, 12655, 12907, 14375, 14424, 15279, 16596, 16824, 18180, 18843, 19281, 19447, 19889, 20397, 20534, 20816, 21250, 21810, 22507, 22879, 23551, 24027, 25125, 25213, 25561, 25680, 26147, 26220, 26489, 26500, 26513, 26645, 28507, 29114, 29185, 29222, 29240, 29817, 30231, 30901, 30904, 31015, 31422, 31489, 31898, 32092, 32279, 32748, 32753, 32777, 33400, 33402, 33442, 33477, 33804, 33974, 33978, 34063, 34073, 34165, 34532, 34811, 34956, 34974, 35011, 36281, 38237, 38906, 39469, 39684, 39977, 40246, 40765, 41466, 42942, 43077, 43937, 43973, 45153, 45532, 46212, 46466, 46477, 47289, 47364, 47556, 47663, 47667, 48143, 48549, 49311, 49330, 49346, 49365, 49372, 49446, 49657, 49672, 49946, 52018, 52031, 52044, 52518, 52602, 52650, 52702, 52796, 53282, 54283, 55285, 55365, 55814, 55964, 56292, 56638, 57009, 57079, 58755, 59314, 61338, 61344, 64452, 64788, 65617, 65843]
21,170,[1819, 1830, 1965, 2489, 2661, 2664, 2667, 2788, 2798, 2816, 2822, 2848, 2853, 3472, 3487, 3559, 3626, 3680, 3684, 3733, 3816, 3869, 4220, 4394, 4401, 4462, 4469, 4478, 4506, 4666, 4857, 4864, 4968, 5260, 5553, 5710, 5993, 5997, 6004, 6011, 6141, 6514, 6605, 6743, 6816, 6913, 6925, 6959, 6983, 7172, 7225, 7235, 7541, 7752, 7943, 7950, 7960, 10014, 10021, 10658, 10985, 10998, 12090, 12298, 12689, 12808, 12849, 13018, 13022, 13147, 13547, 13672, 14180, 14261, 14647, 14665, 15386, 15473, 15605, 16013, 16041, 16052, 16173, 16300, 16535, 16539, 16545, 16553, 16785, 17016, 17170, 17590, 17845, 18259, 19071, 19226, 19839, 19921, 19962, 20316, 20676, 20682, 20847, 20856, 21263, 21464, 21907, 21967, 21974, 22139, 22576, 22618, 22947, 23326, 23435, 23694, 24196, 24357, 24400, 24540, 25127, 25143, 25216, 25862, 25934, 26062, 26142, 26227, 26617, 26622, 26666, 26693, 27066, 27069, 27074, 27082, 27134, 27687, 27696, 27703, 27734, 27741, 28132, 28207, 28371, 29214, 29221, 29229, 29993, 30025, 30379, 30491, 30631, 30772, 30781, 31043, 31133, 31245, 31282, 31584, 32285, 32364, 32932, 32945, 32982, 33443, 33867, 33933, 34120, 34199]
22,446,[301, 407, 432, 835, 846, 967, 1727, 1737, 1880, 1882, 1885, 1888, 1893, 1896, 4164, 4879, 5360, 5364, 5368, 9072, 9084, 9086, 9780, 11698, 13843, 13847, 14806, 15298, 15983, 15986, 15990, 16373, 16377, 17214, 17218, 17283, 17977, 18111, 18986, 19079, 19827, 20411, 20477, 20649, 20653, 20662, 21119, 21122, 21125, 21129, 21132, 21460, 22000, 23230, 23232, 24155, 24163, 24201, 24213, 24289, 24942, 26022, 29729, 29821, 31515, 32958, 35568, 35821, 38527, 40000, 44891, 49225, 49228, 49249, 49257, 49388, 49391, 51883, 52026, 52084, 54024, 54028, 54031, 54521, 56948, 56962, 56968, 57196, 57415, 57419, 57424, 58213, 58240, 58937, 59389, 59625, 59627, 59642, 59742, 60028, 60187, 60359, 60464, 60470, 60483, 62403, 62504, 62922, 62957, 62980, 63307, 64344, 64500, 64653, 64654, 65031, 65284, 65286, 65507, 65723, 65780, 65834, 65855, 65910, 66023, 66144, 66151, 66891, 67126, 67149, 67157, 67160, 67427, 67429, 67431, 67434, 67452, 67457, 67894, 68769, 69095, 69097, 69807, 69810, 70219, 70237, 70255, 70397, 70419, 70667, 70670, 70676, 70838, 70840, 70893, 71197, 71446, 71450, 71673, 72972, 73158, 74306, 76178, 76290, 76369, 78850, 82684, 82687, 82692, 82739, 82773, 82777, 83235, 85333, 85341, 85346, 85349, 85579, 85581, 85676, 85820, 85823, 85848, 86024, 86203, 86971, 86978, 87348, 87572, 87574, 87671, 87673, 87788, 88614, 88617, 88620, 88853, 89382, 89387, 89389, 89391, 89394, 89396, 89439, 90050, 90067, 90353, 90542, 90637, 90640, 90642, 90645, 90651, 91280, 91504, 91982, 91984, 91993, 92202, 92210, 94919, 95679, 96119, 96705, 98456, 98459, 98464, 99924, 100453, 100456, 100527, 100666, 100854, 100903, 100905, 100909, 101109, 101223, 101483, 101548, 101553, 101557, 101561, 101564, 101570, 101574, 101582, 101604, 101613, 102437, 102439, 102443, 102633, 102944, 103199, 103812, 103923, 103951, 103954, 103958, 103975, 104275, 104637, 104660, 104665, 104684, 104690, 104935, 105190, 105197, 105695, 105751, 106217, 106221, 106632, 106671, 106676, 108052, 108054, 108569, 108582, 108585, 108604, 109189, 109191, 109197, 109199, 109256, 110326, 110962, 111399, 112781, 112784, 112789, 112795, 112800, 112930, 113504, 113535, 113551, 114026, 114029, 114032, 114035, 114109, 114314, 114535, 114543, 114586, 114591, 114596, 114602, 114605, 115047, 115494, 115497, 115823, 117185, 117187, 117190, 117194, 117198, 119093, 119283, 119604, 120894, 120900, 120914, 120918, 120995, 121081, 121087, 121097, 121437, 121441, 121570, 121585, 121587, 122167, 123248, 125002, 125019, 125023, 126101, 126142, 126159, 126354, 126544, 127127, 127316, 127774, 127777, 127780, 127929, 127940, 127943, 128751, 129452, 129789, 131415, 131726, 132902, 133742, 136065, 137447, 138124, 138636, 138782, 139009, 139024, 139026, 139032, 139050, 139074, 139081, 139409, 139412, 139415, 139572, 139583, 139593, 139595, 139598, 139601, 139648, 139761, 139857, 139859, 139862, 139865, 140205, 140641, 141007, 142272, 142528, 142533, 142537, 142950, 143961, 143971, 143976, 143992, 145958, 146037, 146706, 147063, 147065, 147219, 147472, 147940, 148279, 148982, 149079, 149134, 149542, 149555, 149558, 149561, 149564, 149642, 150080, 150082, 150084, 150087, 150158, 150161, 150535, 150901, 151178, 151228, 151631, 152305, 152307, 152309, 152357, 153172, 153209, 153217, 154124, 156003, 156196, 156198, 156217, 158056, 159075, 160169]
23,155,[247, 658, 979, 1037, 1084, 1095, 1237, 1300, 1377, 1465, 1474, 1519, 1618, 2501, 2537, 2590, 2599, 2789, 2859, 2917, 2933, 3233, 3521, 3559, 3951, 4019, 4065, 4133, 4413, 4485, 4540, 4842, 5472, 5775, 6319, 6434, 6545, 6601, 7172, 7255, 7533, 7587, 7602, 7615, 7808, 7981, 8662, 9216, 9255, 9573, 9651, 10099, 10136, 10171, 10995, 11087, 11114, 11226, 11340, 11358, 11552, 11844, 11850, 12228, 12343, 12348, 12356, 12642, 12701, 12906, 13109, 13315, 13658, 14480, 14634, 14765, 14947, 15097, 15102, 15195, 15299, 15323, 15473, 15492, 15553, 15782, 15912, 15926, 17028, 17433, 17618, 17698, 17782, 17814, 17960, 18342, 18868, 18968, 19334, 19565, 19638, 19874, 19991, 20014, 20193, 20332, 20347, 20392, 20580, 20588, 20650, 20723, 21600, 21700, 21737, 21870, 22521, 23347, 23537, 23686, 23713, 23975, 24352, 24684, 25006, 25009, 25048, 25108, 25293, 25317, 25363, 25641, 25653, 27033, 27095, 27106, 28094, 28276, 28748, 28799, 28857, 28956, 29255, 29284, 29319, 29466, 29617, 29759, 30006, 30019, 30198, 30208, 30226, 30299, 30335]
24,307,[825, 864, 1157, 1165, 1305, 1436, 1460, 2452, 2460, 2474, 2543, 2586, 3635, 3808, 3874, 3892, 4016, 4020, 4062, 4088, 4892, 5055, 5341, 5351, 5392, 5537, 5584, 6032, 6133, 6273, 6530, 6554, 6611, 6615, 6707, 6808, 6887, 7110, 7377, 7417, 7439, 7718, 7913, 8124, 8197, 8456, 8468, 8474, 8488, 9193, 9313, 10037, 10046, 10155, 10227, 10273, 10403, 10450, 10514, 10590, 10628, 10657, 10929, 11728, 12168, 12491, 12959, 12990, 13342, 13360, 13403, 13480, 13505, 13542, 13601, 13680, 13811, 13934, 14049, 14084, 14144, 14177, 14185, 14192, 14217, 14226, 14285, 14405, 14623, 14698, 14765, 14969, 15104, 15122, 15163, 15280, 15346, 15351, 15468, 15519, 15907, 16013, 16019, 16056, 16082, 16122, 16178, 16185, 16209, 16229, 16451, 16579, 16687, 16922, 16931, 16955, 17046, 17181, 17368, 17372, 17484, 17543, 17583, 17610, 17626, 17645, 17834, 17869, 17941, 18156, 18195, 18386, 18410, 18431, 18472, 18494, 18555, 18610, 19471, 19507, 19582, 19621, 19664, 20104, 20116, 20218, 20341, 20366, 21020, 21319, 21789, 21791, 21974, 22110, 22424, 22698, 22797, 22846, 22865, 23070, 23335, 23433, 23501, 23511, 23537, 23722, 23799, 23863, 24105, 24155, 24270, 24520, 24705, 24858, 24902, 24930, 24977, 24995, 25195, 25347, 25511, 25520, 25525, 25897, 25995, 26071, 26075, 26076, 26097, 26221, 26740, 26823, 26850, 26859, 26886, 26897, 26912, 26928, 26942, 27018, 27028, 27087, 27170, 27770, 27809, 27967, 27995, 28064, 28068, 28253, 28419, 28478, 28485, 28620, 28674, 28699, 28776, 29645, 29655, 29975, 30062, 30150, 30289, 30567, 30622, 30671, 30839, 31132, 31147, 31834, 31974, 32040, 32137, 32151, 32158, 32164, 32335, 32502, 32522, 33244, 33489, 33625, 34304, 34331, 34378, 34443, 34447, 34518, 34641, 35066, 35158, 35351, 35389, 35723, 35776, 35955, 36170, 37237, 38083, 38109, 38715, 38810, 38888, 38916, 39174, 39261, 39401, 39431, 39442, 39507, 39728, 40037, 40071, 40097, 40129, 40185, 40191, 40291, 40384, 41253, 41311, 41426, 41434, 41533, 42011, 42216, 42274, 42285, 42732, 42816, 43111, 43130, 43715, 43871, 43890, 44057, 44096, 44110, 44116, 44124, 44382, 44459, 44467, 44706, 44740, 44931, 45011]
25,183,[715, 752, 928, 1044, 1088, 1167, 1348, 2920, 2975, 3720, 3875, 3922, 3938, 4848, 4870, 5747, 7135, 7832, 8403, 8644, 8654, 8770, 9055, 9059, 9253, 11216, 12461, 13297, 14281, 15651, 19520, 20072, 24132, 26934, 27896, 30282, 33441, 35621, 36723, 36822, 37424, 37585, 38673, 39420, 42657, 43409, 43913, 44937, 45235, 45344, 46181, 50249, 52678, 53910, 54524, 57459, 57511, 58790, 61330, 61338, 61407, 62451, 64302, 64956, 65260, 72692, 76288, 77846, 77865, 78696, 80227, 80372, 80414, 82213, 84436, 88017, 89989, 90017, 91620, 92632, 94995, 95698, 96020, 96039, 96320, 96353, 96548, 98901, 99134, 99158, 99179, 99189, 99232, 99912, 101184, 104631, 104734, 106878, 106933, 107518, 108899, 109739, 112017, 112732, 112740, 113431, 115414, 116989, 120937, 121251, 121746, 122262, 123436, 123627, 123781, 123936, 125149, 126755, 127877, 130441, 132560, 133185, 133274, 136586, 137885, 138403, 138503, 138960, 140203, 140687, 141504, 141539, 142742, 143275, 143866, 144433, 146352, 150052, 153003, 153177, 153340, 153704, 153724, 153893, 158345, 158914, 158929, 160153, 162236, 162447, 162457, 163054, 163432, 164292, 164841, 166288, 166297, 168169, 172084, 172900, 174245, 175924, 177281, 179456, 180345, 180407, 180433, 180500, 183125, 183140, 183223, 183850, 183871, 183940, 185275, 186613, 186902, 189559, 189595, 191629, 191642, 191652, 192646]
26,152,[65, 156, 185, 277, 634, 1290, 1295, 1879, 2101, 2377, 2402, 3675, 3681, 4199, 4334, 4388, 5096, 5665, 6030, 7174, 7830, 9109, 9317, 10952, 11774, 12698, 12705, 12741, 13241, 13494, 14973, 15023, 15913, 17247, 17477, 18882, 19553, 19986, 20156, 20607, 21124, 21261, 21553, 21994, 22562, 23269, 23648, 24320, 24788, 25911, 26005, 26356, 26479, 26943, 27016, 27290, 27301, 27314, 27447, 29337, 29956, 30027, 30065, 30083, 30663, 31079, 31765, 31768, 31882, 32292, 32360, 32770, 32964, 33152, 33624, 33629, 33653, 34280, 34282, 34320, 34353, 34679, 34852, 34856, 34942, 34952, 35042, 35420, 35700, 35848, 35866, 35903, 37186, 39181, 39850, 40411, 40623, 40916, 41187, 41702, 42402, 43890, 44026, 44898, 44934, 46142, 46533, 47217, 47471, 47482, 48291, 48366, 48563, 48668, 48672, 49155, 49570, 50356, 50376, 50392, 50410, 50417, 50493, 50700, 50715, 50992, 53097, 53111, 53125, 53618, 53704, 53752, 53800, 53895, 54407, 55445, 56447, 56525, 56970, 57124, 57449, 57791, 58159, 58231, 59954, 60573, 62641, 62647, 65851, 66188, 67031, 67258]
27,680,[984, 1022, 1041, 1070, 1677, 2027, 2752, 3063, 3127, 3317, 3783, 3990, 4288, 4926, 4974, 5051, 5068, 5156, 5183, 5245, 5258, 5706, 6154, 6158, 6204, 6343, 6379, 6403, 6452, 6488, 6618, 6940, 7602, 7757, 7891, 7935, 7937, 7961, 8073, 8093, 8113, 8274, 8281, 8339, 8417, 8425, 8444, 8493, 8574, 8711, 8832, 8864, 8918, 8978, 9049, 9089, 9123, 9226, 9244, 9553, 9636, 9976, 10112, 10370, 10498, 11568, 11802, 13109, 13117, 13555, 13721, 14081, 14137, 14161, 14185, 14618, 14869, 15061, 15313, 15803, 15953, 16729, 16788, 16875, 17062, 17330, 17590, 17593, 17612, 17781, 18131, 18262, 18295, 18374, 18399, 18405, 19099, 19369, 19383, 19428, 20071, 20185, 20805, 20845, 21020, 21027, 21111, 21211, 21386, 21400, 21403, 21423, 21429, 21458, 21818, 22062, 22105, 22326, 22382, 22458, 22527, 22730, 22793, 22940, 23355, 23493, 23511, 23529, 23579, 23691, 23825, 23902, 23906, 23928, 23983, 24529, 24538, 24707, 24767, 24802, 24812, 24827, 24946, 25089, 25192, 25391, 26002, 26399, 26671, 26856, 28134, 28167, 28192, 28413, 28553, 28624, 28814, 28834, 28852, 28958, 29065, 29435, 29584, 29605, 29645, 29733, 29878, 30007, 30022, 30109, 30135, 30185, 30381, 30440, 30946, 31485, 31637, 31797, 31852, 32351, 32533, 32558, 32650, 33279, 33578, 34133, 34143, 34190, 34208, 34215, 34229, 34327, 34382, 34403, 34434, 34479, 34496, 34549, 34553, 34560, 34563, 34568, 34662, 34685, 34717, 34796, 34995, 35058, 35161, 35652, 35740, 35785, 35860, 36029, 36229, 36274, 36382, 36425, 36624, 36753, 37596, 37924, 37936, 38087, 38132, 38296, 38334, 38345, 38546, 39444, 39628, 39654, 39869, 40616, 40627, 40715, 40787, 41172, 41526, 42226, 42596, 42906, 42911, 43035, 43141, 43207, 43638, 43647, 43660, 43675, 44070, 44108, 44133, 44141, 44154, 44269, 44301, 44498, 44538, 44886, 44955, 45004, 45480, 45818, 45829, 45891, 45951, 45960, 46066, 46081, 46136, 46144, 46178, 46193, 46203, 46244, 46412, 46457, 46715, 46783, 46842, 46857, 47042, 47085, 47193, 47306, 47459, 47480, 47699, 47812, 47828, 47834, 47969, 48013, 48018, 48083, 48358, 48427, 48460, 48491, 48517, 48726, 48845, 49041, 49292, 49321, 49389, 49450, 49574, 49676, 49681, 49684, 49687, 49897, 50028, 50230, 50242, 50261, 50710, 51241, 51291, 51304, 51348, 51379, 51497, 51506, 51521, 51566, 51831, 51850, 52010, 52078, 52089, 52273, 52923, 53184, 53344, 53356, 53502, 53556, 54144, 54277, 54334, 54493, 54505, 54554, 54605, 54618, 54651, 54814, 54869, 55044, 55065, 55148, 55182, 55213, 55218, 55228, 55236, 55242, 55310, 55314, 55320, 55359, 55365, 55386, 55405, 55523, 55553, 55559, 55657, 55664, 55685, 55866, 56442, 56479, 56489, 56899, 57133, 57453, 57781, 57829, 58147, 58286, 58476, 58758, 58825, 59052, 59075, 59332, 59490, 59922, 59974, 60145, 60807, 61309, 61531, 61546, 61558, 61673, 61683, 61691, 61739, 61817, 61907, 61940, 61947, 62087, 62334, 62382, 62746, 62765, 62772, 62784, 62804, 62820, 63111, 63155, 63212, 63560, 63923, 64722, 65028, 65050, 65094, 65134, 65738, 65761, 66488, 66641, 67109, 67820, 67895, 68153, 68220, 68237, 68245, 68456, 69206, 69222, 69256, 69280, 69693, 69903, 69922, 70030, 70046, 70096, 70102, 70375, 70394, 70396, 70413, 70458, 71068, 71466, 71641, 71667, 72365, 72382, 72654, 72831, 72860, 72876, 72944, 72978, 73051, 73061, 73069, 73086, 73363, 73416, 73426, 73445, 73593, 73633, 73673, 74143, 74524, 74592, 75076, 75110, 75290, 76453, 76764, 76864, 76871, 77083, 77132, 77144, 77151, 77520, 77697, 77746, 77758, 77820, 77844, 77851, 78044, 78104, 78128, 78182, 78390, 78523, 78676, 78743, 78804, 78904, 78992, 78994, 79060, 79117, 79269, 79297, 80108, 80193, 80438, 80458, 80825, 81267, 81285, 81288, 81333, 82345, 82572, 83843, 83864, 84107, 84110, 85725, 85920, 85960, 86101, 86496, 86598, 86691, 86995, 87095, 88447, 88618, 89018, 89022, 89027, 89037, 89245, 89494, 90189, 90195, 90674, 90799, 92374, 92380, 92639, 92681, 92701, 92761, 93308, 94534, 94557, 95136, 95375, 95672, 95738, 95742, 95746, 95761, 95764, 95876, 95956, 95963, 96096, 96255, 96342, 96668, 96790, 96796, 97013, 97107, 97159, 97328, 97359, 97376, 97386, 97749, 97818, 97843, 97850, 97877, 98194, 98277, 98284, 98288, 98355, 98452, 98481, 98545, 98656, 98662, 98782, 99198, 99202, 99429, 99439, 99456, 99480, 99499, 99833, 99844, 99942, 100003, 100141, 100380, 100383, 100515, 100537, 100561, 101082, 101265, 101398, 101484, 101548, 101561, 101827, 101853, 101867, 101980, 102022, 102034, 102154, 102306, 102442, 102518, 102611, 103701, 103719, 103958, 103963, 104025, 104221, 104338, 104935, 105207, 105540, 106163, 106283, 106328, 106342, 106396, 106442, 106454, 106522, 106593, 106659, 106959, 107125, 107207, 107307, 107367, 107492, 107500, 107506, 107560, 107567, 107591, 107616, 107634, 107861, 107966, 107985, 108205, 108386, 108410, 108440, 108609, 108799, 109037, 109072, 109405, 109538, 109628]
28,65,[438, 443, 462, 494, 575, 588, 627, 648, 693, 703, 737, 757, 771, 1156, 1333, 1779, 1905, 2055, 2075, 2087, 2100, 2156, 2212, 2351, 2552, 2845, 3090, 3101, 3935, 4785, 4904, 5364, 5665, 6114, 6263, 6361, 6533, 6705, 6716, 7440, 7556, 8243, 8295, 8313, 8362, 8658, 8792, 8813, 8865, 9013, 9686, 9825, 10102, 10176, 10388, 10450, 10590, 10845, 10864, 10948, 11000, 11013, 11598, 11721, 11737]
30,3904,[750, 817, 844, 893, 2040, 2428, 2481, 3144, 3167, 3497, 3568, 4479, 4574, 4842, 5576, 5593, 6423, 7276, 7313, 7324, 7677, 7822, 8015, 8138, 8453, 8457, 8660, 8813, 8853, 8897, 9025, 9154, 9243, 9480, 9484, 9853, 10330, 10437, 10574, 10731, 10738, 10743, 11107, 11217, 11649, 12672, 12781, 12912, 12967, 14528, 14536, 14867, 14904, 14909, 14917, 14984, 15365, 15682, 15689, 15771, 15780, 15790, 15864, 16369, 16373, 16493, 17171, 17264, 17325, 17330, 17482, 17516, 17551, 17640, 17650, 17660, 17667, 17693, 18162, 18285, 18582, 18841, 18851, 18861, 18903, 19004, 19125, 19287, 19297, 19307, 19825, 20047, 20063, 20074, 20104, 20893, 21296, 22344, 22384, 22413, 22906, 24334, 24497, 24944, 24954, 25184, 25435, 25813, 26498, 26691, 27033, 27041, 27432, 27446, 27613, 27720, 27727, 28290, 29157, 29211, 29222, 29293, 29357, 29472, 29480, 29856, 29947, 30017, 30585, 30912, 30961, 31033, 31279, 31298, 32073, 32078, 32597, 32633, 32849, 32859, 32929, 32992, 33134, 33146, 33606, 33833, 34328, 34465, 34585, 34605, 34619, 34764, 35135, 36857, 37132, 37332, 37363, 37369, 37495, 37812, 38763, 39140, 39149, 40187, 40191, 40391, 40497, 40959, 41212, 41433, 41547, 41765, 42231, 42680, 42744, 43048, 43400, 43927, 43940, 44298, 44301, 44432, 44438, 44538, 44547, 44932, 44935, 45093, 45208, 45847, 46012, 46580, 46624, 47529, 48801, 48895, 49443, 50617, 51672, 51686, 51725, 51744, 51753, 51845, 52189, 52193, 52204, 52210, 52213, 52223, 52236, 52367, 52784, 52811, 52816, 52863, 53248, 53305, 53660, 53698, 54089, 60057, 60080, 61223, 61589, 62002, 62016, 62063, 62558, 62573, 62586, 64528, 64569, 64583, 64599, 64609, 64787, 64827, 64849, 64960, 65006, 65549, 65757, 66000, 66070, 66286, 66415, 66638, 66980, 68875, 68999, 69310, 69684, 70345, 70450, 71068, 71607, 71743, 71833, 71989, 72125, 72143, 72405, 72431, 72470, 72484, 73235, 73729, 73889, 74162, 74447, 74959, 75539, 75658, 75921, 76372, 76442, 76714, 76964, 77031, 77038, 77044, 77615, 79873, 80282, 81070, 82027, 82056, 82307, 82330, 82371, 82555, 85215, 85246, 85258, 85778, 86965, 86980, 86985, 87014, 87052, 87154, 87213, 87221, 87849, 87854, 88484, 88763, 88817, 88867, 88968, 88991, 89003, 89010, 89103, 89122, 89151, 89196, 89257, 89386, 89855, 90048, 90666, 90674, 90938, 91000, 91253, 91879, 91927, 91953, 91970, 92055, 92104, 92268, 92304, 92311, 92327, 92398, 92414, 92420, 92430, 92456, 92553, 92598, 93235, 93253, 93448, 93498, 93575, 93705, 93934, 93981, 93984, 94452, 94461, 94532, 95231, 95384, 95488, 95625, 95630, 95958, 96566, 96928, 97023, 98394, 98406, 98417, 98431, 98478, 98576, 99226, 99250, 99349, 99466, 99575, 100039, 100393, 100873, 100932, 101498, 101516, 101715, 101720, 101863, 101881, 101985, 102015, 102104, 102260, 103152, 103371, 103545, 103554, 103565, 103800, 103958, 103967, 104061, 104222, 104356, 104975, 105028, 105461, 105481, 105729, 105882, 105937, 106054, 106260, 106367, 106542, 107126, 107134, 107140, 107176, 107187, 107424, 107466, 107573, 107977, 108713, 109093, 109102, 109156, 109205, 109215, 109220, 109226, 109554, 109607, 110351, 110558, 111326, 111345, 111468, 111483, 111494, 111663, 111735, 111755, 112366, 112426, 112431, 112562, 113072, 113769, 114036, 114050, 114417, 114430, 114550, 114781, 115746, 116486, 116521, 117004, 117025, 117165, 117352, 117358, 117415, 117832, 117940, 118227, 118446, 118711, 118717, 118808, 118873, 118905, 118915, 118989, 119010, 119096, 120114, 120128, 121086, 121303, 121314, 121325, 121336, 121691, 121797, 121808, 121831, 121837, 121840, 121846, 121863, 121871, 123023, 123296, 123415, 123488, 123678, 123755, 124167, 124187, 124221, 124338, 124369, 124396, 124420, 124425, 124628, 124642, 124712, 124897, 125029, 125095, 125394, 125506, 125683, 125887, 126006, 126071, 126108, 126128, 126190, 126314, 126367, 126477, 126802, 126811, 127622, 127638, 128203, 128437, 128599, 128602, 128742, 128753, 129079, 129157, 129189, 129587, 130821, 131036, 132085, 132094, 132101, 132109, 132362, 132373, 132598, 132730, 132774, 132791, 133762, 134002, 134071, 134151, 134430, 135886, 136526, 136552, 137288, 139017, 139058, 139088, 139243, 139263, 141660, 141672, 141679, 141691, 141980, 142107, 142122, 142299, 142323, 142343, 142364, 142435, 142580, 142589, 142742, 142769, 142789, 142889, 143107, 143124, 143136, 143359, 143362, 143514, 143765, 144062, 144180, 144866, 144900, 144905, 145376, 145836, 145873, 147000, 147011, 147328, 147332, 147625, 147745, 147790, 147948, 148761, 149288, 150421, 150427, 150432, 150441, 150476, 150488, 150504, 151250, 151255, 151673, 151679, 151735, 151752, 151770, 152489, 152717, 153564, 153732, 153748, 153759, 153768, 153832, 153950, 154187, 154191, 154226, 154538, 154636, 154782, 155342, 156102, 156348, 156479, 156727, 156742, 157967, 157971, 157996, 158083, 159188, 159431, 159831, 159905, 159909, 159912, 160357, 160384, 160401, 160744, 160858, 161218, 161448, 161471, 162056, 162064, 162085, 162184, 162254, 162352, 162448, 162699, 163028, 163507, 163519, 163546, 163962, 164605, 165281, 165447, 165848, 165854, 165868, 165884, 166088, 166114, 166390, 166400, 166619, 166841, 167416, 167434, 167887, 168066, 168076, 168100, 168121, 168125, 168128, 168131, 168135, 168180, 168312, 168315, 168320, 168396, 168400, 168514, 168567, 168585, 169005, 169045, 170055, 170156, 170720, 170895, 170962, 170991, 171017, 171120, 171127, 171136, 171143, 171163, 171232, 171235, 171353, 171488, 171508, 171642, 171902, 172551, 172703, 172944, 173634, 173642, 173649, 173862, 174257, 174735, 174790, 174895, 175003, 175264, 175402, 175709, 175794, 175798, 175840, 175857, 175961, 176118, 176121, 176126, 176348, 176472, 176739, 177232, 177405, 177670, 177744, 177867, 178133, 178251, 178500, 178767, 178781, 178815, 178920, 178925, 179586, 179639, 179660, 179680, 179726, 179745, 179750, 179967, 180100, 180407, 180569, 180738, 180743, 180776, 180929, 181044, 181084, 181094, 181130, 181158, 181781, 182525, 182656, 182984, 182995, 183016, 183038, 183804, 184711, 184839, 184854, 184867, 186119, 186138, 186147, 186207, 186217, 186275, 186513, 187305, 187344, 188854, 188981, 189353, 189358, 189714, 190171, 190267, 190827, 191022, 191055, 191202, 191260, 191292, 191507, 191984, 192170, 192224, 192542, 192762, 193247, 193955, 194010, 194028, 194142, 194671, 195113, 195155, 195331, 195352, 195449, 195653, 195663, 195698, 195718, 195724, 195778, 195782, 196547, 196925, 197372, 197379, 197406, 197492, 197497, 197580, 197596, 198760, 198764, 198778, 198979, 198982, 198989, 200038, 200274, 200290, 200311, 200840, 201063, 201646, 201663, 202014, 202019, 202044, 203221, 205872, 206039, 206050, 206232, 206235, 206390, 206444, 206690, 206725, 206803, 206806, 206809, 206857, 206883, 206893, 206910, 207111, 207400, 207412, 207450, 207501, 207522, 207529, 207597, 207604, 208983, 209040, 209469, 209483, 209493, 209496, 209516, 209594, 209602, 209960, 210168, 210171, 211956, 212736, 213996, 214078, 214142, 214302, 214633, 214817, 214828, 215330, 215803, 215816, 215947, 215960, 216055, 216064, 216138, 216261, 216274, 216917, 217018, 217430, 217913, 218381, 218523, 218531, 220450, 220828, 221090, 221214, 222484, 222700, 224304, 224475, 225415, 225453, 225490, 225646, 226015, 226516, 226817, 226966, 227696, 228893, 228931, 232203, 232580, 232763, 233161, 233178, 233405, 233505, 233516, 233525, 233645, 233653, 233674, 233729, 233837, 233848, 233862, 233868, 233871, 234233, 234243, 234291, 234295, 234395, 234571, 234586, 234594, 234622, 234895, 234929, 235080, 235088, 235431, 235447, 235516, 235551, 235561, 235571, 235674, 235775, 235778, 235875, 236845, 236856, 245275, 247276, 248442, 248456, 248467, 248484, 248521, 248530, 248540, 248812, 250263, 250267, 250281, 250516, 250527, 251158, 251186, 254317, 254835, 254893, 254899, 254908, 254918, 255198, 255229, 255262, 255270, 255336, 255884, 255907, 255910, 255920, 256382, 257892, 257978, 257986, 258076, 258088, 258311, 258313, 258469, 258525, 258778, 258813, 258888, 258890, 258894, 258915, 258943, 258973, 259390, 259395, 259470, 259506, 259523, 259547, 259569, 259576, 261019, 261220, 261223, 261821, 261825, 261864, 262254, 262302, 262317, 262354, 262423, 262807, 262813, 262919, 263548, 263737, 264635, 264642, 265548, 265647, 266675, 267616, 268381, 268847, 270465, 270513, 270571, 271070, 271085, 271089, 271105, 271117, 271157, 271402, 271442, 271782, 273003, 273008, 273641, 273775, 274398, 274423, 274435, 275305, 275345, 275358, 275464, 275557, 275565, 275568, 275662, 276448, 276465, 276530, 278903, 279143, 279185, 279201, 279240, 279272, 279344, 279349, 279357, 280164, 280222, 280282, 280857, 280987, 282051, 282084, 282098, 282222, 282233, 282343, 282374, 282562, 282568, 282803, 282806, 282879, 282896, 283460, 283468, 283470, 283477, 283548, 283733, 284164, 285063, 285569, 285588, 285641, 285691, 285896, 286038, 286365, 286396, 289117, 289121, 289150, 289225, 289715, 291582, 291977, 292488, 293574, 294077, 294342, 294405, 295080, 295417, 295489, 295498, 295878, 296085, 296101, 296896, 297121, 297191, 297782, 297835, 297842, 298044, 298099, 298314, 298636, 298730, 298760, 298772, 298822, 298932, 299232, 299313, 299318, 299507, 300055, 300207, 300214, 300563, 301035, 301381, 301481, 301692, 301699, 301705, 301945, 301957, 302050, 302057, 302064, 302127, 302163, 302365, 302370, 302618, 302635, 302696, 302708, 302821, 302826, 302893, 302896, 303026, 303086, 303442, 303582, 303757, 303948, 304023, 304155, 304162, 304360, 304366, 304374, 304549, 304741, 305213, 305466, 305635, 306023, 306028, 306030, 306151, 306184, 306221, 306440, 306492, 306496, 306573, 306580, 306587, 306608, 306614, 306627, 306638, 306677, 306681, 306729, 306748, 306851, 306858, 307067, 307191, 307262, 307457, 307501, 307595, 307976, 307990, 308093, 308278, 308368, 308445, 309177, 309263, 309592, 309952, 310630, 310655, 310704, 310752, 311123, 311140, 311161, 311305, 311355, 311624, 311682, 311811, 311817, 311827, 312126, 312351, 312502, 312914, 313043, 313055, 313086, 313133, 313162, 313352, 313369, 313490, 313505, 313578, 313584, 313632, 313954, 313961, 314064, 314070, 314159, 314174, 314271, 314559, 315072, 315077, 315125, 315131, 315655, 315785, 315853, 315857, 315881, 315885, 315895, 315932, 316035, 316114, 316652, 316737, 316756, 316798, 316861, 316921, 317116, 317200, 317501, 317893, 317904, 318184, 318189, 318620, 318626, 318785, 318792, 318921, 319087, 319593, 319599, 319606, 319613, 319620, 319651, 319656, 319814, 319960, 320241, 320249, 320488, 320493, 320504, 320525, 320619, 320745, 321237, 321239, 321256, 321512, 321677, 321719, 321930, 321967, 322329, 322375, 322387, 322471, 322627, 322670, 322683, 322780, 322903, 322992, 323133, 323142, 323486, 324049, 324099, 324772, 325143, 325327, 325618, 325834, 326020, 326179, 326338, 326353, 326565, 326852, 326922, 326935, 327047, 327097, 327206, 327213, 327233, 327379, 327402, 327656, 327665, 327818, 328048, 328055, 329059, 329063, 329072, 329092, 329141, 329150, 329158, 329260, 329729, 329744, 329753, 329758, 329774, 329839, 329896, 329901, 329915, 329935, 329973, 330407, 330631, 330636, 330660, 330787, 330898, 330903, 330947, 330987, 331032, 331047, 331052, 331293, 331300, 331307, 331314, 331485, 331705, 331710, 331933, 332441, 332446, 332718, 332909, 333335, 333852, 333902, 334101, 334550, 334861, 335496, 335501, 335504, 336816, 336846, 337359, 337465, 337862, 337869, 337876, 337883, 337890, 337897, 338153, 338589, 338694, 338708, 338736, 338747, 338766, 338773, 338787, 338865, 338900, 338940, 338947, 338950, 339044, 339066, 339086, 339125, 339135, 339164, 339169, 339181, 339198, 339204, 339212, 339226, 339264, 339267, 339322, 339333, 339348, 339371, 339392, 339413, 339483, 339543, 339623, 339641, 339647, 339656, 339689, 339709, 339721, 339762, 339804, 339816, 339827, 339884, 339928, 339988, 340069, 340130, 340162, 340257, 340356, 340393, 340405, 340423, 340483, 340487, 340509, 340818, 340821, 340825, 341289, 341300, 341307, 341384, 341492, 341679, 341714, 342023, 342030, 342037, 343000, 343025, 343031, 343038, 343044, 343306, 343363, 343481, 344137, 344501, 344794, 345039, 345166, 345170, 345178, 345935, 346121, 346127, 346188, 346472, 346480, 347201, 347207, 347220, 347223, 347236, 347357, 347527, 347860, 349226, 349826, 350785, 350794, 351560, 351875, 351933, 352840, 352848, 352962, 353279, 353416, 353426, 353734, 353992, 354944, 355113, 355161, 355239, 355249, 355266, 355363, 355640, 355748, 355757, 355827, 356062, 356141, 356364, 356580, 356838, 356878, 356886, 357298, 357304, 357308, 357576, 357780, 358026, 358060, 358136, 358405, 358492, 358575, 358642, 358981, 359026, 359158, 359234, 359257, 359264, 359269, 359279, 359424, 359818, 359840, 360023, 360188, 360209, 360676, 361053, 361104, 361425, 361969, 361974, 361979, 362018, 362025, 362303, 362674, 362827, 362904, 362974, 362981, 363016, 363021, 363072, 363124, 363129, 363481, 363490, 363725, 364173, 364260, 364558, 364568, 364706, 364712, 364922, 365151, 365450, 365594, 365766, 365971, 366241, 366538, 366669, 366983, 366990, 367136, 367315, 367365, 367372, 367379, 367384, 367408, 367752, 368414, 368418, 368739, 368848, 369364, 369370, 369703, 369709, 369868, 369922, 370009, 370240, 370263, 370477, 370619, 370719, 370925, 370949, 371402, 371412, 371538, 371546, 371728, 371824, 371845, 371853, 371873, 372242, 372415, 372676, 372855, 372871, 372878, 373250, 373260, 373350, 373454, 373470, 373570, 373635, 373666, 373671, 373675, 373678, 373683, 373691, 374013, 374221, 374238, 374397, 374399, 374421, 374429, 374591, 375052, 375356, 375472, 375706, 376010, 376325, 376347, 376800, 376977, 377992, 378355, 378371, 378594, 378694, 378705, 378714, 378834, 378844, 378865, 379019, 379029, 379044, 379050, 379053, 379412, 379422, 379453, 379457, 379591, 379914, 379926, 379934, 379962, 380427, 380430, 380441, 380617, 380822, 380830, 380852, 381217, 381341, 381388, 381439, 381607, 381612, 381667, 381824, 381888, 381891, 381965, 382026, 382031, 382035, 382044, 382050, 382097, 382123, 382126, 382129, 382178, 382182, 382304, 382343, 382420, 382424, 382431, 382447, 382474, 382597, 382605, 382831, 382861, 382893, 382900, 382907, 382954, 382965, 382979, 383138, 383219, 383225, 383317, 383390, 383400, 383409, 383411, 383568, 383606, 383646, 383677, 383706, 383814, 383964, 383970, 384100, 384439, 384478, 384518, 384613, 384620, 384710, 384713, 384716, 384730, 384817, 384943, 384946, 385079, 385085, 385212, 385238, 385254, 385350, 385383, 385579, 385585, 385592, 385621, 385726, 385826, 385830, 386239, 386245, 386352, 386403, 386433, 386509, 386543, 386899, 386902, 387257, 387280, 387295, 387306, 387442, 387461, 387580, 387658, 388071, 388361, 388493, 388516, 388631, 388640, 388685, 388720, 389020, 389030, 389054, 389165, 389456, 389732, 390209, 390475, 390553, 390564, 390684, 391042, 391049, 391136, 391179, 391208, 391346, 391449, 391536, 391953, 391997, 392412, 392417, 392547, 392726, 392732, 392888, 392891, 392930, 393069, 393080, 393230, 393253, 393258, 393307, 393398, 393475, 393547, 393587, 393643, 393650, 393673, 393700, 393733, 393761, 393890, 394154, 394302, 394347, 394371, 394377, 394453, 394471, 394716, 394859, 394930, 394939, 394949, 395044, 395046, 395132, 395225, 395234, 395239, 395247, 395285, 395298, 395355, 395438, 395447, 395625, 395658, 395664, 395679, 395759, 395767, 395878, 395913, 396087, 396181, 396312, 396408, 396430, 396491, 396747, 396776, 396821, 396830, 397026, 397073, 397190, 397198, 397210, 397383, 397388, 397394, 397399, 397404, 397443, 397503, 397576, 397626, 397703, 397741, 397783, 397848, 398013, 398196, 398204, 398212, 398265, 398274, 398339, 398346, 398760, 398964, 399050, 399060, 399150, 399298, 399380, 399495, 399581, 399689, 399780, 399818, 399825, 399840, 399844, 399848, 399869, 399894, 399898, 399904, 399911, 399960, 399963, 399971, 400005, 400032, 400039, 400278, 400412, 400666, 400727, 400826, 400884, 400889, 400972, 400996, 401072, 401208, 401395, 401467, 401479, 401543, 401549, 401655, 401830, 401930, 402088, 402104, 402110, 402116, 402120, 402124, 402127, 402132, 402318, 402322, 402360, 402492, 402692, 402726, 402735, 403155, 403312, 403318, 403437, 403512, 403636, 403639, 403644, 403656, 403663, 403672, 403922, 403931, 403986, 403991, 404366, 404452, 404685, 404688, 404748, 405082, 405159, 405599, 405607, 405633, 405845, 405883, 405897, 406014, 406083, 406087, 406099, 406107, 406128, 406173, 406184, 406186, 406225, 406436, 406487, 406670, 406905, 406914, 406935, 407002, 407028, 407175, 407698, 407853, 407874, 408039, 408071, 408502, 408522, 408531, 408549, 408637, 408806, 409090, 409237, 409395, 409418, 409596, 409656, 409673, 409711, 409817, 409838, 409946, 409951, 409987, 410063, 410068, 410076, 410082, 410276, 410323, 410382, 410539, 410589, 410597, 410638, 410719, 410866, 410924, 410933, 411318, 411393, 411505, 411511, 411558, 411591, 411844, 412493, 412649, 412672, 412684, 412735, 412759, 412778, 412875, 412986, 413003, 413172, 413183, 413236, 413247, 413252, 413478, 413610, 413660, 413678, 413699, 413739, 413906, 414224, 414271, 414275, 414586, 414605, 414637, 414644, 414648, 414754, 414766, 414806, 414813, 414828, 414869, 414874, 414880, 414884, 414890, 414910, 414985, 415768, 415823, 416277, 416288, 416443, 416621, 416627, 416634, 417013, 417017, 417090, 417723, 417729, 418020, 418436, 418851, 419026, 419063, 419107, 419273, 419314, 419320, 419632, 419762, 419768, 419794, 419952, 419980, 419998, 420043, 420106, 420144, 420234, 420278, 420283, 420396, 420411, 420416, 420422, 420482, 420500, 420538, 420774, 420782, 420894, 421081, 421478, 421705, 421742, 421760, 422191, 422294, 422321, 422425, 422851, 422854, 422858, 422907, 422927, 422950, 423205, 423233, 423380, 423544, 423720, 423725, 423732, 423738, 423746, 423757, 424002, 424041, 424126, 424153, 424931, 424957, 425331, 425482, 425486, 425498, 425537, 425913, 425936, 427234, 427407, 427487, 427675, 427731, 427742, 427752, 428018, 428107, 428114, 428223, 428233, 428243, 428286, 428300, 428310, 428312, 428503, 428705, 428817, 428917, 428920, 428967, 429031, 429373, 429422, 429431, 429448, 429458, 429465, 429537, 429680, 429697, 429699, 429713, 429719, 429724, 429795, 429825, 430656, 430928, 430957, 430976, 431147, 431568, 431616, 431804, 431823, 432008, 432045, 432051, 432073, 432078, 432082, 432120, 432202, 432270, 432274, 432326, 432391, 432554, 432614, 432628, 432848, 432951, 433071, 433239, 433866, 433873, 433896, 433923, 434072, 434214, 434241, 434889, 434905, 434912, 434929, 434950, 435028, 435036, 435113, 435134, 435144, 435182, 435385, 435392, 435497, 435591, 435853, 435997, 436054, 436066, 436088, 436107, 436117, 436123, 436134, 436144, 436206, 436263, 436296, 436338, 436540, 436548, 436612, 436806, 437143, 437151, 437170, 437177, 437283, 437331, 437415, 437467, 437957, 437964, 439405, 439488, 439494, 439499, 439505, 439513, 439516, 439539, 439557, 440029, 440243, 440260, 441203, 441207, 441612, 441659, 441674, 441683, 441794, 441905, 442123, 442175, 442302, 442322, 442362, 442471, 442538, 442631, 442673, 442683, 442691, 442731, 442738, 442776, 442805, 442842, 443008, 443054, 443058, 443066, 443076, 443080, 443086, 443095, 443106, 443138, 443167, 443174, 443182, 443214, 443221, 443231, 443405, 444033, 444084, 444095, 444100, 444120, 444124, 444131, 444154, 444164, 444561, 444657, 444675, 444683, 444857, 444865, 445371, 445375, 445544, 445788, 446078, 446083, 446093, 446105, 446114, 446246, 446527, 446988, 447087, 447129, 447295, 447373, 447401, 447425, 447511, 447581, 447607, 447685, 447971, 448178, 448289, 448360, 448370, 448458, 448818, 448865, 448882, 448895, 448900, 448937, 449792, 449804, 449838, 449907, 450055, 450230, 450342, 450800, 450812, 451003, 451007, 451014, 451021, 451030, 451042, 451232, 451387, 451404, 451424, 451434, 451461, 451477, 451532, 451615, 451954, 451966, 451992, 451996, 452001, 452099, 452183, 452195, 452239, 452245, 452257, 452617, 452636, 452867, 452954, 453290, 453322, 453569, 453593, 453613, 453621, 453876, 453997, 454143, 454193, 454453, 454522, 454745, 454846, 454885, 454890, 454953, 454976, 454992, 455002, 455017, 455057, 455065, 455081, 456540, 457765, 457774, 457777, 457831, 458487, 458511, 458519, 458528, 458637, 458685, 458805, 458813, 459283, 459439, 459729, 460913, 461127, 461409, 461453, 461797, 461813, 462575, 462712, 463095, 463129, 463232, 464070, 464128, 464157, 464417, 464533, 464779, 465015, 465330, 465387, 465838, 466042, 466069, 466096, 466125, 466325, 466343, 466531, 466645, 467073, 467087, 468802, 468805, 468809, 468813, 468825, 468893, 468909, 468922, 468927, 468948, 468978, 469095, 469097, 469867, 470099, 470641, 470816, 470827, 471159, 471432, 471701, 471715, 471909, 472114, 472372, 472718, 472730, 472768, 472895, 472937, 472954, 472994, 473045, 473053, 473089, 473289, 473294, 473327, 473332, 473364, 473391, 473433, 473480, 473495, 473523, 473551, 473631, 473639, 473643, 473648, 473654, 473679, 473735, 473763, 473769, 473780, 473829, 473878, 473910, 474169, 474384, 474410, 474422, 474621, 474624, 474627, 475047, 475082, 475088, 475189, 475290, 475629, 475634, 476042, 476940, 476950, 476956, 476973, 477000, 477006, 477022, 477043, 477331, 477354, 477443, 477699, 477844, 477851, 477867, 478142, 478179, 478201, 478425, 478547, 478562, 478571, 478625, 478632, 478659, 478666, 478679, 478685, 478691, 478702, 478709, 478726, 478994, 479004, 479069, 479262, 479275, 479574, 479591, 480533, 480761, 480781, 480801, 480875, 480909, 480922, 480934, 481038, 481052, 481065, 481074, 481088, 481097, 481109, 481123, 481159, 481890, 482847, 482923, 482933, 483018, 483021, 483135, 483181, 483523, 483596, 483773, 484028, 484080, 484127, 484133, 484323, 484444, 484622, 484856, 485132, 485259, 486295, 486820, 487359, 487625, 487725, 487840, 487853, 487905, 487911, 488111, 488116, 488144, 488495, 488627, 488635, 489428, 489502, 489703, 489734, 489889, 489914, 490048, 490274, 490392, 490465, 490603, 491158, 491410, 491998, 492200, 492387, 492471, 492498, 492661, 492667, 492671, 492793, 492850, 492858, 493637, 494312, 494492, 494603, 494732, 494745, 494829, 494884, 494907, 495002, 495038, 495126, 495132, 495142, 495154, 495159, 495164, 495244, 495370, 495380, 495578, 495603, 495608, 495619, 495714, 495724, 495729, 495738, 495744, 496454, 496568, 496757, 497065, 497177, 497865, 498026, 498171, 498312, 498390, 498439, 498468, 498545, 498584, 498611, 498619, 498686, 498751, 498862, 499175, 499568, 499576, 499887, 500076, 500083, 500242, 500581, 500879, 501197, 501447, 501483, 501857, 502033, 502038, 502041, 502046, 502125, 502166, 502175, 502350, 502395, 502434, 502441, 502500, 502603, 503417, 503488, 503542, 503550, 503561, 503938, 504226, 504433, 504438, 504637, 505054, 505292, 505486, 505498, 505521, 505537, 505746, 505763, 506379, 506423, 506520, 506911, 507193, 507259, 507330, 507434, 507610, 507687, 507760, 507786, 507889, 507897, 507910, 508149, 508174, 508187, 508529, 508552, 508837, 508898, 508989, 509570, 510011, 510570, 510583, 510714, 510844, 511280, 511608, 511613, 512032, 512088, 512196, 512202, 512211, 512241, 512432, 512440, 512666, 512693, 512700, 513689, 513693, 513921, 513924, 514167, 514175, 514597, 514986, 515131, 515348, 515483, 515742, 516473, 516537, 516664, 516997, 517540, 517568, 517577, 517694, 518005, 518140, 519198, 519210, 519578, 519611, 519785, 520016, 520178, 520232, 520360, 520630, 520636, 520643, 520688, 520880, 520892, 520899, 521314, 521546, 521604, 521718, 522223, 522230, 522234, 522562, 522593, 522631, 522721, 522725, 523127, 523147, 523565, 523641, 523682, 523701, 523708, 524033, 524351, 524729, 525190, 525510, 525520, 525545, 525558, 526529, 527882, 528108, 528901, 529023, 529683, 529924, 530013, 530231, 531313, 531493, 531822, 531828, 532272, 532563, 532982, 533110, 533127, 533142, 533673, 533924, 534129, 534134, 534137, 534141, 534277, 534298, 534724, 534746, 534851, 535066, 535717, 535813, 535929, 536775, 536781, 537095, 537313, 537321, 537332, 537758, 537780, 538436, 538469, 538654, 538754, 538764, 538789, 539011, 539134, 539253, 539286, 539421, 539425, 539612, 539632, 540301, 540474, 540587, 540701, 540857, 540868, 540873, 540883, 540888, 541051, 541139, 541251, 541323, 541432, 541459, 541478, 541532, 541724, 541950, 541966, 542205, 542293, 542314, 542515, 542543, 542556, 542602, 543349, 543380, 543411, 543459, 543620, 543642, 543833, 543940, 544005, 544042, 544111, 544529, 545403, 546228, 546433, 546471, 546479, 546599, 547144, 547283, 547368, 547385, 547483, 548346, 548423, 548433, 548519, 548524, 548564, 548744, 548770, 549156, 549560, 549624, 549805, 549813, 549932, 550387, 550394, 550447, 550469, 550938, 550963, 550968, 551088, 551098, 551317, 551485, 551833, 552216, 552255, 552265, 552351, 552387, 552399, 552418, 552433, 552444, 552505, 553186, 553262, 553481, 553722, 554040, 554081, 554421, 554444, 554465, 554614, 554751, 554854, 554964, 554982, 554999, 555139, 555146, 555183, 555201, 555325, 555417, 555959, 556189, 556367, 556373, 556457, 556499, 556504, 556510, 556679, 557360, 557395, 557403, 557943, 557947, 558295, 558364, 558401, 558418, 558628, 558639, 558899, 558915, 558926, 558932, 558967, 559084, 559146, 559227, 559243, 559330, 559399, 559409, 559426, 559703, 559737, 559764, 559790, 559872, 559961, 559972, 559982, 560003, 560041, 560049, 560052, 560057, 560061, 560123, 560149, 560157, 560198, 560227, 560283, 560291, 560329, 560338, 560381, 560449, 560667, 560707, 560722, 560769, 560772, 560866, 560872, 560877, 560882, 560949, 560954, 560981, 561003, 561009, 561021, 561032, 561036, 561046, 561127, 561155, 561159, 561223, 561289, 561362, 561367, 561374, 561520, 561541, 561776, 561787, 561822, 561958, 562045, 562146, 562293, 562348, 562353, 562361, 562476, 562595, 562597, 563072, 563085, 563258, 563267, 563311, 563518, 563631, 563636, 563673, 563769, 563889, 564264, 564343, 564488, 564595, 564693, 565186, 565191, 565419, 565716, 565720, 566095, 566097, 566268, 566512, 567040, 567053, 567315, 567422, 567457, 567947, 568002, 568500, 568526, 568658, 568660, 568668, 568864, 569020, 569027, 569039, 569047, 569055, 569615, 570040, 570179, 570977, 571044, 571155, 571346, 571686, 572342, 572870, 573141, 573276, 573388, 573494, 573730, 573754, 574092, 574883, 574891, 574931, 574942, 575100, 575230, 575474, 575732, 575874, 575889, 575896, 576018, 576116, 576559, 576567, 576879, 577262, 577274, 577645, 577714, 577829, 577905, 577984, 578008, 578405, 578442, 578446, 578523, 578542, 578566, 578681, 578693, 578702, 579226, 579230, 579281, 580239, 580263, 580306, 580499, 580593, 580604, 580737, 580777, 580791, 580894, 580913, 580934, 581130, 581164, 581320, 581344, 581381, 581399, 581467, 581521, 581533, 581724, 581760, 581769, 581862, 581881, 581887, 582059, 582089, 582094, 582101, 582118, 582427, 582759, 583161, 583166, 583171, 583292, 583332, 583385, 583732, 583976, 584002, 584030, 584203, 584354, 584440, 584481, 584497, 584856, 585046, 585057, 585087, 585489, 585545, 585576, 585670, 586071, 586218, 586229, 586371, 586396, 586657, 586800, 586857, 586890, 586946, 587559, 587651, 587660, 587790, 588108, 588245, 588301, 588305, 588321, 588325, 588329, 588333, 588360, 588382, 588608, 588680, 588700, 588886, 588897, 588935, 588961, 589032, 589085, 589109, 589116, 589232, 589586, 589591, 589599, 589623, 589764, 589772, 590043, 590650, 590735, 590909, 590951, 591002, 591009, 591038, 591047, 591132, 591149, 591153, 591216, 591292, 591475, 591521, 592291, 592306, 592366, 592459, 592479, 592546, 592611, 592895, 592902, 592963, 593037, 593084, 593090, 593097, 593110, 593206, 593214, 593237, 593376, 593401, 593482, 593772, 593814, 593822, 594210, 594273, 594292, 594339, 594546, 594559, 594788, 594821, 594827, 594847, 594939, 594962, 595018, 595024, 595050, 595068, 595107, 595264, 595587, 595808, 595931, 595986, 595994, 596011, 596102, 596116, 596130, 596333, 596513, 596620, 596629, 596664, 596672, 596701, 596770, 596804, 596814, 596827, 596835, 596853, 597674, 597690, 597878, 597925, 597991, 598001, 598117, 598128, 598160, 598388, 598468, 598475, 598546, 598727, 598761, 598797, 598801, 599009, 599102, 599132, 599159, 599297, 599347, 599388, 599395, 599651, 599778, 599896, 599899, 599905, 600011, 600104, 600224, 600403, 600474, 600593, 600602, 600860, 600863, 600866, 600875, 601065, 601129, 601176, 601346, 601373, 601471, 601539, 601546, 601562, 601638, 602224, 602264, 602271, 602277, 602303, 602312, 602321, 602362, 602587, 602901, 602905, 603111, 603115, 603126, 603162, 603480, 603502, 603550, 603778, 604030, 604189, 604501, 604507, 604581, 604586, 604739, 604769, 604780, 604827, 604834, 605180, 605226, 605357, 605397, 605473, 605549, 605569, 605610, 605791, 605853, 606371, 606447, 606610, 607036, 607048, 607053, 607057, 607154, 607358, 607997, 608136, 608226, 608671, 608742, 608794, 608908, 609000, 609007, 609080, 609173, 609227, 609248, 609255, 609477, 609520, 609557, 609609, 609749, 609908, 609985, 610068, 610195, 610205, 610280, 610297, 610555, 610685, 610695, 610753, 610946, 611027, 611101, 611513, 611535, 611670, 611679, 611693, 611749, 611864, 611889, 612028, 612105, 612201, 612207, 612222, 612335, 613161, 613213, 613233, 613250, 613346, 613431, 613578, 613818, 613826, 613882, 614120, 614203, 614556, 614657, 614661, 614665, 614671, 614676, 614690, 614703, 614766, 614955, 615104, 615306, 615360, 615530, 615539, 615878, 616399, 616403, 616406, 616478, 616605, 617197, 617247, 617314, 617448, 617500, 617515, 617528, 617535, 617609, 617633, 617792, 617970, 618485, 618658, 618664, 618759, 618859, 618863, 618882, 618947, 619008, 619088, 619106, 619124, 619157, 619216, 619229, 619328, 619334, 619443, 619447, 619460, 619590, 619961, 619984, 619989, 620032, 620117, 620791, 620884, 620894, 621234, 621384, 621402, 621407, 621443, 621769, 621772, 622275, 622285, 622352, 622502, 622741, 622769, 622815, 622844, 622850, 622896, 622901, 622905, 622909, 622966, 623007, 623044, 623122, 623147, 623204, 623589, 623624, 623688, 623729, 623788, 623811, 623866, 624230, 624321, 624326, 624334, 624622, 624636, 624652, 624662, 624670, 624676, 624749, 624767, 624773, 624870, 625145, 625207, 625368, 625475, 625619, 626350, 626439, 626830, 626855, 626909, 627147, 627153, 627217, 627577, 627585, 627692, 627730, 627738, 628176, 628179, 628185, 628191, 628202, 628225, 628235, 628267, 628283, 628301, 628319, 628343, 628367, 628465, 628558, 628571, 628582, 628586, 628592, 628599, 628615, 628690, 628723, 628741, 628751, 628810, 628817, 628845, 628858, 628902, 629152, 629213, 629273, 629391, 629407, 629555, 629583, 629610, 629672, 629911, 629926, 629943, 629961, 630106, 630152, 630193, 630229, 630370, 630391, 630441, 630810, 630918, 630929, 631029, 631510, 631649, 631804, 631895, 632048, 632147, 632153, 632171, 632276, 632324, 632415, 632469, 632635, 633932, 634187, 634677, 634704, 635494, 635506, 635527, 636300, 636517, 637032, 637628, 638027, 638035, 638288, 638302, 638493, 638506, 638549, 638643, 639285, 640172, 640872, 640905]
6,26,[21, 222, 269, 332, 428, 434, 441, 450, 458, 482, 495, 507, 509, 511, 513, 520, 534, 539, 547, 551, 589, 601, 607, 696, 783, 873]
7,1,[140]
8,3,[19, 69, 565]
9,20,[130, 144, 148, 652, 661, 1179, 1320, 1847, 2274, 2303, 2322, 2342, 2455, 2467, 2553, 2573, 2644, 2651, 2660, 2682]
10,3904,[843, 910, 937, 986, 2133, 2521, 2574, 3238, 3261, 3591, 3662, 4573, 4668, 4936, 5670, 5687, 6517, 7370, 7407, 7418, 7771, 7916, 8109, 8232, 8547, 8551, 8754, 8907, 8947, 8991, 9119, 9248, 9337, 9574, 9578, 9947, 10424, 10531, 10668, 10825, 10832, 10837, 11201, 11311, 11743, 12766, 12875, 13006, 13061, 14622, 14630, 14961, 14998, 15003, 15011, 15078, 15459, 15776, 15783, 15865, 15874, 15884, 15958, 16463, 16467, 16587, 17265, 17358, 17419, 17424, 17576, 17610, 17645, 17734, 17744, 17754, 17761, 17787, 18256, 18379, 18676, 18935, 18945, 18955, 18997, 19098, 19219, 19381, 19391, 19401, 19919, 20141, 20157, 20168, 20198, 20987, 21390, 22438, 22478, 22507, 23000, 24428, 24591, 25038, 25048, 25278, 25529, 25907, 26592, 26785, 27127, 27135, 27526, 27540, 27707, 27814, 27821, 28384, 29251, 29305, 29316, 29387, 29451, 29566, 29574, 29950, 30041, 30111, 30679, 31006, 31055, 31127, 31373, 31392, 32171, 32176, 32695, 32731, 32947, 32957, 33027, 33090, 33232, 33244, 33704, 33931, 34426, 34563, 34683, 34703, 34717, 34862, 35233, 36955, 37230, 37430, 37461, 37467, 37593, 37910, 38861, 39238, 39247, 40285, 40289, 40489, 40595, 41057, 41310, 41531, 41645, 41863, 42329, 42778, 42842, 43146, 43498, 44025, 44038, 44396, 44399, 44530, 44536, 44636, 44645, 45030, 45033, 45191, 45306, 45945, 46110, 46678, 46722, 47627, 48899, 48993, 49541, 50715, 51770, 51784, 51823, 51842, 51851, 51943, 52287, 52291, 52302, 52308, 52311, 52321, 52334, 52465, 52882, 52909, 52914, 52962, 53347, 53404, 53759, 53797, 54188, 60160, 60183, 61326, 61692, 62105, 62119, 62166, 62661, 62676, 62689, 64631, 64672, 64686, 64702, 64712, 64890, 64930, 64952, 65063, 65109, 65652, 65860, 66103, 66173, 66389, 66518, 66741, 67083, 68978, 69102, 69413, 69787, 70448, 70553, 71171, 71710, 71846, 71936, 72092, 72228, 72246, 72508, 72534, 72573, 72587, 73338, 73832, 73992, 74265, 74550, 75062, 75642, 75761, 76024, 76475, 76545, 76817, 77067, 77134, 77141, 77147, 77718, 79980, 80389, 81177, 82134, 82163, 82414, 82437, 82478, 82662, 85322, 85353, 85365, 85885, 87072, 87087, 87092, 87121, 87159, 87261, 87320, 87328, 87956, 87961, 88591, 88870, 88924, 88974, 89075, 89098, 89110, 89117, 89210, 89229, 89258, 89303, 89364, 89493, 89962, 90155, 90773, 90781, 91045, 91107, 91360, 91986, 92034, 92060, 92077, 92162, 92211, 92375, 92411, 92418, 92434, 92505, 92521, 92527, 92537, 92563, 92660, 92705, 93342, 93360, 93555, 93605, 93682, 93812, 94041, 94088, 94091, 94559, 94568, 94639, 95338, 95491, 95595, 95732, 95737, 96065, 96673, 97035, 97130, 98501, 98513, 98524, 98538, 98585, 98683, 99333, 99357, 99456, 99573, 99682, 100146, 100500, 100980, 101039, 101605, 101623, 101822, 101827, 101970, 101988, 102092, 102122, 102211, 102367, 103259, 103478, 103652, 103661, 103672, 103907, 104065, 104074, 104168, 104329, 104463, 105086, 105139, 105572, 105592, 105840, 105993, 106048, 106165, 106371, 106478, 106653, 107237, 107245, 107251, 107287, 107298, 107535, 107577, 107684, 108088, 108824, 109204, 109213, 109267, 109316, 109326, 109331, 109337, 109665, 109718, 110462, 110669, 111437, 111456, 111579, 111594, 111605, 111774, 111846, 111866, 112477, 112537, 112542, 112673, 113183, 113880, 114147, 114161, 114528, 114541, 114661, 114892, 115857, 116597, 116632, 117115, 117136, 117276, 117463, 117469, 117526, 117943, 118051, 118338, 118557, 118822, 118828, 118919, 118984, 119016, 119026, 119100, 119121, 119207, 120225, 120239, 121197, 121414, 121425, 121436, 121447, 121802, 121908, 121919, 121942, 121948, 121951, 121957, 121974, 121982, 123134, 123407, 123526, 123599, 123789, 123866, 124278, 124298, 124332, 124449, 124480, 124507, 124531, 124536, 124739, 124753, 124823, 125008, 125140, 125206, 125505, 125617, 125794, 125998, 126117, 126182, 126219, 126239, 126301, 126425, 126478, 126588, 126913, 126922, 127733, 127749, 128314, 128549, 128711, 128714, 128854, 128865, 129191, 129269, 129301, 129699, 130933, 131148, 132197, 132206, 132213, 132221, 132474, 132485, 132710, 132842, 132886, 132903, 133874, 134114, 134183, 134263, 134542, 135998, 136638, 136664, 137400, 139129, 139170, 139200, 139355, 139375, 141772, 141784, 141791, 141803, 142092, 142219, 142234, 142411, 142435, 142455, 142476, 142547, 142692, 142701, 142854, 142881, 142901, 143001, 143219, 143236, 143248, 143471, 143474, 143626, 143877, 144175, 144293, 144979, 145013, 145018, 145489, 145949, 145986, 147113, 147124, 147441, 147445, 147738, 147858, 147903, 148061, 148874, 149401, 150534, 150540, 150545, 150554, 150589, 150601, 150617, 151363, 151368, 151786, 151792, 151848, 151865, 151883, 152602, 152830, 153677, 153845, 153861, 153872, 153881, 153945, 154063, 154300, 154304, 154339, 154651, 154749, 154895, 155455, 156215, 156461, 156592, 156840, 156855, 158080, 158084, 158109, 158196, 159301, 159544, 159945, 160019, 160023, 160026, 160471, 160498, 160515, 160858, 160972, 161332, 161562, 161585, 162179, 162187, 162208, 162307, 162377, 162475, 162571, 162822, 163151, 163630, 163642, 163669, 164085, 164728, 165404, 165570, 165971, 165977, 165991, 166007, 166211, 166237, 166513, 166523, 166742, 166964, 167539, 167557, 168010, 168189, 168199, 168223, 168244, 168248, 168251, 168254, 168258, 168303, 168435, 168438, 168443, 168519, 168523, 168637, 168690, 168708, 169128, 169168, 170178, 170279, 170843, 171018, 171085, 171114, 171140, 171243, 171250, 171259, 171266, 171286, 171355, 171358, 171476, 171611, 171631, 171765, 172025, 172674, 172826, 173067, 173757, 173765, 173772, 173985, 174380, 174858, 174913, 175018, 175126, 175387, 175525, 175832, 175917, 175921, 175963, 175980, 176084, 176241, 176244, 176249, 176471, 176595, 176862, 177355, 177528, 177793, 177867, 177990, 178256, 178374, 178623, 178890, 178904, 178938, 179043, 179048, 179709, 179762, 179783, 179803, 179849, 179868, 179873, 180090, 180223, 180530, 180692, 180861, 180866, 180899, 181052, 181167, 181207, 181217, 181253, 181281, 181904, 182657, 182788, 183116, 183127, 183148, 183170, 183936, 184843, 184971, 184986, 184999, 186251, 186270, 186279, 186339, 186349, 186407, 186645, 187437, 187476, 188986, 189113, 189485, 189490, 189846, 190303, 190399, 190959, 191154, 191187, 191334, 191392, 191424, 191639, 192116, 192302, 192356, 192674, 192894, 193379, 194087, 194142, 194160, 194274, 194803, 195245, 195287, 195463, 195484, 195581, 195785, 195795, 195830, 195850, 195856, 195910, 195914, 196679, 197057, 197504, 197511, 197538, 197624, 197629, 197712, 197728, 198892, 198896, 198910, 199111, 199114, 199121, 200180, 200416, 200432, 200453, 200982, 201205, 201788, 201805, 202156, 202161, 202186, 203363, 206014, 206181, 206192, 206374, 206377, 206532, 206586, 206832, 206867, 206945, 206948, 206951, 206999, 207025, 207035, 207052, 207253, 207542, 207554, 207592, 207643, 207664, 207671, 207739, 207746, 209125, 209182, 209611, 209625, 209635, 209638, 209658, 209736, 209744, 210102, 210310, 210313, 212098, 212878, 214138, 214220, 214284, 214444, 214775, 214959, 214970, 215472, 215945, 215958, 216089, 216102, 216197, 216206, 216280, 216403, 216416, 217058, 217159, 217570, 218053, 218521, 218663, 218671, 220600, 220978, 221240, 221364, 222634, 222850, 224454, 224625, 225565, 225603, 225640, 225796, 226165, 226666, 226967, 227116, 227846, 229043, 229081, 232353, 232730, 232913, 233311, 233328, 233555, 233655, 233666, 233675, 233795, 233803, 233824, 233879, 233987, 233998, 234012, 234018, 234021, 234383, 234393, 234441, 234445, 234545, 234721, 234736, 234744, 234772, 235045, 235079, 235230, 235238, 235581, 235597, 235666, 235701, 235711, 235721, 235824, 235925, 235928, 236025, 236995, 237006, 245428, 247429, 248595, 248609, 248620, 248637, 248674, 248683, 248693, 248965, 250416, 250420, 250434, 250669, 250680, 251311, 251339, 254470, 254988, 255046, 255052, 255061, 255071, 255351, 255382, 255415, 255423, 255489, 256040, 256063, 256066, 256076, 256538, 258048, 258134, 258142, 258232, 258244, 258467, 258469, 258625, 258681, 258934, 258969, 259044, 259046, 259050, 259071, 259099, 259129, 259546, 259551, 259626, 259662, 259679, 259703, 259725, 259732, 261175, 261376, 261379, 261977, 261981, 262020, 262410, 262458, 262473, 262510, 262579, 262963, 262969, 263075, 263704, 263893, 264791, 264798, 265704, 265803, 266831, 267772, 268537, 269003, 270621, 270669, 270727, 271226, 271241, 271245, 271261, 271273, 271313, 271558, 271598, 271938, 273159, 273164, 273797, 273931, 274554, 274579, 274591, 275461, 275501, 275514, 275620, 275713, 275721, 275724, 275818, 276604, 276621, 276686, 279058, 279298, 279340, 279356, 279395, 279427, 279499, 279504, 279512, 280319, 280377, 280437, 281012, 281142, 282206, 282239, 282253, 282377, 282388, 282498, 282529, 282717, 282723, 282958, 282961, 283034, 283051, 283616, 283624, 283626, 283633, 283704, 283889, 284320, 285219, 285725, 285744, 285797, 285847, 286052, 286194, 286521, 286552, 289273, 289277, 289306, 289381, 289871, 291738, 292133, 292645, 293731, 294234, 294499, 294562, 295237, 295574, 295646, 295655, 296035, 296242, 296258, 297054, 297279, 297349, 297940, 297993, 298000, 298202, 298257, 298472, 298794, 298888, 298918, 298930, 298980, 299090, 299390, 299471, 299476, 299665, 300213, 300365, 300372, 300721, 301193, 301539, 301639, 301850, 301857, 301863, 302103, 302115, 302208, 302215, 302222, 302285, 302321, 302523, 302528, 302776, 302793, 302854, 302866, 302979, 302984, 303051, 303054, 303184, 303244, 303600, 303740, 303915, 304106, 304181, 304313, 304320, 304518, 304524, 304532, 304707, 304899, 305371, 305624, 305793, 306181, 306186, 306188, 306309, 306342, 306379, 306598, 306650, 306654, 306731, 306738, 306745, 306766, 306772, 306785, 306796, 306835, 306839, 306887, 306906, 307009, 307016, 307225, 307349, 307420, 307615, 307659, 307753, 308134, 308148, 308251, 308436, 308526, 308603, 309335, 309421, 309750, 310110, 310788, 310813, 310862, 310910, 311282, 311299, 311320, 311464, 311514, 311783, 311841, 311970, 311976, 311986, 312285, 312510, 312661, 313073, 313202, 313214, 313245, 313292, 313321, 313511, 313528, 313649, 313664, 313737, 313743, 313791, 314113, 314120, 314223, 314229, 314318, 314333, 314430, 314718, 315231, 315236, 315284, 315290, 315814, 315944, 316012, 316016, 316040, 316044, 316054, 316091, 316194, 316273, 316811, 316896, 316915, 316957, 317020, 317080, 317275, 317359, 317660, 318052, 318063, 318343, 318348, 318779, 318785, 318944, 318951, 319080, 319246, 319752, 319758, 319765, 319772, 319779, 319810, 319815, 319973, 320119, 320400, 320408, 320647, 320652, 320663, 320684, 320778, 320904, 321396, 321398, 321415, 321671, 321836, 321878, 322089, 322126, 322488, 322534, 322546, 322630, 322786, 322829, 322842, 322939, 323062, 323151, 323292, 323301, 323645, 324208, 324258, 324931, 325302, 325486, 325777, 325993, 326179, 326338, 326497, 326512, 326724, 327011, 327081, 327094, 327206, 327256, 327365, 327372, 327392, 327538, 327561, 327815, 327824, 327977, 328207, 328214, 329218, 329222, 329231, 329251, 329300, 329309, 329317, 329419, 329888, 329903, 329912, 329917, 329933, 329998, 330055, 330060, 330074, 330094, 330132, 330566, 330790, 330795, 330819, 330946, 331057, 331062, 331106, 331146, 331191, 331206, 331211, 331452, 331459, 331466, 331473, 331644, 331864, 331869, 332092, 332600, 332605, 332877, 333068, 333494, 334011, 334061, 334260, 334709, 335020, 335655, 335660, 335663, 336975, 337005, 337518, 337624, 338021, 338028, 338035, 338042, 338049, 338056, 338312, 338748, 338853, 338867, 338895, 338906, 338925, 338932, 338946, 339024, 339059, 339099, 339106, 339109, 339203, 339225, 339245, 339284, 339294, 339323, 339328, 339340, 339357, 339363, 339371, 339385, 339423, 339426, 339481, 339492, 339507, 339530, 339551, 339572, 339642, 339702, 339782, 339800, 339806, 339815, 339848, 339868, 339880, 339921, 339963, 339975, 339986, 340043, 340087, 340147, 340228, 340289, 340321, 340416, 340515, 340552, 340564, 340582, 340642, 340646, 340668, 340977, 340980, 340984, 341448, 341459, 341466, 341543, 341651, 341838, 341873, 342182, 342189, 342196, 343159, 343184, 343190, 343197, 343203, 343465, 343522, 343640, 344296, 344660, 344953, 345198, 345325, 345329, 345337, 346094, 346280, 346286, 346347, 346631, 346639, 347360, 347366, 347379, 347382, 347395, 347516, 347686, 348019, 349385, 349985, 350944, 350953, 351719, 352034, 352092, 352999, 353007, 353121, 353438, 353575, 353585, 353893, 354151, 355103, 355272, 355320, 355398, 355408, 355425, 355522, 355799, 355907, 355916, 355986, 356221, 356300, 356523, 356739, 356998, 357038, 357046, 357458, 357464, 357468, 357736, 357940, 358186, 358220, 358296, 358565, 358652, 358735, 358802, 359141, 359186, 359318, 359394, 359417, 359424, 359429, 359439, 359584, 359978, 360000, 360183, 360348, 360369, 360836, 361213, 361264, 361585, 362129, 362134, 362139, 362178, 362185, 362463, 362834, 362987, 363064, 363137, 363144, 363179, 363184, 363235, 363287, 363292, 363644, 363653, 363888, 364336, 364423, 364721, 364731, 364869, 364875, 365085, 365314, 365613, 365757, 365929, 366134, 366404, 366701, 366832, 367146, 367153, 367299, 367478, 367528, 367535, 367542, 367547, 367571, 367915, 368577, 368581, 368902, 369011, 369527, 369533, 369866, 369872, 370031, 370085, 370172, 370403, 370426, 370640, 370782, 370882, 371088, 371112, 371565, 371575, 371701, 371709, 371891, 371987, 372008, 372016, 372036, 372405, 372578, 372839, 373018, 373034, 373041, 373413, 373423, 373513, 373617, 373633, 373733, 373798, 373829, 373834, 373838, 373841, 373846, 373854, 374176, 374384, 374401, 374560, 374562, 374584, 374592, 374754, 375215, 375519, 375635, 375869, 376173, 376488, 376510, 376963, 377140, 378155, 378518, 378534, 378757, 378857, 378868, 378877, 378997, 379007, 379028, 379182, 379192, 379207, 379213, 379216, 379575, 379585, 379616, 379620, 379754, 380077, 380089, 380097, 380125, 380590, 380593, 380604, 380780, 380985, 380993, 381015, 381380, 381504, 381551, 381602, 381770, 381775, 381830, 381987, 382051, 382054, 382128, 382189, 382194, 382198, 382207, 382213, 382260, 382286, 382289, 382292, 382341, 382345, 382467, 382506, 382583, 382587, 382594, 382610, 382637, 382760, 382768, 382994, 383024, 383056, 383063, 383070, 383117, 383128, 383142, 383301, 383382, 383388, 383480, 383553, 383563, 383572, 383574, 383731, 383769, 383809, 383840, 383869, 383977, 384127, 384133, 384263, 384602, 384641, 384681, 384776, 384783, 384873, 384876, 384879, 384893, 384980, 385106, 385109, 385242, 385248, 385375, 385401, 385417, 385513, 385546, 385742, 385748, 385755, 385784, 385889, 385989, 385993, 386402, 386408, 386515, 386566, 386596, 386672, 386706, 387062, 387065, 387420, 387443, 387458, 387469, 387605, 387624, 387743, 387821, 388234, 388524, 388656, 388679, 388794, 388803, 388848, 388883, 389183, 389193, 389217, 389328, 389619, 389895, 390372, 390638, 390716, 390727, 390847, 391205, 391212, 391299, 391342, 391371, 391509, 391612, 391699, 392116, 392160, 392575, 392580, 392710, 392892, 392898, 393054, 393057, 393096, 393235, 393246, 393396, 393419, 393424, 393473, 393564, 393641, 393713, 393753, 393809, 393816, 393839, 393866, 393899, 393927, 394056, 394320, 394468, 394513, 394537, 394543, 394619, 394637, 394882, 395025, 395096, 395105, 395115, 395210, 395212, 395298, 395391, 395400, 395405, 395413, 395451, 395464, 395521, 395604, 395613, 395791, 395824, 395830, 395845, 395925, 395933, 396044, 396079, 396253, 396347, 396478, 396574, 396596, 396657, 396913, 396942, 396987, 396996, 397192, 397239, 397356, 397364, 397376, 397549, 397554, 397560, 397565, 397570, 397609, 397669, 397742, 397792, 397869, 397907, 397949, 398014, 398179, 398362, 398370, 398378, 398431, 398440, 398505, 398512, 398926, 399130, 399216, 399226, 399316, 399464, 399546, 399661, 399747, 399855, 399946, 399984, 399991, 400006, 400010, 400014, 400035, 400060, 400064, 400070, 400077, 400126, 400129, 400137, 400171, 400198, 400205, 400444, 400578, 400832, 400893, 400992, 401050, 401055, 401138, 401162, 401238, 401374, 401561, 401633, 401645, 401709, 401715, 401821, 401996, 402096, 402254, 402270, 402276, 402282, 402286, 402290, 402293, 402298, 402484, 402488, 402526, 402658, 402858, 402892, 402901, 403321, 403478, 403484, 403603, 403678, 403802, 403805, 403810, 403822, 403829, 403838, 404088, 404097, 404152, 404157, 404532, 404618, 404851, 404854, 404914, 405248, 405325, 405765, 405773, 405799, 406011, 406049, 406063, 406180, 406249, 406253, 406265, 406273, 406294, 406339, 406350, 406352, 406391, 406602, 406653, 406836, 407071, 407080, 407101, 407168, 407194, 407341, 407864, 408019, 408040, 408205, 408237, 408668, 408688, 408697, 408715, 408803, 408972, 409256, 409403, 409561, 409584, 409762, 409822, 409839, 409877, 409983, 410004, 410112, 410117, 410153, 410229, 410234, 410242, 410248, 410442, 410489, 410548, 410705, 410755, 410763, 410804, 410885, 411032, 411090, 411099, 411484, 411559, 411671, 411677, 411724, 411757, 412010, 412659, 412815, 412838, 412850, 412901, 412925, 412944, 413041, 413152, 413169, 413338, 413349, 413402, 413413, 413418, 413644, 413776, 413826, 413844, 413865, 413905, 414072, 414390, 414437, 414441, 414752, 414771, 414803, 414810, 414814, 414920, 414932, 414972, 414979, 414994, 415035, 415040, 415046, 415050, 415056, 415076, 415151, 415934, 415989, 416443, 416454, 416609, 416787, 416793, 416800, 417179, 417183, 417256, 417889, 417895, 418186, 418602, 419017, 419192, 419229, 419273, 419439, 419480, 419486, 419798, 419928, 419934, 419960, 420118, 420146, 420164, 420209, 420272, 420310, 420400, 420444, 420449, 420562, 420577, 420582, 420588, 420648, 420666, 420704, 420940, 420948, 421060, 421247, 421644, 421871, 421908, 421926, 422357, 422460, 422487, 422591, 423017, 423020, 423024, 423073, 423093, 423116, 423371, 423399, 423546, 423710, 423886, 423891, 423898, 423904, 423912, 423923, 424168, 424207, 424292, 424319, 425097, 425123, 425497, 425648, 425652, 425664, 425703, 426079, 426102, 427401, 427574, 427654, 427842, 427898, 427909, 427919, 428185, 428274, 428281, 428390, 428400, 428410, 428453, 428467, 428477, 428479, 428670, 428872, 428984, 429084, 429087, 429134, 429198, 429540, 429589, 429598, 429615, 429625, 429632, 429704, 429847, 429864, 429866, 429880, 429886, 429891, 429962, 429992, 430826, 431098, 431127, 431146, 431317, 431738, 431786, 431974, 431993, 432178, 432215, 432221, 432243, 432248, 432252, 432290, 432372, 432440, 432444, 432496, 432561, 432724, 432784, 432798, 433018, 433121, 433241, 433409, 434036, 434043, 434066, 434093, 434242, 434384, 434411, 435059, 435075, 435082, 435099, 435120, 435198, 435206, 435283, 435304, 435314, 435352, 435555, 435562, 435667, 435761, 436023, 436167, 436224, 436236, 436258, 436277, 436287, 436293, 436304, 436314, 436376, 436433, 436466, 436508, 436710, 436718, 436782, 436976, 437313, 437321, 437340, 437347, 437453, 437501, 437585, 437637, 438127, 438134, 439575, 439658, 439664, 439669, 439675, 439683, 439686, 439709, 439727, 440199, 440413, 440430, 441373, 441377, 441782, 441829, 441844, 441853, 441964, 442075, 442293, 442345, 442472, 442492, 442532, 442641, 442708, 442801, 442843, 442853, 442861, 442901, 442908, 442946, 442975, 443012, 443178, 443224, 443228, 443236, 443246, 443250, 443256, 443265, 443276, 443308, 443337, 443344, 443352, 443384, 443391, 443401, 443575, 444203, 444254, 444265, 444270, 444290, 444294, 444301, 444324, 444334, 444731, 444827, 444845, 444853, 445027, 445035, 445541, 445545, 445714, 445958, 446248, 446253, 446263, 446275, 446284, 446416, 446697, 447158, 447257, 447299, 447465, 447543, 447571, 447595, 447681, 447751, 447777, 447855, 448141, 448348, 448459, 448530, 448540, 448628, 448988, 449035, 449052, 449065, 449070, 449107, 449962, 449974, 450008, 450077, 450225, 450400, 450512, 450970, 450982, 451173, 451177, 451184, 451191, 451200, 451212, 451402, 451557, 451574, 451594, 451604, 451631, 451647, 451702, 451785, 452124, 452136, 452162, 452166, 452171, 452269, 452353, 452365, 452409, 452415, 452427, 452787, 452806, 453037, 453124, 453460, 453492, 453739, 453763, 453783, 453791, 454046, 454167, 454313, 454363, 454623, 454692, 454915, 455016, 455055, 455060, 455123, 455146, 455162, 455172, 455187, 455227, 455235, 455251, 456710, 457935, 457944, 457947, 458001, 458657, 458681, 458689, 458698, 458807, 458855, 458975, 458983, 459453, 459609, 459899, 461083, 461297, 461579, 461623, 461967, 461983, 462746, 462883, 463266, 463300, 463403, 464241, 464299, 464328, 464588, 464704, 464950, 465186, 465501, 465558, 466009, 466213, 466240, 466267, 466296, 466496, 466514, 466702, 466816, 467244, 467258, 468973, 468976, 468980, 468984, 468996, 469064, 469080, 469093, 469098, 469119, 469149, 469266, 469268, 470038, 470270, 470812, 470987, 470998, 471330, 471603, 471871, 471885, 472079, 472284, 472542, 472888, 472900, 472938, 473065, 473107, 473124, 473164, 473215, 473223, 473259, 473459, 473464, 473497, 473502, 473534, 473561, 473603, 473650, 473665, 473693, 473721, 473801, 473809, 473813, 473818, 473824, 473849, 473905, 473933, 473939, 473950, 473999, 474048, 474080, 474339, 474554, 474580, 474592, 474791, 474794, 474797, 475217, 475252, 475258, 475359, 475460, 475799, 475804, 476211, 477109, 477119, 477125, 477142, 477169, 477175, 477191, 477212, 477500, 477523, 477611, 477867, 478012, 478019, 478035, 478310, 478347, 478369, 478593, 478715, 478730, 478739, 478793, 478800, 478827, 478834, 478847, 478853, 478859, 478870, 478877, 478894, 479162, 479172, 479237, 479430, 479443, 479742, 479759, 480701, 480929, 480948, 480968, 481042, 481076, 481089, 481101, 481205, 481219, 481232, 481241, 481255, 481264, 481276, 481290, 481326, 482056, 483012, 483088, 483098, 483183, 483186, 483300, 483346, 483688, 483761, 483938, 484193, 484245, 484292, 484298, 484488, 484609, 484787, 485021, 485296, 485423, 486458, 486983, 487521, 487787, 487887, 488002, 488015, 488067, 488073, 488273, 488278, 488306, 488657, 488788, 488796, 489589, 489662, 489863, 489894, 490049, 490074, 490208, 490434, 490552, 490625, 490763, 491318, 491570, 492158, 492360, 492547, 492631, 492658, 492821, 492827, 492831, 492953, 493010, 493018, 493797, 494472, 494652, 494762, 494891, 494904, 494988, 495043, 495066, 495161, 495197, 495285, 495291, 495301, 495313, 495318, 495323, 495403, 495529, 495539, 495737, 495762, 495767, 495778, 495873, 495883, 495888, 495897, 495903, 496623, 496737, 496926, 497234, 497346, 498034, 498195, 498340, 498481, 498559, 498608, 498637, 498714, 498753, 498780, 498788, 498855, 498920, 499031, 499344, 499737, 499745, 500056, 500245, 500252, 500411, 500750, 501048, 501366, 501616, 501652, 502026, 502202, 502207, 502210, 502215, 502294, 502335, 502344, 502519, 502564, 502603, 502610, 502669, 502772, 503586, 503657, 503711, 503719, 503730, 504107, 504395, 504602, 504607, 504806, 505223, 505461, 505655, 505667, 505690, 505706, 505915, 505932, 506548, 506592, 506689, 507080, 507362, 507428, 507499, 507603, 507779, 507856, 507929, 507955, 508058, 508066, 508079, 508318, 508343, 508356, 508698, 508721, 509006, 509067, 509158, 509739, 510180, 510739, 510752, 510883, 511013, 511449, 511777, 511782, 512201, 512257, 512365, 512371, 512380, 512410, 512601, 512609, 512835, 512862, 512869, 513858, 513862, 514090, 514093, 514336, 514344, 514766, 515155, 515300, 515517, 515655, 515914, 516645, 516709, 516836, 517169, 517712, 517740, 517749, 517866, 518177, 518312, 519370, 519382, 519750, 519783, 519957, 520188, 520350, 520404, 520532, 520802, 520808, 520815, 520860, 521052, 521064, 521071, 521486, 521718, 521776, 521890, 522395, 522402, 522406, 522734, 522765, 522803, 522893, 522897, 523299, 523319, 523737, 523813, 523854, 523873, 523880, 524205, 524523, 524901, 525362, 525682, 525692, 525717, 525730, 526701, 528057, 528283, 529076, 529198, 529858, 530099, 530188, 530406, 531488, 531668, 531997, 532003, 532447, 532738, 533157, 533285, 533302, 533317, 533848, 534099, 534304, 534309, 534312, 534316, 534452, 534473, 534899, 534921, 535026, 535241, 535892, 535988, 536104, 536950, 536956, 537270, 537488, 537496, 537507, 537933, 537955, 538611, 538644, 538829, 538929, 538939, 538964, 539186, 539309, 539428, 539461, 539596, 539600, 539787, 539807, 540476, 540649, 540762, 540876, 541032, 541043, 541048, 541058, 541063, 541226, 541314, 541426, 541498, 541607, 541634, 541653, 541707, 541899, 542125, 542141, 542380, 542468, 542489, 542690, 542718, 542731, 542777, 543524, 543555, 543586, 543634, 543795, 543817, 544008, 544115, 544180, 544217, 544286, 544704, 545578, 546403, 546608, 546646, 546654, 546774, 547319, 547458, 547543, 547560, 547658, 548521, 548598, 548608, 548694, 548699, 548739, 548919, 548945, 549334, 549738, 549802, 549983, 549991, 550110, 550565, 550572, 550625, 550647, 551116, 551141, 551146, 551266, 551276, 551495, 551663, 552011, 552394, 552433, 552443, 552529, 552565, 552577, 552596, 552611, 552622, 552683, 553364, 553440, 553659, 553900, 554218, 554259, 554599, 554622, 554643, 554792, 554929, 555032, 555142, 555160, 555177, 555317, 555324, 555361, 555379, 555503, 555595, 556137, 556367, 556545, 556551, 556635, 556677, 556682, 556688, 556857, 557538, 557573, 557581, 558121, 558125, 558473, 558542, 558579, 558596, 558806, 558817, 559077, 559093, 559104, 559110, 559145, 559262, 559324, 559405, 559421, 559508, 559577, 559587, 559604, 559881, 559915, 559942, 559968, 560050, 560139, 560150, 560160, 560181, 560219, 560227, 560230, 560235, 560239, 560301, 560327, 560335, 560376, 560405, 560461, 560469, 560507, 560516, 560559, 560627, 560845, 560885, 560900, 560947, 560950, 561044, 561050, 561055, 561060, 561127, 561132, 561159, 561181, 561187, 561199, 561210, 561214, 561224, 561305, 561333, 561337, 561401, 561467, 561540, 561545, 561552, 561698, 561719, 561954, 561965, 562000, 562136, 562223, 562324, 562471, 562526, 562531, 562539, 562654, 562773, 562775, 563250, 563263, 563436, 563445, 563489, 563696, 563809, 563814, 563851, 563947, 564067, 564444, 564523, 564668, 564775, 564873, 565366, 565371, 565599, 565896, 565900, 566275, 566277, 566448, 566692, 567220, 567233, 567495, 567602, 567637, 568127, 568182, 568680, 568706, 568838, 568840, 568848, 569044, 569200, 569207, 569219, 569227, 569235, 569795, 570220, 570359, 571157, 571224, 571335, 571526, 571866, 572522, 573050, 573321, 573456, 573568, 573674, 573910, 573934, 574272, 575063, 575071, 575111, 575122, 575280, 575410, 575654, 575912, 576054, 576069, 576076, 576198, 576296, 576739, 576747, 577059, 577442, 577454, 577825, 577894, 578009, 578085, 578164, 578188, 578585, 578622, 578626, 578703, 578722, 578746, 578861, 578873, 578882, 579406, 579410, 579461, 580419, 580443, 580486, 580679, 580773, 580784, 580917, 580957, 580971, 581074, 581093, 581114, 581310, 581344, 581500, 581524, 581561, 581579, 581647, 581701, 581713, 581904, 581940, 581949, 582042, 582061, 582067, 582239, 582269, 582274, 582281, 582298, 582607, 582939, 583341, 583346, 583351, 583472, 583512, 583565, 583912, 584156, 584182, 584210, 584383, 584539, 584625, 584666, 584682, 585041, 585231, 585242, 585272, 585674, 585730, 585761, 585855, 586256, 586403, 586414, 586556, 586581, 586842, 586985, 587042, 587075, 587131, 587744, 587836, 587845, 587975, 588293, 588430, 588486, 588490, 588506, 588510, 588514, 588518, 588545, 588567, 588793, 588865, 588885, 589071, 589082, 589120, 589146, 589217, 589270, 589294, 589301, 589417, 589771, 589776, 589784, 589808, 589949, 589957, 590228, 590835, 590920, 591094, 591136, 591187, 591194, 591223, 591232, 591317, 591334, 591338, 591401, 591477, 591660, 591706, 592482, 592497, 592557, 592650, 592670, 592737, 592802, 593086, 593093, 593154, 593228, 593275, 593281, 593288, 593301, 593397, 593405, 593428, 593567, 593592, 593673, 593963, 594005, 594013, 594401, 594464, 594483, 594530, 594737, 594750, 594979, 595012, 595018, 595038, 595130, 595153, 595209, 595215, 595241, 595259, 595298, 595455, 595778, 595999, 596122, 596177, 596185, 596202, 596293, 596307, 596321, 596524, 596704, 596811, 596820, 596855, 596863, 596892, 596961, 596995, 597005, 597018, 597026, 597044, 597865, 597881, 598069, 598116, 598182, 598192, 598308, 598319, 598351, 598579, 598659, 598666, 598737, 598918, 598952, 598988, 598992, 599206, 599299, 599329, 599356, 599494, 599544, 599585, 599592, 599848, 599975, 600093, 600096, 600102, 600208, 600301, 600421, 600600, 600671, 600790, 600799, 601057, 601060, 601063, 601072, 601262, 601326, 601373, 601543, 601570, 601668, 601736, 601743, 601759, 601835, 602421, 602461, 602468, 602474, 602500, 602509, 602518, 602559, 602784, 603098, 603102, 603308, 603312, 603323, 603359, 603682, 603704, 603752, 603980, 604232, 604391, 604703, 604709, 604783, 604788, 604941, 604971, 604982, 605029, 605036, 605382, 605428, 605559, 605599, 605675, 605751, 605771, 605812, 605998, 606060, 606578, 606654, 606817, 607243, 607255, 607260, 607264, 607361, 607565, 608204, 608348, 608438, 608883, 608954, 609006, 609120, 609212, 609219, 609292, 609385, 609439, 609460, 609467, 609689, 609732, 609769, 609821, 609966, 610125, 610202, 610285, 610412, 610422, 610497, 610514, 610772, 610902, 610912, 610970, 611163, 611244, 611318, 611736, 611758, 611893, 611902, 611916, 611972, 612087, 612112, 612251, 612328, 612424, 612430, 612445, 612558, 613390, 613442, 613462, 613479, 613575, 613660, 613812, 614052, 614060, 614116, 614354, 614437, 614790, 614891, 614895, 614899, 614905, 614910, 614924, 614937, 615000, 615189, 615338, 615540, 615599, 615769, 615778, 616117, 616638, 616642, 616645, 616717, 616844, 617440, 617490, 617557, 617695, 617747, 617762, 617775, 617782, 617856, 617880, 618044, 618222, 618737, 618910, 618916, 619011, 619111, 619115, 619134, 619199, 619260, 619340, 619358, 619376, 619409, 619468, 619481, 619580, 619586, 619695, 619699, 619712, 619842, 620213, 620236, 620241, 620284, 620369, 621043, 621136, 621146, 621486, 621636, 621654, 621659, 621695, 622021, 622024, 622527, 622537, 622604, 622754, 622993, 623021, 623067, 623096, 623102, 623148, 623153, 623157, 623161, 623218, 623259, 623296, 623374, 623399, 623458, 623843, 623878, 623942, 623983, 624042, 624065, 624120, 624484, 624575, 624580, 624588, 624876, 624890, 624906, 624916, 624924, 624930, 625003, 625021, 625027, 625124, 625402, 625464, 625625, 625732, 625876, 626607, 626696, 627087, 627112, 627169, 627407, 627413, 627477, 627837, 627845, 627952, 627990, 627998, 628439, 628442, 628448, 628454, 628465, 628488, 628498, 628530, 628546, 628564, 628582, 628606, 628630, 628728, 628821, 628834, 628845, 628849, 628855, 628862, 628878, 628953, 628986, 629004, 629014, 629073, 629080, 629108, 629121, 629165, 629415, 629476, 629536, 629654, 629670, 629818, 629846, 629873, 629935, 630174, 630189, 630206, 630224, 630372, 630418, 630459, 630495, 630639, 630660, 630710, 631081, 631189, 631200, 631300, 631785, 631924, 632079, 632170, 632323, 632422, 632428, 632446, 632551, 632599, 632690, 632744, 632910, 634207, 634462, 634952, 634979, 635769, 635781, 635802, 636575, 636792, 637307, 637903, 638302, 638310, 638563, 638577, 638768, 638781, 638824, 638918, 639560, 640447, 641147, 641180]
11,76,[192, 612, 2224, 2324, 2425, 2433, 2532, 4021, 4096, 4112, 4337, 4784, 4820, 5364, 5429, 6645, 6851, 6922, 7218, 7233, 7362, 7405, 8499, 9159, 9759, 9858, 10096, 10577, 10702, 10939, 10947, 11056, 11108, 11156, 11201, 11245, 11645, 11654, 12522, 12539, 13633, 13667, 13736, 13773, 13922, 14266, 14429, 14730, 14767, 14854, 14865, 14975, 15210, 15334, 15843, 16135, 16239, 16270, 16597, 16794, 17013, 17029, 17042, 17331, 17436, 18091, 18114, 18432, 18563, 18768, 18926, 19884, 19956, 20000, 20006, 20650]
12,98,[127, 371, 544, 647, 765, 772, 841, 959, 1112, 2831, 2846, 2909, 3077, 3928, 4742, 4822, 4906, 5052, 5590, 5785, 5976, 5996, 6019, 6135, 6355, 6451, 6705, 6720, 6818, 6904, 6917, 7600, 7961, 8378, 8387, 9223, 9403, 9429, 9459, 9489, 9579, 9609, 9837, 9877, 10008, 10055, 10312, 10398, 10543, 10874, 11991, 12200, 12330, 12620, 12823, 12853, 12903, 12946, 13134, 14130, 14396, 14837, 14877, 15124, 15197, 15208, 15815, 16164, 16552, 17188, 17329, 17506, 17915, 18215, 18435, 18459, 18466, 18688, 19571, 19634, 19710, 19831, 19936, 19950, 20052, 20654, 21618, 21731, 22192, 22204, 22437, 22772, 23058, 23118, 23204, 23218, 23273, 23364]
13,31,[257, 432, 530, 590, 628, 642, 679, 1491, 1495, 1514, 1520, 1524, 1540, 1674, 1681, 1812, 1934, 1990, 2102, 2693, 2709, 2920, 2975, 3069, 3114, 3139, 3151, 3333, 3397, 3615, 3916]
14,171,[525, 745, 918, 964, 1052, 2566, 2621, 3317, 3465, 3512, 3528, 4431, 5378, 6903, 8436, 8446, 8548, 8809, 8818, 8995, 12370, 13255, 15789, 19992, 20401, 27490, 28825, 30625, 31310, 31323, 31337, 34730, 35461, 35474, 35798, 36966, 38100, 38226, 40190, 41009, 45239, 45722, 46762, 47181, 48033, 51226, 52386, 56274, 59808, 59862, 63895, 64023, 64224, 64585, 64695, 65150, 65500, 67412, 68144, 68401, 68421, 72318, 72323, 76245, 79183, 79512, 79899, 81075, 81535, 81554, 82404, 83975, 84081, 84119, 85264, 85278, 85842, 88082, 91867, 93934, 93960, 95671, 96704, 97644, 99095, 99842, 100350, 100385, 103056, 103254, 103275, 103285, 103307, 104057, 105464, 106348, 109178, 109286, 111417, 111474, 112129, 114551, 116986, 117794, 117802, 118484, 122088, 126231, 126537, 127624, 128056, 128069, 128884, 128897, 128911, 129266, 130758, 132467, 133592, 136247, 138453, 139547, 139558, 139566, 142447, 143842, 144376, 144473, 144983, 147538, 147574, 148208, 148841, 149407, 150059, 150681, 152732, 153000, 156727, 159893, 160546, 160772, 161219, 165168, 165795, 165810, 167080, 169151, 169169, 169387, 169397, 170002, 170381, 171636, 173216, 173225, 175216, 175251, 179483, 180277, 181674, 183396, 184832, 185549, 187168, 188108, 188157, 188229, 192463, 192504, 194794]
15,769,[687, 885, 1242, 1468, 1675, 1714, 1773, 1810, 2432, 2603, 2608, 2624, 3008, 3091, 3351, 4111, 4122, 4130, 4345, 4453, 4745, 4918, 5372, 5742, 6556, 6668, 6932, 7144, 7273, 7516, 7744, 8190, 8471, 8600, 9512, 9706, 9830, 10558, 10574, 11010, 11022, 11438, 11617, 11632, 11763, 12101, 12184, 12413, 12597, 12703, 12901, 13075, 13651, 13887, 15183, 15270, 15296, 16351, 17056, 17167, 17614, 18107, 18223, 18332, 18544, 18736, 19042, 19105, 19161, 19255, 19297, 20438, 20574, 20977, 21093, 21617, 21632, 21920, 23095, 23217, 23483, 23974, 24071, 24141, 24153, 24303, 24470, 24527, 24533, 25103, 25135, 25497, 25645, 25923, 25984, 26064, 26280, 26608, 26697, 26853, 26882, 27283, 27576, 27656, 27757, 27951, 28116, 28158, 28492, 28546, 28719, 29400, 29754, 30118, 30306, 30314, 30395, 30398, 30451, 30551, 30586, 30777, 30875, 30931, 30950, 31912, 32375, 32398, 32401, 33243, 33514, 33980, 33993, 34004, 34020, 34087, 34655, 34842, 34850, 35132, 35180, 35549, 35559, 35798, 35801, 36103, 36393, 36611, 36725, 36758, 37285, 37309, 37382, 37411, 37435, 37935, 38521, 39536, 39890, 39904, 40412, 40458, 40632, 40666, 41145, 41453, 41575, 41633, 42012, 42057, 42065, 42152, 42305, 42344, 42352, 42488, 42650, 42787, 42929, 43562, 43731, 43794, 43951, 44337, 44366, 44556, 44702, 44901, 44921, 44965, 45045, 45152, 45192, 45316, 45645, 46059, 46137, 46551, 46557, 46567, 46727, 46868, 46874, 46880, 46897, 47011, 47026, 47106, 47519, 47724, 47868, 48025, 48135, 48160, 48287, 48321, 48780, 49451, 49519, 49798, 49816, 49859, 50408, 50550, 50692, 50837, 50925, 50964, 51072, 51235, 51918, 52032, 52103, 52678, 52689, 52799, 52892, 52908, 53119, 53310, 53458, 53567, 53761, 54420, 54462, 54476, 54687, 54725, 55256, 55621, 55640, 55670, 55723, 55732, 55761, 55833, 56326, 56809, 57348, 57496, 57707, 58261, 58552, 58628, 58806, 59329, 60228, 60251, 60674, 60800, 60829, 61152, 61237, 61256, 61463, 61619, 62018, 62341, 62445, 62581, 62621, 62642, 62705, 62741, 62832, 62862, 63319, 63332, 63512, 63524, 63539, 63751, 63765, 63772, 64025, 64034, 64454, 64460, 64787, 64797, 65059, 65118, 65125, 65192, 65219, 65260, 65301, 65355, 65634, 65782, 65844, 65982, 66547, 66572, 68632, 68668, 68778, 69287, 70343, 70453, 70858, 71040, 71081, 71525, 71535, 71913, 72044, 72863, 73117, 73157, 73241, 73366, 73585, 73797, 73824, 73900, 73933, 74119, 74538, 74837, 75068, 75379, 75661, 75780, 75815, 76270, 76389, 76515, 76757, 77291, 77321, 77557, 77608, 77725, 78215, 78226, 78293, 79496, 79925, 80103, 80158, 80833, 81329, 81349, 81578, 82227, 82300, 82409, 82443, 82923, 83533, 83554, 83677, 83919, 84105, 84602, 84626, 85004, 85070, 85109, 85120, 85834, 85908, 85951, 85998, 86047, 86087, 86257, 86306, 87875, 88618, 88961, 89267, 89679, 90217, 90584, 90948, 91449, 91781, 91955, 91977, 92201, 92246, 92312, 92321, 92598, 92691, 92779, 92818, 92894, 93008, 93387, 93395, 93743, 94334, 94346, 94509, 94530, 94681, 94938, 95273, 95430, 95585, 95629, 96243, 96446, 97037, 97517, 97816, 97819, 97905, 98002, 98092, 98478, 98666, 98835, 98949, 99257, 99407, 99565, 99576, 100373, 101017, 101658, 102227, 102244, 102418, 102601, 103003, 103108, 103336, 103384, 103400, 103558, 103567, 103588, 103603, 103772, 103871, 104005, 104101, 104199, 104363, 104616, 104638, 104686, 105104, 105174, 105270, 105918, 105988, 105994, 106023, 106155, 106198, 106207, 106250, 106409, 106757, 106952, 107038, 107258, 107339, 107603, 108080, 108128, 108282, 108762, 108915, 109025, 109347, 109526, 109683, 109703, 109794, 109860, 110451, 110499, 110515, 110566, 111051, 111219, 111449, 111529, 111592, 111607, 111733, 112001, 112013, 112215, 112282, 112337, 112411, 112418, 112524, 113292, 113389, 113418, 113852, 114076, 114181, 114387, 114413, 114678, 114936, 114947, 114981, 115785, 115986, 116196, 116318, 116322, 116668, 116716, 116739, 116768, 117017, 117037, 117201, 117642, 118127, 118152, 118918, 118925, 119021, 119098, 119219, 119302, 120409, 120625, 121076, 121090, 121158, 121537, 121547, 122001, 122541, 122899, 123142, 124064, 124077, 124174, 124201, 124780, 124899, 125132, 125246, 125247, 125326, 125559, 125775, 126227, 127835, 127875, 128059, 128063, 128263, 128453, 128465, 130329, 130949, 131157, 131210, 131266, 131987, 131995, 132017, 132160, 132179, 132256, 132390, 132627, 132729, 133143, 133692, 134163, 134214, 134663, 135178, 135203, 135832, 136251, 136331, 136718, 136725, 136755, 136852, 136893, 137020, 137026, 137074, 137085, 137605, 137925, 137935, 137944, 138222, 138413, 138672, 139019, 139117, 139272, 139288, 139358, 139416, 139480, 139613, 139666, 139914, 140017, 140188, 140207, 140214, 140250, 140475, 140717, 140774, 140948, 140970, 141036, 141061, 141137, 141630, 141689, 141786, 141987, 142063, 142226, 142511, 142664, 142709, 142783, 142881, 143106, 143179, 143326, 143352, 143498, 143660, 143874, 144214, 144527, 144719, 144884, 145159, 145213, 145797, 146135, 146206, 146220, 146746, 146790, 147811, 148578, 148652, 150001, 150570, 150937, 150943, 151080, 151828, 151845, 152073, 152156, 152190, 152684, 152806, 152846, 153018, 153029, 153033, 153132, 154258, 154295, 154413, 154530, 154961, 155123, 155146, 155217, 155274, 155320, 155385, 155942, 156008, 156049, 156361, 156402, 157018, 157028, 157449, 157633, 157891, 157961, 158520, 158558, 158688, 158702, 158998, 159281, 159424, 159441, 159584, 159625, 159892, 160248, 160255, 160539, 160590, 160692, 160883, 160987, 161213, 161809, 161820, 162251, 162730, 163023, 163298, 163307, 163355, 163511, 163574, 163732, 163742, 163744, 163745, 164029, 164562, 164656, 165059, 166492, 167174, 167458, 167464, 167677, 167973, 169003, 169237, 169259, 169292, 169494, 170355, 170366, 170575, 170752, 170887, 172378, 173872]
16,257,[175, 368, 428, 477, 575, 705, 783, 800, 924, 1081, 1206, 1261, 1349, 1378, 1626, 1640, 1658, 1950, 1973, 2202, 2304, 2421, 2466, 2502, 2541, 2572, 2882, 3010, 3216, 3232, 3375, 3404, 3463, 3568, 3706, 3715, 3733, 4017, 4024, 4236, 4262, 4301, 4845, 4966, 5014, 5476, 5489, 5674, 5715, 6135, 6678, 6853, 7056, 7383, 7838, 8079, 8133, 8237, 8715, 8840, 8874, 9043, 9320, 9605, 9696, 9961, 10179, 10341, 10402, 10412, 10786, 11425, 11723, 11789, 11845, 12011, 12076, 12119, 12157, 12276, 12284, 12467, 12493, 12526, 12608, 12875, 12967, 12996, 13200, 13415, 13461, 13484, 13519, 13689, 13706, 13742, 13803, 14185, 14699, 14788, 14940, 14974, 15178, 15245, 15379, 15480, 15526, 15782, 15788, 15820, 15871, 16524, 16634, 16647, 16736, 16759, 16964, 16998, 17190, 17268, 17563, 17580, 17689, 17735, 17959, 18053, 18329, 18416, 18593, 18662, 18766, 18804, 18846, 18871, 19011, 19154, 19269, 19345, 19361, 19472, 19727, 19797, 19852, 19949, 20853, 21005, 21614, 21734, 22069, 22086, 22158, 22282, 22415, 22672, 22989, 23202, 23225, 23320, 23441, 23448, 23962, 24464, 24810, 25177, 25189, 25198, 25317, 25355, 25495, 25510, 25530, 25579, 25605, 25744, 25826, 25909, 26231, 26237, 26252, 26267, 26278, 26648, 27111, 27140, 27200, 27476, 27697, 27705, 28078, 28120, 28142, 28146, 28445, 28719, 28778, 28812, 29120, 29126, 29297, 29527, 29655, 29764, 29851, 30064, 30213, 30221, 30443, 30674, 31494, 31757, 31885, 32029, 32282, 32477, 33105, 33131, 33243, 33272, 33302, 33461, 33569, 33577, 33770, 33797, 34293, 34310, 34318, 34362, 34554, 34565, 34677, 34683, 34749, 35090, 35204, 35208, 35225, 35334, 35343, 35419, 35424, 35743, 35762, 35806, 35856, 35887, 36014, 36346, 36389, 36945, 37266, 37369, 37374, 37400, 37586, 37663, 37873]
17,1788,[239, 277, 302, 313, 487, 536, 552, 567, 1128, 1324, 1332, 2123, 2186, 2237, 2310, 2315, 2501, 2564, 2623, 2684, 2694, 3303, 3458, 3893, 4117, 4133, 4382, 5024, 5042, 5052, 5055, 5064, 5090, 5169, 5175, 5182, 5192, 5215, 5574, 5579, 5588, 5590, 5601, 5688, 6508, 6536, 6562, 7158, 7173, 7347, 7583, 9829, 9851, 9858, 9962, 9977, 10031, 10037, 10074, 10150, 10199, 10217, 10246, 10372, 10553, 11010, 11459, 11590, 11599, 11665, 11669, 11726, 11916, 11924, 12053, 12781, 12848, 12872, 12965, 13984, 13990, 14075, 14565, 14649, 14849, 14860, 14868, 14882, 14895, 14903, 14910, 14922, 15015, 15038, 15330, 15478, 15526, 15619, 15680, 15706, 15714, 17230, 17275, 17381, 17427, 17831, 17942, 17976, 18010, 18154, 18178, 18185, 18269, 18308, 18358, 18460, 18463, 18578, 18581, 18585, 18597, 18610, 18632, 18689, 18859, 18862, 18986, 18995, 19143, 19178, 19196, 19295, 19328, 19349, 19544, 19607, 19661, 19687, 19694, 19700, 19766, 19774, 19825, 20150, 20695, 20726, 20872, 20886, 20893, 21053, 21144, 21379, 21425, 21539, 21649, 21684, 21717, 21751, 22218, 22443, 22452, 22534, 22547, 22678, 22778, 22862, 22866, 22878, 22893, 22902, 22908, 22928, 22949, 22977, 23129, 23143, 23154, 23236, 23434, 23474, 23535, 23662, 23893, 24061, 24571, 24625, 24681, 24690, 24718, 24737, 24791, 24965, 25093, 25116, 25553, 25904, 26019, 26052, 26059, 26066, 26167, 26287, 26348, 26727, 26731, 26748, 26754, 26759, 26766, 26798, 26911, 27014, 27018, 27207, 27424, 27430, 27534, 27587, 27616, 27692, 27792, 27942, 27950, 28001, 28108, 28125, 28246, 28262, 28289, 28299, 28414, 28437, 28445, 28669, 28695, 29023, 29036, 29481, 29622, 29629, 29809, 29996, 30068, 30157, 30205, 30214, 30295, 30409, 30416, 30452, 30462, 30525, 30601, 30794, 30874, 31354, 31388, 31474, 31764, 31774, 31917, 31923, 32130, 32350, 32651, 32797, 32974, 33181, 33454, 33750, 33883, 34189, 34196, 34343, 34522, 34575, 34582, 34589, 34594, 34618, 34961, 35630, 35634, 35949, 36076, 36621, 36627, 36819, 36822, 36854, 37052, 37064, 37075, 37191, 37206, 37258, 37281, 37307, 37398, 37477, 37720, 37812, 38071, 38083, 38195, 38228, 38436, 38510, 38518, 38527, 38535, 38548, 38715, 38720, 38731, 38739, 38755, 38785, 38873, 38878, 38890, 38893, 38924, 38943, 38953, 39268, 39277, 39285, 39354, 39649, 39654, 39692, 39765, 39871, 39899, 40153, 40208, 40216, 40320, 40640, 40966, 40973, 40987, 41049, 41354, 41424, 41468, 41480, 41538, 41549, 41649, 41678, 41739, 41757, 41812, 41822, 41826, 41830, 41849, 41859, 41866, 41889, 42011, 42043, 42056, 42146, 42174, 42183, 42195, 42208, 42315, 42391, 42824, 42838, 42894, 42959, 42993, 43005, 43169, 43271, 43289, 43316, 43375, 43378, 43391, 43438, 43442, 43453, 43484, 43502, 43561, 43635, 43717, 44022, 44025, 44077, 44127, 44147, 44164, 44178, 44315, 45109, 45133, 45139, 45148, 45251, 45278, 45304, 45315, 45421, 45463, 45471, 45618, 45657, 45667, 45827, 45884, 45891, 45950, 45994, 46062, 46067, 46073, 46080, 46083, 46092, 46313, 46329, 46338, 46502, 46510, 46792, 46897, 46957, 47327, 47410, 47668, 47755, 47970, 47998, 48013, 48068, 48155, 48215, 48244, 48267, 48313, 48317, 48338, 48344, 48371, 48396, 48585, 48590, 48680, 48690, 48741, 48750, 48765, 48768, 48779, 48845, 48938, 48961, 48967, 49070, 49087, 49093, 49107, 49121, 49150, 49154, 49159, 49163, 49166, 49170, 49173, 49176, 49231, 49246, 49275, 49313, 49318, 49360, 49496, 49573, 49638, 49649, 49660, 49681, 49694, 50113, 50313, 50320, 50325, 50343, 50350, 50354, 50372, 50404, 50429, 50573, 50699, 50742, 50749, 51084, 51094, 51114, 51263, 51269, 51284, 51510, 51516, 51537, 51752, 52099, 52122, 52364, 52696, 52701, 52818, 52821, 52888, 52903, 52905, 53416, 53427, 53687, 54176, 54190, 54455, 54487, 54496, 54562, 54638, 54648, 54655, 54865, 55290, 55311, 55316, 55374, 55390, 55402, 55407, 55489, 55691, 55782, 56311, 56328, 56371, 56400, 56424, 56451, 56462, 56474, 56497, 56506, 56525, 56559, 56568, 56621, 56655, 56905, 56985, 57020, 57063, 57135, 57138, 57147, 57150, 57183, 57267, 57289, 57294, 57305, 57357, 57360, 57385, 57527, 57545, 57624, 57632, 57960, 57966, 57976, 58360, 58389, 58395, 58473, 58481, 58512, 58616, 58773, 58916, 58997, 59001, 59008, 59013, 59018, 59128, 59336, 59354, 59362, 59377, 59434, 59457, 59548, 59552, 59567, 59578, 59603, 59614, 59800, 59892, 59912, 59929, 60017, 60027, 60037, 60073, 60115, 60365, 60973, 60984, 60989, 61043, 61047, 61057, 61299, 61531, 61558, 61569, 61577, 61603, 61641, 61915, 62202, 62221, 62240, 62246, 62311, 62328, 62453, 62466, 63354, 63482, 63925, 63956, 63981, 63995, 64825, 65177, 65184, 65325, 65475, 65587, 65733, 65781, 65930, 65935, 65941, 65948, 66044, 66123, 66153, 66161, 66164, 66178, 66204, 66238, 66249, 66279, 66290, 66295, 66361, 66445, 66731, 66756, 66768, 66991, 66998, 67007, 67039, 67174, 67177, 67657, 67671, 67686, 67779, 67783, 67789, 67921, 67959, 67986, 67993, 68022, 68038, 68048, 68072, 68077, 68088, 68121, 68131, 68137, 68151, 68348, 68434, 68515, 68526, 68535, 68541, 68545, 68935, 68997, 69014, 69018, 69146, 69591, 69604, 69617, 69726, 70162, 71249, 71633, 71638, 71676, 71683, 71707, 71818, 71914, 72772, 73031, 73242, 73331, 73357, 73849, 73879, 73887, 73896, 73965, 73971, 73979, 73994, 74028, 74678, 75087, 75418, 76463, 76475, 76487, 76665, 76761, 76975, 77069, 77639, 78008, 78012, 78743, 78928, 79285, 79385, 79391, 79523, 79543, 79571, 79579, 79588, 79622, 79654, 79821, 79919, 80019, 80087, 80112, 80351, 80944, 81363, 81751, 82757, 82935, 83048, 83195, 83199, 83616, 83675, 83709, 84726, 85090, 85101, 85115, 85370, 85375, 85381, 85422, 85453, 85478, 85523, 85566, 85683, 85736, 85762, 85767, 85779, 85796, 85803, 86028, 86044, 86046, 86052, 86259, 86267, 86298, 86330, 86355, 86408, 86774, 86934, 87053, 87417, 87437, 87465, 87496, 87580, 87600, 87643, 88007, 88109, 88114, 88168, 88193, 88197, 88314, 88344, 88398, 88437, 88462, 88485, 88534, 89280, 89321, 89703, 89712, 89742, 89787, 89906, 89913, 89937, 90319, 90339, 90357, 90543, 90546, 90565, 90617, 90844, 90850, 90863, 90887, 91653, 91690, 91711, 91720, 91726, 91729, 92240, 92443, 92455, 92728, 92835, 92921, 93011, 93521, 93525, 93921, 93932, 93939, 94026, 94059, 94069, 94082, 94090, 94121, 94294, 94335, 94353, 94645, 94678, 95017, 95199, 95211, 95283, 95313, 95344, 95446, 96228, 96386, 96445, 96615, 97224, 97808, 98057, 99344, 100105, 101150, 101164, 101310, 101535, 101643, 102420, 103617, 103902, 103914, 104419, 104620, 104683, 104744, 104976, 105017, 105800, 105953, 105970, 106006, 106128, 106180, 106283, 106549, 106586, 106970, 106987, 106997, 107027, 107067, 107106, 107268, 107315, 107604, 107768, 107871, 107879, 107888, 108557, 108561, 108572, 108627, 108644, 108800, 108805, 108816, 108898, 108937, 108943, 108998, 109071, 109077, 109080, 109209, 109294, 109302, 109406, 109414, 109420, 109425, 109449, 109458, 109465, 109472, 109485, 109500, 109521, 109526, 109609, 109669, 109678, 109690, 110048, 110098, 111234, 111361, 111493, 111540, 111584, 111723, 111796, 111803, 111807, 111886, 112022, 112230, 112523, 112794, 112990, 113027, 113031, 113051, 113082, 113173, 113185, 113193, 113204, 113238, 113246, 113319, 113559, 113575, 113691, 113711, 113751, 115001, 115073, 115098, 115287, 115368, 115421, 115427, 115437, 115445, 115842, 115847, 115912, 115930, 115962, 116235, 116329, 116348, 116472, 116686, 116720, 116728, 116864, 116869, 116947, 116975, 116979, 117065, 117327, 117355, 117392, 117409, 117701, 117770, 117842, 117998, 118021, 118072, 118163, 118246, 118256, 118266, 118475, 118505, 119004, 119014, 119116, 119152, 119265, 119583, 119618, 119761, 119819, 119824, 119826, 119829, 119833, 119841, 119848, 119851, 119972, 119984, 120045, 120059, 120072, 120075, 120095, 120104, 120264, 120313, 120730, 120917, 120933, 121169, 121355, 121732, 121746, 121775, 121907, 121934, 122000, 122040, 122107, 122184, 122198, 122242, 122305, 122614, 122880, 123064, 123204, 123307, 123345, 123362, 123682, 123697, 123710, 123715, 123912, 124015, 124071, 124177, 124184, 124191, 124200, 124406, 124424, 124433, 124860, 125153, 125203, 127145, 127174, 127292, 127359, 127423, 127552, 127590, 127626, 128045, 128185, 128254, 128548, 129615, 129790, 129918, 130167, 130212, 131156, 131166, 131468, 132212, 132221, 132335, 132830, 132834, 133293, 134053, 134280, 134339, 134427, 134606, 134614, 134617, 136758, 138336, 138416, 138421, 138424, 138950, 138959, 139046, 139064, 139070, 139107, 139270, 139274, 139343, 139422, 139475, 139512, 139515, 139624, 139635, 139654, 139809, 139819, 139852, 140079, 140628, 140655, 140699, 140711, 140816, 140894, 140904, 140934, 140962, 141125, 141814, 142023, 142231, 143216, 143522, 143525, 144583, 144628, 144664, 144696, 144709, 144751, 144793, 144805, 144839, 144920, 144930, 145391, 145405, 145418, 145470, 145511, 145517, 145589, 145595, 145601, 145606, 145611, 145615, 145628, 145637, 145660, 145686, 145701, 145751, 145754, 145763, 145772, 145775, 145786, 145874, 145889, 145896, 145937, 145996, 146002, 146099, 146123, 146132, 146138, 146143, 146262, 146310, 146423, 146461, 146533, 146598, 146637, 146660, 146834, 146849, 146857, 146866, 146875, 146881, 146896, 146901, 146907, 146915, 146921, 146936, 146965, 146972, 146992, 147001, 147061, 147265, 147358, 149939, 151550, 151556, 151860, 152045, 152053, 152066, 152071, 152119, 153172, 153910, 153927, 153989, 154025, 154032, 154211, 154769, 155130, 155556, 155590, 155737, 155769, 155948, 156274, 157200, 157216, 157251, 157258, 157414, 157426, 157451, 157459, 157484, 157519, 157534, 157565, 157591, 157663, 157741, 157749, 157791, 157812, 158082, 158103, 158197, 158256, 158355, 158550, 158555, 158688, 158694, 158698, 158746, 158749, 158758, 158762, 158783, 159174, 159308, 159321, 159461, 159676, 159695, 159724, 159729, 159800, 159818, 159866, 160233, 160244, 160335, 160381, 161059, 161071, 161076, 161210, 161463, 162717, 162721, 162727, 162731, 163008, 163463, 163472, 163548, 163555, 163702, 163708, 164044, 164075, 164081, 164087, 164168, 164185, 164199, 164396, 164447, 164498, 164522, 164536, 164616, 165224, 165234, 165268, 165344, 165382, 165499, 165555, 165571, 165580, 165722, 165737, 165820, 165829, 165845, 165906, 166462, 167230, 167245, 167618, 168759, 168778, 168962, 168998, 170507, 171168, 171313, 171340, 171386, 171399, 171416, 171435, 171466, 171484, 171527, 171535, 171596, 171726, 171871, 172477, 173652, 174408, 174415, 174464, 174469, 174554, 174568, 174586, 174624, 174663, 174712, 174727, 174770, 174853, 174941, 174991, 175068, 175071, 175191, 175225, 175230, 175338, 175352, 175363, 175371, 175387, 175398, 175404, 175417, 175745, 175861, 176135, 176244, 176256, 176268, 176364, 176704, 176717, 176731, 177056, 177124, 177138, 177175, 177196, 177367, 177522, 177550, 177575, 177587, 177966, 178077, 178116, 178142, 178150, 178216, 178281, 178382, 178560, 178567, 178725, 179146, 179154, 179298, 179420, 179435, 179454, 179474, 179518, 179643, 179757, 179840, 179868, 179888, 179898, 179904, 179912, 179961, 180127, 180136, 180151, 180159, 180197, 180324, 180348, 180617, 180716, 180726, 180754, 180773, 181436, 181439, 181454, 181471, 181552, 181570, 181589, 181606, 181716, 181735, 181780, 181906, 181911, 181918, 181923, 181932, 182174, 182198, 182205, 182908, 182915, 183155, 183347, 183374, 183378, 183381, 183386, 183633, 183743, 184020, 184022, 184153, 184182, 184187, 184413, 185218, 185320, 185357, 185472, 185747, 185770, 185785, 185796, 185930, 185949, 186042, 186060, 186140, 186154, 186255, 186557, 186582, 186587, 186598, 186692, 186702, 186706, 186716, 186722, 187203, 187216, 187243, 187251, 187321, 187338, 187775, 187942, 187986, 187990, 188000, 188040, 188065, 188192, 188261, 188269, 188289, 188319, 188485, 188646, 188660, 188750, 188840, 188863, 188866, 188885, 189335, 189340, 189628, 189707, 189832, 189865, 191077, 191936, 192005, 192026, 192067, 192227, 193177, 193946, 193956, 194217, 194231, 194407, 195345, 195351, 195358, 195380, 195428, 195485, 195725, 195753, 195789, 196447, 196458, 196476, 196501, 196561, 196957, 196964, 197069, 197073, 197086, 197107, 197121, 197265, 197270, 197348, 197371, 197630, 197634, 197980, 197988, 198116, 198165, 198406, 198579, 198593, 198796, 198807, 198813, 198886, 199314, 199329, 199353, 199358, 199391, 199403, 199408, 199420, 199463, 199471, 199491, 199673, 200298, 200742, 200786, 201002, 201139, 201148, 201255, 201262, 201299, 201306, 201354, 201366, 201394, 201413, 201537, 201577, 201617, 201665, 201669, 201851, 201956, 201976, 201982, 202023, 202197, 202221, 202282, 202527, 202539, 202554, 202593, 202613, 202795, 202956, 203002, 203123, 203133, 203139, 203269, 203279, 203672, 204027, 205642, 205814, 205894, 205928, 207288, 207986, 208536, 209189, 209195, 209203, 209425, 209517, 209737, 209819, 209826, 209879, 209949, 209975, 209996, 210004, 210025, 210036, 210072, 210118, 210146, 210164, 210206, 210255, 210488, 210494, 210555, 213146, 213212, 213216, 213286, 213346, 213350, 213615, 213689, 214067, 214727, 214768, 214774, 214802, 214811, 214905, 214913, 214943, 214946, 214966, 214984, 215015, 215073, 215096, 215103, 215135, 215142, 215174, 215188, 215214, 215218, 215235, 215280, 215283, 215290, 215336, 215428, 215539, 215544, 215576, 215788, 215802, 216049, 216313, 216337, 216416, 216421, 216455, 216490, 216497, 216524, 216573, 216618, 216654, 216775, 216780, 216800, 216813, 216978, 217016, 217033, 217145, 217161, 217511, 217555, 217569, 217574, 217577, 217594, 217788]
18,1289,[536, 964, 1141, 1455, 1672, 1680, 1699, 1742, 1802, 1945, 1952, 2284, 2347, 2475, 2533, 2546, 2584, 2597, 2615, 2621, 2627, 3115, 3211, 3233, 3246, 3280, 3357, 3442, 3522, 3557, 3693, 3927, 4336, 4585, 4587, 4741, 5420, 5477, 5482, 5489, 5496, 5503, 5564, 5613, 6786, 7060, 7109, 7154, 7218, 7253, 7314, 7330, 7564, 7596, 7616, 7666, 7726, 7780, 7797, 7813, 7912, 8160, 8175, 8183, 8201, 8284, 8480, 8490, 8510, 8523, 8587, 8734, 8820, 8838, 8874, 8890, 8909, 8913, 8925, 8964, 9003, 9010, 9276, 9363, 9382, 9448, 9647, 9667, 9757, 10009, 10261, 10372, 10382, 10445, 10456, 10622, 10671, 10691, 10982, 11078, 11144, 11176, 11187, 11245, 11379, 11406, 11414, 11458, 11771, 11791, 11816, 11860, 12124, 12329, 12345, 12363, 12374, 12394, 12398, 12434, 12453, 12464, 12542, 12699, 12720, 12734, 12841, 12850, 12856, 13011, 13121, 13131, 13240, 13276, 13343, 13385, 13401, 13768, 13778, 13824, 13936, 14182, 14317, 14323, 14371, 14409, 15056, 15063, 15075, 15082, 15090, 15095, 15679, 16043, 16109, 16137, 16328, 16371, 16378, 16589, 16974, 17226, 17466, 17655, 17762, 17795, 17804, 17830, 17944, 18109, 18177, 18369, 18385, 18394, 18410, 18594, 18950, 19019, 19059, 19174, 19529, 19697, 20051, 20136, 20218, 20359, 20391, 20407, 20417, 20584, 20601, 20668, 20872, 21101, 21211, 21717, 21789, 21801, 21890, 21901, 21911, 21951, 22041, 22060, 22117, 22151, 22161, 22194, 22297, 22307, 22338, 22355, 22427, 22443, 22465, 22513, 22605, 22692, 22778, 22993, 23047, 23246, 23300, 23309, 23641, 23957, 24064, 24072, 24142, 24149, 24157, 24193, 24217, 24383, 24390, 24399, 24446, 24461, 24465, 24630, 25173, 25215, 25344, 25359, 25452, 26027, 26638, 26914, 27104, 27667, 27677, 27919, 27926, 28823, 28915, 29645, 30151, 30163, 30219, 30249, 30429, 30453, 30462, 30471, 30487, 30602, 30675, 30709, 31116, 31413, 31426, 31482, 31521, 31530, 31664, 31834, 31854, 31905, 32078, 32275, 32298, 32516, 32550, 33205, 33557, 33620, 33899, 34354, 34436, 34870, 34910, 35009, 35058, 35102, 35213, 35327, 35534, 35624, 36391, 36399, 36409, 36520, 36707, 36945, 36957, 37095, 37117, 37288, 37295, 37420, 37704, 37738, 37747, 38031, 38045, 38280, 38294, 38342, 38670, 38789, 38857, 39029, 39146, 39187, 39374, 39456, 39480, 39693, 39893, 39904, 39962, 39986, 40516, 40556, 40626, 40665, 40711, 40781, 40806, 41056, 41273, 41309, 41450, 41594, 41637, 41805, 41964, 42019, 42211, 42231, 42369, 42801, 42850, 43373, 43547, 43570, 43585, 43742, 43801, 44174, 44268, 44334, 44346, 44373, 44721, 44734, 44920, 45384, 45467, 45721, 45828, 46525, 46573, 46614, 46645, 47024, 47032, 47099, 47117, 47405, 47634, 47665, 48016, 48076, 48088, 48170, 48180, 48197, 48424, 48547, 48650, 48738, 49021, 49518, 49725, 49741, 49909, 50165, 50302, 50317, 50373, 50413, 50444, 50610, 50717, 50787, 50912, 51050, 51249, 51269, 51293, 51520, 51691, 51714, 51720, 52275, 52319, 52338, 52639, 52865, 52900, 52912, 53020, 53033, 53046, 53101, 53106, 53799, 53874, 54146, 54325, 54426, 54439, 54459, 54480, 54508, 54928, 54991, 55192, 55452, 55624, 55856, 55918, 55993, 56029, 56075, 56086, 56150, 56181, 56623, 56631, 56762, 56823, 56851, 56876, 56883, 56887, 56899, 56920, 57131, 57199, 57289, 57310, 57517, 57590, 57618, 57876, 57897, 57905, 57948, 57986, 58035, 58083, 58531, 58619, 58676, 58688, 58715, 58771, 58790, 58807, 58843, 58853, 58904, 59024, 59286, 59314, 59395, 59420, 59478, 59533, 59641, 59671, 59770, 60952, 61045, 61142, 61148, 61409, 61416, 61421, 61425, 61504, 61533, 61586, 61594, 62450, 62465, 62823, 63802, 63842, 64113, 64235, 64371, 64381, 64419, 64731, 64807, 64832, 64851, 64883, 64892, 64964, 64989, 65002, 65030, 65035, 65067, 65169, 65333, 65414, 65483, 65516, 65548, 65675, 66046, 66054, 66058, 66075, 66090, 66173, 66662, 66727, 66893, 67101, 67150, 67214, 67348, 67494, 67719, 67741, 67917, 68026, 68194, 68202, 68302, 68309, 68358, 68478, 68624, 68666, 69015, 69030, 69062, 69081, 69096, 69324, 69367, 69473, 69523, 69672, 69699, 69712, 69734, 70011, 70144, 70567, 70601, 70639, 70645, 70749, 70961, 71204, 71378, 71391, 71401, 71518, 71525, 71538, 71743, 71791, 72000, 72165, 72172, 72686, 72727, 72740, 72991, 73038, 73047, 73060, 73071, 73695, 74059, 74076, 74105, 74141, 74382, 74450, 74497, 74504, 74517, 74523, 74533, 74544, 74560, 74575, 74612, 74730, 74815, 74821, 74833, 74860, 74934, 75267, 75330, 75338, 75376, 75431, 75438, 75454, 75469, 75567, 75585, 75668, 75819, 75983, 76137, 76185, 76297, 76389, 76470, 76559, 76846, 76853, 77313, 77333, 77348, 77368, 77393, 77399, 77409, 77474, 77548, 77559, 77739, 77806, 77967, 78075, 78314, 78324, 78347, 78362, 78399, 78479, 78875, 79480, 79601, 79830, 79863, 79879, 79957, 80092, 80148, 80422, 80464, 80480, 80803, 80852, 81525, 81612, 81666, 81874, 81936, 81944, 81960, 81974, 82002, 82317, 82395, 82672, 82680, 83614, 83655, 83700, 83883, 84059, 84496, 84618, 84644, 84684, 84752, 84956, 85025, 85039, 85191, 85227, 85244, 85254, 85418, 85431, 86687, 86832, 86842, 86850, 86858, 86872, 86890, 86903, 86910, 87006, 87026, 87134, 87148, 87452, 87663, 87669, 87709, 87789, 87809, 87899, 88492, 88531, 88563, 88579, 88928, 89701, 89829, 90006, 90316, 90340, 90384, 90545, 90551, 90687, 90792, 90926, 91109, 91165, 91185, 91254, 91267, 91316, 91341, 91895, 91974, 92166, 92230, 92587, 92890, 93269, 93460, 93703, 93725, 93747, 93776, 93864, 94026, 94233, 94257, 94555, 94735, 94832, 94859, 94905, 95210, 95522, 95785, 95824, 95942, 95983, 96057, 96153, 96161, 96208, 96256, 96433, 96594, 96647, 96745, 96941, 96989, 97001, 97015, 97336, 97356, 97364, 97609, 97694, 97754, 97763, 97801, 97810, 97839, 97871, 98065, 98087, 98257, 98264, 98289, 98326, 98350, 98362, 98381, 98383, 98519, 98629, 98751, 98851, 98964, 99332, 99449, 99861, 99926, 100095, 100193, 100227, 100650, 100681, 100686, 100694, 100700, 101167, 101354, 101397, 101543, 101612, 101680, 101713, 101858, 101896, 101984, 102085, 102107, 102807, 103458, 103710, 103802, 103848, 103944, 103961, 104053, 104076, 104122, 104279, 104298, 104349, 104609, 104712, 104735, 104897, 104959, 105091, 105447, 105456, 105480, 105649, 106029, 106036, 106053, 106145, 106194, 106679, 106716, 106724, 106766, 106839, 106852, 106936, 106965, 106989, 107043, 107096, 107426, 107545, 107658, 108033, 108151, 108161, 108192, 108232, 108399, 108433, 108700, 108705, 108722, 108732, 108818, 108821, 108824, 109044, 109095, 109208, 109255, 109620, 109794, 110054, 110164, 110184, 110236, 110482, 110581, 110605, 110617, 110637, 110856, 110969, 111002, 111017, 111049, 111073, 111136, 111144, 111200, 111233, 111324, 111508, 111708, 111787, 111836, 111863, 111869, 111912, 112078, 112101, 112115, 112153, 112432, 112448, 112562, 112604, 112619, 112641, 112666, 112913, 112955, 113094, 113181, 113184, 113224, 113315, 113403, 113667, 113673, 113837, 113845, 113874, 113971, 114001, 114224, 114342, 114468, 114589, 114621, 115224, 115241, 115273, 115295, 115940, 115956, 115965, 115978, 115988, 116116, 116132, 116179, 116370, 116382, 116551, 116557, 116566, 116570, 116609, 116641, 117068, 117085, 117114, 117217, 117230, 117236, 117242, 117267, 117283, 117315, 117796, 117812, 117836, 118333, 118349, 118358, 118371, 118381, 118509, 118525, 118572, 118763, 118775, 118943, 118949, 118958, 118962, 119001, 119033, 119460, 119477, 119506, 119609, 119622, 119628, 119634, 119659, 119675, 119707, 120188, 120204, 120228, 120455, 120855, 121159, 121285, 121367, 121397, 121564, 121601, 121624, 122121, 122379, 122563, 122708, 122980, 123026, 123038, 123485, 123510, 123538, 123545, 123595, 123603, 123621, 123671, 124158, 124404, 124598, 124608, 124832, 124929, 124936, 125146, 125155, 125449, 125490, 125820, 125847, 125918, 125950, 125966, 125993, 126017, 126207, 126483, 126493, 126514, 126525, 126701, 126889, 126918, 126931, 127209, 127379, 127585, 127592, 127700, 127706, 127718, 127898, 127938, 127946, 127964, 128179, 128219, 128227, 128245, 128476, 128520, 128642, 128828, 128991, 128998, 129219, 129240, 129250, 129298, 129427, 129793, 129861, 129881, 130061, 130261, 130319, 130327, 130339, 130528, 130553, 130886, 131018, 131027, 131713, 131951, 132065, 132194, 132237, 132258, 132270, 132278, 132282, 132569, 132613, 132640, 132721, 132743, 132888, 132906, 132982, 133526, 133547, 133572, 133863, 134048, 134322, 134351, 134368, 134389, 134418, 134574, 134682, 134720, 134918, 134982, 135100, 135113, 135236, 135365, 135376, 135410, 135445, 135568, 135584, 135962, 136244, 136267, 136716, 136802, 137067, 137167, 137400, 137471, 137508, 137541, 137566, 137640, 137850, 137865, 137905, 137920, 138004, 138119, 138285, 138370, 138471, 138655, 138724, 138829, 139047, 139114, 139356, 139741, 139774, 139783, 139797, 140087, 140279, 140538, 140715, 140807, 140817, 140872, 140896, 141127, 141246, 141308, 141334, 141459, 141489, 141571, 141615, 141666, 141709, 141719, 141726, 141817, 141860, 141868, 141883, 141909, 141916, 141929, 142405, 142570, 142676, 142827, 142911, 143037, 143110, 143129, 143159, 143168, 143176, 143200, 143215, 143242, 143263, 143286, 143320, 143365, 143370, 143633, 143667, 143687, 143718, 143921, 143931, 144271, 144291, 144341, 144398, 144442, 144627, 144645, 144763, 144792, 145235, 145342, 145580, 145823, 145870, 145912, 145941, 146012, 146157, 146651, 146664, 146761, 146772, 146778, 146837, 146996, 147125, 147228, 147252, 147305, 147434, 147441, 147451, 147458, 147480, 147495, 147502, 147518, 147574, 147586, 147602, 147614, 147629, 147641, 147882, 147926, 147953, 148607, 148994]
19,45,[794, 1409, 1414, 1419, 1425, 1431, 2005, 2030, 3143, 3149, 3156, 4961, 5516, 6362, 6671, 6676, 8198, 9662, 9802, 9917, 9946, 12612, 15250, 15737, 17021, 17025, 17538, 19597, 19601, 19611, 19716, 19721, 23710, 23715, 23742, 23759, 23883, 23890, 23902, 24997, 25803, 26738, 26742, 27000, 27004]
20,147,[270, 930, 1504, 1726, 1991, 2016, 3192, 3198, 3700, 3835, 3889, 4578, 5150, 5513, 6656, 7307, 8571, 8775, 10399, 11203, 12113, 12120, 12154, 12655, 12907, 14375, 14424, 15279, 16596, 16824, 18180, 18843, 19281, 19447, 19889, 20397, 20534, 20816, 21250, 21810, 22507, 22879, 23551, 24027, 25125, 25213, 25561, 25680, 26147, 26220, 26489, 26500, 26513, 26645, 28507, 29114, 29185, 29222, 29240, 29817, 30231, 30901, 30904, 31015, 31422, 31489, 31898, 32092, 32279, 32748, 32753, 32777, 33400, 33402, 33442, 33477, 33804, 33974, 33978, 34063, 34073, 34165, 34532, 34811, 34956, 34974, 35011, 36281, 38237, 38906, 39469, 39684, 39977, 40246, 40765, 41466, 42942, 43077, 43937, 43973, 45153, 45532, 46212, 46466, 46477, 47289, 47364, 47556, 47663, 47667, 48143, 48549, 49311, 49330, 49346, 49365, 49372, 49446, 49657, 49672, 49946, 52018, 52031, 52044, 52518, 52602, 52650, 52702, 52796, 53282, 54283, 55285, 55365, 55814, 55964, 56292, 56638, 57009, 57079, 58755, 59314, 61338, 61344, 64452, 64788, 65617, 65843]
21,170,[1819, 1830, 1965, 2489, 2661, 2664, 2667, 2788, 2798, 2816, 2822, 2848, 2853, 3472, 3487, 3559, 3626, 3680, 3684, 3733, 3816, 3869, 4220, 4394, 4401, 4462, 4469, 4478, 4506, 4666, 4857, 4864, 4968, 5260, 5553, 5710, 5993, 5997, 6004, 6011, 6141, 6514, 6605, 6743, 6816, 6913, 6925, 6959, 6983, 7172, 7225, 7235, 7541, 7752, 7943, 7950, 7960, 10014, 10021, 10658, 10985, 10998, 12090, 12298, 12689, 12808, 12849, 13018, 13022, 13147, 13547, 13672, 14180, 14261, 14647, 14665, 15386, 15473, 15605, 16013, 16041, 16052, 16173, 16300, 16535, 16539, 16545, 16553, 16785, 17016, 17170, 17590, 17845, 18259, 19071, 19226, 19839, 19921, 19962, 20316, 20676, 20682, 20847, 20856, 21263, 21464, 21907, 21967, 21974, 22139, 22576, 22618, 22947, 23326, 23435, 23694, 24196, 24357, 24400, 24540, 25127, 25143, 25216, 25862, 25934, 26062, 26142, 26227, 26617, 26622, 26666, 26693, 27066, 27069, 27074, 27082, 27134, 27687, 27696, 27703, 27734, 27741, 28132, 28207, 28371, 29214, 29221, 29229, 29993, 30025, 30379, 30491, 30631, 30772, 30781, 31043, 31133, 31245, 31282, 31584, 32285, 32364, 32932, 32945, 32982, 33443, 33867, 33933, 34120, 34199]
22,446,[301, 407, 432, 835, 846, 967, 1727, 1737, 1880, 1882, 1885, 1888, 1893, 1896, 4164, 4879, 5360, 5364, 5368, 9072, 9084, 9086, 9780, 11698, 13843, 13847, 14806, 15298, 15983, 15986, 15990, 16373, 16377, 17214, 17218, 17283, 17977, 18111, 18986, 19079, 19827, 20411, 20477, 20649, 20653, 20662, 21119, 21122, 21125, 21129, 21132, 21460, 22000, 23230, 23232, 24155, 24163, 24201, 24213, 24289, 24942, 26022, 29729, 29821, 31515, 32958, 35568, 35821, 38527, 40000, 44891, 49225, 49228, 49249, 49257, 49388, 49391, 51883, 52026, 52084, 54024, 54028, 54031, 54521, 56948, 56962, 56968, 57196, 57415, 57419, 57424, 58213, 58240, 58937, 59389, 59625, 59627, 59642, 59742, 60028, 60187, 60359, 60464, 60470, 60483, 62403, 62504, 62922, 62957, 62980, 63307, 64344, 64500, 64653, 64654, 65031, 65284, 65286, 65507, 65723, 65780, 65834, 65855, 65910, 66023, 66144, 66151, 66891, 67126, 67149, 67157, 67160, 67427, 67429, 67431, 67434, 67452, 67457, 67894, 68769, 69095, 69097, 69807, 69810, 70219, 70237, 70255, 70397, 70419, 70667, 70670, 70676, 70838, 70840, 70893, 71197, 71446, 71450, 71673, 72972, 73158, 74306, 76178, 76290, 76369, 78850, 82684, 82687, 82692, 82739, 82773, 82777, 83235, 85333, 85341, 85346, 85349, 85579, 85581, 85676, 85820, 85823, 85848, 86024, 86203, 86971, 86978, 87348, 87572, 87574, 87671, 87673, 87788, 88614, 88617, 88620, 88853, 89382, 89387, 89389, 89391, 89394, 89396, 89439, 90050, 90067, 90353, 90542, 90637, 90640, 90642, 90645, 90651, 91280, 91504, 91982, 91984, 91993, 92202, 92210, 94919, 95679, 96119, 96705, 98456, 98459, 98464, 99924, 100453, 100456, 100527, 100666, 100854, 100903, 100905, 100909, 101109, 101223, 101483, 101548, 101553, 101557, 101561, 101564, 101570, 101574, 101582, 101604, 101613, 102437, 102439, 102443, 102633, 102944, 103199, 103812, 103923, 103951, 103954, 103958, 103975, 104275, 104637, 104660, 104665, 104684, 104690, 104935, 105190, 105197, 105695, 105751, 106217, 106221, 106632, 106671, 106676, 108052, 108054, 108569, 108582, 108585, 108604, 109189, 109191, 109197, 109199, 109256, 110326, 110962, 111399, 112781, 112784, 112789, 112795, 112800, 112930, 113504, 113535, 113551, 114026, 114029, 114032, 114035, 114109, 114314, 114535, 114543, 114586, 114591, 114596, 114602, 114605, 115047, 115494, 115497, 115823, 117185, 117187, 117190, 117194, 117198, 119093, 119283, 119604, 120894, 120900, 120914, 120918, 120995, 121081, 121087, 121097, 121437, 121441, 121570, 121585, 121587, 122167, 123248, 125002, 125019, 125023, 126101, 126142, 126159, 126354, 126544, 127127, 127316, 127774, 127777, 127780, 127929, 127940, 127943, 128751, 129452, 129789, 131415, 131726, 132902, 133742, 136065, 137447, 138124, 138636, 138782, 139009, 139024, 139026, 139032, 139050, 139074, 139081, 139409, 139412, 139415, 139572, 139583, 139593, 139595, 139598, 139601, 139648, 139761, 139857, 139859, 139862, 139865, 140205, 140641, 141007, 142272, 142528, 142533, 142537, 142950, 143961, 143971, 143976, 143992, 145958, 146037, 146706, 147063, 147065, 147219, 147472, 147940, 148279, 148982, 149079, 149134, 149542, 149555, 149558, 149561, 149564, 149642, 150080, 150082, 150084, 150087, 150158, 150161, 150535, 150901, 151178, 151228, 151631, 152305, 152307, 152309, 152357, 153172, 153209, 153217, 154124, 156003, 156196, 156198, 156217, 158056, 159075, 160169]
23,155,[247, 658, 979, 1037, 1084, 1095, 1237, 1300, 1377, 1465, 1474, 1519, 1618, 2501, 2537, 2590, 2599, 2789, 2859, 2917, 2933, 3233, 3521, 3559, 3951, 4019, 4065, 4133, 4413, 4485, 4540, 4842, 5472, 5775, 6319, 6434, 6545, 6601, 7172, 7255, 7533, 7587, 7602, 7615, 7808, 7981, 8662, 9216, 9255, 9573, 9651, 10099, 10136, 10171, 10995, 11087, 11114, 11226, 11340, 11358, 11552, 11844, 11850, 12228, 12343, 12348, 12356, 12642, 12701, 12906, 13109, 13315, 13658, 14480, 14634, 14765, 14947, 15097, 15102, 15195, 15299, 15323, 15473, 15492, 15553, 15782, 15912, 15926, 17028, 17433, 17618, 17698, 17782, 17814, 17960, 18342, 18868, 18968, 19334, 19565, 19638, 19874, 19991, 20014, 20193, 20332, 20347, 20392, 20580, 20588, 20650, 20723, 21600, 21700, 21737, 21870, 22521, 23347, 23537, 23686, 23713, 23975, 24352, 24684, 25006, 25009, 25048, 25108, 25293, 25317, 25363, 25641, 25653, 27033, 27095, 27106, 28094, 28276, 28748, 28799, 28857, 28956, 29255, 29284, 29319, 29466, 29617, 29759, 30006, 30019, 30198, 30208, 30226, 30299, 30335]
24,307,[825, 864, 1157, 1165, 1305, 1436, 1460, 2452, 2460, 2474, 2543, 2586, 3635, 3808, 3874, 3892, 4016, 4020, 4062, 4088, 4892, 5055, 5341, 5351, 5392, 5537, 5584, 6032, 6133, 6273, 6530, 6554, 6611, 6615, 6707, 6808, 6887, 7110, 7377, 7417, 7439, 7718, 7913, 8124, 8197, 8456, 8468, 8474, 8488, 9193, 9313, 10037, 10046, 10155, 10227, 10273, 10403, 10450, 10514, 10590, 10628, 10657, 10929, 11728, 12168, 12491, 12959, 12990, 13342, 13360, 13403, 13480, 13505, 13542, 13601, 13680, 13811, 13934, 14049, 14084, 14144, 14177, 14185, 14192, 14217, 14226, 14285, 14405, 14623, 14698, 14765, 14969, 15104, 15122, 15163, 15280, 15346, 15351, 15468, 15519, 15907, 16013, 16019, 16056, 16082, 16122, 16178, 16185, 16209, 16229, 16451, 16579, 16687, 16922, 16931, 16955, 17046, 17181, 17368, 17372, 17484, 17543, 17583, 17610, 17626, 17645, 17834, 17869, 17941, 18156, 18195, 18386, 18410, 18431, 18472, 18494, 18555, 18610, 19471, 19507, 19582, 19621, 19664, 20104, 20116, 20218, 20341, 20366, 21020, 21319, 21789, 21791, 21974, 22110, 22424, 22698, 22797, 22846, 22865, 23070, 23335, 23433, 23501, 23511, 23537, 23722, 23799, 23863, 24105, 24155, 24270, 24520, 24705, 24858, 24902, 24930, 24977, 24995, 25195, 25347, 25511, 25520, 25525, 25897, 25995, 26071, 26075, 26076, 26097, 26221, 26740, 26823, 26850, 26859, 26886, 26897, 26912, 26928, 26942, 27018, 27028, 27087, 27170, 27770, 27809, 27967, 27995, 28064, 28068, 28253, 28419, 28478, 28485, 28620, 28674, 28699, 28776, 29645, 29655, 29975, 30062, 30150, 30289, 30567, 30622, 30671, 30839, 31132, 31147, 31834, 31974, 32040, 32137, 32151, 32158, 32164, 32335, 32502, 32522, 33244, 33489, 33625, 34304, 34331, 34378, 34443, 34447, 34518, 34641, 35066, 35158, 35351, 35389, 35723, 35776, 35955, 36170, 37237, 38083, 38109, 38715, 38810, 38888, 38916, 39174, 39261, 39401, 39431, 39442, 39507, 39728, 40037, 40071, 40097, 40129, 40185, 40191, 40291, 40384, 41253, 41311, 41426, 41434, 41533, 42011, 42216, 42274, 42285, 42732, 42816, 43111, 43130, 43715, 43871, 43890, 44057, 44096, 44110, 44116, 44124, 44382, 44459, 44467, 44706, 44740, 44931, 45011]
25,183,[715, 752, 928, 1044, 1088, 1167, 1348, 2920, 2975, 3720, 3875, 3922, 3938, 4848, 4870, 5747, 7135, 7832, 8403, 8644, 8654, 8770, 9055, 9059, 9253, 11216, 12461, 13297, 14281, 15651, 19520, 20072, 24132, 26934, 27896, 30282, 33441, 35621, 36723, 36822, 37424, 37585, 38673, 39420, 42657, 43409, 43913, 44937, 45235, 45344, 46181, 50249, 52678, 53910, 54524, 57459, 57511, 58790, 61330, 61338, 61407, 62451, 64302, 64956, 65260, 72692, 76288, 77846, 77865, 78696, 80227, 80372, 80414, 82213, 84436, 88017, 89989, 90017, 91620, 92632, 94995, 95698, 96020, 96039, 96320, 96353, 96548, 98901, 99134, 99158, 99179, 99189, 99232, 99912, 101184, 104631, 104734, 106878, 106933, 107518, 108899, 109739, 112017, 112732, 112740, 113431, 115414, 116989, 120937, 121251, 121746, 122262, 123436, 123627, 123781, 123936, 125149, 126755, 127877, 130441, 132560, 133185, 133274, 136586, 137885, 138403, 138503, 138960, 140203, 140687, 141504, 141539, 142742, 143275, 143866, 144433, 146352, 150052, 153003, 153177, 153340, 153704, 153724, 153893, 158345, 158914, 158929, 160153, 162236, 162447, 162457, 163054, 163432, 164292, 164841, 166288, 166297, 168169, 172084, 172900, 174245, 175924, 177281, 179456, 180345, 180407, 180433, 180500, 183125, 183140, 183223, 183850, 183871, 183940, 185275, 186613, 186902, 189559, 189595, 191629, 191642, 191652, 192646]
26,152,[65, 156, 185, 277, 634, 1290, 1295, 1879, 2101, 2377, 2402, 3675, 3681, 4199, 4334, 4388, 5096, 5665, 6030, 7174, 7830, 9109, 9317, 10952, 11774, 12698, 12705, 12741, 13241, 13494, 14973, 15023, 15913, 17247, 17477, 18882, 19553, 19986, 20156, 20607, 21124, 21261, 21553, 21994, 22562, 23269, 23648, 24320, 24788, 25911, 26005, 26356, 26479, 26943, 27016, 27290, 27301, 27314, 27447, 29337, 29956, 30027, 30065, 30083, 30663, 31079, 31765, 31768, 31882, 32292, 32360, 32770, 32964, 33152, 33624, 33629, 33653, 34280, 34282, 34320, 34353, 34679, 34852, 34856, 34942, 34952, 35042, 35420, 35700, 35848, 35866, 35903, 37186, 39181, 39850, 40411, 40623, 40916, 41187, 41702, 42402, 43890, 44026, 44898, 44934, 46142, 46533, 47217, 47471, 47482, 48291, 48366, 48563, 48668, 48672, 49155, 49570, 50356, 50376, 50392, 50410, 50417, 50493, 50700, 50715, 50992, 53097, 53111, 53125, 53618, 53704, 53752, 53800, 53895, 54407, 55445, 56447, 56525, 56970, 57124, 57449, 57791, 58159, 58231, 59954, 60573, 62641, 62647, 65851, 66188, 67031, 67258]
27,680,[984, 1022, 1041, 1070, 1677, 2027, 2752, 3063, 3127, 3317, 3783, 3990, 4288, 4926, 4974, 5051, 5068, 5156, 5183, 5245, 5258, 5706, 6154, 6158, 6204, 6343, 6379, 6403, 6452, 6488, 6618, 6940, 7602, 7757, 7891, 7935, 7937, 7961, 8073, 8093, 8113, 8274, 8281, 8339, 8417, 8425, 8444, 8493, 8574, 8711, 8832, 8864, 8918, 8978, 9049, 9089, 9123, 9226, 9244, 9553, 9636, 9976, 10112, 10370, 10498, 11568, 11802, 13109, 13117, 13555, 13721, 14081, 14137, 14161, 14185, 14618, 14869, 15061, 15313, 15803, 15953, 16729, 16788, 16875, 17062, 17330, 17590, 17593, 17612, 17781, 18131, 18262, 18295, 18374, 18399, 18405, 19099, 19369, 19383, 19428, 20071, 20185, 20805, 20845, 21020, 21027, 21111, 21211, 21386, 21400, 21403, 21423, 21429, 21458, 21818, 22062, 22105, 22326, 22382, 22458, 22527, 22730, 22793, 22940, 23355, 23493, 23511, 23529, 23579, 23691, 23825, 23902, 23906, 23928, 23983, 24529, 24538, 24707, 24767, 24802, 24812, 24827, 24946, 25089, 25192, 25391, 26002, 26399, 26671, 26856, 28134, 28167, 28192, 28413, 28553, 28624, 28814, 28834, 28852, 28958, 29065, 29435, 29584, 29605, 29645, 29733, 29878, 30007, 30022, 30109, 30135, 30185, 30381, 30440, 30946, 31485, 31637, 31797, 31852, 32351, 32533, 32558, 32650, 33279, 33578, 34133, 34143, 34190, 34208, 34215, 34229, 34327, 34382, 34403, 34434, 34479, 34496, 34549, 34553, 34560, 34563, 34568, 34662, 34685, 34717, 34796, 34995, 35058, 35161, 35652, 35740, 35785, 35860, 36029, 36229, 36274, 36382, 36425, 36624, 36753, 37596, 37924, 37936, 38087, 38132, 38296, 38334, 38345, 38546, 39444, 39628, 39654, 39869, 40616, 40627, 40715, 40787, 41172, 41526, 42226, 42596, 42906, 42911, 43035, 43141, 43207, 43638, 43647, 43660, 43675, 44070, 44108, 44133, 44141, 44154, 44269, 44301, 44498, 44538, 44886, 44955, 45004, 45480, 45818, 45829, 45891, 45951, 45960, 46066, 46081, 46136, 46144, 46178, 46193, 46203, 46244, 46412, 46457, 46715, 46783, 46842, 46857, 47042, 47085, 47193, 47306, 47459, 47480, 47699, 47812, 47828, 47834, 47969, 48013, 48018, 48083, 48358, 48427, 48460, 48491, 48517, 48726, 48845, 49041, 49292, 49321, 49389, 49450, 49574, 49676, 49681, 49684, 49687, 49897, 50028, 50230, 50242, 50261, 50710, 51241, 51291, 51304, 51348, 51379, 51497, 51506, 51521, 51566, 51831, 51850, 52010, 52078, 52089, 52273, 52923, 53184, 53344, 53356, 53502, 53556, 54144, 54277, 54334, 54493, 54505, 54554, 54605, 54618, 54651, 54814, 54869, 55044, 55065, 55148, 55182, 55213, 55218, 55228, 55236, 55242, 55310, 55314, 55320, 55359, 55365, 55386, 55405, 55523, 55553, 55559, 55657, 55664, 55685, 55866, 56442, 56479, 56489, 56899, 57133, 57453, 57781, 57829, 58147, 58286, 58476, 58758, 58825, 59052, 59075, 59332, 59490, 59922, 59974, 60145, 60807, 61309, 61531, 61546, 61558, 61673, 61683, 61691, 61739, 61817, 61907, 61940, 61947, 62087, 62334, 62382, 62746, 62765, 62772, 62784, 62804, 62820, 63111, 63155, 63212, 63560, 63923, 64722, 65028, 65050, 65094, 65134, 65738, 65761, 66488, 66641, 67109, 67820, 67895, 68153, 68220, 68237, 68245, 68456, 69206, 69222, 69256, 69280, 69693, 69903, 69922, 70030, 70046, 70096, 70102, 70375, 70394, 70396, 70413, 70458, 71068, 71466, 71641, 71667, 72365, 72382, 72654, 72831, 72860, 72876, 72944, 72978, 73051, 73061, 73069, 73086, 73363, 73416, 73426, 73445, 73593, 73633, 73673, 74143, 74524, 74592, 75076, 75110, 75290, 76453, 76764, 76864, 76871, 77083, 77132, 77144, 77151, 77520, 77697, 77746, 77758, 77820, 77844, 77851, 78044, 78104, 78128, 78182, 78390, 78523, 78676, 78743, 78804, 78904, 78992, 78994, 79060, 79117, 79269, 79297, 80108, 80193, 80438, 80458, 80825, 81267, 81285, 81288, 81333, 82345, 82572, 83843, 83864, 84107, 84110, 85725, 85920, 85960, 86101, 86496, 86598, 86691, 86995, 87095, 88447, 88618, 89018, 89022, 89027, 89037, 89245, 89494, 90189, 90195, 90674, 90799, 92374, 92380, 92639, 92681, 92701, 92761, 93308, 94534, 94557, 95136, 95375, 95672, 95738, 95742, 95746, 95761, 95764, 95876, 95956, 95963, 96096, 96255, 96342, 96668, 96790, 96796, 97013, 97107, 97159, 97328, 97359, 97376, 97386, 97749, 97818, 97843, 97850, 97877, 98194, 98277, 98284, 98288, 98355, 98452, 98481, 98545, 98656, 98662, 98782, 99198, 99202, 99429, 99439, 99456, 99480, 99499, 99833, 99844, 99942, 100003, 100141, 100380, 100383, 100515, 100537, 100561, 101082, 101265, 101398, 101484, 101548, 101561, 101827, 101853, 101867, 101980, 102022, 102034, 102154, 102306, 102442, 102518, 102611, 103701, 103719, 103958, 103963, 104025, 104221, 104338, 104935, 105207, 105540, 106163, 106283, 106328, 106342, 106396, 106442, 106454, 106522, 106593, 106659, 106959, 107125, 107207, 107307, 107367, 107492, 107500, 107506, 107560, 107567, 107591, 107616, 107634, 107861, 107966, 107985, 108205, 108386, 108410, 108440, 108609, 108799, 109037, 109072, 109405, 109538, 109628]
28,65,[438, 443, 462, 494, 575, 588, 627, 648, 693, 703, 737, 757, 771, 1156, 1333, 1779, 1905, 2055, 2075, 2087, 2100, 2156, 2212, 2351, 2552, 2845, 3090, 3101, 3935, 4785, 4904, 5364, 5665, 6114, 6263, 6361, 6533, 6705, 6716, 7440, 7556, 8243, 8295, 8313, 8362, 8658, 8792, 8813, 8865, 9013, 9686, 9825, 10102, 10176, 10388, 10450, 10590, 10845, 10864, 10948, 11000, 11013, 11598, 11721, 11737]
30,3904,[750, 817, 844, 893, 2040, 2428, 2481, 3144, 3167, 3497, 3568, 4479, 4574, 4842, 5576, 5593, 6423, 7276, 7313, 7324, 7677, 7822, 8015, 8138, 8453, 8457, 8660, 8813, 8853, 8897, 9025, 9154, 9243, 9480, 9484, 9853, 10330, 10437, 10574, 10731, 10738, 10743, 11107, 11217, 11649, 12672, 12781, 12912, 12967, 14528, 14536, 14867, 14904, 14909, 14917, 14984, 15365, 15682, 15689, 15771, 15780, 15790, 15864, 16369, 16373, 16493, 17171, 17264, 17325, 17330, 17482, 17516, 17551, 17640, 17650, 17660, 17667, 17693, 18162, 18285, 18582, 18841, 18851, 18861, 18903, 19004, 19125, 19287, 19297, 19307, 19825, 20047, 20063, 20074, 20104, 20893, 21296, 22344, 22384, 22413, 22906, 24334, 24497, 24944, 24954, 25184, 25435, 25813, 26498, 26691, 27033, 27041, 27432, 27446, 27613, 27720, 27727, 28290, 29157, 29211, 29222, 29293, 29357, 29472, 29480, 29856, 29947, 30017, 30585, 30912, 30961, 31033, 31279, 31298, 32073, 32078, 32597, 32633, 32849, 32859, 32929, 32992, 33134, 33146, 33606, 33833, 34328, 34465, 34585, 34605, 34619, 34764, 35135, 36857, 37132, 37332, 37363, 37369, 37495, 37812, 38763, 39140, 39149, 40187, 40191, 40391, 40497, 40959, 41212, 41433, 41547, 41765, 42231, 42680, 42744, 43048, 43400, 43927, 43940, 44298, 44301, 44432, 44438, 44538, 44547, 44932, 44935, 45093, 45208, 45847, 46012, 46580, 46624, 47529, 48801, 48895, 49443, 50617, 51672, 51686, 51725, 51744, 51753, 51845, 52189, 52193, 52204, 52210, 52213, 52223, 52236, 52367, 52784, 52811, 52816, 52863, 53248, 53305, 53660, 53698, 54089, 60057, 60080, 61223, 61589, 62002, 62016, 62063, 62558, 62573, 62586, 64528, 64569, 64583, 64599, 64609, 64787, 64827, 64849, 64960, 65006, 65549, 65757, 66000, 66070, 66286, 66415, 66638, 66980, 68875, 68999, 69310, 69684, 70345, 70450, 71068, 71607, 71743, 71833, 71989, 72125, 72143, 72405, 72431, 72470, 72484, 73235, 73729, 73889, 74162, 74447, 74959, 75539, 75658, 75921, 76372, 76442, 76714, 76964, 77031, 77038, 77044, 77615, 79873, 80282, 81070, 82027, 82056, 82307, 82330, 82371, 82555, 85215, 85246, 85258, 85778, 86965, 86980, 86985, 87014, 87052, 87154, 87213, 87221, 87849, 87854, 88484, 88763, 88817, 88867, 88968, 88991, 89003, 89010, 89103, 89122, 89151, 89196, 89257, 89386, 89855, 90048, 90666, 90674, 90938, 91000, 91253, 91879, 91927, 91953, 91970, 92055, 92104, 92268, 92304, 92311, 92327, 92398, 92414, 92420, 92430, 92456, 92553, 92598, 93235, 93253, 93448, 93498, 93575, 93705, 93934, 93981, 93984, 94452, 94461, 94532, 95231, 95384, 95488, 95625, 95630, 95958, 96566, 96928, 97023, 98394, 98406, 98417, 98431, 98478, 98576, 99226, 99250, 99349, 99466, 99575, 100039, 100393, 100873, 100932, 101498, 101516, 101715, 101720, 101863, 101881, 101985, 102015, 102104, 102260, 103152, 103371, 103545, 103554, 103565, 103800, 103958, 103967, 104061, 104222, 104356, 104975, 105028, 105461, 105481, 105729, 105882, 105937, 106054, 106260, 106367, 106542, 107126, 107134, 107140, 107176, 107187, 107424, 107466, 107573, 107977, 108713, 109093, 109102, 109156, 109205, 109215, 109220, 109226, 109554, 109607, 110351, 110558, 111326, 111345, 111468, 111483, 111494, 111663, 111735, 111755, 112366, 112426, 112431, 112562, 113072, 113769, 114036, 114050, 114417, 114430, 114550, 114781, 115746, 116486, 116521, 117004, 117025, 117165, 117352, 117358, 117415, 117832, 117940, 118227, 118446, 118711, 118717, 118808, 118873, 118905, 118915, 118989, 119010, 119096, 120114, 120128, 121086, 121303, 121314, 121325, 121336, 121691, 121797, 121808, 121831, 121837, 121840, 121846, 121863, 121871, 123023, 123296, 123415, 123488, 123678, 123755, 124167, 124187, 124221, 124338, 124369, 124396, 124420, 124425, 124628, 124642, 124712, 124897, 125029, 125095, 125394, 125506, 125683, 125887, 126006, 126071, 126108, 126128, 126190, 126314, 126367, 126477, 126802, 126811, 127622, 127638, 128203, 128437, 128599, 128602, 128742, 128753, 129079, 129157, 129189, 129587, 130821, 131036, 132085, 132094, 132101, 132109, 132362, 132373, 132598, 132730, 132774, 132791, 133762, 134002, 134071, 134151, 134430, 135886, 136526, 136552, 137288, 139017, 139058, 139088, 139243, 139263, 141660, 141672, 141679, 141691, 141980, 142107, 142122, 142299, 142323, 142343, 142364, 142435, 142580, 142589, 142742, 142769, 142789, 142889, 143107, 143124, 143136, 143359, 143362, 143514, 143765, 144062, 144180, 144866, 144900, 144905, 145376, 145836, 145873, 147000, 147011, 147328, 147332, 147625, 147745, 147790, 147948, 148761, 149288, 150421, 150427, 150432, 150441, 150476, 150488, 150504, 151250, 151255, 151673, 151679, 151735, 151752, 151770, 152489, 152717, 153564, 153732, 153748, 153759, 153768, 153832, 153950, 154187, 154191, 154226, 154538, 154636, 154782, 155342, 156102, 156348, 156479, 156727, 156742, 157967, 157971, 157996, 158083, 159188, 159431, 159831, 159905, 159909, 159912, 160357, 160384, 160401, 160744, 160858, 161218, 161448, 161471, 162056, 162064, 162085, 162184, 162254, 162352, 162448, 162699, 163028, 163507, 163519, 163546, 163962, 164605, 165281, 165447, 165848, 165854, 165868, 165884, 166088, 166114, 166390, 166400, 166619, 166841, 167416, 167434, 167887, 168066, 168076, 168100, 168121, 168125, 168128, 168131, 168135, 168180, 168312, 168315, 168320, 168396, 168400, 168514, 168567, 168585, 169005, 169045, 170055, 170156, 170720, 170895, 170962, 170991, 171017, 171120, 171127, 171136, 171143, 171163, 171232, 171235, 171353, 171488, 171508, 171642, 171902, 172551, 172703, 172944, 173634, 173642, 173649, 173862, 174257, 174735, 174790, 174895, 175003, 175264, 175402, 175709, 175794, 175798, 175840, 175857, 175961, 176118, 176121, 176126, 176348, 176472, 176739, 177232, 177405, 177670, 177744, 177867, 178133, 178251, 178500, 178767, 178781, 178815, 178920, 178925, 179586, 179639, 179660, 179680, 179726, 179745, 179750, 179967, 180100, 180407, 180569, 180738, 180743, 180776, 180929, 181044, 181084, 181094, 181130, 181158, 181781, 182525, 182656, 182984, 182995, 183016, 183038, 183804, 184711, 184839, 184854, 184867, 186119, 186138, 186147, 186207, 186217, 186275, 186513, 187305, 187344, 188854, 188981, 189353, 189358, 189714, 190171, 190267, 190827, 191022, 191055, 191202, 191260, 191292, 191507, 191984, 192170, 192224, 192542, 192762, 193247, 193955, 194010, 194028, 194142, 194671, 195113, 195155, 195331, 195352, 195449, 195653, 195663, 195698, 195718, 195724, 195778, 195782, 196547, 196925, 197372, 197379, 197406, 197492, 197497, 197580, 197596, 198760, 198764, 198778, 198979, 198982, 198989, 200038, 200274, 200290, 200311, 200840, 201063, 201646, 201663, 202014, 202019, 202044, 203221, 205872, 206039, 206050, 206232, 206235, 206390, 206444, 206690, 206725, 206803, 206806, 206809, 206857, 206883, 206893, 206910, 207111, 207400, 207412, 207450, 207501, 207522, 207529, 207597, 207604, 208983, 209040, 209469, 209483, 209493, 209496, 209516, 209594, 209602, 209960, 210168, 210171, 211956, 212736, 213996, 214078, 214142, 214302, 214633, 214817, 214828, 215330, 215803, 215816, 215947, 215960, 216055, 216064, 216138, 216261, 216274, 216917, 217018, 217430, 217913, 218381, 218523, 218531, 220450, 220828, 221090, 221214, 222484, 222700, 224304, 224475, 225415, 225453, 225490, 225646, 226015, 226516, 226817, 226966, 227696, 228893, 228931, 232203, 232580, 232763, 233161, 233178, 233405, 233505, 233516, 233525, 233645, 233653, 233674, 233729, 233837, 233848, 233862, 233868, 233871, 234233, 234243, 234291, 234295, 234395, 234571, 234586, 234594, 234622, 234895, 234929, 235080, 235088, 235431, 235447, 235516, 235551, 235561, 235571, 235674, 235775, 235778, 235875, 236845, 236856, 245275, 247276, 248442, 248456, 248467, 248484, 248521, 248530, 248540, 248812, 250263, 250267, 250281, 250516, 250527, 251158, 251186, 254317, 254835, 254893, 254899, 254908, 254918, 255198, 255229, 255262, 255270, 255336, 255884, 255907, 255910, 255920, 256382, 257892, 257978, 257986, 258076, 258088, 258311, 258313, 258469, 258525, 258778, 258813, 258888, 258890, 258894, 258915, 258943, 258973, 259390, 259395, 259470, 259506, 259523, 259547, 259569, 259576, 261019, 261220, 261223, 261821, 261825, 261864, 262254, 262302, 262317, 262354, 262423, 262807, 262813, 262919, 263548, 263737, 264635, 264642, 265548, 265647, 266675, 267616, 268381, 268847, 270465, 270513, 270571, 271070, 271085, 271089, 271105, 271117, 271157, 271402, 271442, 271782, 273003, 273008, 273641, 273775, 274398, 274423, 274435, 275305, 275345, 275358, 275464, 275557, 275565, 275568, 275662, 276448, 276465, 276530, 278903, 279143, 279185, 279201, 279240, 279272, 279344, 279349, 279357, 280164, 280222, 280282, 280857, 280987, 282051, 282084, 282098, 282222, 282233, 282343, 282374, 282562, 282568, 282803, 282806, 282879, 282896, 283460, 283468, 283470, 283477, 283548, 283733, 284164, 285063, 285569, 285588, 285641, 285691, 285896, 286038, 286365, 286396, 289117, 289121, 289150, 289225, 289715, 291582, 291977, 292488, 293574, 294077, 294342, 294405, 295080, 295417, 295489, 295498, 295878, 296085, 296101, 296896, 297121, 297191, 297782, 297835, 297842, 298044, 298099, 298314, 298636, 298730, 298760, 298772, 298822, 298932, 299232, 299313, 299318, 299507, 300055, 300207, 300214, 300563, 301035, 301381, 301481, 301692, 301699, 301705, 301945, 301957, 302050, 302057, 302064, 302127, 302163, 302365, 302370, 302618, 302635, 302696, 302708, 302821, 302826, 302893, 302896, 303026, 303086, 303442, 303582, 303757, 303948, 304023, 304155, 304162, 304360, 304366, 304374, 304549, 304741, 305213, 305466, 305635, 306023, 306028, 306030, 306151, 306184, 306221, 306440, 306492, 306496, 306573, 306580, 306587, 306608, 306614, 306627, 306638, 306677, 306681, 306729, 306748, 306851, 306858, 307067, 307191, 307262, 307457, 307501, 307595, 307976, 307990, 308093, 308278, 308368, 308445, 309177, 309263, 309592, 309952, 310630, 310655, 310704, 310752, 311123, 311140, 311161, 311305, 311355, 311624, 311682, 311811, 311817, 311827, 312126, 312351, 312502, 312914, 313043, 313055, 313086, 313133, 313162, 313352, 313369, 313490, 313505, 313578, 313584, 313632, 313954, 313961, 314064, 314070, 314159, 314174, 314271, 314559, 315072, 315077, 315125, 315131, 315655, 315785, 315853, 315857, 315881, 315885, 315895, 315932, 316035, 316114, 316652, 316737, 316756, 316798, 316861, 316921, 317116, 317200, 317501, 317893, 317904, 318184, 318189, 318620, 318626, 318785, 318792, 318921, 319087, 319593, 319599, 319606, 319613, 319620, 319651, 319656, 319814, 319960, 320241, 320249, 320488, 320493, 320504, 320525, 320619, 320745, 321237, 321239, 321256, 321512, 321677, 321719, 321930, 321967, 322329, 322375, 322387, 322471, 322627, 322670, 322683, 322780, 322903, 322992, 323133, 323142, 323486, 324049, 324099, 324772, 325143, 325327, 325618, 325834, 326020, 326179, 326338, 326353, 326565, 326852, 326922, 326935, 327047, 327097, 327206, 327213, 327233, 327379, 327402, 327656, 327665, 327818, 328048, 328055, 329059, 329063, 329072, 329092, 329141, 329150, 329158, 329260, 329729, 329744, 329753, 329758, 329774, 329839, 329896, 329901, 329915, 329935, 329973, 330407, 330631, 330636, 330660, 330787, 330898, 330903, 330947, 330987, 331032, 331047, 331052, 331293, 331300, 331307, 331314, 331485, 331705, 331710, 331933, 332441, 332446, 332718, 332909, 333335, 333852, 333902, 334101, 334550, 334861, 335496, 335501, 335504, 336816, 336846, 337359, 337465, 337862, 337869, 337876, 337883, 337890, 337897, 338153, 338589, 338694, 338708, 338736, 338747, 338766, 338773, 338787, 338865, 338900, 338940, 338947, 338950, 339044, 339066, 339086, 339125, 339135, 339164, 339169, 339181, 339198, 339204, 339212, 339226, 339264, 339267, 339322, 339333, 339348, 339371, 339392, 339413, 339483, 339543, 339623, 339641, 339647, 339656, 339689, 339709, 339721, 339762, 339804, 339816, 339827, 339884, 339928, 339988, 340069, 340130, 340162, 340257, 340356, 340393, 340405, 340423, 340483, 340487, 340509, 340818, 340821, 340825, 341289, 341300, 341307, 341384, 341492, 341679, 341714, 342023, 342030, 342037, 343000, 343025, 343031, 343038, 343044, 343306, 343363, 343481, 344137, 344501, 344794, 345039, 345166, 345170, 345178, 345935, 346121, 346127, 346188, 346472, 346480, 347201, 347207, 347220, 347223, 347236, 347357, 347527, 347860, 349226, 349826, 350785, 350794, 351560, 351875, 351933, 352840, 352848, 352962, 353279, 353416, 353426, 353734, 353992, 354944, 355113, 355161, 355239, 355249, 355266, 355363, 355640, 355748, 355757, 355827, 356062, 356141, 356364, 356580, 356838, 356878, 356886, 357298, 357304, 357308, 357576, 357780, 358026, 358060, 358136, 358405, 358492, 358575, 358642, 358981, 359026, 359158, 359234, 359257, 359264, 359269, 359279, 359424, 359818, 359840, 360023, 360188, 360209, 360676, 361053, 361104, 361425, 361969, 361974, 361979, 362018, 362025, 362303, 362674, 362827, 362904, 362974, 362981, 363016, 363021, 363072, 363124, 363129, 363481, 363490, 363725, 364173, 364260, 364558, 364568, 364706, 364712, 364922, 365151, 365450, 365594, 365766, 365971, 366241, 366538, 366669, 366983, 366990, 367136, 367315, 367365, 367372, 367379, 367384, 367408, 367752, 368414, 368418, 368739, 368848, 369364, 369370, 369703, 369709, 369868, 369922, 370009, 370240, 370263, 370477, 370619, 370719, 370925, 370949, 371402, 371412, 371538, 371546, 371728, 371824, 371845, 371853, 371873, 372242, 372415, 372676, 372855, 372871, 372878, 373250, 373260, 373350, 373454, 373470, 373570, 373635, 373666, 373671, 373675, 373678, 373683, 373691, 374013, 374221, 374238, 374397, 374399, 374421, 374429, 374591, 375052, 375356, 375472, 375706, 376010, 376325, 376347, 376800, 376977, 377992, 378355, 378371, 378594, 378694, 378705, 378714, 378834, 378844, 378865, 379019, 379029, 379044, 379050, 379053, 379412, 379422, 379453, 379457, 379591, 379914, 379926, 379934, 379962, 380427, 380430, 380441, 380617, 380822, 380830, 380852, 381217, 381341, 381388, 381439, 381607, 381612, 381667, 381824, 381888, 381891, 381965, 382026, 382031, 382035, 382044, 382050, 382097, 382123, 382126, 382129, 382178, 382182, 382304, 382343, 382420, 382424, 382431, 382447, 382474, 382597, 382605, 382831, 382861, 382893, 382900, 382907, 382954, 382965, 382979, 383138, 383219, 383225, 383317, 383390, 383400, 383409, 383411, 383568, 383606, 383646, 383677, 383706, 383814, 383964, 383970, 384100, 384439, 384478, 384518, 384613, 384620, 384710, 384713, 384716, 384730, 384817, 384943, 384946, 385079, 385085, 385212, 385238, 385254, 385350, 385383, 385579, 385585, 385592, 385621, 385726, 385826, 385830, 386239, 386245, 386352, 386403, 386433, 386509, 386543, 386899, 386902, 387257, 387280, 387295, 387306, 387442, 387461, 387580, 387658, 388071, 388361, 388493, 388516, 388631, 388640, 388685, 388720, 389020, 389030, 389054, 389165, 389456, 389732, 390209, 390475, 390553, 390564, 390684, 391042, 391049, 391136, 391179, 391208, 391346, 391449, 391536, 391953, 391997, 392412, 392417, 392547, 392726, 392732, 392888, 392891, 392930, 393069, 393080, 393230, 393253, 393258, 393307, 393398, 393475, 393547, 393587, 393643, 393650, 393673, 393700, 393733, 393761, 393890, 394154, 394302, 394347, 394371, 394377, 394453, 394471, 394716, 394859, 394930, 394939, 394949, 395044, 395046, 395132, 395225, 395234, 395239, 395247, 395285, 395298, 395355, 395438, 395447, 395625, 395658, 395664, 395679, 395759, 395767, 395878, 395913, 396087, 396181, 396312, 396408, 396430, 396491, 396747, 396776, 396821, 396830, 397026, 397073, 397190, 397198, 397210, 397383, 397388, 397394, 397399, 397404, 397443, 397503, 397576, 397626, 397703, 397741, 397783, 397848, 398013, 398196, 398204, 398212, 398265, 398274, 398339, 398346, 398760, 398964, 399050, 399060, 399150, 399298, 399380, 399495, 399581, 399689, 399780, 399818, 399825, 399840, 399844, 399848, 399869, 399894, 399898, 399904, 399911, 399960, 399963, 399971, 400005, 400032, 400039, 400278, 400412, 400666, 400727, 400826, 400884, 400889, 400972, 400996, 401072, 401208, 401395, 401467, 401479, 401543, 401549, 401655, 401830, 401930, 402088, 402104, 402110, 402116, 402120, 402124, 402127, 402132, 402318, 402322, 402360, 402492, 402692, 402726, 402735, 403155, 403312, 403318, 403437, 403512, 403636, 403639, 403644, 403656, 403663, 403672, 403922, 403931, 403986, 403991, 404366, 404452, 404685, 404688, 404748, 405082, 405159, 405599, 405607, 405633, 405845, 405883, 405897, 406014, 406083, 406087, 406099, 406107, 406128, 406173, 406184, 406186, 406225, 406436, 406487, 406670, 406905, 406914, 406935, 407002, 407028, 407175, 407698, 407853, 407874, 408039, 408071, 408502, 408522, 408531, 408549, 408637, 408806, 409090, 409237, 409395, 409418, 409596, 409656, 409673, 409711, 409817, 409838, 409946, 409951, 409987, 410063, 410068, 410076, 410082, 410276, 410323, 410382, 410539, 410589, 410597, 410638, 410719, 410866, 410924, 410933, 411318, 411393, 411505, 411511, 411558, 411591, 411844, 412493, 412649, 412672, 412684, 412735, 412759, 412778, 412875, 412986, 413003, 413172, 413183, 413236, 413247, 413252, 413478, 413610, 413660, 413678, 413699, 413739, 413906, 414224, 414271, 414275, 414586, 414605, 414637, 414644, 414648, 414754, 414766, 414806, 414813, 414828, 414869, 414874, 414880, 414884, 414890, 414910, 414985, 415768, 415823, 416277, 416288, 416443, 416621, 416627, 416634, 417013, 417017, 417090, 417723, 417729, 418020, 418436, 418851, 419026, 419063, 419107, 419273, 419314, 419320, 419632, 419762, 419768, 419794, 419952, 419980, 419998, 420043, 420106, 420144, 420234, 420278, 420283, 420396, 420411, 420416, 420422, 420482, 420500, 420538, 420774, 420782, 420894, 421081, 421478, 421705, 421742, 421760, 422191, 422294, 422321, 422425, 422851, 422854, 422858, 422907, 422927, 422950, 423205, 423233, 423380, 423544, 423720, 423725, 423732, 423738, 423746, 423757, 424002, 424041, 424126, 424153, 424931, 424957, 425331, 425482, 425486, 425498, 425537, 425913, 425936, 427234, 427407, 427487, 427675, 427731, 427742, 427752, 428018, 428107, 428114, 428223, 428233, 428243, 428286, 428300, 428310, 428312, 428503, 428705, 428817, 428917, 428920, 428967, 429031, 429373, 429422, 429431, 429448, 429458, 429465, 429537, 429680, 429697, 429699, 429713, 429719, 429724, 429795, 429825, 430656, 430928, 430957, 430976, 431147, 431568, 431616, 431804, 431823, 432008, 432045, 432051, 432073, 432078, 432082, 432120, 432202, 432270, 432274, 432326, 432391, 432554, 432614, 432628, 432848, 432951, 433071, 433239, 433866, 433873, 433896, 433923, 434072, 434214, 434241, 434889, 434905, 434912, 434929, 434950, 435028, 435036, 435113, 435134, 435144, 435182, 435385, 435392, 435497, 435591, 435853, 435997, 436054, 436066, 436088, 436107, 436117, 436123, 436134, 436144, 436206, 436263, 436296, 436338, 436540, 436548, 436612, 436806, 437143, 437151, 437170, 437177, 437283, 437331, 437415, 437467, 437957, 437964, 439405, 439488, 439494, 439499, 439505, 439513, 439516, 439539, 439557, 440029, 440243, 440260, 441203, 441207, 441612, 441659, 441674, 441683, 441794, 441905, 442123, 442175, 442302, 442322, 442362, 442471, 442538, 442631, 442673, 442683, 442691, 442731, 442738, 442776, 442805, 442842, 443008, 443054, 443058, 443066, 443076, 443080, 443086, 443095, 443106, 443138, 443167, 443174, 443182, 443214, 443221, 443231, 443405, 444033, 444084, 444095, 444100, 444120, 444124, 444131, 444154, 444164, 444561, 444657, 444675, 444683, 444857, 444865, 445371, 445375, 445544, 445788, 446078, 446083, 446093, 446105, 446114, 446246, 446527, 446988, 447087, 447129, 447295, 447373, 447401, 447425, 447511, 447581, 447607, 447685, 447971, 448178, 448289, 448360, 448370, 448458, 448818, 448865, 448882, 448895, 448900, 448937, 449792, 449804, 449838, 449907, 450055, 450230, 450342, 450800, 450812, 451003, 451007, 451014, 451021, 451030, 451042, 451232, 451387, 451404, 451424, 451434, 451461, 451477, 451532, 451615, 451954, 451966, 451992, 451996, 452001, 452099, 452183, 452195, 452239, 452245, 452257, 452617, 452636, 452867, 452954, 453290, 453322, 453569, 453593, 453613, 453621, 453876, 453997, 454143, 454193, 454453, 454522, 454745, 454846, 454885, 454890, 454953, 454976, 454992, 455002, 455017, 455057, 455065, 455081, 456540, 457765, 457774, 457777, 457831, 458487, 458511, 458519, 458528, 458637, 458685, 458805, 458813, 459283, 459439, 459729, 460913, 461127, 461409, 461453, 461797, 461813, 462575, 462712, 463095, 463129, 463232, 464070, 464128, 464157, 464417, 464533, 464779, 465015, 465330, 465387, 465838, 466042, 466069, 466096, 466125, 466325, 466343, 466531, 466645, 467073, 467087, 468802, 468805, 468809, 468813, 468825, 468893, 468909, 468922, 468927, 468948, 468978, 469095, 469097, 469867, 470099, 470641, 470816, 470827, 471159, 471432, 471701, 471715, 471909, 472114, 472372, 472718, 472730, 472768, 472895, 472937, 472954, 472994, 473045, 473053, 473089, 473289, 473294, 473327, 473332, 473364, 473391, 473433, 473480, 473495, 473523, 473551, 473631, 473639, 473643, 473648, 473654, 473679, 473735, 473763, 473769, 473780, 473829, 473878, 473910, 474169, 474384, 474410, 474422, 474621, 474624, 474627, 475047, 475082, 475088, 475189, 475290, 475629, 475634, 476042, 476940, 476950, 476956, 476973, 477000, 477006, 477022, 477043, 477331, 477354, 477443, 477699, 477844, 477851, 477867, 478142, 478179, 478201, 478425, 478547, 478562, 478571, 478625, 478632, 478659, 478666, 478679, 478685, 478691, 478702, 478709, 478726, 478994, 479004, 479069, 479262, 479275, 479574, 479591, 480533, 480761, 480781, 480801, 480875, 480909, 480922, 480934, 481038, 481052, 481065, 481074, 481088, 481097, 481109, 481123, 481159, 481890, 482847, 482923, 482933, 483018, 483021, 483135, 483181, 483523, 483596, 483773, 484028, 484080, 484127, 484133, 484323, 484444, 484622, 484856, 485132, 485259, 486295, 486820, 487359, 487625, 487725, 487840, 487853, 487905, 487911, 488111, 488116, 488144, 488495, 488627, 488635, 489428, 489502, 489703, 489734, 489889, 489914, 490048, 490274, 490392, 490465, 490603, 491158, 491410, 491998, 492200, 492387, 492471, 492498, 492661, 492667, 492671, 492793, 492850, 492858, 493637, 494312, 494492, 494603, 494732, 494745, 494829, 494884, 494907, 495002, 495038, 495126, 495132, 495142, 495154, 495159, 495164, 495244, 495370, 495380, 495578, 495603, 495608, 495619, 495714, 495724, 495729, 495738, 495744, 496454, 496568, 496757, 497065, 497177, 497865, 498026, 498171, 498312, 498390, 498439, 498468, 498545, 498584, 498611, 498619, 498686, 498751, 498862, 499175, 499568, 499576, 499887, 500076, 500083, 500242, 500581, 500879, 501197, 501447, 501483, 501857, 502033, 502038, 502041, 502046, 502125, 502166, 502175, 502350, 502395, 502434, 502441, 502500, 502603, 503417, 503488, 503542, 503550, 503561, 503938, 504226, 504433, 504438, 504637, 505054, 505292, 505486, 505498, 505521, 505537, 505746, 505763, 506379, 506423, 506520, 506911, 507193, 507259, 507330, 507434, 507610, 507687, 507760, 507786, 507889, 507897, 507910, 508149, 508174, 508187, 508529, 508552, 508837, 508898, 508989, 509570, 510011, 510570, 510583, 510714, 510844, 511280, 511608, 511613, 512032, 512088, 512196, 512202, 512211, 512241, 512432, 512440, 512666, 512693, 512700, 513689, 513693, 513921, 513924, 514167, 514175, 514597, 514986, 515131, 515348, 515483, 515742, 516473, 516537, 516664, 516997, 517540, 517568, 517577, 517694, 518005, 518140, 519198, 519210, 519578, 519611, 519785, 520016, 520178, 520232, 520360, 520630, 520636, 520643, 520688, 520880, 520892, 520899, 521314, 521546, 521604, 521718, 522223, 522230, 522234, 522562, 522593, 522631, 522721, 522725, 523127, 523147, 523565, 523641, 523682, 523701, 523708, 524033, 524351, 524729, 525190, 525510, 525520, 525545, 525558, 526529, 527882, 528108, 528901, 529023, 529683, 529924, 530013, 530231, 531313, 531493, 531822, 531828, 532272, 532563, 532982, 533110, 533127, 533142, 533673, 533924, 534129, 534134, 534137, 534141, 534277, 534298, 534724, 534746, 534851, 535066, 535717, 535813, 535929, 536775, 536781, 537095, 537313, 537321, 537332, 537758, 537780, 538436, 538469, 538654, 538754, 538764, 538789, 539011, 539134, 539253, 539286, 539421, 539425, 539612, 539632, 540301, 540474, 540587, 540701, 540857, 540868, 540873, 540883, 540888, 541051, 541139, 541251, 541323, 541432, 541459, 541478, 541532, 541724, 541950, 541966, 542205, 542293, 542314, 542515, 542543, 542556, 542602, 543349, 543380, 543411, 543459, 543620, 543642, 543833, 543940, 544005, 544042, 544111, 544529, 545403, 546228, 546433, 546471, 546479, 546599, 547144, 547283, 547368, 547385, 547483, 548346, 548423, 548433, 548519, 548524, 548564, 548744, 548770, 549156, 549560, 549624, 549805, 549813, 549932, 550387, 550394, 550447, 550469, 550938, 550963, 550968, 551088, 551098, 551317, 551485, 551833, 552216, 552255, 552265, 552351, 552387, 552399, 552418, 552433, 552444, 552505, 553186, 553262, 553481, 553722, 554040, 554081, 554421, 554444, 554465, 554614, 554751, 554854, 554964, 554982, 554999, 555139, 555146, 555183, 555201, 555325, 555417, 555959, 556189, 556367, 556373, 556457, 556499, 556504, 556510, 556679, 557360, 557395, 557403, 557943, 557947, 558295, 558364, 558401, 558418, 558628, 558639, 558899, 558915, 558926, 558932, 558967, 559084, 559146, 559227, 559243, 559330, 559399, 559409, 559426, 559703, 559737, 559764, 559790, 559872, 559961, 559972, 559982, 560003, 560041, 560049, 560052, 560057, 560061, 560123, 560149, 560157, 560198, 560227, 560283, 560291, 560329, 560338, 560381, 560449, 560667, 560707, 560722, 560769, 560772, 560866, 560872, 560877, 560882, 560949, 560954, 560981, 561003, 561009, 561021, 561032, 561036, 561046, 561127, 561155, 561159, 561223, 561289, 561362, 561367, 561374, 561520, 561541, 561776, 561787, 561822, 561958, 562045, 562146, 562293, 562348, 562353, 562361, 562476, 562595, 562597, 563072, 563085, 563258, 563267, 563311, 563518, 563631, 563636, 563673, 563769, 563889, 564264, 564343, 564488, 564595, 564693, 565186, 565191, 565419, 565716, 565720, 566095, 566097, 566268, 566512, 567040, 567053, 567315, 567422, 567457, 567947, 568002, 568500, 568526, 568658, 568660, 568668, 568864, 569020, 569027, 569039, 569047, 569055, 569615, 570040, 570179, 570977, 571044, 571155, 571346, 571686, 572342, 572870, 573141, 573276, 573388, 573494, 573730, 573754, 574092, 574883, 574891, 574931, 574942, 575100, 575230, 575474, 575732, 575874, 575889, 575896, 576018, 576116, 576559, 576567, 576879, 577262, 577274, 577645, 577714, 577829, 577905, 577984, 578008, 578405, 578442, 578446, 578523, 578542, 578566, 578681, 578693, 578702, 579226, 579230, 579281, 580239, 580263, 580306, 580499, 580593, 580604, 580737, 580777, 580791, 580894, 580913, 580934, 581130, 581164, 581320, 581344, 581381, 581399, 581467, 581521, 581533, 581724, 581760, 581769, 581862, 581881, 581887, 582059, 582089, 582094, 582101, 582118, 582427, 582759, 583161, 583166, 583171, 583292, 583332, 583385, 583732, 583976, 584002, 584030, 584203, 584354, 584440, 584481, 584497, 584856, 585046, 585057, 585087, 585489, 585545, 585576, 585670, 586071, 586218, 586229, 586371, 586396, 586657, 586800, 586857, 586890, 586946, 587559, 587651, 587660, 587790, 588108, 588245, 588301, 588305, 588321, 588325, 588329, 588333, 588360, 588382, 588608, 588680, 588700, 588886, 588897, 588935, 588961, 589032, 589085, 589109, 589116, 589232, 589586, 589591, 589599, 589623, 589764, 589772, 590043, 590650, 590735, 590909, 590951, 591002, 591009, 591038, 591047, 591132, 591149, 591153, 591216, 591292, 591475, 591521, 592291, 592306, 592366, 592459, 592479, 592546, 592611, 592895, 592902, 592963, 593037, 593084, 593090, 593097, 593110, 593206, 593214, 593237, 593376, 593401, 593482, 593772, 593814, 593822, 594210, 594273, 594292, 594339, 594546, 594559, 594788, 594821, 594827, 594847, 594939, 594962, 595018, 595024, 595050, 595068, 595107, 595264, 595587, 595808, 595931, 595986, 595994, 596011, 596102, 596116, 596130, 596333, 596513, 596620, 596629, 596664, 596672, 596701, 596770, 596804, 596814, 596827, 596835, 596853, 597674, 597690, 597878, 597925, 597991, 598001, 598117, 598128, 598160, 598388, 598468, 598475, 598546, 598727, 598761, 598797, 598801, 599009, 599102, 599132, 599159, 599297, 599347, 599388, 599395, 599651, 599778, 599896, 599899, 599905, 600011, 600104, 600224, 600403, 600474, 600593, 600602, 600860, 600863, 600866, 600875, 601065, 601129, 601176, 601346, 601373, 601471, 601539, 601546, 601562, 601638, 602224, 602264, 602271, 602277, 602303, 602312, 602321, 602362, 602587, 602901, 602905, 603111, 603115, 603126, 603162, 603480, 603502, 603550, 603778, 604030, 604189, 604501, 604507, 604581, 604586, 604739, 604769, 604780, 604827, 604834, 605180, 605226, 605357, 605397, 605473, 605549, 605569, 605610, 605791, 605853, 606371, 606447, 606610, 607036, 607048, 607053, 607057, 607154, 607358, 607997, 608136, 608226, 608671, 608742, 608794, 608908, 609000, 609007, 609080, 609173, 609227, 609248, 609255, 609477, 609520, 609557, 609609, 609749, 609908, 609985, 610068, 610195, 610205, 610280, 610297, 610555, 610685, 610695, 610753, 610946, 611027, 611101, 611513, 611535, 611670, 611679, 611693, 611749, 611864, 611889, 612028, 612105, 612201, 612207, 612222, 612335, 613161, 613213, 613233, 613250, 613346, 613431, 613578, 613818, 613826, 613882, 614120, 614203, 614556, 614657, 614661, 614665, 614671, 614676, 614690, 614703, 614766, 614955, 615104, 615306, 615360, 615530, 615539, 615878, 616399, 616403, 616406, 616478, 616605, 617197, 617247, 617314, 617448, 617500, 617515, 617528, 617535, 617609, 617633, 617792, 617970, 618485, 618658, 618664, 618759, 618859, 618863, 618882, 618947, 619008, 619088, 619106, 619124, 619157, 619216, 619229, 619328, 619334, 619443, 619447, 619460, 619590, 619961, 619984, 619989, 620032, 620117, 620791, 620884, 620894, 621234, 621384, 621402, 621407, 621443, 621769, 621772, 622275, 622285, 622352, 622502, 622741, 622769, 622815, 622844, 622850, 622896, 622901, 622905, 622909, 622966, 623007, 623044, 623122, 623147, 623204, 623589, 623624, 623688, 623729, 623788, 623811, 623866, 624230, 624321, 624326, 624334, 624622, 624636, 624652, 624662, 624670, 624676, 624749, 624767, 624773, 624870, 625145, 625207, 625368, 625475, 625619, 626350, 626439, 626830, 626855, 626909, 627147, 627153, 627217, 627577, 627585, 627692, 627730, 627738, 628176, 628179, 628185, 628191, 628202, 628225, 628235, 628267, 628283, 628301, 628319, 628343, 628367, 628465, 628558, 628571, 628582, 628586, 628592, 628599, 628615, 628690, 628723, 628741, 628751, 628810, 628817, 628845, 628858, 628902, 629152, 629213, 629273, 629391, 629407, 629555, 629583, 629610, 629672, 629911, 629926, 629943, 629961, 630106, 630152, 630193, 630229, 630370, 630391, 630441, 630810, 630918, 630929, 631029, 631510, 631649, 631804, 631895, 632048, 632147, 632153, 632171, 632276, 632324, 632415, 632469, 632635, 633932, 634187, 634677, 634704, 635494, 635506, 635527, 636300, 636517, 637032, 637628, 638027, 638035, 638288, 638302, 638493, 638506, 638549, 638643, 639285, 640172, 640872, 640905]
