10,1994,[1480, 1675, 1678, 1886, 2324, 2344, 4259, 4285, 4288, 4317, 6436, 6439, 6455, 6519, 6527, 7853, 7866, 7881, 7882, 7902, 7906, 7932, 7950, 7959, 7963, 7971, 8009, 8017, 8026, 8045, 8102, 8440, 8446, 8451, 8457, 8461, 8470, 10199, 10396, 10455, 10477, 10615, 10888, 10940, 10977, 10984, 11015, 11044, 11066, 11100, 11937, 12679, 12682, 12698, 12707, 12716, 12738, 12741, 12774, 12797, 12832, 12931, 13249, 13297, 13299, 13314, 13326, 13329, 13351, 13376, 13382, 13457, 13461, 13505, 13508, 13541, 13544, 13587, 13596, 13614, 13629, 13654, 13713, 13766, 13782, 13797, 14161, 14178, 14212, 14221, 14607, 15228, 15379, 15386, 15394, 15431, 16004, 16016, 16779, 16842, 16855, 16978, 16984, 17008, 17023, 17048, 17053, 17111, 17136, 17155, 17187, 17311, 17348, 17360, 17366, 17373, 17443, 17447, 17525, 17585, 17663, 17673, 17676, 18527, 18858, 20012, 20101, 20409, 20411, 20415, 20418, 20541, 20582, 20586, 21385, 21397, 21432, 23121, 23125, 23205, 23282, 23327, 23332, 23335, 23367, 23369, 23375, 23380, 23454, 23458, 23471, 23474, 23479, 23501, 23534, 23552, 23554, 23566, 23598, 23602, 23611, 23652, 23658, 23666, 23672, 23923, 23997, 23999, 24001, 24039, 24058, 24070, 24118, 24474, 30336, 32348, 32366, 32421, 32436, 32471, 33389, 33392, 33395, 34008, 38233, 41366, 41375, 42827, 42830, 42905, 42909, 44544, 44547, 44618, 44623, 44628, 44631, 44643, 44647, 44654, 44663, 44665, 44668, 44679, 44856, 44860, 45474, 45478, 45481, 45486, 65029, 65671, 65693, 65712, 65726, 65734, 65744, 65789, 65797, 65803, 65843, 68981, 68983, 68995, 69008, 69024, 69062, 69081, 69084, 69104, 69111, 69117, 69124, 69129, 69142, 69146, 69149, 69160, 69186, 69209, 69250, 69257, 69299, 69302, 69319, 70820, 70894, 70960, 70982, 70988, 70991, 70995, 71000, 71009, 71012, 71014, 71019, 71030, 71037, 71052, 71140, 71634, 71821, 72264, 72336, 72370, 72375, 72379, 72387, 72689, 72775, 72817, 72896, 73343, 73346, 73351, 73663, 75516, 75577, 76366, 76694, 76979, 76996, 77200, 82252, 82259, 82271, 82319, 82322, 82350, 82354, 82404, 82429, 82591, 82650, 82666, 82678, 82683, 82688, 82698, 82725, 82755, 82771, 87964, 87987, 87998, 88003, 88012, 88024, 91083, 91134, 92766, 92774, 92783, 92793, 92800, 92818, 92821, 92824, 92827, 92882, 95231, 95276, 95481, 96966, 97340, 98178, 100327, 100330, 100333, 100336, 100339, 100345, 100348, 100354, 100357, 100368, 100373, 100376, 100383, 100385, 100391, 100400, 100402, 100405, 100417, 100422, 100425, 100432, 100438, 100443, 100448, 100453, 100456, 100464, 100475, 100480, 100489, 100495, 100507, 100511, 100515, 100521, 100528, 100531, 100535, 100545, 100550, 100565, 100568, 100573, 100578, 100589, 100599, 100603, 100609, 100615, 100622, 100625, 100630, 100637, 100658, 100682, 100684, 104851, 112647, 112917, 114993, 118281, 118297, 118915, 118920, 118927, 118935, 118939, 118947, 118951, 118959, 118962, 118972, 118974, 118986, 118991, 119000, 119009, 119014, 119552, 119555, 119561, 119567, 119576, 119578, 119588, 119623, 119630, 119700, 119727, 119733, 119737, 119752, 119803, 119809, 119867, 119871, 119879, 119910, 119923, 119935, 119939, 119949, 119967, 119971, 120565, 120580, 120585, 120590, 120594, 120616, 120619, 120624, 120628, 120638, 120641, 120646, 120651, 121209, 121214, 121217, 121227, 121307, 121379, 121391, 121403, 121410, 123348, 124023, 124032, 124039, 124043, 124047, 124051, 124059, 124063, 126707, 126711, 126715, 126721, 126964, 129312, 129349, 129396, 131594, 131762, 131776, 131779, 131782, 131794, 131844, 132730, 132737, 134348, 134353, 135402, 136853, 138028, 138035, 138041, 138061, 138270, 138273, 138291, 138294, 138298, 138301, 138969, 138974, 138981, 138988, 138995, 139002, 139138, 141210, 141220, 141225, 141230, 141235, 141240, 141245, 141250, 141255, 141270, 141274, 141278, 141283, 141331, 141343, 141348, 141353, 141364, 141368, 141372, 141376, 141388, 141393, 141433, 141443, 141454, 141458, 141462, 141466, 141477, 141481, 141485, 141490, 141502, 141512, 141517, 141552, 141557, 141561, 141565, 141576, 141581, 141585, 141590, 141602, 141612, 141616, 141620, 144431, 144439, 144445, 144469, 144744, 144749, 144756, 144763, 144770, 146352, 146427, 146716, 146728, 146752, 146789, 146843, 147361, 147366, 147393, 147399, 147431, 147435, 152573, 152578, 152797, 152808, 152879, 152906, 152915, 152919, 152935, 152940, 153351, 153424, 153537, 153542, 153552, 153631, 153645, 153658, 153660, 153956, 153994, 154099, 154337, 154369, 154383, 154502, 154509, 154519, 154522, 154526, 154533, 154537, 154630, 154639, 154641, 155009, 155112, 155116, 155172, 155195, 155218, 155270, 155342, 155424, 155438, 155445, 155484, 155514, 155526, 157107, 157118, 157124, 157128, 157131, 157146, 157787, 157794, 157797, 157812, 157830, 157837, 157867, 157876, 157887, 157916, 157919, 157926, 158095, 158099, 159817, 159860, 159864, 159870, 159910, 159915, 159930, 159936, 159964, 159981, 160077, 160084, 160095, 160099, 160167, 160173, 160252, 160256, 160275, 160314, 160329, 160503, 160533, 160633, 160656, 160681, 160689, 160700, 160711, 160740, 160754, 160764, 160769, 160788, 160810, 160832, 160867, 160904, 160909, 160914, 161013, 161032, 161036, 161067, 161264, 161275, 161287, 161294, 161697, 161701, 161766, 161775, 161942, 161945, 161962, 161965, 161969, 161973, 161980, 161995, 162006, 162008, 162129, 162135, 162138, 162142, 162158, 162243, 162249, 162282, 162339, 162365, 162369, 162391, 162408, 162912, 164358, 164362, 164372, 164376, 164381, 164387, 164390, 164426, 164430, 173926, 174019, 178575, 178586, 178612, 178685, 179027, 179038, 179180, 179195, 179211, 179244, 180456, 180459, 180551, 180609, 180631, 184080, 184082, 184091, 184095, 184099, 185967, 186164, 188182, 188191, 188197, 188203, 188727, 188734, 188746, 189431, 189435, 189636, 189659, 189751, 189787, 189806, 189891, 189904, 189908, 189964, 189972, 189976, 189980, 189987, 189996, 190001, 190028, 190050, 190058, 190075, 190082, 190087, 190091, 190097, 190100, 190102, 190109, 190113, 190136, 190597, 190638, 190650, 190666, 193153, 196350, 196483, 196864, 199390, 199397, 199402, 199429, 199449, 200069, 201086, 201091, 201129, 201893, 202298, 202355, 202359, 202494, 202498, 202505, 202530, 208086, 208093, 208239, 208244, 208246, 208259, 208312, 208501, 208511, 208519, 208524, 211779, 211790, 211810, 212718, 212732, 214248, 214266, 214316, 214384, 214463, 214471, 214508, 217676, 221436, 221517, 221520, 221526, 221543, 221551, 221615, 221683, 221695, 221734, 221743, 221749, 221754, 221799, 221844, 221875, 221922, 221953, 221970, 221974, 222009, 222017, 222020, 222024, 222105, 222247, 222273, 222552, 223888, 223921, 223936, 224788, 224823, 224827, 224878, 224882, 224894, 224914, 225741, 226084, 226285, 226289, 226331, 226335, 226339, 226350, 226370, 226379, 226384, 226394, 227423, 227479, 227823, 227847, 227856, 227867, 227878, 233908, 235877, 239407, 241274, 242266, 242278, 242282, 242287, 242292, 242301, 242306, 242311, 242476, 242483, 242488, 242493, 242498, 242503, 242513, 242518, 242544, 242549, 242558, 242562, 242567, 242572, 242581, 242586, 242591, 242596, 242606, 242611, 242616, 242632, 242636, 242659, 242664, 242669, 242674, 242684, 242689, 242694, 242699, 243264, 243268, 243272, 243276, 247825, 249157, 260035, 260300, 260305, 260307, 260318, 260374, 260568, 260587, 260592, 261777, 263557, 263571, 267255, 267747, 267773, 267780, 267792, 267801, 267817, 275667, 277304, 292453, 292695, 292810, 292969, 293033, 293034, 293042, 293050, 293057, 293059, 293073, 293076, 293082, 293107, 293170, 293172, 293217, 293238, 293272, 293323, 293327, 293381, 293384, 293389, 294024, 294029, 294066, 294142, 294145, 294162, 294383, 294461, 294709, 295492, 297682, 298645, 299779, 303679, 306671, 306768, 309853, 309879, 309887, 309896, 309901, 310013, 310026, 310051, 310056, 317687, 320980, 320994, 320998, 321113, 321121, 321355, 321458, 321465, 321468, 322819, 323421, 325088, 325316, 325607, 325894, 329582, 329588, 329599, 329609, 330300, 330596, 330908, 330915, 334069, 334080, 334798, 336775, 340965, 341843, 341847, 341854, 341859, 342624, 345270, 345288, 345492, 345497, 345635, 345641, 345647, 345650, 345656, 345664, 345906, 345909, 345913, 345919, 345926, 345938, 345945, 346210, 346218, 346239, 346254, 346312, 346315, 346525, 346531, 346539, 346543, 346555, 346581, 346588, 346707, 346715, 346726, 346864, 346874, 346880, 347077, 347083, 347087, 347134, 347268, 347296, 347302, 347330, 347334, 347439, 347450, 347457, 347499, 347503, 347519, 347520, 347538, 347958, 347964, 347970, 347975, 347981, 347987, 348124, 348172, 349019, 349665, 349673, 351075, 351242, 354841, 354957, 356217, 356256, 356313, 356508, 356515, 356520, 356536, 356547, 356556, 356569, 356573, 356583, 356590, 356596, 356601, 356604, 356612, 356617, 356625, 356633, 356643, 356647, 356658, 356663, 356691, 356701, 356706, 356716, 356724, 356729, 356731, 356736, 356762, 356765, 356769, 356773, 359376, 359385, 359391, 360675, 361524, 361700, 362521, 362527, 362530, 362534, 362537, 362547, 362914, 363011, 363019, 363615, 364623, 364760, 365106, 366115, 366797, 366817, 367483, 367487, 368738, 368797, 368997, 369002, 370103, 371687, 372417, 372476, 372481, 372686, 372704, 372707, 372719, 372773, 373821, 373827, 373936, 373942, 373979, 375049, 375051, 375056, 377682, 377690, 377746, 377755, 377766, 377783, 379106, 380199, 380201, 380205, 380218, 385394, 385405, 386054, 386060, 386065, 386463, 386478, 386862, 387098, 390481, 390488, 391901, 391918, 392267, 392304, 392335, 392339, 392344, 392349, 392358, 392369, 392380, 392397, 392402, 393661, 393672, 393674, 393679, 393685, 393690, 393695, 393859, 393862, 393990, 394160, 394179, 394183, 394187, 394206, 394226, 394235, 394511, 395008, 395306, 395310, 395323, 395577, 395588, 396096, 396103, 396116, 396143, 396169, 396173, 396178, 396184, 397688, 398010, 398012, 398539, 400023, 400048, 401667, 402739, 402751, 404146, 404622, 410895, 411226, 411424, 411429, 420399, 420443, 420470, 420473, 420476, 420483, 420679, 421423, 421429, 421477, 421486, 421905, 422121, 422214, 422350, 422661, 422847, 422909, 423134, 423253, 423262, 423361, 423395, 423401, 423414, 423419, 423786, 423790, 423803, 423807, 423978, 424001, 424069, 424084, 424096, 424102, 424104, 424108, 424121, 424126, 424376, 424382, 424385, 424389, 424393, 424397, 424458, 424460, 424469, 424485, 424493, 424617, 424621, 424634, 424659, 424667, 424675, 424854, 424863, 424966, 424970, 424979, 425003, 425009, 425026, 425067, 425079, 425099, 425113, 425117, 425131, 425141, 425575, 425579, 425589, 425599, 425666, 425668, 425729, 425736, 425804, 425808, 425903, 425959, 426022, 426029, 426035, 426056, 426132, 426138, 426156, 426164, 426190, 426195, 426210, 426215, 426237, 426240, 426243, 426246, 426249, 426282, 426442, 427384, 427387, 427391, 427397, 427399, 427405, 427409, 427430, 427433, 427448, 427452, 427455, 427462, 427467, 427475, 427479, 427481, 427496, 427499, 427521, 427524, 427527, 427537, 427549, 427553, 427557, 427569, 427571, 427576, 427584, 427586, 427591, 427620, 427632, 427647, 427813, 427819, 428108, 428182, 428228, 428239, 428241, 428244, 428253, 428469, 429466, 429467, 429607, 429612, 429623, 432190, 432212, 435973, 436539, 437521, 438257, 438602, 438611, 438614, 438645, 438663, 438706, 438730, 438732, 438838, 438845, 438884, 438894, 438942, 439205, 439212, 439221, 439271, 440467, 440476, 440516, 440524, 440651, 440662, 440667, 440685, 440687, 440713, 440718, 442735, 442737, 442754, 442911, 443196, 443212, 443238, 443244, 443286, 443306, 443461, 443494, 443498, 443520, 443549, 443555, 443560, 443566, 443573, 443577, 443581, 443594, 443598, 443601, 443605, 443621, 443624, 443633, 443639, 443643, 443645, 443652, 443685, 443735, 443752, 443760, 443771, 443779, 443783, 443790, 443796, 443801, 443807, 444135, 444388, 444417, 444428, 444437, 444704, 444708, 444733, 444810, 444817, 444818, 445687, 445692, 445695, 445698, 445727, 446062, 447468, 447472, 447477, 447482, 447491, 447495, 447915, 448124, 448128, 448132, 448253, 448256, 448300, 448330, 448355, 448575, 448579, 448581, 448585, 448587, 448858, 448867, 449537, 449745, 449752, 449757, 449764, 449801, 449849, 449852, 449885, 449907, 449911, 449930, 449934, 449976, 449984, 449986, 450030, 450032, 450123, 450127, 450947, 451763, 451770, 453156, 459086, 470323, 470327, 470331, 470337, 470645, 471865, 472029, 472032, 472036, 472039, 472042, 472046, 472050, 472054, 472063, 472067, 472073, 472082, 472137, 472144, 472185, 472193, 472225, 472231, 472235, 472241, 472249, 472252, 472255, 472259, 472263, 472269, 472272, 472303, 472317, 472320, 472326, 472337, 472340, 472348, 472352, 472353, 472371, 472408, 472536, 472545, 472578, 472600, 472616, 473069, 473079, 473080, 474187, 474369, 474658, 474754, 474838, 475480, 475643, 475999, 476647, 476815, 477434, 478660, 478976, 478981, 480965, 481867, 482003, 482760, 483675, 483681, 483686, 483693, 483698, 483821, 484716, 484731, 484737, 484819, 484832, 485529, 485533, 485674, 485779, 485784, 485852, 485882, 485892, 485912, 485929, 485934, 488147, 488189, 488208, 488216, 488242, 488244, 488247, 488251, 488264, 488271, 488636, 488641, 488894, 489112, 490183, 490194, 491153, 491655, 491845, 492081, 492088, 492429, 492434, 492459, 493695, 494419, 495845, 496250, 496445, 496454, 496460, 496494, 496579, 496586, 496999, 498363, 498368, 498448, 498468, 498475, 500147, 500153, 500896, 500951, 501015, 501819, 501826, 502252, 504603, 504639, 504649, 504677, 504698, 505474, 505486, 505551, 505562, 507672, 507717, 508485, 508497, 508808, 510142, 511021, 511024, 511516, 512908, 516038, 516043, 516048, 516054, 518641, 518721, 518728, 518779, 518795, 518811, 518960, 519006, 519359, 519470, 519489, 519547, 519579, 520573, 520579, 520619, 520636, 520645, 522476, 522572, 522578, 524433, 524448, 524474, 524915, 524925, 525383, 525448, 525701, 525706, 525710, 525769, 527882, 528143, 528549, 528579, 528591, 528676, 528716, 528725, 528753, 528792, 528860, 528978, 528984, 529002, 529005, 529016, 529021, 529059, 529436, 529661, 529715, 529962, 530236, 531778, 531782, 531789, 533924, 533930, 533933, 533937, 534356, 534422, 534569, 534605, 534627, 535599, 535618, 535705, 535780, 535807, 535816, 535827, 535830, 537772, 537813, 537824, 537852, 538324, 539872, 539880, 540186, 540188, 540193, 540205, 540657, 540660, 541488, 541491, 542274, 542279, 543247, 543249, 545284, 545293, 545322, 545588, 549988, 551082, 551126, 551200, 551254, 551271, 551325, 551411, 551439, 551444, 551448, 554755, 554831, 554884, 554903, 557020, 557037, 557084, 557333, 557356, 557409, 557414, 557459, 557464, 557477, 557518, 557528, 557626, 558042, 558107, 560820, 561867, 562902, 563425, 563471, 563507, 563523, 563568, 567199, 567217, 567263, 567267, 567270, 567271, 568622, 569868, 570844, 570936, 570947, 570952, 570962, 572765, 575649, 575682, 575733, 575742, 577949, 579017, 583237, 583543, 587186, 587199, 587203, 587215, 588477, 588694, 591445, 591453, 594014, 594039, 594159, 594166, 594170, 594205, 594220, 594222, 594603, 594648, 594692, 594699, 594710, 594714, 596038, 596042, 596058, 596068, 596124, 596189, 596191, 596194, 597070, 605173, 605248, 607878, 611750, 623459, 625191, 628029, 630358, 632352, 632355, 632364, 632373, 632385, 634033, 636173, 636177, 636245, 636265, 636291, 636492, 636524, 636539, 636567, 637231, 637504, 638212, 638317, 638364, 638370, 638374, 638410, 638436, 638659, 638666, 638670, 638774, 638785, 638797, 638808, 638813, 638819, 638822, 638832, 638835, 638843, 638846, 638855, 638871, 638875, 638887, 638911, 638925, 638928, 638932, 638939, 638947, 638975, 639093, 639101, 639162, 639200, 639210, 639223, 639325, 639384, 639393, 639401, 639498, 640301, 640521, 640904]
11,247,[82, 97, 118, 129, 159, 188, 218, 223, 334, 404, 512, 526, 532, 686, 784, 823, 834, 1032, 1094, 1365, 1508, 1575, 1583, 1625, 1697, 1701, 1807, 1922, 2025, 2049, 2090, 2108, 2236, 2337, 2339, 2349, 2411, 2510, 2670, 2679, 2683, 2710, 2780, 2913, 2925, 2930, 2958, 2982, 3064, 3088, 3092, 3134, 3272, 3313, 3458, 3543, 4049, 4064, 4066, 4136, 4313, 4421, 4506, 4568, 4589, 4674, 4823, 4855, 5048, 5087, 5114, 5165, 5175, 5253, 5310, 5511, 5593, 5754, 5944, 5973, 6164, 6209, 6381, 6384, 6393, 6406, 6438, 6441, 6596, 6688, 6718, 6736, 6760, 6787, 6816, 7039, 7065, 7089, 7170, 7461, 7471, 7658, 7698, 7702, 7734, 7740, 7748, 7779, 7809, 7851, 7853, 7858, 7867, 7912, 7921, 7926, 7989, 8279, 8308, 8337, 8638, 8747, 9077, 9120, 9213, 9241, 9316, 9348, 9396, 9502, 9526, 9533, 9832, 11676, 11761, 11854, 12156, 12171, 12195, 12288, 12696, 12731, 12788, 12812, 12895, 12904, 12917, 12926, 12947, 13151, 13178, 13191, 13223, 13327, 13366, 13378, 13411, 13534, 13611, 13683, 13697, 13813, 13985, 14016, 14022, 14049, 14111, 14126, 14189, 14307, 14380, 14395, 14411, 14507, 14510, 14571, 14588, 14660, 14951, 14992, 15016, 15062, 15087, 15111, 15153, 15408, 15530, 16127, 16165, 16507, 16839, 16966, 17152, 17176, 17193, 17204, 17248, 17255, 17300, 17423, 17425, 17662, 17950, 18081, 18542, 18611, 18651, 18663, 19163, 19257, 19365, 19419, 19437, 19471, 19529, 20097, 20128, 20354, 20526, 20533, 20546, 20569, 20591, 20595, 20613, 20619, 20636, 20660, 20663, 20695, 20702, 20704, 20706, 20718, 20731, 20748, 20765, 20773, 20784, 20796, 20803, 20811, 20853, 21028, 21036, 21044, 21084]
12,271,[381, 585, 614, 822, 867, 1059, 1144, 1156, 1174, 1214, 1219, 1260, 1747, 1779, 1841, 1865, 1867, 1977, 1982, 2002, 2021, 2121, 2124, 2177, 2218, 2247, 2422, 2610, 2884, 2899, 3071, 3096, 3238, 3289, 3318, 3704, 3728, 3733, 3794, 3818, 3841, 3866, 3876, 3912, 3962, 3967, 4076, 4148, 4178, 4241, 4254, 4373, 4428, 4508, 4575, 4614, 4650, 4653, 4706, 4720, 4820, 4856, 4874, 5215, 5336, 5347, 5636, 5678, 5711, 5726, 5747, 5756, 5823, 5875, 5903, 5952, 6025, 6033, 6041, 6177, 6184, 6225, 6229, 6390, 6447, 6565, 6648, 6714, 6877, 7029, 7111, 7125, 7197, 7270, 7581, 7695, 7769, 7863, 7931, 8007, 8651, 8703, 8914, 8949, 9025, 9116, 9305, 9324, 9755, 9768, 9770, 9778, 9891, 9955, 9984, 10186, 10235, 10321, 10358, 10367, 10381, 10384, 10479, 10510, 10515, 10592, 10600, 10610, 10643, 10794, 10845, 10881, 10926, 10932, 10948, 10965, 11126, 11188, 11217, 11243, 11261, 11371, 11373, 11472, 11577, 11675, 11680, 11686, 11734, 11779, 11792, 11815, 11836, 11882, 11977, 12060, 12250, 12268, 12315, 12328, 12409, 12421, 12526, 12934, 13172, 13693, 13868, 14234, 14257, 14363, 14473, 14706, 15031, 15324, 15716, 15736, 15764, 15851, 15870, 15878, 15918, 15972, 16292, 16373, 16391, 16447, 16456, 16464, 16489, 16493, 16496, 16536, 16545, 16575, 16629, 16647, 16653, 16775, 16784, 16865, 17097, 17227, 17909, 18780, 18835, 18851, 18870, 18912, 19477, 19512, 19557, 19567, 19584, 19668, 19704, 19757, 19890, 19929, 20183, 20331, 20436, 20453, 20465, 20617, 20885, 20897, 20950, 20970, 20976, 20985, 21001, 21004, 21009, 21076, 21116, 21123, 21203, 21331, 21992, 22069, 22081, 22123, 22128, 22142, 22289, 22429, 22448, 22450, 22455, 22461, 22469, 22512, 22588, 22634, 22675, 22737, 22759, 22766, 22816, 22824, 22830, 22839, 22845, 22856, 22887, 23001, 23021, 23043, 23104, 23162, 23164]
13,3,[34, 56, 1315]
14,2,[55367, 119064]
15,333,[269, 2367, 3031, 3483, 5154, 5158, 7258, 10964, 10967, 12880, 12909, 13808, 15435, 16213, 16267, 16438, 19547, 19637, 20731, 20822, 20897, 22134, 22992, 23001, 23454, 23468, 23537, 23550, 23566, 23571, 23579, 23586, 23598, 23619, 23646, 23678, 23726, 23730, 23753, 23778, 23799, 24356, 24668, 25054, 26825, 26871, 27144, 27864, 27916, 27988, 28000, 28131, 28133, 28182, 28187, 30143, 30400, 31574, 31693, 31702, 31719, 31735, 32749, 32883, 32893, 33036, 33609, 34214, 34226, 34350, 34357, 34375, 34391, 34394, 34422, 34433, 34892, 35028, 36513, 36516, 36827, 37827, 38686, 39671, 44435, 44463, 44491, 48019, 48034, 48052, 48058, 48069, 49354, 49985, 52420, 59028, 59040, 59581, 59588, 59602, 59620, 59661, 59668, 59682, 60429, 61302, 61820, 63627, 63666, 63669, 63684, 64103, 64809, 66409, 67504, 67506, 67510, 67752, 67754, 68344, 68648, 68651, 69407, 69416, 72022, 72378, 72390, 73015, 73029, 73032, 73046, 73055, 73265, 73428, 73438, 73587, 73823, 73835, 73868, 75263, 75273, 75329, 75391, 75437, 75459, 75936, 75939, 76070, 76085, 76100, 76173, 78156, 79608, 79635, 79640, 79647, 79651, 80638, 85342, 85541, 85552, 85558, 86882, 88175, 88177, 88187, 88189, 88203, 88213, 88217, 88231, 88251, 88649, 88667, 93390, 93912, 93916, 93931, 96133, 96318, 96400, 96422, 96495, 96505, 96563, 96657, 96682, 96807, 97432, 99956, 100181, 101094, 102675, 105527, 107672, 107686, 108203, 108945, 110368, 110637, 111078, 111135, 111314, 116961, 116980, 117042, 117680, 117681, 117690, 120956, 121166, 121348, 121352, 121360, 121918, 121934, 121957, 121965, 121971, 121974, 121987, 122005, 123884, 123897, 123931, 125965, 126063, 126150, 127145, 128547, 128551, 128818, 128825, 128854, 129175, 129627, 129647, 129653, 129680, 129686, 129914, 129936, 132071, 135658, 135661, 135863, 135908, 136146, 136305, 138506, 144084, 147558, 147574, 147577, 147622, 147717, 147741, 147745, 149138, 149562, 149569, 149594, 149601, 149648, 149655, 149665, 149680, 149888, 149895, 149901, 150224, 151786, 151788, 151797, 151998, 152010, 152982, 153394, 153593, 154917, 155613, 155723, 155808, 156222, 156238, 157653, 157665, 157900, 159343, 159368, 159400, 159459, 159654, 159689, 159695, 159713, 159750, 159756, 159768, 160422, 160442, 160448, 160470, 160497, 160821, 160824, 162446, 162732, 162764, 162952, 163152, 163417, 163427, 164672, 164674, 165538, 166159, 166177, 166562, 166579, 166584, 166588, 167016, 167177, 168972, 170415, 170547, 171867, 172943, 173359, 173599, 173850, 173854]
16,467,[170, 183, 185, 233, 251, 278, 303, 322, 327, 330, 341, 344, 388, 505, 515, 528, 574, 693, 844, 859, 866, 904, 911, 936, 962, 998, 1030, 1156, 1194, 1203, 1228, 1238, 1289, 1297, 1298, 1323, 1730, 1733, 1804, 1809, 1829, 1900, 1909, 2093, 2099, 2197, 2335, 2353, 2396, 2452, 2476, 2617, 2635, 2707, 2867, 2891, 2900, 2902, 3049, 3053, 3092, 3137, 3149, 3150, 3159, 3165, 3176, 3178, 3183, 3303, 3543, 3546, 3570, 3584, 3660, 3868, 3898, 3983, 4028, 4040, 4300, 4311, 4344, 4374, 4401, 4465, 4523, 4530, 4533, 4557, 4600, 4621, 4680, 4685, 4689, 4731, 4733, 4751, 5080, 5343, 5623, 5782, 5788, 5804, 5960, 5970, 5975, 5993, 6007, 6095, 6102, 6180, 6215, 6365, 6389, 6427, 6479, 6523, 6748, 6796, 6830, 6837, 6858, 6916, 6985, 7031, 7058, 7074, 7078, 7176, 7192, 7209, 7341, 7427, 7515, 7580, 7587, 7597, 7618, 7621, 8092, 8685, 8986, 9238, 9250, 9259, 9551, 9554, 9617, 9873, 9933, 9949, 9976, 9999, 10004, 10030, 10075, 10378, 10437, 10493, 10505, 10510, 11698, 12015, 13262, 13287, 13352, 13385, 13438, 13486, 13503, 13521, 13579, 13626, 13710, 13734, 13744, 13790, 13817, 13893, 13900, 13905, 13931, 13946, 13958, 13961, 13986, 14050, 14057, 14080, 14086, 14105, 14112, 14133, 14171, 14323, 14326, 14387, 14554, 14569, 14600, 14612, 14672, 14674, 14687, 14703, 14890, 15577, 15734, 15903, 15975, 16000, 16025, 16195, 16206, 16216, 16231, 16244, 16261, 16299, 16316, 16322, 16329, 16358, 16363, 17048, 17081, 17133, 17475, 17489, 17494, 17582, 17869, 17926, 18016, 18037, 18040, 18175, 18187, 18198, 18208, 18233, 18251, 18258, 18280, 18335, 18412, 18483, 18492, 18496, 18560, 18685, 18707, 18809, 18813, 18881, 18955, 19070, 19072, 19088, 20071, 20079, 20110, 20117, 20129, 20134, 20170, 20329, 20343, 20621, 20640, 20648, 20660, 20675, 20680, 20713, 20919, 20922, 20967, 20984, 20987, 21106, 21116, 21147, 21213, 21381, 21598, 21602, 21612, 22049, 22095, 22353, 22402, 22433, 22602, 22642, 22896, 22900, 23006, 23095, 23098, 23273, 23297, 23356, 23690, 23700, 23746, 23839, 23851, 23854, 23857, 23858, 23862, 23955, 23995, 24051, 24105, 24145, 24370, 24392, 24432, 24654, 24697, 24700, 25258, 26170, 26173, 26177, 26213, 26216, 26219, 26234, 26916, 27010, 27016, 27588, 27592, 27596, 27655, 27665, 27761, 27823, 27828, 27852, 27865, 27870, 27874, 27896, 27904, 27986, 28046, 28280, 28405, 28431, 28443, 28754, 29673, 29746, 29820, 29826, 29864, 29867, 29924, 29940, 29949, 30464, 31520, 31529, 31533, 31541, 32685, 32929, 33030, 33127, 33268, 33349, 33444, 33447, 33489, 33710, 33720, 33866, 33872, 33884, 33893, 33900, 33907, 33908, 33917, 33925, 33929, 33946, 33950, 33953, 33954, 34017, 34020, 34108, 34116, 34123, 34152, 34266, 34353, 34357, 34430, 34450, 34500, 34510, 34545, 34561, 34566, 34581, 34858, 34877, 34921, 34934, 34960, 34972, 35027, 35037, 35068, 35081, 35203, 35315, 35582, 35610, 35615, 35660, 35827, 35863, 35903, 36108, 36131, 36217, 36281, 36305, 36332, 36430, 36440, 36450, 36463, 36622, 36643, 36676, 36720, 36744, 36748, 36957, 37109, 37172, 37262, 37273, 37286, 37338, 37458, 37507, 37630, 37647, 37656, 37683, 37706, 37748, 37796, 37798, 37818, 37823, 37855]
17,79,[4101, 5378, 7878, 16926, 19171, 19182, 27078, 27084, 27089, 27484, 27496, 31667, 31803, 32151, 33162, 33849, 34527, 34531, 35786, 35843, 36044, 36049, 36057, 39548, 67210, 72300, 96917, 101280, 101526, 101558, 101592, 101853, 101881, 102387, 102395, 102402, 102432, 105260, 105341, 105345, 124972, 131345, 131400, 131454, 131499, 134638, 134641, 161156, 161159, 161287, 161291, 161300, 161304, 163290, 163304, 172976, 175357, 175360, 175376, 175379, 175409, 175426, 175429, 177767, 177820, 177841, 177848, 184501, 186664, 194698, 195708, 205186, 205198, 205215, 205299, 205334, 205344, 205354, 215306]
18,103,[5946, 6466, 6474, 6493, 6506, 6514, 6527, 8028, 8033, 9793, 9822, 9836, 9865, 11865, 11939, 16344, 16403, 16413, 16432, 16442, 16543, 17741, 17744, 17753, 17765, 17775, 17789, 17799, 18876, 20024, 20045, 20063, 20066, 20076, 20117, 20121, 20134, 20137, 20159, 20756, 20761, 20776, 27906, 27914, 28150, 28154, 28157, 31170, 31460, 31463, 32279, 34923, 38825, 39037, 39045, 40064, 43542, 43561, 43597, 53691, 58286, 59739, 59743, 59804, 59823, 60063, 60074, 60097, 66698, 66715, 66734, 66877, 66881, 66887, 67052, 67063, 67085, 67095, 67651, 67657, 67664, 67810, 71489, 80539, 81229, 81256, 92687, 95561, 95653, 95657, 95663, 95667, 103188, 103197, 103203, 103215, 103695, 103716, 140329, 140344, 140373, 140412, 140433]
19,109,[190, 2304, 2337, 2341, 2351, 2368, 2379, 3034, 3037, 3047, 3082, 3089, 3092, 3096, 3114, 3154, 3340, 3347, 3421, 3427, 3456, 3536, 3542, 3574, 3588, 3924, 3934, 3935, 4631, 4773, 5201, 5206, 5223, 5227, 5495, 5782, 5807, 5816, 5858, 6455, 6619, 6626, 6881, 6916, 8638, 10042, 10141, 10214, 10992, 11770, 11990, 12111, 12130, 12150, 12155, 12241, 12303, 12338, 12344, 12646, 12700, 12713, 14354, 14357, 14426, 14442, 14445, 14710, 14716, 14718, 14727, 14731, 15128, 15133, 15143, 15523, 15526, 15813, 15815, 16371, 16378, 16400, 16411, 16422, 16428, 16437, 16444, 17963, 17965, 17966, 23054, 23285, 23292, 24186, 24194, 24198, 24213, 24416, 24685, 24696, 24697, 24701, 24702, 24706, 24720, 24727, 24769, 26686, 27209]
20,337,[1833, 2199, 2205, 2488, 2724, 2927, 2976, 2981, 3596, 4420, 4434, 4815, 4925, 4972, 5765, 5979, 5988, 6579, 7385, 8503, 8936, 8965, 9485, 9493, 9836, 10235, 10363, 10380, 10391, 10445, 10615, 10694, 10715, 11055, 11139, 11393, 11399, 11743, 11821, 12948, 12969, 13623, 13639, 13801, 15833, 16090, 16095, 16108, 16118, 17035, 17526, 17819, 17843, 17868, 17911, 17924, 17955, 18119, 18132, 18143, 18239, 18610, 18617, 19341, 19351, 19357, 19376, 19985, 20015, 20046, 20052, 20238, 20258, 20304, 20316, 20356, 20428, 20710, 20728, 20758, 21126, 21301, 21588, 22447, 22685, 22760, 22779, 22831, 22845, 23279, 23336, 23371, 23378, 23384, 23523, 24085, 24092, 24097, 24099, 24585, 24590, 24639, 24742, 24857, 24925, 25146, 25165, 25177, 25229, 25387, 25397, 25407, 25801, 26356, 26610, 26633, 27006, 28435, 28462, 29743, 30081, 30921, 30939, 32038, 33814, 33872, 34148, 34312, 34726, 34855, 34986, 35336, 35568, 35590, 35816, 36022, 36026, 36053, 36073, 36097, 36162, 36364, 36382, 36477, 36499, 36508, 36846, 36888, 36906, 36912, 36999, 37018, 37241, 37253, 37259, 37311, 37316, 37328, 37633, 37806, 38123, 38311, 38402, 38405, 38419, 38452, 38461, 38468, 38479, 38482, 38487, 38503, 38516, 38551, 38572, 38582, 38590, 39054, 39062, 39071, 39083, 39094, 39106, 39119, 39220, 39230, 39391, 41159, 41161, 41164, 41181, 41197, 41201, 41212, 41218, 41229, 41234, 41254, 41257, 41304, 41341, 41346, 41367, 41374, 41380, 41397, 41564, 41582, 41594, 41615, 41621, 41626, 41641, 41648, 41659, 41678, 41684, 41700, 41716, 41721, 41757, 41788, 41794, 41863, 41926, 41961, 42356, 42401, 43502, 43688, 43898, 43903, 43905, 44028, 44215, 44219, 44407, 44619, 44622, 44634, 44675, 44680, 44691, 44694, 44860, 44892, 44899, 45025, 45032, 45053, 45063, 45066, 45203, 45273, 45362, 45401, 45415, 45430, 45439, 45451, 45485, 46069, 46206, 46769, 46786, 46798, 46827, 46835, 47069, 47089, 47094, 47117, 47143, 47165, 47378, 47409, 47441, 47449, 47452, 47471, 47492, 47510, 47517, 47534, 47743, 47747, 48378, 48421, 48452, 48461, 48637, 48650, 49053, 49214, 49551, 49561, 49614, 49882, 50407, 50462, 50473, 50497, 50513, 50527, 50554, 50600, 50727, 50729, 51688, 51882, 53243, 53694, 54907, 54923, 54968, 55195, 55200, 55240, 55268, 55414, 55433, 55470, 55838, 55842, 57538, 57602, 58127, 58757, 60192, 62656, 65498, 65838, 65849, 65858, 65870, 65876, 65929]
21,173,[399, 585, 904, 1073, 1313, 1322, 2164, 5678, 6325, 6401, 7213, 7673, 7680, 7686, 7698, 7702, 7726, 7730, 7736, 7743, 8078, 10727, 10730, 11303, 11321, 11326, 11330, 11350, 11360, 11372, 11384, 11389, 11391, 11407, 11498, 11549, 12179, 12192, 12379, 12382, 12581, 12711, 12752, 12799, 12839, 12872, 12923, 12967, 12979, 12988, 13531, 13760, 13781, 13786, 13788, 13793, 13814, 14856, 14861, 14879, 14895, 14902, 14904, 15407, 15413, 15507, 15511, 15523, 15548, 17216, 17568, 17580, 17583, 18401, 18460, 19508, 20576, 20827, 20833, 20839, 21268, 21275, 21294, 21381, 21388, 21394, 21400, 21614, 21635, 21653, 21694, 21702, 21768, 21802, 21823, 22662, 22791, 22810, 23374, 23381, 23384, 23404, 24563, 24569, 24633, 24706, 25298, 25325, 25377, 25386, 25389, 25392, 25638, 25640, 25644, 26270, 26311, 26327, 26330, 27438, 27468, 27782, 27894, 27900, 27904, 27915, 28160, 28191, 28417, 28680, 28850, 28866, 28883, 28903, 28907, 28920, 28924, 28958, 29051, 29066, 29074, 29090, 29102, 29241, 29256, 29288, 29294, 29299, 30366, 30601, 30614, 30659, 30689, 31025, 31112, 32300, 32640, 32647, 32651, 32659, 32662, 32665, 32681, 32687, 32701, 32721, 32723, 34621, 35274, 35280, 35430, 35911, 36010]
22,10,[14927, 32133, 48940, 49053, 57152, 58596, 110533, 113198, 115147, 142173]
23,147,[2764, 3730, 3821, 3852, 3865, 3888, 3957, 3980, 3982, 4000, 4003, 4011, 4161, 4178, 4562, 4606, 4608, 4612, 4614, 4729, 4733, 4739, 4747, 4756, 4775, 4830, 4868, 4874, 4879, 4888, 4890, 4893, 4899, 4908, 4920, 4927, 4939, 4952, 4956, 4985, 5081, 5692, 5793, 8715, 8722, 8744, 8764, 8803, 8831, 8850, 8879, 8900, 9586, 10310, 10326, 10332, 10339, 10351, 10369, 10376, 10391, 10417, 10418, 10435, 10445, 10456, 10457, 10464, 10486, 10571, 11090, 11102, 11108, 11112, 11142, 11163, 11165, 11253, 11295, 11304, 11316, 11339, 11348, 11368, 11377, 11399, 11407, 11420, 11461, 11469, 11494, 11498, 11505, 11514, 11517, 11537, 11554, 11569, 11580, 13670, 13681, 13823, 13825, 13828, 13845, 13881, 13890, 13905, 13911, 13915, 13925, 13937, 14050, 14056, 14067, 14180, 14186, 14197, 14222, 14305, 14796, 15501, 15506, 15557, 15563, 15567, 15574, 15577, 15596, 15612, 15654, 15668, 15677, 15697, 17064, 17074, 17102, 17108, 17124, 17170, 18763, 23295, 24856, 27653, 27666, 27671, 27677]
24,759,[532, 551, 568, 591, 659, 702, 722, 748, 783, 788, 817, 838, 866, 909, 946, 953, 967, 1005, 1142, 1148, 1159, 1259, 1261, 1270, 1279, 1336, 1345, 1364, 1368, 1461, 1474, 1508, 1526, 1529, 1556, 1605, 1620, 1624, 1636, 1676, 1718, 1730, 1747, 1772, 1793, 1807, 1854, 2302, 2304, 2308, 2380, 2469, 2618, 2657, 2712, 2721, 2726, 3376, 3401, 3484, 3491, 3774, 3779, 3791, 3793, 3943, 4018, 4138, 4170, 4220, 4320, 4329, 4332, 4363, 4369, 4411, 4456, 4468, 4549, 4588, 4594, 4607, 4623, 4654, 4664, 4671, 4692, 4995, 5013, 5143, 5163, 5171, 5197, 5213, 5826, 5966, 6100, 6191, 6253, 6263, 6713, 6760, 6770, 6783, 6974, 7149, 7219, 7234, 7495, 7507, 7509, 7513, 7581, 7609, 7610, 7616, 7687, 7698, 7798, 7800, 7944, 7974, 8056, 8179, 8184, 8363, 9216, 9219, 9243, 9304, 9444, 9546, 9570, 9585, 9874, 10091, 10100, 10126, 10132, 10138, 10141, 10186, 10355, 10361, 10581, 10788, 10964, 10968, 11003, 11038, 11052, 11071, 11089, 11757, 11809, 11822, 11827, 11839, 11845, 11851, 11900, 12027, 12040, 12049, 12134, 12196, 12256, 12590, 12695, 12771, 12784, 12808, 12817, 12846, 12901, 12924, 12928, 12944, 12947, 13026, 13063, 13141, 13178, 13184, 13196, 13207, 13210, 13216, 13219, 13222, 13226, 13231, 13234, 13240, 13271, 13305, 13332, 13455, 13577, 13703, 13733, 14259, 14349, 14372, 14385, 14495, 14568, 14638, 14805, 14807, 14817, 14831, 14837, 14847, 14856, 14906, 15111, 15152, 15228, 15233, 15241, 15255, 15389, 15451, 15453, 15487, 15498, 15539, 15723, 15739, 15750, 15765, 15785, 15793, 15913, 15916, 15939, 15977, 16040, 16072, 16075, 16116, 16133, 16528, 16532, 16544, 16558, 16565, 16624, 16635, 16645, 16649, 16660, 16665, 16673, 16992, 17080, 17101, 17700, 17883, 17915, 17936, 17942, 17954, 17957, 17991, 18025, 18161, 18207, 18227, 18344, 18348, 18680, 18686, 18728, 18741, 18953, 18956, 18973, 18980, 18983, 18986, 19024, 19219, 19230, 19335, 19388, 19473, 19493, 19697, 19856, 19893, 19899, 19914, 20028, 20042, 20129, 20240, 20243, 20262, 20280, 20316, 20324, 20410, 20463, 20488, 20553, 20811, 20874, 20904, 20912, 20958, 21050, 21054, 21079, 21137, 21160, 21166, 21301, 21346, 21605, 21684, 21695, 21698, 21807, 21820, 21827, 21854, 21859, 21892, 21923, 21935, 22153, 22259, 22288, 22311, 22322, 22344, 22511, 22557, 22662, 22670, 22692, 22911, 22964, 23017, 23053, 23203, 23250, 23292, 23394, 23399, 23407, 23447, 23498, 23520, 23552, 24071, 24081, 24111, 24114, 24171, 24192, 24206, 24222, 24298, 24355, 24368, 24384, 24392, 24424, 24500, 24532, 24556, 24817, 24873, 24888, 24891, 25060, 25531, 25589, 25596, 25604, 25657, 25700, 25714, 25768, 25842, 25915, 26016, 26229, 26343, 26360, 26409, 26516, 26537, 26564, 27218, 27277, 27280, 27288, 27299, 27323, 27324, 27344, 27355, 27383, 27386, 27390, 27398, 27404, 27435, 27456, 27501, 27548, 27557, 27600, 27691, 27694, 27706, 27729, 27737, 27750, 27760, 27779, 27831, 28082, 28135, 28169, 28198, 28323, 28344, 28357, 28451, 28502, 28554, 28615, 28656, 28753, 28756, 28760, 28840, 28851, 28920, 28962, 29029, 29121, 29125, 29412, 29426, 29433, 29480, 29486, 29492, 29556, 29677, 29685, 29687, 29696, 29702, 29705, 29733, 29751, 29760, 29766, 29772, 29791, 29795, 29940, 30003, 30038, 30043, 30101, 30106, 30145, 30167, 30183, 30222, 30225, 30269, 30280, 30301, 30346, 30372, 30374, 30496, 30591, 30685, 30743, 30786, 31121, 31125, 31205, 31212, 31214, 31222, 31297, 31338, 31354, 31365, 31393, 31413, 31418, 31422, 31497, 31597, 31619, 31804, 31809, 31817, 31850, 31888, 31912, 32103, 32168, 32198, 32229, 32268, 32280, 32401, 32417, 32464, 32473, 32478, 32550, 32760, 32769, 32784, 32800, 32846, 32900, 32906, 33021, 33029, 33043, 33051, 33097, 33100, 33103, 33205, 33278, 33288, 33294, 33298, 33316, 33320, 33342, 33382, 33729, 33732, 33736, 33744, 33790, 33802, 33826, 33829, 33842, 33856, 33878, 33961, 34012, 34135, 34164, 34171, 34355, 34357, 34489, 34776, 34813, 34822, 34850, 34920, 35679, 35763, 35946, 35949, 35973, 35977, 36001, 36058, 36146, 36183, 36202, 36227, 36230, 36243, 36315, 36354, 36357, 36399, 36841, 37087, 37104, 37559, 37565, 37673, 37693, 37772, 37779, 37785, 37788, 37801, 37809, 37812, 37826, 37829, 37836, 37838, 37862, 38781, 38820, 38892, 38943, 38948, 38975, 39020, 39025, 39031, 39039, 39051, 39086, 39089, 39119, 39179, 39204, 39227, 39230, 39263, 39390, 39449, 39451, 39458, 39467, 39474, 39478, 39485, 39490, 39623, 39695, 39703, 39707, 39811, 39821, 39880, 39911, 39916, 39953, 40039, 40082, 40089, 40100, 40348, 40388, 40399, 40493, 40532, 40553, 40559, 40564, 40604, 40608, 40803, 40838, 40857, 40864, 40889, 40909, 40924, 40937, 40944, 40957, 40959, 40964, 40971, 40993, 41056, 41083, 41117, 41282, 41289, 41313, 41378, 41396, 41412, 41418, 41456, 41507, 41586, 41612, 41616, 41634, 41649, 41696, 41729, 41733, 41744, 41848, 41897, 41941, 41945, 41965, 42071, 42101, 42104, 42251, 42344, 42350, 42392, 42625, 42630, 42828, 42875, 42920, 42924, 43004, 43038, 43124, 43139, 43150, 43224, 43230, 43252, 43266, 43363, 43418, 43430, 43446, 43471, 43480, 43486, 43509, 43522, 43558, 43592, 43616, 43643, 43656, 43752, 43761, 43931, 44003, 44014, 44064, 44126, 44238, 44310, 44324, 44333, 44340, 44349, 44387, 44613, 44852, 44862, 44872, 44883, 44996, 44998, 45001]
25,3,[53113, 114014, 173051]
26,325,[2211, 2589, 2597, 2886, 3158, 3386, 3440, 3445, 4097, 4932, 4946, 5333, 5439, 5488, 6283, 6497, 6507, 7097, 7908, 9038, 9484, 9514, 10038, 10046, 10388, 10787, 10916, 10933, 11001, 11177, 11256, 11277, 11624, 11711, 11966, 11973, 12329, 12407, 13535, 13556, 14208, 14224, 14389, 16478, 16737, 16742, 16755, 16766, 17689, 18197, 18497, 18521, 18546, 18609, 18652, 18821, 18834, 18845, 18942, 19319, 19326, 20046, 20056, 20062, 20083, 20706, 20736, 20768, 20774, 20964, 20984, 21030, 21042, 21082, 21155, 21442, 21459, 21492, 21865, 22045, 22334, 23205, 23445, 23525, 23546, 23599, 23613, 24048, 24106, 24141, 24148, 24154, 24293, 24847, 24854, 24861, 25362, 25367, 25419, 25522, 25638, 25710, 25953, 25965, 26021, 26181, 26191, 26201, 26601, 27154, 27411, 27434, 27830, 29265, 29292, 30588, 30928, 31785, 31803, 32910, 34689, 34748, 35024, 35196, 35614, 35745, 35878, 36232, 36467, 36489, 36716, 36924, 36954, 36974, 36998, 37064, 37269, 37287, 37311, 37384, 37406, 37415, 37758, 37801, 37819, 37825, 37914, 37933, 38157, 38169, 38175, 38227, 38232, 38244, 38550, 38723, 39042, 39254, 39287, 39347, 39361, 39394, 39403, 39410, 39421, 39424, 39429, 39445, 39459, 39493, 39514, 39524, 39532, 40004, 40013, 40025, 40036, 40048, 40061, 40162, 40172, 40333, 42097, 42099, 42102, 42119, 42135, 42139, 42150, 42156, 42167, 42172, 42191, 42194, 42241, 42278, 42283, 42310, 42316, 42333, 42501, 42519, 42532, 42553, 42563, 42578, 42585, 42595, 42614, 42620, 42636, 42652, 42657, 42692, 42722, 42728, 42798, 42861, 42895, 43284, 43337, 44457, 44647, 44858, 44863, 44865, 44990, 45180, 45184, 45376, 45589, 45592, 45607, 45654, 45661, 45673, 45676, 45845, 45883, 46014, 46021, 46043, 46052, 46055, 46192, 46262, 46359, 46400, 46414, 46430, 46439, 46451, 46486, 47071, 47211, 47773, 47790, 47802, 47832, 48072, 48092, 48097, 48121, 48146, 48382, 48414, 48447, 48455, 48458, 48477, 48497, 48515, 48522, 48539, 48750, 48754, 49394, 49437, 49470, 49479, 49659, 49673, 50087, 50255, 50599, 50656, 50928, 51457, 51512, 51523, 51547, 51563, 51577, 51604, 51651, 51778, 51780, 52768, 54365, 54821, 56068, 56084, 56130, 56355, 56360, 56400, 56429, 56572, 56592, 56629, 56994, 56999, 58706, 58771, 59315, 59956, 61486, 63996, 66910, 67253, 67264, 67273, 67285, 67291, 67346]
27,1488,[357, 426, 431, 433, 459, 1412, 1455, 1467, 1473, 1487, 1509, 1532, 1545, 1570, 1594, 1609, 1684, 1692, 1695, 1710, 1725, 1959, 2022, 2029, 2047, 2051, 2052, 2076, 2108, 3914, 3926, 3928, 3937, 3961, 3973, 3976, 4020, 4106, 4120, 4219, 4233, 4280, 4326, 4341, 4347, 4367, 4643, 4648, 4654, 4660, 4679, 4752, 4757, 4819, 4901, 4936, 4945, 5004, 5026, 5140, 5149, 5167, 5187, 5201, 5222, 5271, 5286, 5364, 5370, 5439, 5581, 5631, 5644, 5653, 5676, 5680, 6026, 6036, 6135, 6181, 6185, 6261, 6393, 6575, 6578, 6596, 6626, 6687, 6839, 6847, 7012, 7144, 7160, 7568, 7622, 7675, 7691, 7701, 7744, 7887, 7889, 7899, 7910, 7916, 8045, 8053, 8056, 8065, 8089, 8124, 8180, 8410, 8531, 8653, 8658, 8719, 8734, 8794, 8852, 8873, 8982, 9061, 9339, 10416, 11993, 12020, 12990, 13145, 13221, 13261, 13310, 13377, 13394, 13470, 13482, 13763, 13973, 14196, 14254, 14505, 14802, 15706, 15725, 15815, 16544, 16553, 16598, 16613, 16687, 16887, 17011, 17016, 17031, 17058, 17203, 17246, 17249, 17254, 17255, 17294, 17601, 17604, 19042, 19197, 19241, 19400, 19442, 19462, 19480, 19683, 19710, 20128, 20169, 20182, 20287, 20293, 20310, 20437, 20453, 20462, 20471, 20580, 20651, 20692, 20758, 20761, 20764, 20768, 20769, 21065, 21072, 21095, 21256, 21301, 21324, 21331, 21342, 21364, 21372, 21471, 21496, 21611, 21686, 21698, 22100, 22226, 22242, 22318, 22345, 22357, 22715, 22825, 22844, 24115, 24122, 24315, 24365, 24380, 24404, 24435, 24440, 24455, 24467, 24477, 24488, 24516, 24553, 24566, 24583, 24591, 24655, 24678, 24691, 24718, 24727, 24754, 24790, 24809, 25026, 25141, 25281, 25472, 25560, 25632, 25683, 25738, 25745, 25759, 25841, 25876, 25905, 26025, 26129, 26151, 26184, 26207, 26279, 26346, 26836, 26845, 26859, 26911, 28170, 28321, 28330, 28819, 28837, 28851, 28856, 28862, 28923, 29437, 29464, 29962, 29986, 30209, 30360, 31131, 31151, 31252, 31301, 31358, 31421, 31424, 31433, 31441, 31449, 31453, 31455, 31461, 31465, 31742, 31765, 31785, 31801, 31832, 31909, 32530, 32540, 32547, 32560, 32564, 32568, 32571, 32577, 32851, 32958, 32968, 33042, 33090, 33157, 33244, 33277, 33335, 33350, 33361, 33399, 33408, 33456, 33534, 33535, 33550, 33798, 33803, 33922, 33946, 33986, 34121, 34307, 34360, 34590, 34984, 35027, 35065, 35070, 35153, 35157, 35172, 35213, 35240, 35279, 35547, 35552, 35603, 35622, 35660, 35757, 35812, 35842, 35949, 35956, 35974, 36045, 36049, 36098, 36104, 36192, 36254, 36265, 36279, 36287, 36326, 36440, 36447, 36451, 36465, 36491, 36519, 36586, 36596, 36772, 36819, 36870, 36899, 36963, 37067, 37313, 37359, 37366, 37372, 37592, 37608, 37612, 37680, 37733, 37737, 37768, 37825, 37893, 37915, 37955, 37973, 38035, 38249, 39290, 39361, 39463, 39466, 39501, 39525, 39556, 39560, 39573, 39578, 39595, 39919, 39926, 39932, 39962, 39971, 40005, 40011, 40125, 40137, 40268, 40397, 40446, 40483, 40489, 40495, 40544, 40608, 40663, 40675, 40946, 41061, 41069, 41351, 41362, 41377, 41498, 41619, 42186, 42249, 42251, 42262, 42267, 42306, 42364, 42387, 42457, 42461, 42538, 42733, 42746, 42749, 42789, 42792, 42831, 42857, 42990, 42996, 43013, 43040, 43126, 43132, 43185, 43213, 43217, 43223, 43403, 43506, 43514, 43538, 43576, 43583, 43599, 43603, 43617, 43636, 43706, 43756, 43768, 43790, 43794, 43910, 43931, 43994, 44086, 44111, 44200, 44207, 44222, 44226, 44247, 44251, 44254, 44266, 44285, 44338, 44411, 44421, 44456, 44726, 44731, 44741, 44773, 44786, 45444, 45558, 45699, 45722, 45725, 45730, 46510, 46583, 46802, 46903, 47365, 47426, 47473, 47513, 47757, 47859, 47876, 47902, 48064, 48127, 48362, 48394, 48398, 48436, 48548, 48657, 48696, 48712, 48862, 48889, 48914, 48931, 49056, 49057, 49070, 49119, 49125, 49148, 49153, 49160, 49184, 49198, 49202, 49558, 49566, 49612, 49617, 49622, 49629, 49635, 49672, 49674, 49769, 49809, 49935, 49950, 50000, 50068, 50079, 50086, 50113, 50184, 50319, 50347, 50401, 50404, 50410, 50423, 50455, 50459, 50486, 50500, 50512, 50519, 50530, 50579, 50596, 50694, 50717, 50722, 50724, 50736, 50739, 50762, 50808, 50813, 50827, 50922, 50935, 50979, 51022, 51046, 51136, 51147, 51152, 51254, 51259, 51392, 51940, 51944, 51960, 51964, 52203, 52303, 52312, 52334, 52472, 52478, 52498, 52507, 52513, 52517, 52533, 52614, 52648, 52652, 52657, 52680, 52702, 52706, 52743, 52773, 52777, 52980, 53097, 53142, 53481, 53486, 53595, 53705, 53751, 53775, 53824, 53894, 53932, 54035, 54052, 54063, 54114, 54123, 54131, 54140, 54232, 54300, 54324, 54372, 54448, 54462, 54804, 54830, 54832, 54937, 54973, 54982, 54993, 55097, 55108, 55255, 55464, 55597, 55635, 55753, 55913, 55915, 55954, 55956, 55971, 56017, 56105, 56114, 56127, 56130, 56180, 56205, 56312, 56328, 56342, 56359, 56525, 56596, 56776, 57118, 57185, 57627, 57638, 57688, 57748, 57796, 57887, 57927, 57952, 57959, 58098, 58113, 58121, 58173, 58197, 58203, 58218, 58294, 58298, 58370, 58391, 58409, 58432, 58455, 58496, 58511, 58516, 59666, 59934, 60313, 60629, 60721, 60738, 60878, 61004, 61047, 61061, 61146, 61299, 61414, 61555, 61578, 61588, 61608, 61631, 61676, 61696, 61843, 62000, 62019, 62028, 62031, 62056, 62085, 62090, 62169, 62243, 62248, 62333, 62337, 62341, 62390, 62429, 62454, 62456, 62464, 62554, 62572, 62620, 62632, 62649, 62653, 62661, 62664, 62676, 62681, 62828, 62875, 63130, 63552, 63588, 63592, 63703, 64019, 64666, 64715, 64726, 65071, 67215, 67229, 67327, 67328, 67331, 67442, 67446, 67620, 67763, 67773, 67775, 67786, 67812, 67944, 68050, 68086, 68090, 68311, 68406, 68504, 68516, 68787, 69364, 69587, 69624, 69888, 70210, 70256, 70281, 70322, 70373, 70407, 70504, 70510, 70515, 70539, 70601, 70604, 70609, 70648, 70655, 70669, 70766, 70857, 70901, 70924, 70951, 71002, 71049, 71113, 71155, 71172, 71198, 71203, 71321, 71326, 71501, 71659, 71731, 71789, 71832, 71869, 71878, 71884, 71889, 71912, 71988, 71992, 72030, 72036, 72088, 72107, 72112, 72137, 72153, 72181, 72184, 72194, 72225, 72230, 72430, 72445, 72448, 72509, 72591, 72606, 72657, 72698, 72817, 72884, 72913, 72920, 73161, 73255, 73296, 73305, 73374, 73376, 73380, 73385, 73486, 73508, 73583, 73621, 73776, 73784, 73792, 73802, 73811, 73822, 73828, 73831, 73839, 73894, 73897, 73900, 73913, 73952, 73964, 74017, 74035, 74058, 74101, 74167, 74370, 74408, 74413, 74431, 74482, 74552, 74561, 74584, 74611, 74614, 74710, 74748, 74785, 74854, 74881, 75035, 75066, 75073, 75267, 75282, 75292, 75307, 75702, 76663, 76731, 77487, 77514, 77525, 77544, 77552, 77569, 78011, 78058, 78240, 78245, 78248, 78313, 78321, 78327, 78394, 78409, 78640, 78686, 78755, 78761, 78836, 78839, 78865, 78868, 78895, 78929, 79011, 79021, 79024, 79086, 79090, 79120, 79127, 79198, 79214, 79231, 79249, 79336, 79342, 79364, 79383, 79529, 79539, 79544, 79552, 79681, 79740, 79756, 79801, 79823, 79835, 79843, 79854, 79874, 79890, 79905, 79909, 79913, 79918, 79967, 79978, 79997, 80002, 80017, 80056, 80073, 80110, 80137, 80165, 80167, 80202, 80241, 80245, 80248, 80264, 80306, 80330, 80369, 80378, 80390, 80394, 80399, 80408, 80414, 80422, 80429, 80444, 80468, 80490, 80520, 80523, 80558, 80561, 80622, 80638, 80647, 80754, 80761, 80771, 80848, 80934, 80972, 80987, 80993, 81009, 81027, 81062, 81081, 81092, 81138, 81146, 81175, 81185, 81213, 81241, 81274, 81335, 81402, 81422, 81500, 81509, 81531, 81560, 81595, 81602, 81639, 81705, 81728, 81793, 81807, 81811, 81829, 81831, 81836, 81849, 81878, 81882, 82001, 82123, 82247, 82254, 82326, 82334, 82398, 82453, 82462, 82635, 82649, 82659, 82682, 82729, 82876, 82926, 83080, 83650, 83837, 83894, 84568, 84578, 86259, 86287, 86329, 86352, 86470, 86565, 86616, 86654, 86736, 86757, 86841, 86891, 86936, 86958, 86990, 86999, 87100, 87146, 87706, 87973, 88036, 88046, 88055, 88067, 88083, 88093, 88101, 88135, 88138, 88141, 88147, 88157, 88162, 88174, 88183, 88201, 88205, 88213, 88225, 88227, 88265, 88317, 88325, 88350, 88399, 88404, 88424, 88452, 88453, 88483, 88494, 88498, 88513, 88531, 88535, 88539, 88555, 88556, 88604, 88614, 88630, 88641, 88662, 88719, 88738, 88756, 88769, 88816, 88819, 88828, 88851, 88909, 88925, 88934, 88947, 88953, 89199, 89221, 89224, 89269, 89271, 89277, 89310, 89322, 89353, 89359, 89374, 89412, 89416, 89427, 89434, 89522, 89548, 89570, 89593, 89784, 89842, 90159, 90252, 90253, 90273, 90280, 90283, 90306, 90324, 90368, 90383, 90389, 90395, 90428, 90434, 90441, 90457, 90479, 90501, 90504, 90509, 90525, 90619, 90623, 90803, 90811, 90863, 90868, 90920, 90924, 91764, 92002, 92319, 92332, 92341, 92354, 92549, 92628, 92630, 92634, 92656, 92837, 92899, 92903, 92932, 92976, 93016, 93027, 93051, 93199, 93240, 93794, 94307, 94316, 94335, 94352, 94367, 94430, 94471, 94493, 94565, 94582, 94588, 94596, 94673, 94723, 94734, 94744, 94750, 94806, 94847, 94853, 94868, 94881, 94885, 94977, 94999, 95092, 95105, 95117, 95205, 95227, 95293, 95308, 95323, 95335, 95363, 95386, 95533, 95538, 95539, 95556, 95559, 95612, 95627, 95661, 95811, 95933, 96309, 96525, 96565, 96583, 96586, 96617, 96639, 96644, 97280, 97303, 97308, 97356, 97704, 97723, 97779, 98243, 98248, 98257, 98357, 98390, 98394, 98412, 98485, 98511, 98519, 98649, 98685, 98776, 98787, 98833, 98859, 98875, 98879, 98884, 98902, 98926, 98958, 98968, 98992, 99016, 99094, 99387, 99447, 99837, 99945, 100046, 100084, 100160, 100167, 100356, 100360, 100401, 100405, 100583, 100585, 100595, 100611, 100636, 100640, 100670, 100855, 100864, 101105, 101177, 101241, 101248, 101275, 101430, 101541, 101584, 101598, 101665, 101672, 101780, 101835, 101851, 101911, 102059, 102128, 102134, 102173, 102179, 102196, 102213, 102225, 102232, 102256, 102258, 102263, 102316, 102321, 102343, 102363, 102433, 102538, 102653, 102658, 102663, 102666, 102798, 102804, 102836, 102846, 102912, 102936, 102953, 102962, 103049, 103225, 103471, 103483, 103512, 103543, 103546, 103549, 103637, 103927, 103971, 103988, 103993, 104121, 104153, 104207, 104227, 104366, 104400, 104405, 104452, 104465, 104938, 105461, 105533, 105538, 105562, 105565, 105716, 105775, 105807, 105863, 105874, 105928, 105935, 105960, 106057, 106065, 106093, 106105, 106109, 106137, 106190, 106216, 106229, 106244, 106252, 106257, 106267, 106272, 106374, 106383, 106495, 106709, 106725, 106730, 106744, 106765, 106769, 106774, 106781, 106787, 106790, 106800, 106816, 106818, 106830, 106856, 106872, 106934, 106942, 106946, 106971, 106980, 107024, 107036, 107086, 107119, 107142, 107171, 107173, 107185, 107219, 107232, 107275, 107386, 107460, 107683, 107768, 107795, 107983, 108051, 108055, 108232, 108422, 108468, 108479, 108551, 108695, 108717, 108832, 108854, 108900, 108924, 108946, 109108, 109120, 109132, 109139, 109294, 109600]
28,50,[391, 1772, 2484, 3327, 3332, 3339, 4615, 4636, 6134, 6882, 7328, 7351, 7375, 7402, 7488, 7508, 7571, 7697, 7701, 7713, 9852, 9861, 9877, 9893, 9924, 9931, 10008, 10014, 10311, 10327, 10338, 10360, 10365, 10412, 10416, 10471, 10500, 10524, 10580, 11126, 11163, 11187, 11205, 11214, 11217, 11298, 11308, 11326, 11762, 11768]
30,1995,[1387, 1582, 1585, 1793, 2231, 2251, 4165, 4191, 4194, 4223, 6342, 6345, 6361, 6425, 6433, 7759, 7772, 7787, 7788, 7808, 7812, 7838, 7856, 7865, 7869, 7877, 7915, 7923, 7932, 7951, 8008, 8346, 8352, 8357, 8363, 8367, 8376, 10105, 10302, 10361, 10383, 10521, 10794, 10846, 10883, 10890, 10921, 10950, 10972, 11006, 11843, 12585, 12588, 12604, 12613, 12622, 12644, 12647, 12680, 12703, 12738, 12837, 13155, 13203, 13205, 13220, 13232, 13235, 13257, 13282, 13288, 13363, 13367, 13411, 13414, 13447, 13450, 13493, 13502, 13520, 13535, 13560, 13619, 13672, 13688, 13703, 14067, 14084, 14118, 14127, 14513, 15134, 15285, 15292, 15300, 15337, 15910, 15922, 16685, 16748, 16761, 16884, 16890, 16914, 16929, 16954, 16959, 17017, 17042, 17061, 17093, 17217, 17254, 17266, 17272, 17279, 17349, 17353, 17431, 17491, 17569, 17579, 17582, 18433, 18764, 19918, 20007, 20315, 20317, 20321, 20324, 20447, 20488, 20492, 21291, 21303, 21338, 23027, 23031, 23111, 23188, 23233, 23238, 23241, 23273, 23275, 23281, 23286, 23360, 23364, 23377, 23380, 23385, 23407, 23440, 23458, 23460, 23472, 23504, 23508, 23517, 23558, 23564, 23572, 23578, 23829, 23903, 23905, 23907, 23945, 23964, 23976, 24024, 24380, 30242, 32250, 32268, 32323, 32338, 32373, 33291, 33294, 33297, 33910, 38135, 41268, 41277, 42729, 42732, 42807, 42811, 44446, 44449, 44520, 44525, 44530, 44533, 44545, 44549, 44556, 44565, 44567, 44570, 44581, 44758, 44762, 45376, 45380, 45383, 45388, 64926, 65568, 65590, 65609, 65623, 65631, 65641, 65686, 65694, 65700, 65740, 68878, 68880, 68892, 68905, 68921, 68959, 68978, 68981, 69001, 69008, 69014, 69021, 69026, 69039, 69043, 69046, 69057, 69083, 69106, 69147, 69154, 69196, 69199, 69216, 70717, 70791, 70857, 70879, 70885, 70888, 70892, 70897, 70906, 70909, 70911, 70916, 70927, 70934, 70949, 71037, 71531, 71718, 72161, 72233, 72267, 72272, 72276, 72284, 72586, 72672, 72714, 72793, 73240, 73243, 73248, 73560, 75413, 75474, 76263, 76591, 76876, 76893, 77097, 82145, 82152, 82164, 82212, 82215, 82243, 82247, 82297, 82322, 82484, 82543, 82559, 82571, 82576, 82581, 82591, 82618, 82648, 82664, 87857, 87880, 87891, 87896, 87905, 87917, 90976, 91027, 92659, 92667, 92676, 92686, 92693, 92711, 92714, 92717, 92720, 92775, 95124, 95169, 95374, 96859, 97233, 98071, 100220, 100223, 100226, 100229, 100232, 100238, 100241, 100247, 100250, 100261, 100266, 100269, 100276, 100278, 100284, 100293, 100295, 100298, 100310, 100315, 100318, 100325, 100331, 100336, 100341, 100346, 100349, 100357, 100368, 100373, 100382, 100388, 100400, 100404, 100408, 100414, 100421, 100424, 100428, 100438, 100443, 100458, 100461, 100466, 100471, 100482, 100492, 100496, 100502, 100508, 100515, 100518, 100523, 100530, 100551, 100575, 100577, 104744, 112536, 112806, 114882, 118170, 118186, 118804, 118809, 118816, 118824, 118828, 118836, 118840, 118848, 118851, 118861, 118863, 118875, 118880, 118889, 118898, 118903, 119441, 119444, 119450, 119456, 119465, 119467, 119477, 119512, 119519, 119589, 119616, 119622, 119626, 119641, 119692, 119698, 119756, 119760, 119768, 119799, 119812, 119824, 119828, 119838, 119856, 119860, 120454, 120469, 120474, 120479, 120483, 120505, 120508, 120513, 120517, 120527, 120530, 120535, 120540, 121098, 121103, 121106, 121116, 121196, 121268, 121280, 121292, 121299, 123237, 123912, 123921, 123928, 123932, 123936, 123940, 123948, 123952, 126596, 126600, 126604, 126610, 126853, 129200, 129237, 129284, 131482, 131650, 131664, 131667, 131670, 131682, 131732, 132618, 132625, 134236, 134241, 135290, 136741, 137916, 137923, 137929, 137949, 138158, 138161, 138179, 138182, 138186, 138189, 138857, 138862, 138869, 138876, 138883, 138890, 139026, 141098, 141108, 141113, 141118, 141123, 141128, 141133, 141138, 141143, 141158, 141162, 141166, 141171, 141219, 141231, 141236, 141241, 141252, 141256, 141260, 141264, 141276, 141281, 141321, 141331, 141342, 141346, 141350, 141354, 141365, 141369, 141373, 141378, 141390, 141400, 141405, 141440, 141445, 141449, 141453, 141464, 141469, 141473, 141478, 141490, 141500, 141504, 141508, 144318, 144326, 144332, 144356, 144631, 144636, 144643, 144650, 144657, 146239, 146314, 146603, 146615, 146639, 146676, 146730, 147248, 147253, 147280, 147286, 147318, 147322, 152460, 152465, 152684, 152695, 152766, 152793, 152802, 152806, 152822, 152827, 153238, 153311, 153424, 153429, 153439, 153518, 153532, 153545, 153547, 153843, 153881, 153986, 154224, 154256, 154270, 154389, 154396, 154406, 154409, 154413, 154420, 154424, 154517, 154526, 154528, 154896, 154999, 155003, 155059, 155082, 155105, 155157, 155229, 155311, 155325, 155332, 155371, 155401, 155413, 156994, 157005, 157011, 157015, 157018, 157033, 157674, 157681, 157684, 157699, 157717, 157724, 157754, 157763, 157774, 157803, 157806, 157813, 157982, 157986, 159703, 159746, 159750, 159756, 159796, 159801, 159816, 159822, 159850, 159867, 159963, 159970, 159981, 159985, 160053, 160059, 160138, 160142, 160161, 160200, 160215, 160389, 160419, 160519, 160542, 160567, 160575, 160586, 160597, 160626, 160640, 160650, 160655, 160674, 160696, 160718, 160753, 160790, 160795, 160800, 160899, 160918, 160922, 160953, 161150, 161161, 161173, 161180, 161583, 161587, 161652, 161661, 161819, 161822, 161839, 161842, 161846, 161850, 161857, 161872, 161883, 161885, 162006, 162012, 162015, 162019, 162035, 162120, 162126, 162159, 162216, 162242, 162246, 162268, 162285, 162789, 164235, 164239, 164249, 164253, 164258, 164264, 164267, 164303, 164307, 173803, 173896, 178452, 178463, 178489, 178562, 178904, 178915, 179057, 179072, 179088, 179121, 180333, 180336, 180428, 180486, 180508, 183948, 183950, 183959, 183963, 183967, 185835, 186032, 188050, 188059, 188065, 188071, 188595, 188602, 188614, 189299, 189303, 189504, 189527, 189619, 189655, 189674, 189759, 189772, 189776, 189832, 189840, 189844, 189848, 189855, 189864, 189869, 189896, 189918, 189926, 189943, 189950, 189955, 189959, 189965, 189968, 189970, 189977, 189981, 190004, 190465, 190506, 190518, 190534, 193021, 196218, 196351, 196732, 199248, 199255, 199260, 199287, 199307, 199927, 200944, 200949, 200987, 201751, 202156, 202213, 202217, 202352, 202356, 202363, 202388, 207944, 207951, 208097, 208102, 208104, 208117, 208170, 208359, 208369, 208377, 208382, 211637, 211648, 211668, 212576, 212590, 214106, 214124, 214174, 214242, 214321, 214329, 214366, 217536, 221286, 221367, 221370, 221376, 221393, 221401, 221465, 221533, 221545, 221584, 221593, 221599, 221604, 221649, 221694, 221725, 221772, 221803, 221820, 221824, 221859, 221867, 221870, 221874, 221955, 222097, 222123, 222402, 223738, 223771, 223786, 224638, 224673, 224677, 224728, 224732, 224744, 224764, 225591, 225934, 226135, 226139, 226181, 226185, 226189, 226200, 226220, 226229, 226234, 226244, 227273, 227329, 227673, 227697, 227706, 227717, 227728, 233758, 235727, 239254, 241121, 242113, 242125, 242129, 242134, 242139, 242148, 242153, 242158, 242323, 242330, 242335, 242340, 242345, 242350, 242360, 242365, 242391, 242396, 242405, 242409, 242414, 242419, 242428, 242433, 242438, 242443, 242453, 242458, 242463, 242479, 242483, 242506, 242511, 242516, 242521, 242531, 242536, 242541, 242546, 243111, 243115, 243119, 243123, 247672, 249004, 259879, 260144, 260149, 260151, 260162, 260218, 260412, 260431, 260436, 261621, 263401, 263415, 267099, 267591, 267617, 267624, 267636, 267645, 267661, 275511, 277148, 292296, 292538, 292653, 292812, 292876, 292877, 292885, 292893, 292900, 292902, 292916, 292919, 292925, 292950, 293013, 293015, 293060, 293081, 293115, 293166, 293170, 293224, 293227, 293232, 293867, 293872, 293909, 293985, 293988, 294005, 294226, 294304, 294552, 295335, 297524, 298487, 299621, 303521, 306513, 306610, 309695, 309721, 309728, 309729, 309738, 309743, 309855, 309868, 309893, 309898, 317528, 320821, 320835, 320839, 320954, 320962, 321196, 321299, 321306, 321309, 322660, 323262, 324929, 325157, 325448, 325735, 329423, 329429, 329440, 329450, 330141, 330437, 330749, 330756, 333910, 333921, 334639, 336616, 340806, 341684, 341688, 341695, 341700, 342465, 345111, 345129, 345333, 345338, 345476, 345482, 345488, 345491, 345497, 345505, 345747, 345750, 345754, 345760, 345767, 345779, 345786, 346051, 346059, 346080, 346095, 346153, 346156, 346366, 346372, 346380, 346384, 346396, 346422, 346429, 346548, 346556, 346567, 346705, 346715, 346721, 346918, 346924, 346928, 346975, 347109, 347137, 347143, 347171, 347175, 347280, 347291, 347298, 347340, 347344, 347360, 347361, 347379, 347799, 347805, 347811, 347816, 347822, 347828, 347965, 348013, 348860, 349506, 349514, 350916, 351083, 354682, 354798, 356058, 356097, 356154, 356349, 356356, 356361, 356377, 356388, 356397, 356410, 356414, 356424, 356431, 356437, 356442, 356445, 356453, 356458, 356466, 356474, 356484, 356488, 356499, 356504, 356532, 356542, 356547, 356557, 356565, 356570, 356572, 356577, 356603, 356606, 356610, 356614, 359216, 359225, 359231, 360515, 361364, 361540, 362361, 362367, 362370, 362374, 362377, 362387, 362754, 362851, 362859, 363452, 364460, 364597, 364943, 365952, 366634, 366654, 367320, 367324, 368575, 368634, 368834, 368839, 369940, 371524, 372254, 372313, 372318, 372523, 372541, 372544, 372556, 372610, 373658, 373664, 373773, 373779, 373816, 374886, 374888, 374893, 377519, 377527, 377583, 377592, 377603, 377620, 378943, 380036, 380038, 380042, 380055, 385231, 385242, 385891, 385897, 385902, 386300, 386315, 386699, 386935, 390318, 390325, 391738, 391755, 392104, 392141, 392172, 392176, 392181, 392186, 392195, 392206, 392217, 392234, 392239, 393495, 393506, 393508, 393513, 393519, 393524, 393529, 393693, 393696, 393824, 393994, 394013, 394017, 394021, 394040, 394060, 394069, 394345, 394842, 395140, 395144, 395157, 395411, 395422, 395930, 395937, 395950, 395977, 396003, 396007, 396012, 396018, 397522, 397844, 397846, 398373, 399857, 399882, 401501, 402573, 402585, 403980, 404456, 410729, 411060, 411258, 411263, 420233, 420277, 420304, 420307, 420310, 420317, 420513, 421257, 421263, 421311, 421320, 421739, 421955, 422048, 422184, 422495, 422681, 422743, 422968, 423087, 423096, 423195, 423229, 423235, 423248, 423253, 423620, 423624, 423637, 423641, 423812, 423835, 423903, 423918, 423930, 423936, 423938, 423942, 423955, 423960, 424210, 424216, 424219, 424223, 424227, 424231, 424292, 424294, 424303, 424319, 424327, 424451, 424455, 424468, 424493, 424501, 424509, 424688, 424697, 424800, 424804, 424813, 424837, 424843, 424860, 424901, 424913, 424933, 424947, 424951, 424965, 424975, 425409, 425413, 425423, 425433, 425500, 425502, 425563, 425570, 425638, 425642, 425737, 425793, 425856, 425863, 425869, 425890, 425966, 425972, 425990, 425998, 426024, 426029, 426044, 426049, 426071, 426074, 426077, 426080, 426083, 426116, 426276, 427217, 427220, 427224, 427230, 427232, 427238, 427242, 427263, 427266, 427281, 427285, 427288, 427295, 427300, 427308, 427312, 427314, 427329, 427332, 427354, 427357, 427360, 427370, 427382, 427386, 427390, 427402, 427404, 427409, 427417, 427419, 427424, 427453, 427465, 427480, 427646, 427652, 427941, 428015, 428061, 428072, 428074, 428077, 428086, 428302, 429299, 429300, 429440, 429445, 429456, 432020, 432042, 435803, 436369, 437351, 438087, 438432, 438441, 438444, 438475, 438493, 438536, 438560, 438562, 438668, 438675, 438714, 438724, 438772, 439035, 439042, 439051, 439101, 440297, 440306, 440346, 440354, 440481, 440492, 440497, 440515, 440517, 440543, 440548, 442565, 442567, 442584, 442741, 443026, 443042, 443068, 443074, 443116, 443136, 443291, 443324, 443328, 443350, 443379, 443385, 443390, 443396, 443403, 443407, 443411, 443424, 443428, 443431, 443435, 443451, 443454, 443463, 443469, 443473, 443475, 443482, 443515, 443565, 443582, 443590, 443601, 443609, 443613, 443620, 443626, 443631, 443637, 443965, 444218, 444247, 444258, 444267, 444534, 444538, 444563, 444640, 444647, 444648, 445517, 445522, 445525, 445528, 445557, 445892, 447298, 447302, 447307, 447312, 447321, 447325, 447745, 447954, 447958, 447962, 448083, 448086, 448130, 448160, 448185, 448405, 448409, 448411, 448415, 448417, 448688, 448697, 449367, 449575, 449582, 449587, 449594, 449631, 449679, 449682, 449715, 449737, 449741, 449760, 449764, 449806, 449814, 449816, 449860, 449862, 449953, 449957, 450777, 451593, 451600, 452986, 458916, 470152, 470156, 470160, 470166, 470474, 471695, 471859, 471862, 471866, 471869, 471872, 471876, 471880, 471884, 471893, 471897, 471903, 471912, 471967, 471974, 472015, 472023, 472055, 472061, 472065, 472071, 472079, 472082, 472085, 472089, 472093, 472099, 472102, 472133, 472147, 472150, 472156, 472167, 472170, 472178, 472182, 472183, 472201, 472238, 472366, 472375, 472408, 472430, 472446, 472899, 472909, 472910, 474017, 474199, 474488, 474584, 474668, 475310, 475473, 475830, 476478, 476646, 477265, 478492, 478808, 478813, 480798, 481701, 481837, 482595, 483510, 483516, 483521, 483528, 483533, 483656, 484551, 484566, 484572, 484654, 484667, 485365, 485369, 485510, 485615, 485620, 485688, 485718, 485728, 485748, 485765, 485770, 487985, 488027, 488046, 488054, 488080, 488082, 488085, 488089, 488102, 488109, 488474, 488479, 488733, 488951, 490023, 490034, 490993, 491495, 491685, 491921, 491928, 492269, 492274, 492299, 493535, 494259, 495686, 496081, 496276, 496285, 496291, 496325, 496410, 496417, 496830, 498194, 498199, 498279, 498299, 498306, 499978, 499984, 500727, 500782, 500846, 501650, 501657, 502083, 504434, 504470, 504480, 504508, 504529, 505305, 505317, 505382, 505393, 507503, 507548, 508316, 508328, 508639, 509973, 510852, 510855, 511347, 512739, 515866, 515871, 515876, 515882, 518469, 518549, 518556, 518607, 518623, 518639, 518788, 518834, 519187, 519298, 519317, 519375, 519407, 520401, 520407, 520447, 520464, 520473, 522304, 522400, 522406, 524261, 524276, 524302, 524743, 524753, 525211, 525276, 525529, 525534, 525538, 525597, 527710, 527968, 528374, 528404, 528416, 528501, 528541, 528550, 528578, 528617, 528685, 528803, 528809, 528827, 528830, 528841, 528846, 528884, 529261, 529486, 529540, 529787, 530061, 531603, 531607, 531614, 533749, 533755, 533758, 533762, 534181, 534247, 534394, 534430, 534452, 535424, 535443, 535530, 535605, 535632, 535641, 535652, 535655, 537597, 537638, 537649, 537677, 538149, 539697, 539705, 540011, 540013, 540018, 540030, 540482, 540485, 541313, 541316, 542099, 542104, 543072, 543074, 545109, 545118, 545147, 545413, 549810, 550904, 550948, 551022, 551076, 551093, 551147, 551233, 551261, 551266, 551270, 554577, 554653, 554706, 554725, 556842, 556859, 556906, 557155, 557178, 557231, 557236, 557281, 557286, 557299, 557340, 557350, 557448, 557864, 557929, 560642, 561689, 562724, 563247, 563293, 563329, 563345, 563390, 567019, 567037, 567083, 567087, 567090, 567091, 568442, 569688, 570664, 570756, 570767, 570772, 570782, 572585, 575469, 575502, 575553, 575562, 577769, 578837, 583057, 583363, 587001, 587014, 587018, 587030, 588292, 588509, 591260, 591268, 593823, 593848, 593968, 593975, 593979, 594014, 594029, 594031, 594412, 594457, 594501, 594508, 594519, 594523, 595847, 595851, 595867, 595877, 595933, 595998, 596000, 596003, 596879, 604971, 605046, 607671, 611527, 623205, 624937, 627769, 630092, 632077, 632080, 632089, 632098, 632110, 633758, 635898, 635902, 635970, 635990, 636016, 636217, 636249, 636264, 636292, 636956, 637229, 637937, 638042, 638089, 638095, 638099, 638135, 638161, 638384, 638391, 638395, 638499, 638510, 638522, 638533, 638538, 638544, 638547, 638557, 638560, 638568, 638571, 638580, 638596, 638600, 638612, 638636, 638650, 638653, 638657, 638664, 638672, 638700, 638818, 638826, 638887, 638925, 638935, 638948, 639050, 639109, 639118, 639126, 639223, 640026, 640246, 640629]
10,1994,[1480, 1675, 1678, 1886, 2324, 2344, 4259, 4285, 4288, 4317, 6436, 6439, 6455, 6519, 6527, 7853, 7866, 7881, 7882, 7902, 7906, 7932, 7950, 7959, 7963, 7971, 8009, 8017, 8026, 8045, 8102, 8440, 8446, 8451, 8457, 8461, 8470, 10199, 10396, 10455, 10477, 10615, 10888, 10940, 10977, 10984, 11015, 11044, 11066, 11100, 11937, 12679, 12682, 12698, 12707, 12716, 12738, 12741, 12774, 12797, 12832, 12931, 13249, 13297, 13299, 13314, 13326, 13329, 13351, 13376, 13382, 13457, 13461, 13505, 13508, 13541, 13544, 13587, 13596, 13614, 13629, 13654, 13713, 13766, 13782, 13797, 14161, 14178, 14212, 14221, 14607, 15228, 15379, 15386, 15394, 15431, 16004, 16016, 16779, 16842, 16855, 16978, 16984, 17008, 17023, 17048, 17053, 17111, 17136, 17155, 17187, 17311, 17348, 17360, 17366, 17373, 17443, 17447, 17525, 17585, 17663, 17673, 17676, 18527, 18858, 20012, 20101, 20409, 20411, 20415, 20418, 20541, 20582, 20586, 21385, 21397, 21432, 23121, 23125, 23205, 23282, 23327, 23332, 23335, 23367, 23369, 23375, 23380, 23454, 23458, 23471, 23474, 23479, 23501, 23534, 23552, 23554, 23566, 23598, 23602, 23611, 23652, 23658, 23666, 23672, 23923, 23997, 23999, 24001, 24039, 24058, 24070, 24118, 24474, 30336, 32348, 32366, 32421, 32436, 32471, 33389, 33392, 33395, 34008, 38233, 41366, 41375, 42827, 42830, 42905, 42909, 44544, 44547, 44618, 44623, 44628, 44631, 44643, 44647, 44654, 44663, 44665, 44668, 44679, 44856, 44860, 45474, 45478, 45481, 45486, 65029, 65671, 65693, 65712, 65726, 65734, 65744, 65789, 65797, 65803, 65843, 68981, 68983, 68995, 69008, 69024, 69062, 69081, 69084, 69104, 69111, 69117, 69124, 69129, 69142, 69146, 69149, 69160, 69186, 69209, 69250, 69257, 69299, 69302, 69319, 70820, 70894, 70960, 70982, 70988, 70991, 70995, 71000, 71009, 71012, 71014, 71019, 71030, 71037, 71052, 71140, 71634, 71821, 72264, 72336, 72370, 72375, 72379, 72387, 72689, 72775, 72817, 72896, 73343, 73346, 73351, 73663, 75516, 75577, 76366, 76694, 76979, 76996, 77200, 82252, 82259, 82271, 82319, 82322, 82350, 82354, 82404, 82429, 82591, 82650, 82666, 82678, 82683, 82688, 82698, 82725, 82755, 82771, 87964, 87987, 87998, 88003, 88012, 88024, 91083, 91134, 92766, 92774, 92783, 92793, 92800, 92818, 92821, 92824, 92827, 92882, 95231, 95276, 95481, 96966, 97340, 98178, 100327, 100330, 100333, 100336, 100339, 100345, 100348, 100354, 100357, 100368, 100373, 100376, 100383, 100385, 100391, 100400, 100402, 100405, 100417, 100422, 100425, 100432, 100438, 100443, 100448, 100453, 100456, 100464, 100475, 100480, 100489, 100495, 100507, 100511, 100515, 100521, 100528, 100531, 100535, 100545, 100550, 100565, 100568, 100573, 100578, 100589, 100599, 100603, 100609, 100615, 100622, 100625, 100630, 100637, 100658, 100682, 100684, 104851, 112647, 112917, 114993, 118281, 118297, 118915, 118920, 118927, 118935, 118939, 118947, 118951, 118959, 118962, 118972, 118974, 118986, 118991, 119000, 119009, 119014, 119552, 119555, 119561, 119567, 119576, 119578, 119588, 119623, 119630, 119700, 119727, 119733, 119737, 119752, 119803, 119809, 119867, 119871, 119879, 119910, 119923, 119935, 119939, 119949, 119967, 119971, 120565, 120580, 120585, 120590, 120594, 120616, 120619, 120624, 120628, 120638, 120641, 120646, 120651, 121209, 121214, 121217, 121227, 121307, 121379, 121391, 121403, 121410, 123348, 124023, 124032, 124039, 124043, 124047, 124051, 124059, 124063, 126707, 126711, 126715, 126721, 126964, 129312, 129349, 129396, 131594, 131762, 131776, 131779, 131782, 131794, 131844, 132730, 132737, 134348, 134353, 135402, 136853, 138028, 138035, 138041, 138061, 138270, 138273, 138291, 138294, 138298, 138301, 138969, 138974, 138981, 138988, 138995, 139002, 139138, 141210, 141220, 141225, 141230, 141235, 141240, 141245, 141250, 141255, 141270, 141274, 141278, 141283, 141331, 141343, 141348, 141353, 141364, 141368, 141372, 141376, 141388, 141393, 141433, 141443, 141454, 141458, 141462, 141466, 141477, 141481, 141485, 141490, 141502, 141512, 141517, 141552, 141557, 141561, 141565, 141576, 141581, 141585, 141590, 141602, 141612, 141616, 141620, 144431, 144439, 144445, 144469, 144744, 144749, 144756, 144763, 144770, 146352, 146427, 146716, 146728, 146752, 146789, 146843, 147361, 147366, 147393, 147399, 147431, 147435, 152573, 152578, 152797, 152808, 152879, 152906, 152915, 152919, 152935, 152940, 153351, 153424, 153537, 153542, 153552, 153631, 153645, 153658, 153660, 153956, 153994, 154099, 154337, 154369, 154383, 154502, 154509, 154519, 154522, 154526, 154533, 154537, 154630, 154639, 154641, 155009, 155112, 155116, 155172, 155195, 155218, 155270, 155342, 155424, 155438, 155445, 155484, 155514, 155526, 157107, 157118, 157124, 157128, 157131, 157146, 157787, 157794, 157797, 157812, 157830, 157837, 157867, 157876, 157887, 157916, 157919, 157926, 158095, 158099, 159817, 159860, 159864, 159870, 159910, 159915, 159930, 159936, 159964, 159981, 160077, 160084, 160095, 160099, 160167, 160173, 160252, 160256, 160275, 160314, 160329, 160503, 160533, 160633, 160656, 160681, 160689, 160700, 160711, 160740, 160754, 160764, 160769, 160788, 160810, 160832, 160867, 160904, 160909, 160914, 161013, 161032, 161036, 161067, 161264, 161275, 161287, 161294, 161697, 161701, 161766, 161775, 161942, 161945, 161962, 161965, 161969, 161973, 161980, 161995, 162006, 162008, 162129, 162135, 162138, 162142, 162158, 162243, 162249, 162282, 162339, 162365, 162369, 162391, 162408, 162912, 164358, 164362, 164372, 164376, 164381, 164387, 164390, 164426, 164430, 173926, 174019, 178575, 178586, 178612, 178685, 179027, 179038, 179180, 179195, 179211, 179244, 180456, 180459, 180551, 180609, 180631, 184080, 184082, 184091, 184095, 184099, 185967, 186164, 188182, 188191, 188197, 188203, 188727, 188734, 188746, 189431, 189435, 189636, 189659, 189751, 189787, 189806, 189891, 189904, 189908, 189964, 189972, 189976, 189980, 189987, 189996, 190001, 190028, 190050, 190058, 190075, 190082, 190087, 190091, 190097, 190100, 190102, 190109, 190113, 190136, 190597, 190638, 190650, 190666, 193153, 196350, 196483, 196864, 199390, 199397, 199402, 199429, 199449, 200069, 201086, 201091, 201129, 201893, 202298, 202355, 202359, 202494, 202498, 202505, 202530, 208086, 208093, 208239, 208244, 208246, 208259, 208312, 208501, 208511, 208519, 208524, 211779, 211790, 211810, 212718, 212732, 214248, 214266, 214316, 214384, 214463, 214471, 214508, 217676, 221436, 221517, 221520, 221526, 221543, 221551, 221615, 221683, 221695, 221734, 221743, 221749, 221754, 221799, 221844, 221875, 221922, 221953, 221970, 221974, 222009, 222017, 222020, 222024, 222105, 222247, 222273, 222552, 223888, 223921, 223936, 224788, 224823, 224827, 224878, 224882, 224894, 224914, 225741, 226084, 226285, 226289, 226331, 226335, 226339, 226350, 226370, 226379, 226384, 226394, 227423, 227479, 227823, 227847, 227856, 227867, 227878, 233908, 235877, 239407, 241274, 242266, 242278, 242282, 242287, 242292, 242301, 242306, 242311, 242476, 242483, 242488, 242493, 242498, 242503, 242513, 242518, 242544, 242549, 242558, 242562, 242567, 242572, 242581, 242586, 242591, 242596, 242606, 242611, 242616, 242632, 242636, 242659, 242664, 242669, 242674, 242684, 242689, 242694, 242699, 243264, 243268, 243272, 243276, 247825, 249157, 260035, 260300, 260305, 260307, 260318, 260374, 260568, 260587, 260592, 261777, 263557, 263571, 267255, 267747, 267773, 267780, 267792, 267801, 267817, 275667, 277304, 292453, 292695, 292810, 292969, 293033, 293034, 293042, 293050, 293057, 293059, 293073, 293076, 293082, 293107, 293170, 293172, 293217, 293238, 293272, 293323, 293327, 293381, 293384, 293389, 294024, 294029, 294066, 294142, 294145, 294162, 294383, 294461, 294709, 295492, 297682, 298645, 299779, 303679, 306671, 306768, 309853, 309879, 309887, 309896, 309901, 310013, 310026, 310051, 310056, 317687, 320980, 320994, 320998, 321113, 321121, 321355, 321458, 321465, 321468, 322819, 323421, 325088, 325316, 325607, 325894, 329582, 329588, 329599, 329609, 330300, 330596, 330908, 330915, 334069, 334080, 334798, 336775, 340965, 341843, 341847, 341854, 341859, 342624, 345270, 345288, 345492, 345497, 345635, 345641, 345647, 345650, 345656, 345664, 345906, 345909, 345913, 345919, 345926, 345938, 345945, 346210, 346218, 346239, 346254, 346312, 346315, 346525, 346531, 346539, 346543, 346555, 346581, 346588, 346707, 346715, 346726, 346864, 346874, 346880, 347077, 347083, 347087, 347134, 347268, 347296, 347302, 347330, 347334, 347439, 347450, 347457, 347499, 347503, 347519, 347520, 347538, 347958, 347964, 347970, 347975, 347981, 347987, 348124, 348172, 349019, 349665, 349673, 351075, 351242, 354841, 354957, 356217, 356256, 356313, 356508, 356515, 356520, 356536, 356547, 356556, 356569, 356573, 356583, 356590, 356596, 356601, 356604, 356612, 356617, 356625, 356633, 356643, 356647, 356658, 356663, 356691, 356701, 356706, 356716, 356724, 356729, 356731, 356736, 356762, 356765, 356769, 356773, 359376, 359385, 359391, 360675, 361524, 361700, 362521, 362527, 362530, 362534, 362537, 362547, 362914, 363011, 363019, 363615, 364623, 364760, 365106, 366115, 366797, 366817, 367483, 367487, 368738, 368797, 368997, 369002, 370103, 371687, 372417, 372476, 372481, 372686, 372704, 372707, 372719, 372773, 373821, 373827, 373936, 373942, 373979, 375049, 375051, 375056, 377682, 377690, 377746, 377755, 377766, 377783, 379106, 380199, 380201, 380205, 380218, 385394, 385405, 386054, 386060, 386065, 386463, 386478, 386862, 387098, 390481, 390488, 391901, 391918, 392267, 392304, 392335, 392339, 392344, 392349, 392358, 392369, 392380, 392397, 392402, 393661, 393672, 393674, 393679, 393685, 393690, 393695, 393859, 393862, 393990, 394160, 394179, 394183, 394187, 394206, 394226, 394235, 394511, 395008, 395306, 395310, 395323, 395577, 395588, 396096, 396103, 396116, 396143, 396169, 396173, 396178, 396184, 397688, 398010, 398012, 398539, 400023, 400048, 401667, 402739, 402751, 404146, 404622, 410895, 411226, 411424, 411429, 420399, 420443, 420470, 420473, 420476, 420483, 420679, 421423, 421429, 421477, 421486, 421905, 422121, 422214, 422350, 422661, 422847, 422909, 423134, 423253, 423262, 423361, 423395, 423401, 423414, 423419, 423786, 423790, 423803, 423807, 423978, 424001, 424069, 424084, 424096, 424102, 424104, 424108, 424121, 424126, 424376, 424382, 424385, 424389, 424393, 424397, 424458, 424460, 424469, 424485, 424493, 424617, 424621, 424634, 424659, 424667, 424675, 424854, 424863, 424966, 424970, 424979, 425003, 425009, 425026, 425067, 425079, 425099, 425113, 425117, 425131, 425141, 425575, 425579, 425589, 425599, 425666, 425668, 425729, 425736, 425804, 425808, 425903, 425959, 426022, 426029, 426035, 426056, 426132, 426138, 426156, 426164, 426190, 426195, 426210, 426215, 426237, 426240, 426243, 426246, 426249, 426282, 426442, 427384, 427387, 427391, 427397, 427399, 427405, 427409, 427430, 427433, 427448, 427452, 427455, 427462, 427467, 427475, 427479, 427481, 427496, 427499, 427521, 427524, 427527, 427537, 427549, 427553, 427557, 427569, 427571, 427576, 427584, 427586, 427591, 427620, 427632, 427647, 427813, 427819, 428108, 428182, 428228, 428239, 428241, 428244, 428253, 428469, 429466, 429467, 429607, 429612, 429623, 432190, 432212, 435973, 436539, 437521, 438257, 438602, 438611, 438614, 438645, 438663, 438706, 438730, 438732, 438838, 438845, 438884, 438894, 438942, 439205, 439212, 439221, 439271, 440467, 440476, 440516, 440524, 440651, 440662, 440667, 440685, 440687, 440713, 440718, 442735, 442737, 442754, 442911, 443196, 443212, 443238, 443244, 443286, 443306, 443461, 443494, 443498, 443520, 443549, 443555, 443560, 443566, 443573, 443577, 443581, 443594, 443598, 443601, 443605, 443621, 443624, 443633, 443639, 443643, 443645, 443652, 443685, 443735, 443752, 443760, 443771, 443779, 443783, 443790, 443796, 443801, 443807, 444135, 444388, 444417, 444428, 444437, 444704, 444708, 444733, 444810, 444817, 444818, 445687, 445692, 445695, 445698, 445727, 446062, 447468, 447472, 447477, 447482, 447491, 447495, 447915, 448124, 448128, 448132, 448253, 448256, 448300, 448330, 448355, 448575, 448579, 448581, 448585, 448587, 448858, 448867, 449537, 449745, 449752, 449757, 449764, 449801, 449849, 449852, 449885, 449907, 449911, 449930, 449934, 449976, 449984, 449986, 450030, 450032, 450123, 450127, 450947, 451763, 451770, 453156, 459086, 470323, 470327, 470331, 470337, 470645, 471865, 472029, 472032, 472036, 472039, 472042, 472046, 472050, 472054, 472063, 472067, 472073, 472082, 472137, 472144, 472185, 472193, 472225, 472231, 472235, 472241, 472249, 472252, 472255, 472259, 472263, 472269, 472272, 472303, 472317, 472320, 472326, 472337, 472340, 472348, 472352, 472353, 472371, 472408, 472536, 472545, 472578, 472600, 472616, 473069, 473079, 473080, 474187, 474369, 474658, 474754, 474838, 475480, 475643, 475999, 476647, 476815, 477434, 478660, 478976, 478981, 480965, 481867, 482003, 482760, 483675, 483681, 483686, 483693, 483698, 483821, 484716, 484731, 484737, 484819, 484832, 485529, 485533, 485674, 485779, 485784, 485852, 485882, 485892, 485912, 485929, 485934, 488147, 488189, 488208, 488216, 488242, 488244, 488247, 488251, 488264, 488271, 488636, 488641, 488894, 489112, 490183, 490194, 491153, 491655, 491845, 492081, 492088, 492429, 492434, 492459, 493695, 494419, 495845, 496250, 496445, 496454, 496460, 496494, 496579, 496586, 496999, 498363, 498368, 498448, 498468, 498475, 500147, 500153, 500896, 500951, 501015, 501819, 501826, 502252, 504603, 504639, 504649, 504677, 504698, 505474, 505486, 505551, 505562, 507672, 507717, 508485, 508497, 508808, 510142, 511021, 511024, 511516, 512908, 516038, 516043, 516048, 516054, 518641, 518721, 518728, 518779, 518795, 518811, 518960, 519006, 519359, 519470, 519489, 519547, 519579, 520573, 520579, 520619, 520636, 520645, 522476, 522572, 522578, 524433, 524448, 524474, 524915, 524925, 525383, 525448, 525701, 525706, 525710, 525769, 527882, 528143, 528549, 528579, 528591, 528676, 528716, 528725, 528753, 528792, 528860, 528978, 528984, 529002, 529005, 529016, 529021, 529059, 529436, 529661, 529715, 529962, 530236, 531778, 531782, 531789, 533924, 533930, 533933, 533937, 534356, 534422, 534569, 534605, 534627, 535599, 535618, 535705, 535780, 535807, 535816, 535827, 535830, 537772, 537813, 537824, 537852, 538324, 539872, 539880, 540186, 540188, 540193, 540205, 540657, 540660, 541488, 541491, 542274, 542279, 543247, 543249, 545284, 545293, 545322, 545588, 549988, 551082, 551126, 551200, 551254, 551271, 551325, 551411, 551439, 551444, 551448, 554755, 554831, 554884, 554903, 557020, 557037, 557084, 557333, 557356, 557409, 557414, 557459, 557464, 557477, 557518, 557528, 557626, 558042, 558107, 560820, 561867, 562902, 563425, 563471, 563507, 563523, 563568, 567199, 567217, 567263, 567267, 567270, 567271, 568622, 569868, 570844, 570936, 570947, 570952, 570962, 572765, 575649, 575682, 575733, 575742, 577949, 579017, 583237, 583543, 587186, 587199, 587203, 587215, 588477, 588694, 591445, 591453, 594014, 594039, 594159, 594166, 594170, 594205, 594220, 594222, 594603, 594648, 594692, 594699, 594710, 594714, 596038, 596042, 596058, 596068, 596124, 596189, 596191, 596194, 597070, 605173, 605248, 607878, 611750, 623459, 625191, 628029, 630358, 632352, 632355, 632364, 632373, 632385, 634033, 636173, 636177, 636245, 636265, 636291, 636492, 636524, 636539, 636567, 637231, 637504, 638212, 638317, 638364, 638370, 638374, 638410, 638436, 638659, 638666, 638670, 638774, 638785, 638797, 638808, 638813, 638819, 638822, 638832, 638835, 638843, 638846, 638855, 638871, 638875, 638887, 638911, 638925, 638928, 638932, 638939, 638947, 638975, 639093, 639101, 639162, 639200, 639210, 639223, 639325, 639384, 639393, 639401, 639498, 640301, 640521, 640904]
11,247,[82, 97, 118, 129, 159, 188, 218, 223, 334, 404, 512, 526, 532, 686, 784, 823, 834, 1032, 1094, 1365, 1508, 1575, 1583, 1625, 1697, 1701, 1807, 1922, 2025, 2049, 2090, 2108, 2236, 2337, 2339, 2349, 2411, 2510, 2670, 2679, 2683, 2710, 2780, 2913, 2925, 2930, 2958, 2982, 3064, 3088, 3092, 3134, 3272, 3313, 3458, 3543, 4049, 4064, 4066, 4136, 4313, 4421, 4506, 4568, 4589, 4674, 4823, 4855, 5048, 5087, 5114, 5165, 5175, 5253, 5310, 5511, 5593, 5754, 5944, 5973, 6164, 6209, 6381, 6384, 6393, 6406, 6438, 6441, 6596, 6688, 6718, 6736, 6760, 6787, 6816, 7039, 7065, 7089, 7170, 7461, 7471, 7658, 7698, 7702, 7734, 7740, 7748, 7779, 7809, 7851, 7853, 7858, 7867, 7912, 7921, 7926, 7989, 8279, 8308, 8337, 8638, 8747, 9077, 9120, 9213, 9241, 9316, 9348, 9396, 9502, 9526, 9533, 9832, 11676, 11761, 11854, 12156, 12171, 12195, 12288, 12696, 12731, 12788, 12812, 12895, 12904, 12917, 12926, 12947, 13151, 13178, 13191, 13223, 13327, 13366, 13378, 13411, 13534, 13611, 13683, 13697, 13813, 13985, 14016, 14022, 14049, 14111, 14126, 14189, 14307, 14380, 14395, 14411, 14507, 14510, 14571, 14588, 14660, 14951, 14992, 15016, 15062, 15087, 15111, 15153, 15408, 15530, 16127, 16165, 16507, 16839, 16966, 17152, 17176, 17193, 17204, 17248, 17255, 17300, 17423, 17425, 17662, 17950, 18081, 18542, 18611, 18651, 18663, 19163, 19257, 19365, 19419, 19437, 19471, 19529, 20097, 20128, 20354, 20526, 20533, 20546, 20569, 20591, 20595, 20613, 20619, 20636, 20660, 20663, 20695, 20702, 20704, 20706, 20718, 20731, 20748, 20765, 20773, 20784, 20796, 20803, 20811, 20853, 21028, 21036, 21044, 21084]
12,271,[381, 585, 614, 822, 867, 1059, 1144, 1156, 1174, 1214, 1219, 1260, 1747, 1779, 1841, 1865, 1867, 1977, 1982, 2002, 2021, 2121, 2124, 2177, 2218, 2247, 2422, 2610, 2884, 2899, 3071, 3096, 3238, 3289, 3318, 3704, 3728, 3733, 3794, 3818, 3841, 3866, 3876, 3912, 3962, 3967, 4076, 4148, 4178, 4241, 4254, 4373, 4428, 4508, 4575, 4614, 4650, 4653, 4706, 4720, 4820, 4856, 4874, 5215, 5336, 5347, 5636, 5678, 5711, 5726, 5747, 5756, 5823, 5875, 5903, 5952, 6025, 6033, 6041, 6177, 6184, 6225, 6229, 6390, 6447, 6565, 6648, 6714, 6877, 7029, 7111, 7125, 7197, 7270, 7581, 7695, 7769, 7863, 7931, 8007, 8651, 8703, 8914, 8949, 9025, 9116, 9305, 9324, 9755, 9768, 9770, 9778, 9891, 9955, 9984, 10186, 10235, 10321, 10358, 10367, 10381, 10384, 10479, 10510, 10515, 10592, 10600, 10610, 10643, 10794, 10845, 10881, 10926, 10932, 10948, 10965, 11126, 11188, 11217, 11243, 11261, 11371, 11373, 11472, 11577, 11675, 11680, 11686, 11734, 11779, 11792, 11815, 11836, 11882, 11977, 12060, 12250, 12268, 12315, 12328, 12409, 12421, 12526, 12934, 13172, 13693, 13868, 14234, 14257, 14363, 14473, 14706, 15031, 15324, 15716, 15736, 15764, 15851, 15870, 15878, 15918, 15972, 16292, 16373, 16391, 16447, 16456, 16464, 16489, 16493, 16496, 16536, 16545, 16575, 16629, 16647, 16653, 16775, 16784, 16865, 17097, 17227, 17909, 18780, 18835, 18851, 18870, 18912, 19477, 19512, 19557, 19567, 19584, 19668, 19704, 19757, 19890, 19929, 20183, 20331, 20436, 20453, 20465, 20617, 20885, 20897, 20950, 20970, 20976, 20985, 21001, 21004, 21009, 21076, 21116, 21123, 21203, 21331, 21992, 22069, 22081, 22123, 22128, 22142, 22289, 22429, 22448, 22450, 22455, 22461, 22469, 22512, 22588, 22634, 22675, 22737, 22759, 22766, 22816, 22824, 22830, 22839, 22845, 22856, 22887, 23001, 23021, 23043, 23104, 23162, 23164]
13,3,[34, 56, 1315]
14,2,[55367, 119064]
15,333,[269, 2367, 3031, 3483, 5154, 5158, 7258, 10964, 10967, 12880, 12909, 13808, 15435, 16213, 16267, 16438, 19547, 19637, 20731, 20822, 20897, 22134, 22992, 23001, 23454, 23468, 23537, 23550, 23566, 23571, 23579, 23586, 23598, 23619, 23646, 23678, 23726, 23730, 23753, 23778, 23799, 24356, 24668, 25054, 26825, 26871, 27144, 27864, 27916, 27988, 28000, 28131, 28133, 28182, 28187, 30143, 30400, 31574, 31693, 31702, 31719, 31735, 32749, 32883, 32893, 33036, 33609, 34214, 34226, 34350, 34357, 34375, 34391, 34394, 34422, 34433, 34892, 35028, 36513, 36516, 36827, 37827, 38686, 39671, 44435, 44463, 44491, 48019, 48034, 48052, 48058, 48069, 49354, 49985, 52420, 59028, 59040, 59581, 59588, 59602, 59620, 59661, 59668, 59682, 60429, 61302, 61820, 63627, 63666, 63669, 63684, 64103, 64809, 66409, 67504, 67506, 67510, 67752, 67754, 68344, 68648, 68651, 69407, 69416, 72022, 72378, 72390, 73015, 73029, 73032, 73046, 73055, 73265, 73428, 73438, 73587, 73823, 73835, 73868, 75263, 75273, 75329, 75391, 75437, 75459, 75936, 75939, 76070, 76085, 76100, 76173, 78156, 79608, 79635, 79640, 79647, 79651, 80638, 85342, 85541, 85552, 85558, 86882, 88175, 88177, 88187, 88189, 88203, 88213, 88217, 88231, 88251, 88649, 88667, 93390, 93912, 93916, 93931, 96133, 96318, 96400, 96422, 96495, 96505, 96563, 96657, 96682, 96807, 97432, 99956, 100181, 101094, 102675, 105527, 107672, 107686, 108203, 108945, 110368, 110637, 111078, 111135, 111314, 116961, 116980, 117042, 117680, 117681, 117690, 120956, 121166, 121348, 121352, 121360, 121918, 121934, 121957, 121965, 121971, 121974, 121987, 122005, 123884, 123897, 123931, 125965, 126063, 126150, 127145, 128547, 128551, 128818, 128825, 128854, 129175, 129627, 129647, 129653, 129680, 129686, 129914, 129936, 132071, 135658, 135661, 135863, 135908, 136146, 136305, 138506, 144084, 147558, 147574, 147577, 147622, 147717, 147741, 147745, 149138, 149562, 149569, 149594, 149601, 149648, 149655, 149665, 149680, 149888, 149895, 149901, 150224, 151786, 151788, 151797, 151998, 152010, 152982, 153394, 153593, 154917, 155613, 155723, 155808, 156222, 156238, 157653, 157665, 157900, 159343, 159368, 159400, 159459, 159654, 159689, 159695, 159713, 159750, 159756, 159768, 160422, 160442, 160448, 160470, 160497, 160821, 160824, 162446, 162732, 162764, 162952, 163152, 163417, 163427, 164672, 164674, 165538, 166159, 166177, 166562, 166579, 166584, 166588, 167016, 167177, 168972, 170415, 170547, 171867, 172943, 173359, 173599, 173850, 173854]
16,467,[170, 183, 185, 233, 251, 278, 303, 322, 327, 330, 341, 344, 388, 505, 515, 528, 574, 693, 844, 859, 866, 904, 911, 936, 962, 998, 1030, 1156, 1194, 1203, 1228, 1238, 1289, 1297, 1298, 1323, 1730, 1733, 1804, 1809, 1829, 1900, 1909, 2093, 2099, 2197, 2335, 2353, 2396, 2452, 2476, 2617, 2635, 2707, 2867, 2891, 2900, 2902, 3049, 3053, 3092, 3137, 3149, 3150, 3159, 3165, 3176, 3178, 3183, 3303, 3543, 3546, 3570, 3584, 3660, 3868, 3898, 3983, 4028, 4040, 4300, 4311, 4344, 4374, 4401, 4465, 4523, 4530, 4533, 4557, 4600, 4621, 4680, 4685, 4689, 4731, 4733, 4751, 5080, 5343, 5623, 5782, 5788, 5804, 5960, 5970, 5975, 5993, 6007, 6095, 6102, 6180, 6215, 6365, 6389, 6427, 6479, 6523, 6748, 6796, 6830, 6837, 6858, 6916, 6985, 7031, 7058, 7074, 7078, 7176, 7192, 7209, 7341, 7427, 7515, 7580, 7587, 7597, 7618, 7621, 8092, 8685, 8986, 9238, 9250, 9259, 9551, 9554, 9617, 9873, 9933, 9949, 9976, 9999, 10004, 10030, 10075, 10378, 10437, 10493, 10505, 10510, 11698, 12015, 13262, 13287, 13352, 13385, 13438, 13486, 13503, 13521, 13579, 13626, 13710, 13734, 13744, 13790, 13817, 13893, 13900, 13905, 13931, 13946, 13958, 13961, 13986, 14050, 14057, 14080, 14086, 14105, 14112, 14133, 14171, 14323, 14326, 14387, 14554, 14569, 14600, 14612, 14672, 14674, 14687, 14703, 14890, 15577, 15734, 15903, 15975, 16000, 16025, 16195, 16206, 16216, 16231, 16244, 16261, 16299, 16316, 16322, 16329, 16358, 16363, 17048, 17081, 17133, 17475, 17489, 17494, 17582, 17869, 17926, 18016, 18037, 18040, 18175, 18187, 18198, 18208, 18233, 18251, 18258, 18280, 18335, 18412, 18483, 18492, 18496, 18560, 18685, 18707, 18809, 18813, 18881, 18955, 19070, 19072, 19088, 20071, 20079, 20110, 20117, 20129, 20134, 20170, 20329, 20343, 20621, 20640, 20648, 20660, 20675, 20680, 20713, 20919, 20922, 20967, 20984, 20987, 21106, 21116, 21147, 21213, 21381, 21598, 21602, 21612, 22049, 22095, 22353, 22402, 22433, 22602, 22642, 22896, 22900, 23006, 23095, 23098, 23273, 23297, 23356, 23690, 23700, 23746, 23839, 23851, 23854, 23857, 23858, 23862, 23955, 23995, 24051, 24105, 24145, 24370, 24392, 24432, 24654, 24697, 24700, 25258, 26170, 26173, 26177, 26213, 26216, 26219, 26234, 26916, 27010, 27016, 27588, 27592, 27596, 27655, 27665, 27761, 27823, 27828, 27852, 27865, 27870, 27874, 27896, 27904, 27986, 28046, 28280, 28405, 28431, 28443, 28754, 29673, 29746, 29820, 29826, 29864, 29867, 29924, 29940, 29949, 30464, 31520, 31529, 31533, 31541, 32685, 32929, 33030, 33127, 33268, 33349, 33444, 33447, 33489, 33710, 33720, 33866, 33872, 33884, 33893, 33900, 33907, 33908, 33917, 33925, 33929, 33946, 33950, 33953, 33954, 34017, 34020, 34108, 34116, 34123, 34152, 34266, 34353, 34357, 34430, 34450, 34500, 34510, 34545, 34561, 34566, 34581, 34858, 34877, 34921, 34934, 34960, 34972, 35027, 35037, 35068, 35081, 35203, 35315, 35582, 35610, 35615, 35660, 35827, 35863, 35903, 36108, 36131, 36217, 36281, 36305, 36332, 36430, 36440, 36450, 36463, 36622, 36643, 36676, 36720, 36744, 36748, 36957, 37109, 37172, 37262, 37273, 37286, 37338, 37458, 37507, 37630, 37647, 37656, 37683, 37706, 37748, 37796, 37798, 37818, 37823, 37855]
17,79,[4101, 5378, 7878, 16926, 19171, 19182, 27078, 27084, 27089, 27484, 27496, 31667, 31803, 32151, 33162, 33849, 34527, 34531, 35786, 35843, 36044, 36049, 36057, 39548, 67210, 72300, 96917, 101280, 101526, 101558, 101592, 101853, 101881, 102387, 102395, 102402, 102432, 105260, 105341, 105345, 124972, 131345, 131400, 131454, 131499, 134638, 134641, 161156, 161159, 161287, 161291, 161300, 161304, 163290, 163304, 172976, 175357, 175360, 175376, 175379, 175409, 175426, 175429, 177767, 177820, 177841, 177848, 184501, 186664, 194698, 195708, 205186, 205198, 205215, 205299, 205334, 205344, 205354, 215306]
18,103,[5946, 6466, 6474, 6493, 6506, 6514, 6527, 8028, 8033, 9793, 9822, 9836, 9865, 11865, 11939, 16344, 16403, 16413, 16432, 16442, 16543, 17741, 17744, 17753, 17765, 17775, 17789, 17799, 18876, 20024, 20045, 20063, 20066, 20076, 20117, 20121, 20134, 20137, 20159, 20756, 20761, 20776, 27906, 27914, 28150, 28154, 28157, 31170, 31460, 31463, 32279, 34923, 38825, 39037, 39045, 40064, 43542, 43561, 43597, 53691, 58286, 59739, 59743, 59804, 59823, 60063, 60074, 60097, 66698, 66715, 66734, 66877, 66881, 66887, 67052, 67063, 67085, 67095, 67651, 67657, 67664, 67810, 71489, 80539, 81229, 81256, 92687, 95561, 95653, 95657, 95663, 95667, 103188, 103197, 103203, 103215, 103695, 103716, 140329, 140344, 140373, 140412, 140433]
19,109,[190, 2304, 2337, 2341, 2351, 2368, 2379, 3034, 3037, 3047, 3082, 3089, 3092, 3096, 3114, 3154, 3340, 3347, 3421, 3427, 3456, 3536, 3542, 3574, 3588, 3924, 3934, 3935, 4631, 4773, 5201, 5206, 5223, 5227, 5495, 5782, 5807, 5816, 5858, 6455, 6619, 6626, 6881, 6916, 8638, 10042, 10141, 10214, 10992, 11770, 11990, 12111, 12130, 12150, 12155, 12241, 12303, 12338, 12344, 12646, 12700, 12713, 14354, 14357, 14426, 14442, 14445, 14710, 14716, 14718, 14727, 14731, 15128, 15133, 15143, 15523, 15526, 15813, 15815, 16371, 16378, 16400, 16411, 16422, 16428, 16437, 16444, 17963, 17965, 17966, 23054, 23285, 23292, 24186, 24194, 24198, 24213, 24416, 24685, 24696, 24697, 24701, 24702, 24706, 24720, 24727, 24769, 26686, 27209]
20,337,[1833, 2199, 2205, 2488, 2724, 2927, 2976, 2981, 3596, 4420, 4434, 4815, 4925, 4972, 5765, 5979, 5988, 6579, 7385, 8503, 8936, 8965, 9485, 9493, 9836, 10235, 10363, 10380, 10391, 10445, 10615, 10694, 10715, 11055, 11139, 11393, 11399, 11743, 11821, 12948, 12969, 13623, 13639, 13801, 15833, 16090, 16095, 16108, 16118, 17035, 17526, 17819, 17843, 17868, 17911, 17924, 17955, 18119, 18132, 18143, 18239, 18610, 18617, 19341, 19351, 19357, 19376, 19985, 20015, 20046, 20052, 20238, 20258, 20304, 20316, 20356, 20428, 20710, 20728, 20758, 21126, 21301, 21588, 22447, 22685, 22760, 22779, 22831, 22845, 23279, 23336, 23371, 23378, 23384, 23523, 24085, 24092, 24097, 24099, 24585, 24590, 24639, 24742, 24857, 24925, 25146, 25165, 25177, 25229, 25387, 25397, 25407, 25801, 26356, 26610, 26633, 27006, 28435, 28462, 29743, 30081, 30921, 30939, 32038, 33814, 33872, 34148, 34312, 34726, 34855, 34986, 35336, 35568, 35590, 35816, 36022, 36026, 36053, 36073, 36097, 36162, 36364, 36382, 36477, 36499, 36508, 36846, 36888, 36906, 36912, 36999, 37018, 37241, 37253, 37259, 37311, 37316, 37328, 37633, 37806, 38123, 38311, 38402, 38405, 38419, 38452, 38461, 38468, 38479, 38482, 38487, 38503, 38516, 38551, 38572, 38582, 38590, 39054, 39062, 39071, 39083, 39094, 39106, 39119, 39220, 39230, 39391, 41159, 41161, 41164, 41181, 41197, 41201, 41212, 41218, 41229, 41234, 41254, 41257, 41304, 41341, 41346, 41367, 41374, 41380, 41397, 41564, 41582, 41594, 41615, 41621, 41626, 41641, 41648, 41659, 41678, 41684, 41700, 41716, 41721, 41757, 41788, 41794, 41863, 41926, 41961, 42356, 42401, 43502, 43688, 43898, 43903, 43905, 44028, 44215, 44219, 44407, 44619, 44622, 44634, 44675, 44680, 44691, 44694, 44860, 44892, 44899, 45025, 45032, 45053, 45063, 45066, 45203, 45273, 45362, 45401, 45415, 45430, 45439, 45451, 45485, 46069, 46206, 46769, 46786, 46798, 46827, 46835, 47069, 47089, 47094, 47117, 47143, 47165, 47378, 47409, 47441, 47449, 47452, 47471, 47492, 47510, 47517, 47534, 47743, 47747, 48378, 48421, 48452, 48461, 48637, 48650, 49053, 49214, 49551, 49561, 49614, 49882, 50407, 50462, 50473, 50497, 50513, 50527, 50554, 50600, 50727, 50729, 51688, 51882, 53243, 53694, 54907, 54923, 54968, 55195, 55200, 55240, 55268, 55414, 55433, 55470, 55838, 55842, 57538, 57602, 58127, 58757, 60192, 62656, 65498, 65838, 65849, 65858, 65870, 65876, 65929]
21,173,[399, 585, 904, 1073, 1313, 1322, 2164, 5678, 6325, 6401, 7213, 7673, 7680, 7686, 7698, 7702, 7726, 7730, 7736, 7743, 8078, 10727, 10730, 11303, 11321, 11326, 11330, 11350, 11360, 11372, 11384, 11389, 11391, 11407, 11498, 11549, 12179, 12192, 12379, 12382, 12581, 12711, 12752, 12799, 12839, 12872, 12923, 12967, 12979, 12988, 13531, 13760, 13781, 13786, 13788, 13793, 13814, 14856, 14861, 14879, 14895, 14902, 14904, 15407, 15413, 15507, 15511, 15523, 15548, 17216, 17568, 17580, 17583, 18401, 18460, 19508, 20576, 20827, 20833, 20839, 21268, 21275, 21294, 21381, 21388, 21394, 21400, 21614, 21635, 21653, 21694, 21702, 21768, 21802, 21823, 22662, 22791, 22810, 23374, 23381, 23384, 23404, 24563, 24569, 24633, 24706, 25298, 25325, 25377, 25386, 25389, 25392, 25638, 25640, 25644, 26270, 26311, 26327, 26330, 27438, 27468, 27782, 27894, 27900, 27904, 27915, 28160, 28191, 28417, 28680, 28850, 28866, 28883, 28903, 28907, 28920, 28924, 28958, 29051, 29066, 29074, 29090, 29102, 29241, 29256, 29288, 29294, 29299, 30366, 30601, 30614, 30659, 30689, 31025, 31112, 32300, 32640, 32647, 32651, 32659, 32662, 32665, 32681, 32687, 32701, 32721, 32723, 34621, 35274, 35280, 35430, 35911, 36010]
22,10,[14927, 32133, 48940, 49053, 57152, 58596, 110533, 113198, 115147, 142173]
23,147,[2764, 3730, 3821, 3852, 3865, 3888, 3957, 3980, 3982, 4000, 4003, 4011, 4161, 4178, 4562, 4606, 4608, 4612, 4614, 4729, 4733, 4739, 4747, 4756, 4775, 4830, 4868, 4874, 4879, 4888, 4890, 4893, 4899, 4908, 4920, 4927, 4939, 4952, 4956, 4985, 5081, 5692, 5793, 8715, 8722, 8744, 8764, 8803, 8831, 8850, 8879, 8900, 9586, 10310, 10326, 10332, 10339, 10351, 10369, 10376, 10391, 10417, 10418, 10435, 10445, 10456, 10457, 10464, 10486, 10571, 11090, 11102, 11108, 11112, 11142, 11163, 11165, 11253, 11295, 11304, 11316, 11339, 11348, 11368, 11377, 11399, 11407, 11420, 11461, 11469, 11494, 11498, 11505, 11514, 11517, 11537, 11554, 11569, 11580, 13670, 13681, 13823, 13825, 13828, 13845, 13881, 13890, 13905, 13911, 13915, 13925, 13937, 14050, 14056, 14067, 14180, 14186, 14197, 14222, 14305, 14796, 15501, 15506, 15557, 15563, 15567, 15574, 15577, 15596, 15612, 15654, 15668, 15677, 15697, 17064, 17074, 17102, 17108, 17124, 17170, 18763, 23295, 24856, 27653, 27666, 27671, 27677]
24,759,[532, 551, 568, 591, 659, 702, 722, 748, 783, 788, 817, 838, 866, 909, 946, 953, 967, 1005, 1142, 1148, 1159, 1259, 1261, 1270, 1279, 1336, 1345, 1364, 1368, 1461, 1474, 1508, 1526, 1529, 1556, 1605, 1620, 1624, 1636, 1676, 1718, 1730, 1747, 1772, 1793, 1807, 1854, 2302, 2304, 2308, 2380, 2469, 2618, 2657, 2712, 2721, 2726, 3376, 3401, 3484, 3491, 3774, 3779, 3791, 3793, 3943, 4018, 4138, 4170, 4220, 4320, 4329, 4332, 4363, 4369, 4411, 4456, 4468, 4549, 4588, 4594, 4607, 4623, 4654, 4664, 4671, 4692, 4995, 5013, 5143, 5163, 5171, 5197, 5213, 5826, 5966, 6100, 6191, 6253, 6263, 6713, 6760, 6770, 6783, 6974, 7149, 7219, 7234, 7495, 7507, 7509, 7513, 7581, 7609, 7610, 7616, 7687, 7698, 7798, 7800, 7944, 7974, 8056, 8179, 8184, 8363, 9216, 9219, 9243, 9304, 9444, 9546, 9570, 9585, 9874, 10091, 10100, 10126, 10132, 10138, 10141, 10186, 10355, 10361, 10581, 10788, 10964, 10968, 11003, 11038, 11052, 11071, 11089, 11757, 11809, 11822, 11827, 11839, 11845, 11851, 11900, 12027, 12040, 12049, 12134, 12196, 12256, 12590, 12695, 12771, 12784, 12808, 12817, 12846, 12901, 12924, 12928, 12944, 12947, 13026, 13063, 13141, 13178, 13184, 13196, 13207, 13210, 13216, 13219, 13222, 13226, 13231, 13234, 13240, 13271, 13305, 13332, 13455, 13577, 13703, 13733, 14259, 14349, 14372, 14385, 14495, 14568, 14638, 14805, 14807, 14817, 14831, 14837, 14847, 14856, 14906, 15111, 15152, 15228, 15233, 15241, 15255, 15389, 15451, 15453, 15487, 15498, 15539, 15723, 15739, 15750, 15765, 15785, 15793, 15913, 15916, 15939, 15977, 16040, 16072, 16075, 16116, 16133, 16528, 16532, 16544, 16558, 16565, 16624, 16635, 16645, 16649, 16660, 16665, 16673, 16992, 17080, 17101, 17700, 17883, 17915, 17936, 17942, 17954, 17957, 17991, 18025, 18161, 18207, 18227, 18344, 18348, 18680, 18686, 18728, 18741, 18953, 18956, 18973, 18980, 18983, 18986, 19024, 19219, 19230, 19335, 19388, 19473, 19493, 19697, 19856, 19893, 19899, 19914, 20028, 20042, 20129, 20240, 20243, 20262, 20280, 20316, 20324, 20410, 20463, 20488, 20553, 20811, 20874, 20904, 20912, 20958, 21050, 21054, 21079, 21137, 21160, 21166, 21301, 21346, 21605, 21684, 21695, 21698, 21807, 21820, 21827, 21854, 21859, 21892, 21923, 21935, 22153, 22259, 22288, 22311, 22322, 22344, 22511, 22557, 22662, 22670, 22692, 22911, 22964, 23017, 23053, 23203, 23250, 23292, 23394, 23399, 23407, 23447, 23498, 23520, 23552, 24071, 24081, 24111, 24114, 24171, 24192, 24206, 24222, 24298, 24355, 24368, 24384, 24392, 24424, 24500, 24532, 24556, 24817, 24873, 24888, 24891, 25060, 25531, 25589, 25596, 25604, 25657, 25700, 25714, 25768, 25842, 25915, 26016, 26229, 26343, 26360, 26409, 26516, 26537, 26564, 27218, 27277, 27280, 27288, 27299, 27323, 27324, 27344, 27355, 27383, 27386, 27390, 27398, 27404, 27435, 27456, 27501, 27548, 27557, 27600, 27691, 27694, 27706, 27729, 27737, 27750, 27760, 27779, 27831, 28082, 28135, 28169, 28198, 28323, 28344, 28357, 28451, 28502, 28554, 28615, 28656, 28753, 28756, 28760, 28840, 28851, 28920, 28962, 29029, 29121, 29125, 29412, 29426, 29433, 29480, 29486, 29492, 29556, 29677, 29685, 29687, 29696, 29702, 29705, 29733, 29751, 29760, 29766, 29772, 29791, 29795, 29940, 30003, 30038, 30043, 30101, 30106, 30145, 30167, 30183, 30222, 30225, 30269, 30280, 30301, 30346, 30372, 30374, 30496, 30591, 30685, 30743, 30786, 31121, 31125, 31205, 31212, 31214, 31222, 31297, 31338, 31354, 31365, 31393, 31413, 31418, 31422, 31497, 31597, 31619, 31804, 31809, 31817, 31850, 31888, 31912, 32103, 32168, 32198, 32229, 32268, 32280, 32401, 32417, 32464, 32473, 32478, 32550, 32760, 32769, 32784, 32800, 32846, 32900, 32906, 33021, 33029, 33043, 33051, 33097, 33100, 33103, 33205, 33278, 33288, 33294, 33298, 33316, 33320, 33342, 33382, 33729, 33732, 33736, 33744, 33790, 33802, 33826, 33829, 33842, 33856, 33878, 33961, 34012, 34135, 34164, 34171, 34355, 34357, 34489, 34776, 34813, 34822, 34850, 34920, 35679, 35763, 35946, 35949, 35973, 35977, 36001, 36058, 36146, 36183, 36202, 36227, 36230, 36243, 36315, 36354, 36357, 36399, 36841, 37087, 37104, 37559, 37565, 37673, 37693, 37772, 37779, 37785, 37788, 37801, 37809, 37812, 37826, 37829, 37836, 37838, 37862, 38781, 38820, 38892, 38943, 38948, 38975, 39020, 39025, 39031, 39039, 39051, 39086, 39089, 39119, 39179, 39204, 39227, 39230, 39263, 39390, 39449, 39451, 39458, 39467, 39474, 39478, 39485, 39490, 39623, 39695, 39703, 39707, 39811, 39821, 39880, 39911, 39916, 39953, 40039, 40082, 40089, 40100, 40348, 40388, 40399, 40493, 40532, 40553, 40559, 40564, 40604, 40608, 40803, 40838, 40857, 40864, 40889, 40909, 40924, 40937, 40944, 40957, 40959, 40964, 40971, 40993, 41056, 41083, 41117, 41282, 41289, 41313, 41378, 41396, 41412, 41418, 41456, 41507, 41586, 41612, 41616, 41634, 41649, 41696, 41729, 41733, 41744, 41848, 41897, 41941, 41945, 41965, 42071, 42101, 42104, 42251, 42344, 42350, 42392, 42625, 42630, 42828, 42875, 42920, 42924, 43004, 43038, 43124, 43139, 43150, 43224, 43230, 43252, 43266, 43363, 43418, 43430, 43446, 43471, 43480, 43486, 43509, 43522, 43558, 43592, 43616, 43643, 43656, 43752, 43761, 43931, 44003, 44014, 44064, 44126, 44238, 44310, 44324, 44333, 44340, 44349, 44387, 44613, 44852, 44862, 44872, 44883, 44996, 44998, 45001]
25,3,[53113, 114014, 173051]
26,325,[2211, 2589, 2597, 2886, 3158, 3386, 3440, 3445, 4097, 4932, 4946, 5333, 5439, 5488, 6283, 6497, 6507, 7097, 7908, 9038, 9484, 9514, 10038, 10046, 10388, 10787, 10916, 10933, 11001, 11177, 11256, 11277, 11624, 11711, 11966, 11973, 12329, 12407, 13535, 13556, 14208, 14224, 14389, 16478, 16737, 16742, 16755, 16766, 17689, 18197, 18497, 18521, 18546, 18609, 18652, 18821, 18834, 18845, 18942, 19319, 19326, 20046, 20056, 20062, 20083, 20706, 20736, 20768, 20774, 20964, 20984, 21030, 21042, 21082, 21155, 21442, 21459, 21492, 21865, 22045, 22334, 23205, 23445, 23525, 23546, 23599, 23613, 24048, 24106, 24141, 24148, 24154, 24293, 24847, 24854, 24861, 25362, 25367, 25419, 25522, 25638, 25710, 25953, 25965, 26021, 26181, 26191, 26201, 26601, 27154, 27411, 27434, 27830, 29265, 29292, 30588, 30928, 31785, 31803, 32910, 34689, 34748, 35024, 35196, 35614, 35745, 35878, 36232, 36467, 36489, 36716, 36924, 36954, 36974, 36998, 37064, 37269, 37287, 37311, 37384, 37406, 37415, 37758, 37801, 37819, 37825, 37914, 37933, 38157, 38169, 38175, 38227, 38232, 38244, 38550, 38723, 39042, 39254, 39287, 39347, 39361, 39394, 39403, 39410, 39421, 39424, 39429, 39445, 39459, 39493, 39514, 39524, 39532, 40004, 40013, 40025, 40036, 40048, 40061, 40162, 40172, 40333, 42097, 42099, 42102, 42119, 42135, 42139, 42150, 42156, 42167, 42172, 42191, 42194, 42241, 42278, 42283, 42310, 42316, 42333, 42501, 42519, 42532, 42553, 42563, 42578, 42585, 42595, 42614, 42620, 42636, 42652, 42657, 42692, 42722, 42728, 42798, 42861, 42895, 43284, 43337, 44457, 44647, 44858, 44863, 44865, 44990, 45180, 45184, 45376, 45589, 45592, 45607, 45654, 45661, 45673, 45676, 45845, 45883, 46014, 46021, 46043, 46052, 46055, 46192, 46262, 46359, 46400, 46414, 46430, 46439, 46451, 46486, 47071, 47211, 47773, 47790, 47802, 47832, 48072, 48092, 48097, 48121, 48146, 48382, 48414, 48447, 48455, 48458, 48477, 48497, 48515, 48522, 48539, 48750, 48754, 49394, 49437, 49470, 49479, 49659, 49673, 50087, 50255, 50599, 50656, 50928, 51457, 51512, 51523, 51547, 51563, 51577, 51604, 51651, 51778, 51780, 52768, 54365, 54821, 56068, 56084, 56130, 56355, 56360, 56400, 56429, 56572, 56592, 56629, 56994, 56999, 58706, 58771, 59315, 59956, 61486, 63996, 66910, 67253, 67264, 67273, 67285, 67291, 67346]
27,1488,[357, 426, 431, 433, 459, 1412, 1455, 1467, 1473, 1487, 1509, 1532, 1545, 1570, 1594, 1609, 1684, 1692, 1695, 1710, 1725, 1959, 2022, 2029, 2047, 2051, 2052, 2076, 2108, 3914, 3926, 3928, 3937, 3961, 3973, 3976, 4020, 4106, 4120, 4219, 4233, 4280, 4326, 4341, 4347, 4367, 4643, 4648, 4654, 4660, 4679, 4752, 4757, 4819, 4901, 4936, 4945, 5004, 5026, 5140, 5149, 5167, 5187, 5201, 5222, 5271, 5286, 5364, 5370, 5439, 5581, 5631, 5644, 5653, 5676, 5680, 6026, 6036, 6135, 6181, 6185, 6261, 6393, 6575, 6578, 6596, 6626, 6687, 6839, 6847, 7012, 7144, 7160, 7568, 7622, 7675, 7691, 7701, 7744, 7887, 7889, 7899, 7910, 7916, 8045, 8053, 8056, 8065, 8089, 8124, 8180, 8410, 8531, 8653, 8658, 8719, 8734, 8794, 8852, 8873, 8982, 9061, 9339, 10416, 11993, 12020, 12990, 13145, 13221, 13261, 13310, 13377, 13394, 13470, 13482, 13763, 13973, 14196, 14254, 14505, 14802, 15706, 15725, 15815, 16544, 16553, 16598, 16613, 16687, 16887, 17011, 17016, 17031, 17058, 17203, 17246, 17249, 17254, 17255, 17294, 17601, 17604, 19042, 19197, 19241, 19400, 19442, 19462, 19480, 19683, 19710, 20128, 20169, 20182, 20287, 20293, 20310, 20437, 20453, 20462, 20471, 20580, 20651, 20692, 20758, 20761, 20764, 20768, 20769, 21065, 21072, 21095, 21256, 21301, 21324, 21331, 21342, 21364, 21372, 21471, 21496, 21611, 21686, 21698, 22100, 22226, 22242, 22318, 22345, 22357, 22715, 22825, 22844, 24115, 24122, 24315, 24365, 24380, 24404, 24435, 24440, 24455, 24467, 24477, 24488, 24516, 24553, 24566, 24583, 24591, 24655, 24678, 24691, 24718, 24727, 24754, 24790, 24809, 25026, 25141, 25281, 25472, 25560, 25632, 25683, 25738, 25745, 25759, 25841, 25876, 25905, 26025, 26129, 26151, 26184, 26207, 26279, 26346, 26836, 26845, 26859, 26911, 28170, 28321, 28330, 28819, 28837, 28851, 28856, 28862, 28923, 29437, 29464, 29962, 29986, 30209, 30360, 31131, 31151, 31252, 31301, 31358, 31421, 31424, 31433, 31441, 31449, 31453, 31455, 31461, 31465, 31742, 31765, 31785, 31801, 31832, 31909, 32530, 32540, 32547, 32560, 32564, 32568, 32571, 32577, 32851, 32958, 32968, 33042, 33090, 33157, 33244, 33277, 33335, 33350, 33361, 33399, 33408, 33456, 33534, 33535, 33550, 33798, 33803, 33922, 33946, 33986, 34121, 34307, 34360, 34590, 34984, 35027, 35065, 35070, 35153, 35157, 35172, 35213, 35240, 35279, 35547, 35552, 35603, 35622, 35660, 35757, 35812, 35842, 35949, 35956, 35974, 36045, 36049, 36098, 36104, 36192, 36254, 36265, 36279, 36287, 36326, 36440, 36447, 36451, 36465, 36491, 36519, 36586, 36596, 36772, 36819, 36870, 36899, 36963, 37067, 37313, 37359, 37366, 37372, 37592, 37608, 37612, 37680, 37733, 37737, 37768, 37825, 37893, 37915, 37955, 37973, 38035, 38249, 39290, 39361, 39463, 39466, 39501, 39525, 39556, 39560, 39573, 39578, 39595, 39919, 39926, 39932, 39962, 39971, 40005, 40011, 40125, 40137, 40268, 40397, 40446, 40483, 40489, 40495, 40544, 40608, 40663, 40675, 40946, 41061, 41069, 41351, 41362, 41377, 41498, 41619, 42186, 42249, 42251, 42262, 42267, 42306, 42364, 42387, 42457, 42461, 42538, 42733, 42746, 42749, 42789, 42792, 42831, 42857, 42990, 42996, 43013, 43040, 43126, 43132, 43185, 43213, 43217, 43223, 43403, 43506, 43514, 43538, 43576, 43583, 43599, 43603, 43617, 43636, 43706, 43756, 43768, 43790, 43794, 43910, 43931, 43994, 44086, 44111, 44200, 44207, 44222, 44226, 44247, 44251, 44254, 44266, 44285, 44338, 44411, 44421, 44456, 44726, 44731, 44741, 44773, 44786, 45444, 45558, 45699, 45722, 45725, 45730, 46510, 46583, 46802, 46903, 47365, 47426, 47473, 47513, 47757, 47859, 47876, 47902, 48064, 48127, 48362, 48394, 48398, 48436, 48548, 48657, 48696, 48712, 48862, 48889, 48914, 48931, 49056, 49057, 49070, 49119, 49125, 49148, 49153, 49160, 49184, 49198, 49202, 49558, 49566, 49612, 49617, 49622, 49629, 49635, 49672, 49674, 49769, 49809, 49935, 49950, 50000, 50068, 50079, 50086, 50113, 50184, 50319, 50347, 50401, 50404, 50410, 50423, 50455, 50459, 50486, 50500, 50512, 50519, 50530, 50579, 50596, 50694, 50717, 50722, 50724, 50736, 50739, 50762, 50808, 50813, 50827, 50922, 50935, 50979, 51022, 51046, 51136, 51147, 51152, 51254, 51259, 51392, 51940, 51944, 51960, 51964, 52203, 52303, 52312, 52334, 52472, 52478, 52498, 52507, 52513, 52517, 52533, 52614, 52648, 52652, 52657, 52680, 52702, 52706, 52743, 52773, 52777, 52980, 53097, 53142, 53481, 53486, 53595, 53705, 53751, 53775, 53824, 53894, 53932, 54035, 54052, 54063, 54114, 54123, 54131, 54140, 54232, 54300, 54324, 54372, 54448, 54462, 54804, 54830, 54832, 54937, 54973, 54982, 54993, 55097, 55108, 55255, 55464, 55597, 55635, 55753, 55913, 55915, 55954, 55956, 55971, 56017, 56105, 56114, 56127, 56130, 56180, 56205, 56312, 56328, 56342, 56359, 56525, 56596, 56776, 57118, 57185, 57627, 57638, 57688, 57748, 57796, 57887, 57927, 57952, 57959, 58098, 58113, 58121, 58173, 58197, 58203, 58218, 58294, 58298, 58370, 58391, 58409, 58432, 58455, 58496, 58511, 58516, 59666, 59934, 60313, 60629, 60721, 60738, 60878, 61004, 61047, 61061, 61146, 61299, 61414, 61555, 61578, 61588, 61608, 61631, 61676, 61696, 61843, 62000, 62019, 62028, 62031, 62056, 62085, 62090, 62169, 62243, 62248, 62333, 62337, 62341, 62390, 62429, 62454, 62456, 62464, 62554, 62572, 62620, 62632, 62649, 62653, 62661, 62664, 62676, 62681, 62828, 62875, 63130, 63552, 63588, 63592, 63703, 64019, 64666, 64715, 64726, 65071, 67215, 67229, 67327, 67328, 67331, 67442, 67446, 67620, 67763, 67773, 67775, 67786, 67812, 67944, 68050, 68086, 68090, 68311, 68406, 68504, 68516, 68787, 69364, 69587, 69624, 69888, 70210, 70256, 70281, 70322, 70373, 70407, 70504, 70510, 70515, 70539, 70601, 70604, 70609, 70648, 70655, 70669, 70766, 70857, 70901, 70924, 70951, 71002, 71049, 71113, 71155, 71172, 71198, 71203, 71321, 71326, 71501, 71659, 71731, 71789, 71832, 71869, 71878, 71884, 71889, 71912, 71988, 71992, 72030, 72036, 72088, 72107, 72112, 72137, 72153, 72181, 72184, 72194, 72225, 72230, 72430, 72445, 72448, 72509, 72591, 72606, 72657, 72698, 72817, 72884, 72913, 72920, 73161, 73255, 73296, 73305, 73374, 73376, 73380, 73385, 73486, 73508, 73583, 73621, 73776, 73784, 73792, 73802, 73811, 73822, 73828, 73831, 73839, 73894, 73897, 73900, 73913, 73952, 73964, 74017, 74035, 74058, 74101, 74167, 74370, 74408, 74413, 74431, 74482, 74552, 74561, 74584, 74611, 74614, 74710, 74748, 74785, 74854, 74881, 75035, 75066, 75073, 75267, 75282, 75292, 75307, 75702, 76663, 76731, 77487, 77514, 77525, 77544, 77552, 77569, 78011, 78058, 78240, 78245, 78248, 78313, 78321, 78327, 78394, 78409, 78640, 78686, 78755, 78761, 78836, 78839, 78865, 78868, 78895, 78929, 79011, 79021, 79024, 79086, 79090, 79120, 79127, 79198, 79214, 79231, 79249, 79336, 79342, 79364, 79383, 79529, 79539, 79544, 79552, 79681, 79740, 79756, 79801, 79823, 79835, 79843, 79854, 79874, 79890, 79905, 79909, 79913, 79918, 79967, 79978, 79997, 80002, 80017, 80056, 80073, 80110, 80137, 80165, 80167, 80202, 80241, 80245, 80248, 80264, 80306, 80330, 80369, 80378, 80390, 80394, 80399, 80408, 80414, 80422, 80429, 80444, 80468, 80490, 80520, 80523, 80558, 80561, 80622, 80638, 80647, 80754, 80761, 80771, 80848, 80934, 80972, 80987, 80993, 81009, 81027, 81062, 81081, 81092, 81138, 81146, 81175, 81185, 81213, 81241, 81274, 81335, 81402, 81422, 81500, 81509, 81531, 81560, 81595, 81602, 81639, 81705, 81728, 81793, 81807, 81811, 81829, 81831, 81836, 81849, 81878, 81882, 82001, 82123, 82247, 82254, 82326, 82334, 82398, 82453, 82462, 82635, 82649, 82659, 82682, 82729, 82876, 82926, 83080, 83650, 83837, 83894, 84568, 84578, 86259, 86287, 86329, 86352, 86470, 86565, 86616, 86654, 86736, 86757, 86841, 86891, 86936, 86958, 86990, 86999, 87100, 87146, 87706, 87973, 88036, 88046, 88055, 88067, 88083, 88093, 88101, 88135, 88138, 88141, 88147, 88157, 88162, 88174, 88183, 88201, 88205, 88213, 88225, 88227, 88265, 88317, 88325, 88350, 88399, 88404, 88424, 88452, 88453, 88483, 88494, 88498, 88513, 88531, 88535, 88539, 88555, 88556, 88604, 88614, 88630, 88641, 88662, 88719, 88738, 88756, 88769, 88816, 88819, 88828, 88851, 88909, 88925, 88934, 88947, 88953, 89199, 89221, 89224, 89269, 89271, 89277, 89310, 89322, 89353, 89359, 89374, 89412, 89416, 89427, 89434, 89522, 89548, 89570, 89593, 89784, 89842, 90159, 90252, 90253, 90273, 90280, 90283, 90306, 90324, 90368, 90383, 90389, 90395, 90428, 90434, 90441, 90457, 90479, 90501, 90504, 90509, 90525, 90619, 90623, 90803, 90811, 90863, 90868, 90920, 90924, 91764, 92002, 92319, 92332, 92341, 92354, 92549, 92628, 92630, 92634, 92656, 92837, 92899, 92903, 92932, 92976, 93016, 93027, 93051, 93199, 93240, 93794, 94307, 94316, 94335, 94352, 94367, 94430, 94471, 94493, 94565, 94582, 94588, 94596, 94673, 94723, 94734, 94744, 94750, 94806, 94847, 94853, 94868, 94881, 94885, 94977, 94999, 95092, 95105, 95117, 95205, 95227, 95293, 95308, 95323, 95335, 95363, 95386, 95533, 95538, 95539, 95556, 95559, 95612, 95627, 95661, 95811, 95933, 96309, 96525, 96565, 96583, 96586, 96617, 96639, 96644, 97280, 97303, 97308, 97356, 97704, 97723, 97779, 98243, 98248, 98257, 98357, 98390, 98394, 98412, 98485, 98511, 98519, 98649, 98685, 98776, 98787, 98833, 98859, 98875, 98879, 98884, 98902, 98926, 98958, 98968, 98992, 99016, 99094, 99387, 99447, 99837, 99945, 100046, 100084, 100160, 100167, 100356, 100360, 100401, 100405, 100583, 100585, 100595, 100611, 100636, 100640, 100670, 100855, 100864, 101105, 101177, 101241, 101248, 101275, 101430, 101541, 101584, 101598, 101665, 101672, 101780, 101835, 101851, 101911, 102059, 102128, 102134, 102173, 102179, 102196, 102213, 102225, 102232, 102256, 102258, 102263, 102316, 102321, 102343, 102363, 102433, 102538, 102653, 102658, 102663, 102666, 102798, 102804, 102836, 102846, 102912, 102936, 102953, 102962, 103049, 103225, 103471, 103483, 103512, 103543, 103546, 103549, 103637, 103927, 103971, 103988, 103993, 104121, 104153, 104207, 104227, 104366, 104400, 104405, 104452, 104465, 104938, 105461, 105533, 105538, 105562, 105565, 105716, 105775, 105807, 105863, 105874, 105928, 105935, 105960, 106057, 106065, 106093, 106105, 106109, 106137, 106190, 106216, 106229, 106244, 106252, 106257, 106267, 106272, 106374, 106383, 106495, 106709, 106725, 106730, 106744, 106765, 106769, 106774, 106781, 106787, 106790, 106800, 106816, 106818, 106830, 106856, 106872, 106934, 106942, 106946, 106971, 106980, 107024, 107036, 107086, 107119, 107142, 107171, 107173, 107185, 107219, 107232, 107275, 107386, 107460, 107683, 107768, 107795, 107983, 108051, 108055, 108232, 108422, 108468, 108479, 108551, 108695, 108717, 108832, 108854, 108900, 108924, 108946, 109108, 109120, 109132, 109139, 109294, 109600]
28,50,[391, 1772, 2484, 3327, 3332, 3339, 4615, 4636, 6134, 6882, 7328, 7351, 7375, 7402, 7488, 7508, 7571, 7697, 7701, 7713, 9852, 9861, 9877, 9893, 9924, 9931, 10008, 10014, 10311, 10327, 10338, 10360, 10365, 10412, 10416, 10471, 10500, 10524, 10580, 11126, 11163, 11187, 11205, 11214, 11217, 11298, 11308, 11326, 11762, 11768]
30,1995,[1387, 1582, 1585, 1793, 2231, 2251, 4165, 4191, 4194, 4223, 6342, 6345, 6361, 6425, 6433, 7759, 7772, 7787, 7788, 7808, 7812, 7838, 7856, 7865, 7869, 7877, 7915, 7923, 7932, 7951, 8008, 8346, 8352, 8357, 8363, 8367, 8376, 10105, 10302, 10361, 10383, 10521, 10794, 10846, 10883, 10890, 10921, 10950, 10972, 11006, 11843, 12585, 12588, 12604, 12613, 12622, 12644, 12647, 12680, 12703, 12738, 12837, 13155, 13203, 13205, 13220, 13232, 13235, 13257, 13282, 13288, 13363, 13367, 13411, 13414, 13447, 13450, 13493, 13502, 13520, 13535, 13560, 13619, 13672, 13688, 13703, 14067, 14084, 14118, 14127, 14513, 15134, 15285, 15292, 15300, 15337, 15910, 15922, 16685, 16748, 16761, 16884, 16890, 16914, 16929, 16954, 16959, 17017, 17042, 17061, 17093, 17217, 17254, 17266, 17272, 17279, 17349, 17353, 17431, 17491, 17569, 17579, 17582, 18433, 18764, 19918, 20007, 20315, 20317, 20321, 20324, 20447, 20488, 20492, 21291, 21303, 21338, 23027, 23031, 23111, 23188, 23233, 23238, 23241, 23273, 23275, 23281, 23286, 23360, 23364, 23377, 23380, 23385, 23407, 23440, 23458, 23460, 23472, 23504, 23508, 23517, 23558, 23564, 23572, 23578, 23829, 23903, 23905, 23907, 23945, 23964, 23976, 24024, 24380, 30242, 32250, 32268, 32323, 32338, 32373, 33291, 33294, 33297, 33910, 38135, 41268, 41277, 42729, 42732, 42807, 42811, 44446, 44449, 44520, 44525, 44530, 44533, 44545, 44549, 44556, 44565, 44567, 44570, 44581, 44758, 44762, 45376, 45380, 45383, 45388, 64926, 65568, 65590, 65609, 65623, 65631, 65641, 65686, 65694, 65700, 65740, 68878, 68880, 68892, 68905, 68921, 68959, 68978, 68981, 69001, 69008, 69014, 69021, 69026, 69039, 69043, 69046, 69057, 69083, 69106, 69147, 69154, 69196, 69199, 69216, 70717, 70791, 70857, 70879, 70885, 70888, 70892, 70897, 70906, 70909, 70911, 70916, 70927, 70934, 70949, 71037, 71531, 71718, 72161, 72233, 72267, 72272, 72276, 72284, 72586, 72672, 72714, 72793, 73240, 73243, 73248, 73560, 75413, 75474, 76263, 76591, 76876, 76893, 77097, 82145, 82152, 82164, 82212, 82215, 82243, 82247, 82297, 82322, 82484, 82543, 82559, 82571, 82576, 82581, 82591, 82618, 82648, 82664, 87857, 87880, 87891, 87896, 87905, 87917, 90976, 91027, 92659, 92667, 92676, 92686, 92693, 92711, 92714, 92717, 92720, 92775, 95124, 95169, 95374, 96859, 97233, 98071, 100220, 100223, 100226, 100229, 100232, 100238, 100241, 100247, 100250, 100261, 100266, 100269, 100276, 100278, 100284, 100293, 100295, 100298, 100310, 100315, 100318, 100325, 100331, 100336, 100341, 100346, 100349, 100357, 100368, 100373, 100382, 100388, 100400, 100404, 100408, 100414, 100421, 100424, 100428, 100438, 100443, 100458, 100461, 100466, 100471, 100482, 100492, 100496, 100502, 100508, 100515, 100518, 100523, 100530, 100551, 100575, 100577, 104744, 112536, 112806, 114882, 118170, 118186, 118804, 118809, 118816, 118824, 118828, 118836, 118840, 118848, 118851, 118861, 118863, 118875, 118880, 118889, 118898, 118903, 119441, 119444, 119450, 119456, 119465, 119467, 119477, 119512, 119519, 119589, 119616, 119622, 119626, 119641, 119692, 119698, 119756, 119760, 119768, 119799, 119812, 119824, 119828, 119838, 119856, 119860, 120454, 120469, 120474, 120479, 120483, 120505, 120508, 120513, 120517, 120527, 120530, 120535, 120540, 121098, 121103, 121106, 121116, 121196, 121268, 121280, 121292, 121299, 123237, 123912, 123921, 123928, 123932, 123936, 123940, 123948, 123952, 126596, 126600, 126604, 126610, 126853, 129200, 129237, 129284, 131482, 131650, 131664, 131667, 131670, 131682, 131732, 132618, 132625, 134236, 134241, 135290, 136741, 137916, 137923, 137929, 137949, 138158, 138161, 138179, 138182, 138186, 138189, 138857, 138862, 138869, 138876, 138883, 138890, 139026, 141098, 141108, 141113, 141118, 141123, 141128, 141133, 141138, 141143, 141158, 141162, 141166, 141171, 141219, 141231, 141236, 141241, 141252, 141256, 141260, 141264, 141276, 141281, 141321, 141331, 141342, 141346, 141350, 141354, 141365, 141369, 141373, 141378, 141390, 141400, 141405, 141440, 141445, 141449, 141453, 141464, 141469, 141473, 141478, 141490, 141500, 141504, 141508, 144318, 144326, 144332, 144356, 144631, 144636, 144643, 144650, 144657, 146239, 146314, 146603, 146615, 146639, 146676, 146730, 147248, 147253, 147280, 147286, 147318, 147322, 152460, 152465, 152684, 152695, 152766, 152793, 152802, 152806, 152822, 152827, 153238, 153311, 153424, 153429, 153439, 153518, 153532, 153545, 153547, 153843, 153881, 153986, 154224, 154256, 154270, 154389, 154396, 154406, 154409, 154413, 154420, 154424, 154517, 154526, 154528, 154896, 154999, 155003, 155059, 155082, 155105, 155157, 155229, 155311, 155325, 155332, 155371, 155401, 155413, 156994, 157005, 157011, 157015, 157018, 157033, 157674, 157681, 157684, 157699, 157717, 157724, 157754, 157763, 157774, 157803, 157806, 157813, 157982, 157986, 159703, 159746, 159750, 159756, 159796, 159801, 159816, 159822, 159850, 159867, 159963, 159970, 159981, 159985, 160053, 160059, 160138, 160142, 160161, 160200, 160215, 160389, 160419, 160519, 160542, 160567, 160575, 160586, 160597, 160626, 160640, 160650, 160655, 160674, 160696, 160718, 160753, 160790, 160795, 160800, 160899, 160918, 160922, 160953, 161150, 161161, 161173, 161180, 161583, 161587, 161652, 161661, 161819, 161822, 161839, 161842, 161846, 161850, 161857, 161872, 161883, 161885, 162006, 162012, 162015, 162019, 162035, 162120, 162126, 162159, 162216, 162242, 162246, 162268, 162285, 162789, 164235, 164239, 164249, 164253, 164258, 164264, 164267, 164303, 164307, 173803, 173896, 178452, 178463, 178489, 178562, 178904, 178915, 179057, 179072, 179088, 179121, 180333, 180336, 180428, 180486, 180508, 183948, 183950, 183959, 183963, 183967, 185835, 186032, 188050, 188059, 188065, 188071, 188595, 188602, 188614, 189299, 189303, 189504, 189527, 189619, 189655, 189674, 189759, 189772, 189776, 189832, 189840, 189844, 189848, 189855, 189864, 189869, 189896, 189918, 189926, 189943, 189950, 189955, 189959, 189965, 189968, 189970, 189977, 189981, 190004, 190465, 190506, 190518, 190534, 193021, 196218, 196351, 196732, 199248, 199255, 199260, 199287, 199307, 199927, 200944, 200949, 200987, 201751, 202156, 202213, 202217, 202352, 202356, 202363, 202388, 207944, 207951, 208097, 208102, 208104, 208117, 208170, 208359, 208369, 208377, 208382, 211637, 211648, 211668, 212576, 212590, 214106, 214124, 214174, 214242, 214321, 214329, 214366, 217536, 221286, 221367, 221370, 221376, 221393, 221401, 221465, 221533, 221545, 221584, 221593, 221599, 221604, 221649, 221694, 221725, 221772, 221803, 221820, 221824, 221859, 221867, 221870, 221874, 221955, 222097, 222123, 222402, 223738, 223771, 223786, 224638, 224673, 224677, 224728, 224732, 224744, 224764, 225591, 225934, 226135, 226139, 226181, 226185, 226189, 226200, 226220, 226229, 226234, 226244, 227273, 227329, 227673, 227697, 227706, 227717, 227728, 233758, 235727, 239254, 241121, 242113, 242125, 242129, 242134, 242139, 242148, 242153, 242158, 242323, 242330, 242335, 242340, 242345, 242350, 242360, 242365, 242391, 242396, 242405, 242409, 242414, 242419, 242428, 242433, 242438, 242443, 242453, 242458, 242463, 242479, 242483, 242506, 242511, 242516, 242521, 242531, 242536, 242541, 242546, 243111, 243115, 243119, 243123, 247672, 249004, 259879, 260144, 260149, 260151, 260162, 260218, 260412, 260431, 260436, 261621, 263401, 263415, 267099, 267591, 267617, 267624, 267636, 267645, 267661, 275511, 277148, 292296, 292538, 292653, 292812, 292876, 292877, 292885, 292893, 292900, 292902, 292916, 292919, 292925, 292950, 293013, 293015, 293060, 293081, 293115, 293166, 293170, 293224, 293227, 293232, 293867, 293872, 293909, 293985, 293988, 294005, 294226, 294304, 294552, 295335, 297524, 298487, 299621, 303521, 306513, 306610, 309695, 309721, 309728, 309729, 309738, 309743, 309855, 309868, 309893, 309898, 317528, 320821, 320835, 320839, 320954, 320962, 321196, 321299, 321306, 321309, 322660, 323262, 324929, 325157, 325448, 325735, 329423, 329429, 329440, 329450, 330141, 330437, 330749, 330756, 333910, 333921, 334639, 336616, 340806, 341684, 341688, 341695, 341700, 342465, 345111, 345129, 345333, 345338, 345476, 345482, 345488, 345491, 345497, 345505, 345747, 345750, 345754, 345760, 345767, 345779, 345786, 346051, 346059, 346080, 346095, 346153, 346156, 346366, 346372, 346380, 346384, 346396, 346422, 346429, 346548, 346556, 346567, 346705, 346715, 346721, 346918, 346924, 346928, 346975, 347109, 347137, 347143, 347171, 347175, 347280, 347291, 347298, 347340, 347344, 347360, 347361, 347379, 347799, 347805, 347811, 347816, 347822, 347828, 347965, 348013, 348860, 349506, 349514, 350916, 351083, 354682, 354798, 356058, 356097, 356154, 356349, 356356, 356361, 356377, 356388, 356397, 356410, 356414, 356424, 356431, 356437, 356442, 356445, 356453, 356458, 356466, 356474, 356484, 356488, 356499, 356504, 356532, 356542, 356547, 356557, 356565, 356570, 356572, 356577, 356603, 356606, 356610, 356614, 359216, 359225, 359231, 360515, 361364, 361540, 362361, 362367, 362370, 362374, 362377, 362387, 362754, 362851, 362859, 363452, 364460, 364597, 364943, 365952, 366634, 366654, 367320, 367324, 368575, 368634, 368834, 368839, 369940, 371524, 372254, 372313, 372318, 372523, 372541, 372544, 372556, 372610, 373658, 373664, 373773, 373779, 373816, 374886, 374888, 374893, 377519, 377527, 377583, 377592, 377603, 377620, 378943, 380036, 380038, 380042, 380055, 385231, 385242, 385891, 385897, 385902, 386300, 386315, 386699, 386935, 390318, 390325, 391738, 391755, 392104, 392141, 392172, 392176, 392181, 392186, 392195, 392206, 392217, 392234, 392239, 393495, 393506, 393508, 393513, 393519, 393524, 393529, 393693, 393696, 393824, 393994, 394013, 394017, 394021, 394040, 394060, 394069, 394345, 394842, 395140, 395144, 395157, 395411, 395422, 395930, 395937, 395950, 395977, 396003, 396007, 396012, 396018, 397522, 397844, 397846, 398373, 399857, 399882, 401501, 402573, 402585, 403980, 404456, 410729, 411060, 411258, 411263, 420233, 420277, 420304, 420307, 420310, 420317, 420513, 421257, 421263, 421311, 421320, 421739, 421955, 422048, 422184, 422495, 422681, 422743, 422968, 423087, 423096, 423195, 423229, 423235, 423248, 423253, 423620, 423624, 423637, 423641, 423812, 423835, 423903, 423918, 423930, 423936, 423938, 423942, 423955, 423960, 424210, 424216, 424219, 424223, 424227, 424231, 424292, 424294, 424303, 424319, 424327, 424451, 424455, 424468, 424493, 424501, 424509, 424688, 424697, 424800, 424804, 424813, 424837, 424843, 424860, 424901, 424913, 424933, 424947, 424951, 424965, 424975, 425409, 425413, 425423, 425433, 425500, 425502, 425563, 425570, 425638, 425642, 425737, 425793, 425856, 425863, 425869, 425890, 425966, 425972, 425990, 425998, 426024, 426029, 426044, 426049, 426071, 426074, 426077, 426080, 426083, 426116, 426276, 427217, 427220, 427224, 427230, 427232, 427238, 427242, 427263, 427266, 427281, 427285, 427288, 427295, 427300, 427308, 427312, 427314, 427329, 427332, 427354, 427357, 427360, 427370, 427382, 427386, 427390, 427402, 427404, 427409, 427417, 427419, 427424, 427453, 427465, 427480, 427646, 427652, 427941, 428015, 428061, 428072, 428074, 428077, 428086, 428302, 429299, 429300, 429440, 429445, 429456, 432020, 432042, 435803, 436369, 437351, 438087, 438432, 438441, 438444, 438475, 438493, 438536, 438560, 438562, 438668, 438675, 438714, 438724, 438772, 439035, 439042, 439051, 439101, 440297, 440306, 440346, 440354, 440481, 440492, 440497, 440515, 440517, 440543, 440548, 442565, 442567, 442584, 442741, 443026, 443042, 443068, 443074, 443116, 443136, 443291, 443324, 443328, 443350, 443379, 443385, 443390, 443396, 443403, 443407, 443411, 443424, 443428, 443431, 443435, 443451, 443454, 443463, 443469, 443473, 443475, 443482, 443515, 443565, 443582, 443590, 443601, 443609, 443613, 443620, 443626, 443631, 443637, 443965, 444218, 444247, 444258, 444267, 444534, 444538, 444563, 444640, 444647, 444648, 445517, 445522, 445525, 445528, 445557, 445892, 447298, 447302, 447307, 447312, 447321, 447325, 447745, 447954, 447958, 447962, 448083, 448086, 448130, 448160, 448185, 448405, 448409, 448411, 448415, 448417, 448688, 448697, 449367, 449575, 449582, 449587, 449594, 449631, 449679, 449682, 449715, 449737, 449741, 449760, 449764, 449806, 449814, 449816, 449860, 449862, 449953, 449957, 450777, 451593, 451600, 452986, 458916, 470152, 470156, 470160, 470166, 470474, 471695, 471859, 471862, 471866, 471869, 471872, 471876, 471880, 471884, 471893, 471897, 471903, 471912, 471967, 471974, 472015, 472023, 472055, 472061, 472065, 472071, 472079, 472082, 472085, 472089, 472093, 472099, 472102, 472133, 472147, 472150, 472156, 472167, 472170, 472178, 472182, 472183, 472201, 472238, 472366, 472375, 472408, 472430, 472446, 472899, 472909, 472910, 474017, 474199, 474488, 474584, 474668, 475310, 475473, 475830, 476478, 476646, 477265, 478492, 478808, 478813, 480798, 481701, 481837, 482595, 483510, 483516, 483521, 483528, 483533, 483656, 484551, 484566, 484572, 484654, 484667, 485365, 485369, 485510, 485615, 485620, 485688, 485718, 485728, 485748, 485765, 485770, 487985, 488027, 488046, 488054, 488080, 488082, 488085, 488089, 488102, 488109, 488474, 488479, 488733, 488951, 490023, 490034, 490993, 491495, 491685, 491921, 491928, 492269, 492274, 492299, 493535, 494259, 495686, 496081, 496276, 496285, 496291, 496325, 496410, 496417, 496830, 498194, 498199, 498279, 498299, 498306, 499978, 499984, 500727, 500782, 500846, 501650, 501657, 502083, 504434, 504470, 504480, 504508, 504529, 505305, 505317, 505382, 505393, 507503, 507548, 508316, 508328, 508639, 509973, 510852, 510855, 511347, 512739, 515866, 515871, 515876, 515882, 518469, 518549, 518556, 518607, 518623, 518639, 518788, 518834, 519187, 519298, 519317, 519375, 519407, 520401, 520407, 520447, 520464, 520473, 522304, 522400, 522406, 524261, 524276, 524302, 524743, 524753, 525211, 525276, 525529, 525534, 525538, 525597, 527710, 527968, 528374, 528404, 528416, 528501, 528541, 528550, 528578, 528617, 528685, 528803, 528809, 528827, 528830, 528841, 528846, 528884, 529261, 529486, 529540, 529787, 530061, 531603, 531607, 531614, 533749, 533755, 533758, 533762, 534181, 534247, 534394, 534430, 534452, 535424, 535443, 535530, 535605, 535632, 535641, 535652, 535655, 537597, 537638, 537649, 537677, 538149, 539697, 539705, 540011, 540013, 540018, 540030, 540482, 540485, 541313, 541316, 542099, 542104, 543072, 543074, 545109, 545118, 545147, 545413, 549810, 550904, 550948, 551022, 551076, 551093, 551147, 551233, 551261, 551266, 551270, 554577, 554653, 554706, 554725, 556842, 556859, 556906, 557155, 557178, 557231, 557236, 557281, 557286, 557299, 557340, 557350, 557448, 557864, 557929, 560642, 561689, 562724, 563247, 563293, 563329, 563345, 563390, 567019, 567037, 567083, 567087, 567090, 567091, 568442, 569688, 570664, 570756, 570767, 570772, 570782, 572585, 575469, 575502, 575553, 575562, 577769, 578837, 583057, 583363, 587001, 587014, 587018, 587030, 588292, 588509, 591260, 591268, 593823, 593848, 593968, 593975, 593979, 594014, 594029, 594031, 594412, 594457, 594501, 594508, 594519, 594523, 595847, 595851, 595867, 595877, 595933, 595998, 596000, 596003, 596879, 604971, 605046, 607671, 611527, 623205, 624937, 627769, 630092, 632077, 632080, 632089, 632098, 632110, 633758, 635898, 635902, 635970, 635990, 636016, 636217, 636249, 636264, 636292, 636956, 637229, 637937, 638042, 638089, 638095, 638099, 638135, 638161, 638384, 638391, 638395, 638499, 638510, 638522, 638533, 638538, 638544, 638547, 638557, 638560, 638568, 638571, 638580, 638596, 638600, 638612, 638636, 638650, 638653, 638657, 638664, 638672, 638700, 638818, 638826, 638887, 638925, 638935, 638948, 639050, 639109, 639118, 639126, 639223, 640026, 640246, 640629]
