6,1,[322]
9,2,[2614, 2710]
10,1718,[471, 480, 1250, 1259, 1280, 2441, 4031, 5270, 5274, 5587, 5995, 6070, 6116, 6219, 6224, 6233, 6248, 6263, 6323, 6338, 6635, 6680, 6705, 6763, 6793, 6855, 6894, 7568, 7671, 7774, 7877, 8288, 8295, 10071, 10656, 11149, 11210, 11346, 11369, 11410, 11926, 12014, 12124, 12134, 12167, 12283, 12400, 12409, 12440, 12457, 13136, 14401, 14435, 14442, 14655, 14872, 16113, 16194, 16390, 16456, 16616, 18208, 18408, 18413, 18511, 19361, 20340, 20396, 20565, 20766, 20772, 20995, 21170, 21287, 21304, 21460, 21650, 21684, 21710, 21870, 21901, 21958, 21982, 22112, 22122, 22165, 22303, 22315, 22322, 24585, 25120, 25298, 25316, 25324, 25332, 25377, 25389, 25396, 25435, 25444, 25448, 25535, 25588, 25607, 25631, 25658, 25681, 25773, 25783, 25807, 25816, 25865, 25970, 25979, 25988, 26034, 26066, 26105, 26121, 26443, 26460, 26494, 26554, 26672, 26887, 27587, 28223, 28278, 28308, 28464, 28483, 28491, 28502, 28528, 28628, 28646, 28819, 28929, 29054, 29212, 29286, 29357, 29392, 29399, 29445, 29461, 29472, 29490, 29497, 29505, 29612, 29617, 29619, 29648, 29657, 29662, 29678, 29682, 29703, 29707, 29839, 29843, 29849, 29865, 29873, 29892, 29915, 29957, 29968, 30033, 30047, 30059, 30078, 30228, 30253, 30275, 30320, 30675, 30964, 31229, 31396, 31448, 31475, 31523, 31564, 31812, 31815, 31945, 32010, 32607, 32735, 32983, 32986, 32990, 33255, 33274, 33642, 33658, 33900, 34249, 34386, 34650, 34692, 34695, 34792, 34850, 34902, 35151, 35189, 35267, 35279, 35306, 35664, 35740, 35937, 35956, 35970, 36140, 36180, 36188, 36218, 36224, 36351, 36409, 36412, 36433, 36697, 36779, 36796, 37101, 37116, 37148, 37168, 37180, 37207, 37757, 37768, 37775, 37791, 37801, 37826, 37860, 37870, 37898, 38012, 38034, 38259, 38290, 38327, 38423, 38450, 38460, 38693, 38704, 38754, 38867, 38929, 39066, 39158, 39269, 39451, 39465, 39582, 39633, 39713, 39735, 39865, 39982, 40049, 40094, 40222, 40696, 40907, 41352, 41598, 41630, 41736, 42340, 42386, 42399, 42846, 43423, 43436, 44030, 44231, 45535, 45855, 45864, 46075, 46242, 46307, 46334, 46363, 46390, 50953, 52147, 52224, 52285, 52326, 52390, 52463, 52702, 53016, 53020, 53060, 53869, 53914, 54114, 54153, 65583, 68075, 68089, 69940, 70739, 70750, 71126, 71136, 71175, 71183, 71187, 71383, 71707, 71825, 71830, 71885, 71914, 71946, 71997, 72036, 72474, 72515, 72522, 73593, 73724, 73879, 74207, 74555, 74660, 74991, 75134, 75141, 75176, 75215, 75220, 75259, 75319, 75332, 75509, 75513, 75586, 75594, 75605, 75613, 75914, 75919, 75995, 76062, 76305, 76330, 76363, 76404, 76411, 76429, 76436, 76537, 76690, 76701, 76940, 76967, 76977, 76987, 76992, 77081, 77152, 77190, 77192, 77236, 77276, 77814, 77923, 77928, 78047, 80021, 85346, 85593, 85899, 86292, 86726, 87112, 88074, 88219, 88235, 88253, 88270, 88291, 88308, 88323, 88417, 88458, 88468, 88490, 88510, 88577, 88588, 88594, 88671, 88687, 88751, 88767, 88774, 88783, 88786, 88804, 88921, 88993, 89127, 89158, 89267, 89301, 89342, 89396, 89411, 89423, 89448, 89613, 89911, 89923, 90191, 90416, 90712, 90735, 92219, 92414, 93553, 93795, 93810, 94018, 94359, 94431, 94491, 94583, 94651, 94687, 94782, 94837, 94991, 97242, 97486, 98046, 98084, 98583, 101751, 101755, 101816, 101834, 101878, 101896, 101908, 101922, 101958, 102111, 102181, 102200, 102342, 102352, 102372, 102401, 102447, 102592, 103027, 103055, 103087, 103215, 103225, 103254, 103263, 103269, 103317, 103344, 103377, 103381, 103391, 103596, 103612, 103702, 103722, 103857, 104115, 104184, 104488, 104563, 104573, 104580, 104583, 104601, 104660, 105070, 105125, 105142, 105148, 105424, 105461, 105510, 105524, 105559, 105720, 105739, 106042, 106161, 106228, 106364, 106383, 106490, 106550, 106608, 106659, 106669, 106774, 106840, 106969, 107048, 107101, 107205, 107266, 107379, 107464, 107498, 107591, 107837, 108008, 108022, 108034, 108092, 108134, 108463, 108634, 108660, 108663, 108816, 109006, 109061, 109403, 109456, 109482, 109546, 109670, 109735, 109852, 109951, 110004, 110367, 110386, 110749, 110895, 110896, 110908, 110919, 110924, 110938, 110969, 111052, 111321, 111350, 111397, 111430, 111844, 111956, 111972, 112179, 112277, 112437, 112581, 112701, 112711, 112725, 112734, 112741, 112761, 112764, 112774, 112840, 112914, 112927, 113011, 113126, 113200, 113235, 113256, 113294, 113512, 114096, 114304, 114476, 115385, 115464, 115594, 115614, 115696, 115983, 115998, 116482, 116896, 117294, 117604, 117632, 117651, 117799, 117846, 117952, 118139, 118652, 119246, 120144, 120433, 120671, 120895, 121095, 121454, 121537, 121571, 121602, 121790, 121792, 121807, 122005, 122015, 122158, 122199, 122207, 122810, 122887, 122913, 123065, 123140, 123204, 123445, 123645, 123844, 123890, 123901, 124241, 124429, 124460, 124473, 124574, 124742, 124923, 124932, 124946, 124994, 125027, 125060, 125078, 125090, 125262, 125379, 125556, 125600, 125673, 125771, 125847, 126015, 126105, 126224, 126306, 126344, 126688, 127369, 127448, 127474, 127483, 127543, 127553, 127843, 128179, 128253, 128262, 128269, 128298, 128335, 128347, 128460, 128470, 128530, 128572, 128630, 128768, 128816, 128828, 128868, 128881, 128976, 129173, 129186, 129330, 129412, 129596, 130525, 130609, 130863, 130874, 130979, 131007, 131023, 132154, 132725, 134243, 134250, 135461, 135562, 135888, 135899, 136054, 136069, 136092, 136102, 136111, 136515, 136519, 136570, 136587, 136645, 137004, 137198, 137284, 137310, 137362, 137396, 137574, 138054, 138836, 138862, 138892, 139025, 139097, 139126, 139226, 139260, 139291, 139331, 139406, 139412, 139437, 139467, 140563, 140938, 141689, 141839, 142019, 142026, 142052, 142098, 142147, 142200, 142298, 142307, 142733, 142737, 142769, 142932, 143131, 143226, 143275, 143367, 143488, 143512, 143629, 143716, 143754, 143799, 144178, 144461, 144716, 144778, 144869, 144897, 144984, 145006, 145102, 145226, 145782, 146234, 147498, 147629, 147719, 147735, 151079, 151645, 151748, 152027, 152073, 152232, 152248, 152292, 152296, 152333, 152369, 152373, 152381, 152425, 152474, 153288, 156273, 156283, 156414, 156464, 156478, 156487, 156643, 157048, 157956, 157989, 159430, 159622, 159756, 159924, 160564, 161404, 164924, 164950, 166394, 166406, 166417, 166431, 166721, 168332, 168893, 169002, 169283, 169316, 169777, 170060, 170171, 176167, 176390, 177409, 177531, 180001, 180176, 180183, 180189, 180388, 180538, 181296, 181724, 181730, 182320, 184007, 185186, 186682, 187399, 187462, 187617, 191563, 193688, 194981, 195491, 197005, 198790, 198830, 198970, 198989, 199336, 202706, 202838, 202867, 203616, 205959, 206214, 206571, 206638, 206649, 206663, 206746, 206913, 206924, 206938, 206968, 206982, 207662, 207714, 207736, 207814, 207850, 207940, 207971, 208002, 208148, 208325, 209293, 210625, 212084, 212308, 212701, 212929, 214199, 214696, 214724, 216480, 219348, 220613, 221147, 221288, 221393, 222288, 222539, 222585, 223798, 224769, 224793, 224811, 224828, 224883, 224936, 227338, 227493, 227814, 227929, 227983, 228017, 229117, 230064, 230370, 230420, 230625, 231226, 231463, 231519, 231953, 232046, 232067, 232099, 232303, 233054, 233243, 233247, 233248, 233252, 233256, 233289, 233572, 233582, 234321, 235067, 235426, 235440, 236888, 237087, 237152, 237162, 237210, 237227, 237422, 237616, 237637, 237826, 238045, 238256, 238263, 238294, 238302, 238310, 238399, 239022, 239063, 239471, 240902, 241156, 241181, 241192, 241442, 241506, 242226, 243134, 244897, 245119, 246658, 248106, 249537, 249581, 250509, 251026, 251422, 251428, 254522, 256656, 258110, 258664, 258737, 258750, 258765, 258850, 259018, 259027, 259040, 259066, 259079, 259569, 259607, 259723, 259771, 259793, 259920, 259957, 260215, 260387, 260558, 260589, 260886, 262839, 262924, 262959, 263359, 264052, 265309, 265346, 265685, 265769, 267339, 267727, 267946, 267982, 270123, 272369, 272794, 273575, 274046, 274306, 274577, 275004, 275018, 275214, 275228, 276801, 276841, 277301, 279087, 280676, 282512, 282517, 282570, 282730, 282989, 285200, 286031, 286109, 288473, 288533, 288568, 288677, 288865, 288869, 288875, 288891, 288909, 288918, 288934, 288949, 289071, 289325, 289346, 289625, 289637, 295992, 296848, 296926, 297184, 300401, 300407, 305689, 307000, 308987, 309757, 311081, 312886, 316366, 318285, 318621, 319007, 319070, 320198, 320447, 322406, 324249, 324826, 325209, 327399, 328366, 329562, 329772, 329844, 330437, 330556, 330593, 331101, 332998, 333876, 333910, 335174, 335228, 335311, 335354, 335378, 335408, 335441, 335454, 335858, 335895, 336074, 336666, 338307, 342134, 342501, 342616, 343557, 343674, 343738, 345694, 349116, 355137, 355396, 355590, 356674, 360497, 360511, 361518, 363255, 363481, 363848, 363861, 363872, 365498, 365751, 365769, 366108, 366176, 366276, 366312, 366506, 366805, 366809, 366840, 367217, 367792, 368439, 368637, 368703, 368835, 369024, 369058, 369437, 369465, 369542, 369926, 369933, 370009, 370597, 370637, 370779, 371163, 371194, 371221, 371242, 371365, 371544, 371757, 372387, 372528, 372582, 372797, 372939, 372957, 373511, 373671, 374236, 374242, 375585, 376606, 376788, 377235, 377548, 377566, 377608, 377956, 378280, 378288, 378467, 378471, 378472, 378476, 378498, 378537, 378773, 378783, 379509, 379734, 381240, 385353, 385489, 387124, 388575, 390099, 390182, 390384, 390591, 390603, 390612, 392748, 392998, 393112, 393130, 393185, 393264, 393272, 393277, 393284, 393311, 393459, 393844, 393995, 394045, 394212, 394376, 394462, 394466, 394488, 394755, 394807, 395071, 395189, 395798, 395802, 396029, 396202, 396316, 396846, 397165, 397234, 397490, 397935, 397952, 398346, 398508, 399058, 399074, 399288, 399323, 399373, 399717, 399907, 399958, 400087, 400117, 400123, 400182, 400221, 400533, 401009, 401209, 401327, 401609, 401787, 402033, 402119, 402327, 402329, 402374, 402387, 402406, 402486, 402652, 402713, 403148, 403501, 405333, 405663, 405694, 405911, 405945, 405977, 405984, 406134, 406843, 406864, 406939, 406945, 406991, 407129, 407223, 407283, 407324, 407337, 407488, 407494, 407914, 408350, 408463, 408739, 408847, 408880, 410520, 410672, 411464, 411630, 411830, 412467, 412575, 412603, 412628, 412637, 413137, 413177, 413206, 413555, 413604, 413674, 414278, 414482, 414767, 414835, 414970, 415915, 416059, 416070, 416193, 416290, 416478, 417508, 417618, 417949, 418032, 418062, 418077, 418145, 418245, 418451, 418927, 419169, 419239, 419246, 419260, 419322, 419644, 419675, 419719, 419814, 419861, 419881, 419906, 420096, 420149, 420215, 420227, 420270, 420292, 420305, 420353, 420533, 420566, 420634, 420701, 420723, 420749, 420773, 420777, 420789, 420955, 421257, 421291, 421353, 421607, 421700, 421722, 422279, 422457, 423759, 423808, 423947, 424044, 424162, 424206, 424270, 424298, 424371, 424424, 424597, 424683, 424900, 424971, 425017, 425043, 425564, 425618, 425623, 425639, 425908, 425911, 425986, 426004, 426024, 426139, 426178, 426589, 426673, 426848, 427122, 427129, 427163, 427174, 429781, 430120, 432930, 432969, 432980, 433069, 433459, 433553, 434039, 434352, 435293, 435360, 435826, 435946, 435957, 435974, 436000, 436025, 436363, 437057, 437118, 437155, 437162, 437168, 437203, 437497, 437538, 438192, 439135, 439145, 439369, 439704, 440505, 440561, 440843, 440868, 440871, 440953, 440983, 440991, 441103, 441388, 441618, 441676, 441739, 441804, 442006, 442011, 442378, 442659, 442700, 443200, 443336, 443375, 443726, 443816, 444028, 444536, 445224, 445319, 446167, 446525, 446794, 447569, 447835, 447869, 447904, 447978, 447982, 448115, 448145, 448277, 448413, 448425, 448438, 448448, 448485, 448492, 448762, 449093, 449444, 449496, 449554, 449711, 449923, 449958, 450004, 450050, 450099, 450229, 450281, 450285, 450303, 450828, 450838, 450843, 450874, 450892, 450941, 450973, 451430, 451720, 451777, 451814, 451843, 452367, 452388, 452574, 452650, 452681, 452742, 452851, 452924, 453059, 453075, 453451, 453485, 453673, 453681, 453781, 453892, 454029, 454076, 454118, 454177, 454281, 454291, 454346, 454373, 454839, 454845, 454873, 454902, 454933, 455180, 455233, 455306, 459311, 459323, 459404, 459554, 459569, 459749, 459925, 460098, 460230, 461075, 461104, 461117, 461189, 461251, 461600, 461658, 462055, 462239, 468467, 469019, 469254, 470412, 470612, 470701, 470936, 470955, 471236, 471289, 471323, 471782, 472003, 472070, 472381, 472708, 472718, 472739, 473888, 474194, 474552, 474927, 475065, 475239, 475424, 475442, 475870, 475951, 476025, 476133, 476280, 476337, 476701, 476753, 476790, 477116, 477505, 478168, 478180, 478305, 478433, 478485, 478977, 479835, 480000, 480026, 480039, 480144, 480153, 480162, 480242, 480313, 480414, 480634, 480707, 480919, 480927, 481718, 481805, 482075, 484012, 484035, 484042, 484057, 484174, 484308, 484887, 484934, 485989, 486261, 486711, 486900, 487097, 487200, 487416, 487450, 487822, 487840, 487941, 488654, 488902, 489144, 489198, 490101, 490201, 490334, 490578, 491144, 491590, 491803, 491819, 492373, 492770, 493050, 493063, 493225, 493251, 493456, 493837, 493931, 493950, 494099, 494405, 495866, 496684, 497035, 497061, 497652, 497656, 501031, 501467, 502359, 505091, 510605, 514797, 515598, 517493, 519928, 520042, 527396, 531535, 531959, 532125, 535201, 541325, 541584, 545914, 550760, 553050, 564031, 564047, 564077, 567047, 567110, 567204, 568265, 568274, 568292, 568334, 568448, 568753, 568905, 569001, 571722, 573363, 573390, 573394, 583664, 583786, 583806, 620422, 621884, 622245, 630949]
11,1,[16405]
12,2,[5576, 11227]
13,1,[1198]
14,1090,[762, 771, 1103, 2120, 2125, 2129, 2130, 2145, 2162, 2172, 2181, 2202, 2835, 2843, 2921, 2924, 3887, 3895, 3954, 3957, 4569, 4759, 4770, 4846, 4849, 5743, 5751, 5810, 5813, 6431, 6442, 6478, 6481, 6963, 7128, 7139, 7201, 7204, 7869, 7878, 7915, 7918, 8368, 8385, 8411, 8419, 8512, 8514, 8521, 8561, 8564, 8977, 9190, 9203, 9243, 9246, 10138, 10332, 10352, 10364, 10462, 10465, 11400, 11408, 11439, 11442, 11950, 11972, 12001, 12004, 12601, 12612, 12677, 12680, 13592, 13600, 13673, 13676, 14573, 14581, 14620, 14623, 15310, 15321, 15370, 15373, 16058, 16069, 16108, 16111, 16296, 16304, 16372, 16374, 16377, 17229, 17240, 17272, 17275, 17972, 18002, 18005, 18083, 18091, 18145, 18148, 19112, 19120, 19160, 19164, 19167, 19915, 19923, 19961, 19964, 20695, 20704, 20742, 20745, 20773, 21142, 21357, 21368, 21414, 21417, 21444, 22053, 22065, 22136, 22139, 23082, 23090, 23150, 23153, 23868, 23877, 23909, 23912, 23977, 24003, 24110, 24113, 25231, 25240, 25271, 25274, 25472, 25513, 25516, 25979, 25987, 26032, 26035, 26744, 26752, 26801, 26802, 26805, 26832, 27668, 27858, 27866, 27960, 27963, 28638, 28646, 28721, 28724, 29609, 29617, 29658, 29661, 30350, 30358, 30432, 30435, 30448, 31267, 31275, 31335, 31376, 31379, 32136, 32143, 32208, 32211, 32886, 33133, 33142, 33180, 33183, 33963, 33974, 34017, 34020, 34588, 34596, 34638, 34641, 35406, 35418, 35508, 35511, 36278, 36298, 36387, 36390, 37308, 37316, 37470, 37473, 38621, 38630, 38668, 38671, 38974, 39000, 39003, 39073, 39092, 39134, 39137, 39490, 39512, 39594, 39597, 40589, 40600, 40636, 40639, 41355, 41363, 41438, 41441, 42247, 42258, 42292, 42295, 42896, 42927, 42930, 43054, 43067, 43102, 43105, 43918, 43926, 44000, 44003, 44899, 44908, 44939, 44963, 44996, 44999, 46097, 46107, 46157, 46160, 46191, 46715, 47119, 47149, 47226, 47229, 48137, 48145, 48184, 48187, 48839, 48851, 48880, 48883, 49506, 49518, 49560, 49563, 50513, 50524, 50572, 50575, 51556, 51569, 51634, 51637, 51678, 52421, 52797, 52805, 52857, 52860, 52874, 53944, 53952, 53996, 53999, 54727, 54738, 54813, 54816, 55734, 55743, 55770, 55773, 55848, 55869, 55930, 55933, 56516, 56528, 56568, 56571, 57152, 57161, 57204, 57207, 57997, 58005, 58072, 58075, 58095, 59020, 59044, 59110, 59154, 59157, 59855, 60381, 60389, 60444, 60448, 61051, 61063, 61093, 61096, 61651, 61683, 61717, 61720, 61861, 61869, 61917, 61920, 62659, 62670, 62720, 62723, 63549, 63560, 63600, 63603, 63989, 63997, 64069, 64072, 65101, 65112, 65187, 65190, 65325, 66154, 66162, 66218, 66221, 66993, 67004, 67047, 67050, 67656, 67679, 67708, 67711, 67788, 67796, 67866, 67869, 68802, 68816, 68877, 68880, 69469, 69480, 69510, 69513, 70237, 70245, 70285, 70292, 70295, 70955, 70967, 71046, 71049, 71605, 71613, 71669, 71672, 72628, 72646, 72684, 72687, 73078, 73086, 73146, 73149, 73842, 73854, 73932, 73935, 74702, 74710, 74786, 74789, 75646, 75654, 75697, 75700, 76523, 76534, 76568, 76571, 76641, 76649, 76704, 76707, 77687, 77699, 77755, 77758, 78617, 78628, 78673, 78676, 78901, 78909, 78955, 78958, 78989, 79862, 79870, 79940, 79944, 80716, 80728, 80820, 80823, 82349, 82361, 82423, 82426, 83447, 83455, 83605, 83608, 84162, 84587, 84598, 84755, 84758, 85297, 85673, 85682, 85705, 85708, 85796, 85805, 85898, 85901, 86834, 86843, 86953, 86956, 86978, 88147, 88159, 88218, 88221, 88245, 89279, 89288, 89348, 89351, 90215, 90223, 90250, 90253, 91024, 91035, 91090, 91093, 91210, 91238, 91316, 91319, 92342, 92353, 92391, 92394, 92575, 92584, 92621, 92622, 92625, 92636, 93092, 93103, 93146, 93149, 93441, 93449, 93513, 93516, 94319, 94330, 94362, 94365, 94450, 94461, 94526, 94529, 94970, 95305, 95316, 95350, 95353, 95458, 95480, 95514, 95518, 96111, 96119, 96195, 96198, 96612, 97003, 97011, 97061, 97064, 97971, 97980, 98034, 98038, 98751, 98759, 98806, 98809, 99371, 99556, 99565, 99629, 99632, 100996, 101004, 101045, 101046, 101049, 101764, 101806, 101814, 101872, 101875, 102730, 102738, 102805, 102808, 103635, 103644, 103684, 103687, 104252, 104261, 104309, 104312, 105074, 105083, 105116, 105119, 105700, 105711, 105773, 105776, 106697, 106705, 106759, 106762, 107493, 107502, 107597, 107600, 108827, 108838, 108888, 108891, 109526, 109537, 109651, 109654, 110043, 110339, 110350, 110392, 110395, 111097, 111108, 111149, 111152, 111164, 111670, 111685, 111731, 111734, 112345, 112357, 112396, 112397, 112400, 113093, 113106, 113159, 113162, 113919, 113939, 114005, 114007, 114010, 114489, 114611, 114771, 114782, 114830, 114833, 115310, 115322, 115371, 115374, 116492, 116510, 116566, 116569, 117192, 117210, 117241, 117244, 117388, 117400, 117426, 117429, 117997, 118005, 118052, 118055, 118734, 118743, 118773, 118776, 119263, 119271, 119338, 119341, 120209, 120220, 120256, 120259, 120946, 120957, 121033, 121036, 121718, 121727, 121762, 121765, 122117, 122330, 122342, 122380, 122383, 122475, 122483, 122540, 122543, 123064, 123388, 123400, 123427, 123440, 123443, 123457, 124396, 124422, 124452, 124455, 125303, 125312, 125353, 125357, 125721, 125900, 125922, 125970, 125973, 126248, 126251, 126855, 126865, 126932, 126935, 128009, 128020, 128114, 128117, 128839, 128850, 128909, 128950, 128953, 129798, 129809, 129838, 129839, 129842, 130416, 130425, 130460, 130463, 130928, 130944, 131002, 131004, 131007, 131513, 131522, 131565, 131629, 131632, 131678, 132569, 132577, 132650, 132654, 133143, 133292, 133303, 133356, 133359, 134007, 134034, 134049, 134495, 134506, 134575, 134591, 134594, 135630, 135641, 135672, 135675, 135769, 135778, 135827, 135830, 135857, 136892, 136900, 136955, 136959, 137704, 137726, 137729, 137789, 137797, 137870, 137873, 138864, 138872, 138932, 138935, 139948, 139956, 140043, 140046, 141177, 141186, 141225, 141228, 141681, 141690, 141737, 141740, 142894, 142907, 142967, 142970, 143951, 143964, 144013, 144016, 144035, 144682, 144690, 144761, 144765, 145349, 145358, 145405, 145406, 145409, 146031, 146039, 146124, 146127, 146161, 146700, 147079, 147087, 147137, 147140, 147530, 147843, 147865, 147904, 147907, 148420, 148431, 148466, 148469, 149050, 149061, 149110, 149113, 149695, 149716, 149766, 149769, 150304, 150315, 150349, 150352, 150956, 150965, 150991, 150994, 151642, 151653, 151684, 151687, 152419, 152430, 152529, 152532, 153290, 153344, 153353, 153448, 153451, 153901, 154220, 154231, 154291, 154294, 154981, 154990, 155036, 155039, 155715, 155726, 155772, 155775, 156535, 156543, 156583, 156586, 157232, 157240, 157318, 157321, 158087, 158107, 158187, 158190, 159312, 159326, 159403, 159406, 159646, 159656, 159850, 159853, 159873, 159883, 161324, 161350, 161431, 161434, 162528, 162548, 162582, 162585, 162709, 162718, 162766, 162769, 163690, 163701, 163777, 163780, 164394, 164599, 164607, 164683, 164687, 165294, 165496, 165511, 165579, 165606, 165609, 165934, 165943, 165986, 165989, 166658, 166666, 166718, 166721, 167639, 167651, 167707, 167710, 168646, 168659, 168768, 168771, 169400, 169551, 169748, 169759, 169838, 169841, 170508, 170738, 170749, 170818, 170821, 170838, 170845, 171880, 171889, 171932, 171935, 172691, 172702, 172729, 172732, 173173, 173185, 173235, 173238, 173769, 173784, 173792, 173841, 173844, 174613, 174624, 174655, 174658, 174739, 174747, 174799, 174802, 175593, 175601, 175713, 175716, 175765, 176646, 176681, 176692, 176727, 176730, 177218, 177227, 177264, 177267, 177716, 177724, 177765, 177768, 178549, 178557, 178650, 178654, 179391, 179404, 179544, 179547, 180834, 180882, 181017, 181020, 182138, 182147, 182224, 182227, 183028, 183040, 183083, 183086, 183290, 183735, 183746, 183777, 183780, 184204, 184215, 184291, 184294, 185170, 185179, 185305, 185308, 186198, 186209, 186249, 186256, 186259, 186862, 186873, 186923, 186926, 187107, 187115, 187151, 187154, 187834, 187845, 187862, 187908, 187911, 188338, 188346, 188410, 188414, 188451, 188867, 188876, 188912, 188915, 189552, 189555, 189562, 189603, 189690, 189693, 190071, 190080, 190156, 190159, 190620, 190942, 190954, 191023, 191026, 191683, 191691, 191773, 191776, 191799, 192908, 192919, 193049, 193052, 193085, 193873, 193881, 193958, 193961, 194607, 194615, 194672, 194675, 195205, 195381, 195399, 195482, 195485, 198177, 199364, 200904, 201583]
15,80,[1046, 1449, 1829, 3515, 3642, 3717, 4016, 4325, 4935, 8995, 9292, 12896, 12930, 12938, 16613, 17291, 19596, 20920, 22037, 22111, 22146, 23766, 25270, 32556, 33838, 34259, 34300, 34330, 34342, 34471, 35414, 44496, 44619, 48509, 51082, 54965, 55838, 63100, 63698, 64691, 65807, 69182, 75551, 75776, 76143, 77333, 85010, 85249, 85477, 85493, 96149, 96604, 96939, 97048, 106544, 109829, 111509, 111563, 112514, 116602, 116889, 117133, 122534, 130680, 137004, 139711, 140617, 141930, 142390, 149119, 150432, 151118, 151127, 154556, 155476, 163280, 163608, 167386, 170288, 170632]
16,7,[1670, 2342, 9527, 12561, 12562, 18344, 30413]
17,1250,[680, 713, 779, 1613, 1839, 1843, 2117, 2121, 2128, 2413, 2423, 2585, 2634, 2642, 2654, 2740, 3436, 4072, 4135, 4179, 4455, 4614, 4826, 4845, 4983, 5122, 5197, 5218, 6783, 7071, 8465, 8523, 8545, 9072, 9411, 9446, 9487, 9553, 9617, 10051, 10060, 10077, 10768, 13976, 14351, 14439, 14633, 14653, 14676, 14846, 14916, 14933, 15289, 15303, 15307, 15384, 15455, 15509, 15605, 16181, 16469, 17043, 17060, 17066, 17077, 17105, 17127, 17342, 19106, 19271, 19847, 20816, 20849, 20867, 20895, 20897, 20904, 20913, 20924, 20959, 20970, 20990, 21012, 21028, 21044, 21067, 21080, 21094, 21111, 21122, 21199, 21522, 21676, 21924, 21959, 21976, 21990, 23201, 23205, 23493, 24181, 24381, 25393, 25495, 25825, 29907, 29911, 29921, 29924, 29926, 29937, 29948, 30127, 30142, 30147, 30210, 30218, 30834, 30847, 30858, 32534, 32791, 32810, 33155, 33220, 33317, 33352, 33557, 33856, 33860, 33891, 34261, 34838, 35487, 35692, 35751, 35882, 36089, 36139, 36530, 36559, 36636, 37292, 37300, 37736, 39478, 42548, 45438, 45440, 45834, 45923, 45962, 45998, 46231, 46271, 48192, 49015, 50031, 52104, 52107, 52514, 52881, 52938, 52965, 52978, 53067, 53158, 53196, 53265, 53534, 53574, 53751, 53764, 53780, 53802, 53847, 53851, 53940, 54166, 54227, 54374, 54386, 54425, 54940, 55110, 55164, 55178, 55520, 55611, 55626, 55685, 55939, 55982, 55992, 56030, 56068, 56098, 56830, 57178, 60682, 60703, 60726, 60772, 60801, 60829, 60842, 60846, 60926, 60930, 60934, 61061, 61072, 61098, 61342, 61386, 61430, 61460, 61472, 61931, 61961, 61971, 62050, 62112, 62142, 62147, 62150, 62156, 62176, 62260, 62413, 62669, 62672, 62776, 62793, 62802, 62812, 62850, 62885, 62899, 62904, 62916, 62923, 62986, 63003, 63015, 63035, 63106, 63113, 63119, 63295, 63339, 63375, 63411, 63479, 63486, 63535, 63567, 63746, 63779, 63870, 63987, 64001, 64045, 64067, 64494, 64499, 64513, 64525, 64536, 64552, 64606, 64658, 64684, 65368, 65426, 65552, 65640, 66115, 66654, 67236, 69406, 70310, 70564, 70577, 70793, 70804, 70946, 71026, 71062, 71110, 71213, 71221, 71444, 72073, 72092, 72119, 72266, 72324, 72511, 72632, 72682, 72728, 72797, 72820, 72837, 72843, 72851, 72866, 72870, 72877, 73095, 73497, 73577, 73587, 73636, 73688, 73792, 73799, 73800, 74146, 74151, 74164, 74272, 74281, 74292, 74410, 74453, 74537, 74543, 74574, 74598, 74614, 74627, 74634, 74653, 74674, 74731, 74735, 74739, 74798, 75414, 75428, 75471, 75600, 75625, 75648, 76027, 76137, 76183, 77222, 77327, 77362, 77696, 77700, 78285, 78516, 78596, 78706, 78946, 79167, 79208, 79600, 80016, 80138, 80147, 80148, 80171, 80183, 80357, 80380, 80470, 80517, 80583, 80594, 81307, 82162, 82439, 82737, 82741, 82746, 82767, 83115, 83583, 83860, 83901, 83940, 83951, 84084, 84922, 84930, 84982, 84990, 84995, 85066, 85076, 86514, 87823, 88548, 88572, 88630, 88649, 88668, 88683, 88696, 88714, 88758, 88866, 89129, 89277, 89300, 89317, 89879, 89950, 90019, 90070, 90270, 90758, 90810, 91543, 95102, 95160, 95337, 95364, 95737, 95761, 95770, 95815, 96202, 96579, 96957, 96972, 97082, 97270, 97294, 97302, 97338, 97399, 97491, 97553, 97583, 97600, 97630, 97784, 97918, 98001, 98062, 98133, 98143, 98172, 98351, 98369, 98405, 98410, 98423, 98646, 98693, 98866, 99105, 99110, 99113, 99128, 99176, 99194, 99215, 100206, 100266, 100276, 100287, 102024, 102670, 102681, 102702, 102716, 102774, 102780, 102789, 102797, 102840, 102870, 102907, 103068, 103077, 103092, 103096, 103547, 103558, 103663, 103704, 103714, 103724, 104128, 104166, 104294, 104297, 104302, 104326, 104403, 104408, 104436, 104514, 104521, 104533, 104537, 104668, 104803, 105559, 105568, 105593, 105625, 105675, 105683, 105693, 105743, 105769, 105778, 105790, 105825, 105833, 105857, 105878, 105889, 105893, 105903, 105906, 105910, 105921, 105964, 105975, 106080, 106171, 106189, 106267, 106421, 106432, 106454, 106460, 106535, 106687, 106692, 106698, 106704, 106831, 106846, 107509, 107532, 107964, 107974, 108080, 108319, 108327, 108331, 108567, 108792, 108901, 109241, 109244, 109336, 109636, 109789, 109802, 109812, 109877, 110015, 110150, 110172, 110201, 110260, 110269, 110273, 110282, 110298, 110321, 110332, 110438, 110461, 110480, 110512, 110522, 110528, 110532, 110535, 110552, 110556, 110564, 110618, 110712, 110718, 110895, 110902, 110914, 110923, 110956, 110999, 111016, 111108, 111113, 111131, 111799, 111903, 111915, 111924, 111982, 112067, 112449, 112505, 112511, 112544, 112894, 112911, 112931, 113014, 113843, 113857, 114084, 114093, 114106, 114362, 114375, 118548, 118570, 118623, 118698, 118710, 118762, 118772, 118905, 118912, 118918, 118978, 119001, 119010, 119148, 119927, 119949, 120008, 120452, 120905, 120996, 121140, 121581, 121604, 121620, 121711, 122277, 125341, 125358, 125362, 125705, 125717, 125948, 125973, 125979, 126079, 126109, 126121, 126138, 126149, 126258, 126336, 126646, 128251, 128527, 128530, 128561, 128607, 128611, 128767, 128774, 128794, 128951, 129162, 129288, 129360, 129377, 129382, 129389, 129397, 129400, 129477, 129601, 129825, 129906, 130061, 130148, 130171, 130179, 130263, 130346, 130372, 131016, 131274, 131523, 131698, 131707, 131811, 131890, 131908, 132108, 132123, 132506, 132533, 132822, 132913, 132944, 132952, 133030, 133452, 133683, 133811, 133850, 133854, 133896, 133900, 133917, 133975, 133979, 133996, 134002, 134007, 134122, 134199, 134257, 134446, 134450, 134472, 134478, 134512, 134583, 134598, 134671, 134680, 134705, 134742, 134760, 134777, 134883, 135121, 135203, 135255, 135269, 135430, 135512, 135631, 135674, 135975, 136156, 136204, 136209, 136283, 136514, 136614, 136736, 136747, 136779, 136851, 136872, 136921, 137015, 137023, 137125, 137879, 138040, 138058, 138205, 138312, 138374, 138460, 138626, 138794, 139011, 139016, 139232, 139235, 139293, 139295, 140605, 140638, 140652, 140851, 140947, 140974, 141360, 142285, 142462, 142467, 142667, 142785, 142830, 142846, 143273, 143292, 143308, 143614, 143633, 143651, 143671, 143832, 144371, 144384, 144482, 144579, 144593, 144718, 144796, 145004, 145045, 145062, 145132, 145137, 145150, 145356, 145385, 145452, 146202, 146361, 146522, 146795, 146924, 146943, 146996, 147041, 147125, 147252, 147514, 147536, 147579, 147611, 147618, 147633, 147775, 147835, 147864, 147880, 147891, 147909, 147998, 148289, 148454, 148457, 148523, 148542, 148573, 148826, 148962, 149114, 149140, 149150, 149257, 149399, 149403, 149428, 149431, 149447, 149523, 149576, 149607, 149622, 149672, 150445, 150471, 150655, 150668, 150675, 150709, 150720, 150758, 150790, 150840, 150861, 150901, 150914, 150929, 151058, 151469, 151656, 151663, 151667, 151696, 151717, 151722, 151742, 151756, 151794, 151797, 151832, 151852, 151890, 151908, 151939, 152159, 152221, 152301, 152319, 152340, 152521, 152560, 152571, 152773, 152871, 152993, 153004, 153009, 153023, 153083, 153121, 153263, 153923, 154331, 154338, 154464, 154493, 155605, 155664, 155674, 155695, 155705, 155782, 155786, 155790, 155797, 155816, 155822, 155893, 156527, 156540, 156883, 157011, 157015, 157027, 157063, 157089, 157212, 157222, 157655, 158653, 160491, 160748, 160815, 160846, 160932, 161129, 161320, 161378, 161399, 161443, 161468, 161890, 161899, 162785, 162817, 163314, 163337, 163350, 163389, 163449, 163639, 163932, 164095, 164111, 164220, 164849, 165108, 166533, 166536, 166570, 166574, 166687, 166743, 166860, 166870, 166914, 167031, 167409, 167413, 167621, 167788, 167856, 168083, 168215, 168223, 168275, 168304, 168611, 168639, 169040, 169154, 169470, 169530, 169536, 169540, 169545, 169549, 169558, 169562, 169581, 169593, 169603, 169618, 169757, 169763, 169918, 169970, 170640, 171354, 171357, 171549, 171563, 171837, 171841, 171858, 171886, 171911, 171929, 171964, 171999, 172000, 172059, 172145, 172164, 172377, 172491, 172526, 172539, 172554, 172560, 172565, 172742, 172745, 172770, 172793, 172829, 172926, 173123, 173274, 173846, 173891, 173929, 173980, 173992, 174000, 174177, 174245, 174259, 174336, 174507, 174809, 174946, 175255, 175271, 175306, 175510, 175936, 179574, 179628, 179875, 179878, 179884, 180134, 180479, 183721, 183924, 184148, 184207, 184215, 184220, 184296, 184634, 184784, 185200, 185214, 185360, 185409, 185534, 186685, 189116, 189268, 190286, 190357, 190485, 190645, 190739, 190859, 190905, 190931, 191023, 191129, 191772, 192016, 192101, 192105, 192111, 192260, 192284, 192388, 192415, 192433, 192455, 192490, 192667, 192675, 192705, 192741, 192763, 192868, 192877, 193041, 193083, 193100, 193234, 193501, 193512, 193522, 193684, 193698, 193871, 194088, 194120, 194140, 194152, 194299, 194314, 194854, 194964, 195134, 195555, 195728, 195736, 195916, 195952, 195966, 196002, 196016, 196423, 197178, 197214, 197232, 197258, 197637, 199494, 200081, 200087, 200103, 200234, 200417, 200553, 200585, 200623, 200625, 200664, 200696, 200741, 200748, 200775, 200974, 200984, 203051, 203472, 203593, 203702, 203708, 203721, 203730, 203765, 203822, 203855, 203868, 204206, 204274, 204303, 204329, 204338, 204492, 204590, 204601, 204818, 204867, 204910, 204953, 204996, 206013, 206019, 206235, 206353, 206386, 206430, 206546, 206561, 206626, 206764, 206776, 206814, 206836, 206901, 206932, 206952, 206981, 207241, 207253, 207435, 207448, 207501, 207510, 207707, 207738, 207845, 207853, 207856, 207878, 207886, 207892, 207903, 208078, 208253, 208386, 208415, 208427, 208462, 208490, 208878, 208939, 210239, 210242, 210248, 210301, 210363, 210385, 210400, 210435, 210438, 210911, 211019, 211044, 211176, 211197, 211233, 211375, 211487, 211588, 211678, 211685, 211714, 211755, 211803, 211820, 211827, 211952, 212472, 212544, 216231, 216850]
18,40,[5100, 9300, 18102, 18129, 18790, 19358, 19485, 22562, 22569, 22583, 25638, 25738, 26684, 26698, 33180, 33190, 33235, 35223, 43091, 48546, 50288, 51073, 51222, 51346, 54307, 54331, 54395, 54971, 55638, 56131, 61128, 61154, 64554, 75230, 99755, 107142, 115519, 134695, 140563, 143835]
19,54,[421, 426, 1797, 2421, 2554, 2879, 2991, 3131, 3138, 3166, 4856, 5722, 5837, 7680, 10775, 11378, 11651, 11753, 11796, 11851, 11855, 11977, 12386, 12391, 12529, 12942, 12946, 13179, 14302, 15962, 15967, 16077, 16809, 17975, 18864, 18895, 18985, 22965, 23242, 23833, 23972, 24369, 24472, 24828, 25107, 25405, 25569, 25835, 25942, 26305, 26791, 27034, 27249, 27292]
20,37,[1434, 1437, 2146, 3157, 4521, 8543, 10803, 11967, 14305, 14947, 15610, 20272, 20335, 20408, 20409, 35841, 35989, 36735, 37152, 39101, 42716, 42737, 42959, 53913, 58561, 59108, 62882, 62913, 62961, 62982, 63088, 63105, 63182, 63223, 63350, 63725, 64214]
21,9,[11623, 13231, 14510, 14540, 14866, 14920, 21061, 23032, 23736]
22,61,[1580, 23061, 24666, 24738, 25692, 29291, 29294, 33554, 35430, 35857, 35897, 39242, 39248, 39649, 39671, 45089, 45090, 45094, 45103, 45105, 45129, 45158, 45160, 45168, 45191, 45194, 45273, 46799, 49516, 61277, 61644, 61650, 62208, 62219, 71417, 71423, 72301, 75674, 92172, 92173, 98179, 105554, 113904, 114001, 114046, 114052, 116832, 117171, 117561, 121146, 121148, 121151, 121332, 123002, 129392, 130036, 136817, 137000, 138681, 141680, 155743]
23,14,[184, 445, 12147, 22474, 23978, 27315, 27316, 29330, 29342, 29400, 29415, 29974, 30255, 30270]
24,67,[14, 59, 150, 2190, 2231, 2920, 2980, 3146, 3212, 3230, 3235, 3679, 3922, 3929, 4010, 4073, 4192, 4203, 5458, 5858, 7100, 7329, 8995, 9021, 9074, 9114, 9191, 10017, 10050, 10108, 10215, 10233, 10254, 10415, 10495, 10549, 10600, 11294, 13013, 17382, 17428, 17572, 17584, 17620, 17753, 18391, 24726, 24731, 24742, 24775, 24799, 24838, 24993, 25012, 25260, 25281, 25910, 29837, 32881, 34589, 34760, 36004, 40442, 44702, 44788, 44797, 44832]
25,598,[944, 953, 1217, 2428, 2432, 2433, 2448, 2465, 2475, 2484, 2505, 3241, 3321, 4265, 4326, 4986, 5157, 5238, 6084, 6147, 6702, 6744, 7169, 7317, 7425, 7813, 8131, 8167, 8577, 8617, 8625, 8726, 8728, 8778, 9235, 9465, 9513, 10349, 10534, 10550, 10654, 11551, 11585, 12076, 12122, 12685, 12755, 13605, 13675, 14559, 14601, 15247, 15301, 15918, 15964, 16128, 16196, 16200, 17000, 17038, 17690, 17751, 17808, 18710, 18752, 18758, 19453, 19494, 20341, 20378, 20404, 20743, 20935, 20989, 21015, 21592, 21669, 22554, 22616, 23262, 23288, 23336, 23465, 24526, 24562, 24755, 24787, 25209, 25256, 25908, 25957, 25960, 25985, 26786, 26995, 27091, 27728, 27806, 28636, 28680, 29378, 29454, 29466, 30226, 30280, 30320, 31032, 31099, 31753, 31988, 32030, 32762, 32811, 33319, 33364, 34071, 34159, 34929, 35032, 35940, 36085, 37207, 37244, 37542, 37610, 37659, 37960, 38058, 39039, 39080, 39767, 39844, 40608, 40648, 41208, 41314, 41357, 42127, 42203, 43093, 43128, 43152, 43184, 44241, 44294, 44323, 44895, 45287, 45388, 46270, 46311, 46940, 46976, 47576, 47625, 48516, 48577, 49462, 49537, 49576, 50281, 50631, 50657, 50695, 50708, 51793, 51846, 52544, 52626, 53451, 53474, 53530, 53606, 54154, 54194, 54795, 54846, 55637, 55707, 55726, 56685, 56775, 56818, 57504, 57988, 58045, 58596, 58633, 59194, 59250, 59436, 59494, 60231, 60286, 61063, 61108, 61485, 61657, 61802, 63187, 63246, 63929, 63972, 64520, 64561, 64620, 64692, 65602, 65664, 66295, 66331, 67015, 67056, 67065, 67675, 67762, 68274, 68334, 69195, 69241, 69582, 69645, 70293, 70377, 71118, 71201, 72044, 72089, 72962, 72996, 73049, 73081, 73122, 74080, 74131, 75067, 75119, 75324, 75368, 75397, 75942, 76256, 76328, 77043, 77141, 78647, 78717, 79704, 79890, 80458, 80877, 81099, 81681, 82077, 82104, 82176, 82268, 83158, 83271, 83292, 84489, 84550, 84573, 85586, 85651, 86492, 86522, 87245, 87305, 87402, 87500, 88486, 88531, 88693, 88727, 88730, 88741, 89146, 89196, 89486, 89552, 90398, 90435, 90495, 90567, 90991, 91300, 91341, 91428, 91479, 92057, 92147, 92521, 92911, 92967, 93857, 93944, 94686, 94735, 95271, 95430, 95497, 96890, 96932, 96935, 97614, 97656, 97717, 98598, 98665, 99535, 99579, 100084, 100136, 100843, 100876, 101396, 101460, 102328, 102384, 103084, 103182, 104324, 104376, 104955, 105074, 105624, 105900, 105948, 106604, 106646, 106658, 107099, 107154, 107710, 107749, 107752, 108401, 108457, 109190, 109269, 109273, 109682, 109793, 109940, 109988, 110409, 110470, 111549, 111618, 112202, 112247, 112371, 112404, 112918, 112969, 113710, 113744, 114202, 114294, 115133, 115175, 115863, 115950, 116658, 116697, 117018, 117204, 117249, 117324, 117384, 117958, 118252, 118286, 118300, 118313, 119193, 119244, 120025, 120065, 120456, 120627, 120691, 120953, 120956, 121542, 121618, 122591, 122685, 123374, 123434, 123474, 124299, 124332, 124335, 124855, 124887, 125298, 125366, 125370, 125843, 125889, 125952, 125996, 126846, 126921, 127462, 127604, 127664, 128264, 128289, 128304, 128737, 128809, 128827, 129894, 129932, 130008, 130061, 130086, 131078, 131136, 131892, 131946, 132024, 132939, 133001, 134124, 134213, 135308, 135351, 135745, 135796, 136977, 137042, 137998, 138056, 138074, 138708, 138765, 139309, 139353, 139356, 139965, 140044, 140076, 140643, 141050, 141103, 141496, 141815, 141871, 142352, 142393, 142942, 142997, 143540, 143599, 144094, 144135, 144701, 144731, 145313, 145350, 146069, 146167, 146877, 146975, 147398, 147693, 147758, 148403, 148453, 149113, 149165, 149880, 149923, 150523, 150605, 151373, 151463, 152476, 152553, 152766, 152964, 152983, 152993, 154563, 154695, 155769, 155817, 155921, 155973, 156867, 156954, 157581, 157760, 157838, 158477, 158651, 158720, 158748, 159047, 159093, 159706, 159761, 160728, 160791, 161717, 161833, 162460, 162624, 162814, 162905, 163553, 163764, 163839, 163855, 163861, 165044, 165091, 165838, 165871, 166251, 166308, 166801, 166818, 166860, 167606, 167642, 167704, 167758, 168499, 168616, 168663, 169518, 169552, 169593, 170024, 170065, 170449, 170493, 171214, 171314, 172008, 172144, 173427, 173609, 174713, 174793, 175572, 175622, 175816, 176246, 176283, 176690, 176766, 177596, 177735, 178583, 178629, 178637, 179187, 179243, 179396, 179443, 180100, 180111, 180168, 180614, 180680, 180717, 181094, 181134, 181706, 181708, 181805, 181912, 182317, 182444, 183163, 183639, 183723, 183744, 184777, 184912, 184943, 185727, 185806, 186441, 186503, 187007, 187167, 187264, 200520, 201695, 203252, 203943]
26,39,[1807, 1810, 2535, 3638, 5035, 9078, 11366, 12554, 14902, 15463, 15496, 15574, 16253, 20998, 21061, 21135, 21136, 36741, 36890, 37646, 38068, 40043, 43657, 43683, 43907, 55059, 59755, 60363, 64225, 64255, 64305, 64329, 64444, 64463, 64543, 64584, 64715, 65103, 65608]
27,8,[22968, 48991, 53863, 60617, 62525, 87379, 87658, 87834]
28,2,[9883, 9894]
30,1718,[378, 387, 1157, 1166, 1187, 2348, 3937, 5176, 5180, 5493, 5901, 5976, 6022, 6125, 6130, 6139, 6154, 6169, 6229, 6244, 6541, 6586, 6611, 6669, 6699, 6761, 6800, 7474, 7577, 7680, 7783, 8194, 8201, 9977, 10562, 11055, 11116, 11252, 11275, 11316, 11832, 11920, 12030, 12040, 12073, 12189, 12306, 12315, 12346, 12363, 13042, 14307, 14341, 14348, 14561, 14778, 16019, 16100, 16296, 16362, 16522, 18114, 18314, 18319, 18417, 19267, 20246, 20302, 20471, 20672, 20678, 20901, 21076, 21193, 21210, 21366, 21556, 21590, 21616, 21776, 21807, 21864, 21888, 22018, 22028, 22071, 22209, 22221, 22228, 24491, 25026, 25204, 25222, 25230, 25238, 25283, 25295, 25302, 25341, 25350, 25354, 25441, 25494, 25513, 25537, 25564, 25587, 25679, 25689, 25713, 25722, 25771, 25876, 25885, 25894, 25940, 25972, 26011, 26027, 26349, 26366, 26400, 26460, 26578, 26793, 27493, 28129, 28184, 28214, 28370, 28389, 28397, 28408, 28434, 28534, 28552, 28725, 28835, 28960, 29118, 29192, 29263, 29298, 29305, 29351, 29367, 29378, 29396, 29403, 29411, 29518, 29523, 29525, 29554, 29563, 29568, 29584, 29588, 29609, 29613, 29745, 29749, 29755, 29771, 29779, 29798, 29821, 29863, 29874, 29939, 29953, 29965, 29984, 30134, 30159, 30181, 30226, 30581, 30870, 31135, 31302, 31354, 31381, 31429, 31470, 31718, 31721, 31847, 31912, 32509, 32637, 32885, 32888, 32892, 33157, 33176, 33544, 33560, 33802, 34151, 34288, 34552, 34594, 34597, 34694, 34752, 34804, 35053, 35091, 35169, 35181, 35208, 35566, 35642, 35839, 35858, 35872, 36042, 36082, 36090, 36120, 36126, 36253, 36311, 36314, 36335, 36599, 36681, 36698, 37003, 37018, 37050, 37070, 37082, 37109, 37659, 37670, 37677, 37693, 37703, 37728, 37762, 37772, 37800, 37914, 37936, 38161, 38192, 38229, 38325, 38352, 38362, 38595, 38606, 38656, 38769, 38831, 38968, 39060, 39171, 39353, 39367, 39484, 39535, 39615, 39637, 39767, 39884, 39951, 39996, 40124, 40598, 40809, 41254, 41500, 41532, 41638, 42242, 42288, 42301, 42748, 43325, 43338, 43932, 44133, 45437, 45757, 45766, 45977, 46144, 46209, 46236, 46265, 46292, 50855, 52049, 52126, 52187, 52228, 52292, 52365, 52604, 52917, 52921, 52961, 53770, 53815, 54015, 54054, 65480, 67972, 67986, 69837, 70636, 70647, 71023, 71033, 71072, 71080, 71084, 71280, 71604, 71722, 71727, 71782, 71811, 71843, 71894, 71933, 72371, 72412, 72419, 73490, 73621, 73776, 74104, 74452, 74557, 74888, 75031, 75038, 75073, 75112, 75117, 75156, 75216, 75229, 75406, 75410, 75483, 75491, 75502, 75510, 75811, 75816, 75892, 75959, 76202, 76227, 76260, 76301, 76308, 76326, 76333, 76434, 76587, 76598, 76837, 76864, 76874, 76884, 76889, 76978, 77049, 77087, 77089, 77133, 77173, 77711, 77820, 77825, 77940, 79914, 85239, 85486, 85792, 86185, 86619, 87005, 87967, 88112, 88128, 88146, 88163, 88184, 88201, 88216, 88310, 88351, 88361, 88383, 88403, 88470, 88481, 88487, 88564, 88580, 88644, 88660, 88667, 88676, 88679, 88697, 88814, 88886, 89020, 89051, 89160, 89194, 89235, 89289, 89304, 89316, 89341, 89506, 89804, 89816, 90084, 90309, 90605, 90628, 92112, 92307, 93446, 93688, 93703, 93911, 94252, 94324, 94384, 94476, 94544, 94580, 94675, 94730, 94884, 97135, 97379, 97939, 97977, 98476, 101644, 101648, 101709, 101727, 101771, 101789, 101801, 101815, 101851, 102004, 102074, 102093, 102235, 102245, 102265, 102294, 102340, 102485, 102920, 102948, 102980, 103108, 103118, 103147, 103156, 103162, 103210, 103237, 103270, 103274, 103284, 103489, 103505, 103595, 103615, 103750, 104008, 104077, 104381, 104456, 104466, 104473, 104476, 104494, 104553, 104959, 105014, 105031, 105037, 105313, 105350, 105399, 105413, 105448, 105609, 105628, 105931, 106050, 106117, 106253, 106272, 106379, 106439, 106497, 106548, 106558, 106663, 106729, 106858, 106937, 106990, 107094, 107155, 107268, 107353, 107387, 107480, 107726, 107897, 107911, 107923, 107981, 108023, 108352, 108523, 108549, 108552, 108705, 108895, 108950, 109292, 109345, 109371, 109435, 109559, 109624, 109741, 109840, 109893, 110256, 110275, 110638, 110784, 110785, 110797, 110808, 110813, 110827, 110858, 110941, 111210, 111239, 111286, 111319, 111733, 111845, 111861, 112068, 112166, 112326, 112470, 112590, 112600, 112614, 112623, 112630, 112650, 112653, 112663, 112729, 112803, 112816, 112900, 113015, 113089, 113124, 113145, 113183, 113401, 113985, 114193, 114365, 115274, 115353, 115483, 115503, 115585, 115872, 115887, 116371, 116785, 117183, 117493, 117521, 117540, 117688, 117735, 117841, 118028, 118541, 119135, 120033, 120322, 120560, 120784, 120984, 121343, 121426, 121460, 121491, 121679, 121681, 121696, 121894, 121904, 122047, 122088, 122096, 122699, 122776, 122802, 122954, 123029, 123093, 123334, 123534, 123733, 123779, 123790, 124130, 124318, 124349, 124362, 124463, 124631, 124812, 124821, 124835, 124883, 124916, 124949, 124967, 124979, 125151, 125268, 125445, 125489, 125562, 125660, 125736, 125904, 125994, 126113, 126195, 126233, 126577, 127258, 127337, 127363, 127372, 127432, 127442, 127732, 128068, 128142, 128151, 128158, 128187, 128224, 128236, 128349, 128359, 128418, 128460, 128518, 128656, 128704, 128716, 128756, 128769, 128864, 129061, 129074, 129218, 129300, 129484, 130413, 130497, 130751, 130762, 130867, 130895, 130911, 132042, 132613, 134131, 134138, 135349, 135450, 135776, 135787, 135942, 135957, 135980, 135990, 135999, 136403, 136407, 136458, 136475, 136533, 136892, 137086, 137172, 137198, 137250, 137284, 137462, 137942, 138724, 138750, 138780, 138913, 138985, 139014, 139114, 139148, 139179, 139219, 139294, 139300, 139325, 139355, 140451, 140826, 141577, 141727, 141907, 141914, 141940, 141986, 142035, 142088, 142186, 142195, 142621, 142625, 142657, 142820, 143019, 143114, 143163, 143255, 143376, 143400, 143517, 143604, 143642, 143687, 144065, 144348, 144603, 144665, 144756, 144784, 144871, 144893, 144989, 145113, 145669, 146121, 147385, 147516, 147606, 147622, 150966, 151532, 151635, 151914, 151960, 152119, 152135, 152179, 152183, 152220, 152256, 152260, 152268, 152312, 152361, 153175, 156160, 156170, 156301, 156351, 156365, 156374, 156530, 156935, 157843, 157876, 159317, 159509, 159642, 159810, 160450, 161290, 164801, 164827, 166271, 166283, 166294, 166308, 166598, 168209, 168770, 168879, 169160, 169193, 169654, 169937, 170048, 176044, 176267, 177286, 177408, 179878, 180053, 180060, 180066, 180265, 180415, 181173, 181601, 181607, 182197, 183875, 185054, 186550, 187267, 187330, 187485, 191431, 193556, 194849, 195359, 196873, 198658, 198698, 198838, 198857, 199204, 202564, 202696, 202725, 203474, 205817, 206072, 206429, 206496, 206507, 206521, 206604, 206771, 206782, 206796, 206826, 206840, 207520, 207572, 207594, 207672, 207708, 207798, 207829, 207860, 208006, 208183, 209151, 210483, 211942, 212166, 212559, 212787, 214057, 214554, 214582, 216338, 219208, 220463, 220997, 221138, 221243, 222138, 222389, 222435, 223648, 224619, 224643, 224661, 224678, 224733, 224786, 227188, 227343, 227664, 227779, 227833, 227867, 228967, 229914, 230220, 230270, 230475, 231076, 231313, 231369, 231803, 231896, 231917, 231949, 232153, 232904, 233093, 233097, 233098, 233102, 233106, 233139, 233422, 233432, 234171, 234917, 235276, 235290, 236738, 236937, 237002, 237012, 237060, 237077, 237272, 237466, 237487, 237676, 237895, 238106, 238113, 238144, 238152, 238160, 238249, 238869, 238910, 239318, 240749, 241003, 241028, 241039, 241289, 241353, 242073, 242981, 244744, 244966, 246505, 247953, 249384, 249428, 250356, 250873, 251269, 251275, 254369, 256500, 257954, 258508, 258581, 258594, 258609, 258694, 258862, 258871, 258884, 258910, 258923, 259413, 259451, 259567, 259615, 259637, 259764, 259801, 260059, 260231, 260402, 260433, 260730, 262683, 262768, 262803, 263203, 263896, 265153, 265190, 265529, 265613, 267183, 267571, 267790, 267826, 269967, 272213, 272638, 273419, 273890, 274150, 274421, 274848, 274862, 275058, 275072, 276645, 276685, 277145, 278932, 280521, 282357, 282362, 282415, 282575, 282834, 285044, 285875, 285953, 288317, 288377, 288412, 288521, 288709, 288713, 288719, 288735, 288753, 288762, 288778, 288793, 288915, 289169, 289190, 289469, 289481, 295835, 296691, 296768, 297026, 300243, 300249, 305531, 306842, 308829, 309599, 310923, 312727, 316207, 318126, 318462, 318848, 318911, 320039, 320288, 322247, 324090, 324667, 325050, 327240, 328207, 329403, 329613, 329685, 330278, 330397, 330434, 330942, 332839, 333717, 333751, 335015, 335069, 335152, 335195, 335219, 335249, 335282, 335295, 335699, 335736, 335915, 336507, 338148, 341975, 342342, 342457, 343398, 343515, 343579, 345535, 348957, 354978, 355237, 355431, 356515, 360337, 360351, 361358, 363092, 363318, 363685, 363698, 363709, 365335, 365588, 365606, 365945, 366013, 366113, 366149, 366343, 366642, 366646, 366677, 367054, 367629, 368276, 368474, 368540, 368672, 368861, 368895, 369274, 369302, 369379, 369763, 369770, 369846, 370434, 370474, 370616, 371000, 371031, 371058, 371079, 371202, 371381, 371594, 372224, 372365, 372419, 372634, 372776, 372794, 373348, 373508, 374073, 374079, 375422, 376443, 376625, 377072, 377385, 377403, 377445, 377793, 378117, 378125, 378304, 378308, 378309, 378313, 378335, 378374, 378610, 378620, 379346, 379571, 381077, 385190, 385326, 386961, 388412, 389936, 390019, 390221, 390428, 390440, 390449, 392582, 392832, 392946, 392964, 393019, 393098, 393106, 393111, 393118, 393145, 393293, 393678, 393829, 393879, 394046, 394210, 394296, 394300, 394322, 394589, 394641, 394905, 395023, 395632, 395636, 395863, 396036, 396150, 396680, 396999, 397068, 397324, 397769, 397786, 398180, 398342, 398892, 398908, 399122, 399157, 399207, 399551, 399741, 399792, 399921, 399951, 399957, 400016, 400055, 400367, 400843, 401043, 401161, 401443, 401621, 401867, 401953, 402161, 402163, 402208, 402221, 402240, 402320, 402486, 402547, 402982, 403335, 405167, 405497, 405528, 405745, 405779, 405811, 405818, 405968, 406677, 406698, 406773, 406779, 406825, 406963, 407057, 407117, 407158, 407171, 407322, 407328, 407748, 408184, 408297, 408573, 408681, 408714, 410354, 410506, 411298, 411464, 411664, 412301, 412409, 412437, 412462, 412471, 412971, 413011, 413040, 413389, 413438, 413508, 414112, 414316, 414601, 414669, 414804, 415749, 415893, 415904, 416027, 416124, 416312, 417342, 417452, 417783, 417866, 417896, 417911, 417979, 418079, 418285, 418761, 419003, 419073, 419080, 419094, 419156, 419478, 419509, 419553, 419648, 419695, 419715, 419740, 419930, 419983, 420049, 420061, 420104, 420126, 420139, 420187, 420367, 420400, 420468, 420535, 420557, 420583, 420607, 420611, 420623, 420789, 421091, 421125, 421187, 421441, 421534, 421556, 422113, 422291, 423593, 423642, 423781, 423878, 423996, 424040, 424104, 424132, 424205, 424258, 424431, 424517, 424734, 424805, 424851, 424877, 425398, 425452, 425457, 425473, 425742, 425745, 425820, 425838, 425858, 425973, 426012, 426423, 426507, 426682, 426956, 426963, 426997, 427008, 429614, 429950, 432760, 432799, 432810, 432899, 433289, 433383, 433869, 434182, 435123, 435190, 435656, 435776, 435787, 435804, 435830, 435855, 436193, 436887, 436948, 436985, 436992, 436998, 437033, 437327, 437368, 438022, 438965, 438975, 439199, 439534, 440335, 440391, 440673, 440698, 440701, 440783, 440813, 440821, 440933, 441218, 441448, 441506, 441569, 441634, 441836, 441841, 442208, 442489, 442530, 443030, 443166, 443205, 443556, 443646, 443858, 444366, 445054, 445149, 445997, 446355, 446624, 447399, 447665, 447699, 447734, 447808, 447812, 447945, 447975, 448107, 448243, 448255, 448268, 448278, 448315, 448322, 448592, 448923, 449274, 449326, 449384, 449541, 449753, 449788, 449834, 449880, 449929, 450059, 450111, 450115, 450133, 450658, 450668, 450673, 450704, 450722, 450771, 450803, 451260, 451550, 451607, 451644, 451673, 452197, 452218, 452404, 452480, 452511, 452572, 452681, 452754, 452889, 452905, 453281, 453315, 453503, 453511, 453611, 453722, 453859, 453906, 453948, 454007, 454111, 454121, 454176, 454203, 454669, 454675, 454703, 454732, 454763, 455010, 455063, 455136, 459141, 459153, 459234, 459384, 459399, 459579, 459755, 459928, 460060, 460905, 460934, 460947, 461019, 461081, 461430, 461488, 461885, 462068, 468296, 468848, 469083, 470241, 470441, 470530, 470765, 470784, 471065, 471118, 471152, 471612, 471833, 471900, 472211, 472538, 472548, 472569, 473718, 474024, 474382, 474757, 474895, 475069, 475254, 475272, 475701, 475782, 475856, 475964, 476111, 476168, 476532, 476584, 476621, 476947, 477336, 478000, 478012, 478137, 478265, 478317, 478809, 479667, 479832, 479858, 479871, 479976, 479985, 479994, 480074, 480145, 480246, 480466, 480539, 480751, 480759, 481552, 481639, 481909, 483847, 483870, 483877, 483892, 484009, 484143, 484722, 484769, 485825, 486098, 486548, 486737, 486934, 487037, 487254, 487288, 487660, 487678, 487779, 488492, 488741, 488983, 489037, 489941, 490041, 490174, 490418, 490984, 491430, 491643, 491659, 492213, 492610, 492890, 492903, 493065, 493091, 493296, 493677, 493771, 493790, 493939, 494245, 495707, 496515, 496866, 496892, 497483, 497487, 500862, 501298, 502190, 504922, 510436, 514628, 515426, 517321, 519756, 519870, 527224, 531360, 531784, 531950, 535026, 541150, 541409, 545739, 550582, 552872, 563853, 563869, 563899, 566867, 566930, 567024, 568085, 568094, 568112, 568154, 568268, 568573, 568725, 568821, 571542, 573183, 573210, 573214, 583484, 583606, 583626, 620170, 621632, 621993, 630678]
6,1,[322]
9,2,[2614, 2710]
10,1718,[471, 480, 1250, 1259, 1280, 2441, 4031, 5270, 5274, 5587, 5995, 6070, 6116, 6219, 6224, 6233, 6248, 6263, 6323, 6338, 6635, 6680, 6705, 6763, 6793, 6855, 6894, 7568, 7671, 7774, 7877, 8288, 8295, 10071, 10656, 11149, 11210, 11346, 11369, 11410, 11926, 12014, 12124, 12134, 12167, 12283, 12400, 12409, 12440, 12457, 13136, 14401, 14435, 14442, 14655, 14872, 16113, 16194, 16390, 16456, 16616, 18208, 18408, 18413, 18511, 19361, 20340, 20396, 20565, 20766, 20772, 20995, 21170, 21287, 21304, 21460, 21650, 21684, 21710, 21870, 21901, 21958, 21982, 22112, 22122, 22165, 22303, 22315, 22322, 24585, 25120, 25298, 25316, 25324, 25332, 25377, 25389, 25396, 25435, 25444, 25448, 25535, 25588, 25607, 25631, 25658, 25681, 25773, 25783, 25807, 25816, 25865, 25970, 25979, 25988, 26034, 26066, 26105, 26121, 26443, 26460, 26494, 26554, 26672, 26887, 27587, 28223, 28278, 28308, 28464, 28483, 28491, 28502, 28528, 28628, 28646, 28819, 28929, 29054, 29212, 29286, 29357, 29392, 29399, 29445, 29461, 29472, 29490, 29497, 29505, 29612, 29617, 29619, 29648, 29657, 29662, 29678, 29682, 29703, 29707, 29839, 29843, 29849, 29865, 29873, 29892, 29915, 29957, 29968, 30033, 30047, 30059, 30078, 30228, 30253, 30275, 30320, 30675, 30964, 31229, 31396, 31448, 31475, 31523, 31564, 31812, 31815, 31945, 32010, 32607, 32735, 32983, 32986, 32990, 33255, 33274, 33642, 33658, 33900, 34249, 34386, 34650, 34692, 34695, 34792, 34850, 34902, 35151, 35189, 35267, 35279, 35306, 35664, 35740, 35937, 35956, 35970, 36140, 36180, 36188, 36218, 36224, 36351, 36409, 36412, 36433, 36697, 36779, 36796, 37101, 37116, 37148, 37168, 37180, 37207, 37757, 37768, 37775, 37791, 37801, 37826, 37860, 37870, 37898, 38012, 38034, 38259, 38290, 38327, 38423, 38450, 38460, 38693, 38704, 38754, 38867, 38929, 39066, 39158, 39269, 39451, 39465, 39582, 39633, 39713, 39735, 39865, 39982, 40049, 40094, 40222, 40696, 40907, 41352, 41598, 41630, 41736, 42340, 42386, 42399, 42846, 43423, 43436, 44030, 44231, 45535, 45855, 45864, 46075, 46242, 46307, 46334, 46363, 46390, 50953, 52147, 52224, 52285, 52326, 52390, 52463, 52702, 53016, 53020, 53060, 53869, 53914, 54114, 54153, 65583, 68075, 68089, 69940, 70739, 70750, 71126, 71136, 71175, 71183, 71187, 71383, 71707, 71825, 71830, 71885, 71914, 71946, 71997, 72036, 72474, 72515, 72522, 73593, 73724, 73879, 74207, 74555, 74660, 74991, 75134, 75141, 75176, 75215, 75220, 75259, 75319, 75332, 75509, 75513, 75586, 75594, 75605, 75613, 75914, 75919, 75995, 76062, 76305, 76330, 76363, 76404, 76411, 76429, 76436, 76537, 76690, 76701, 76940, 76967, 76977, 76987, 76992, 77081, 77152, 77190, 77192, 77236, 77276, 77814, 77923, 77928, 78047, 80021, 85346, 85593, 85899, 86292, 86726, 87112, 88074, 88219, 88235, 88253, 88270, 88291, 88308, 88323, 88417, 88458, 88468, 88490, 88510, 88577, 88588, 88594, 88671, 88687, 88751, 88767, 88774, 88783, 88786, 88804, 88921, 88993, 89127, 89158, 89267, 89301, 89342, 89396, 89411, 89423, 89448, 89613, 89911, 89923, 90191, 90416, 90712, 90735, 92219, 92414, 93553, 93795, 93810, 94018, 94359, 94431, 94491, 94583, 94651, 94687, 94782, 94837, 94991, 97242, 97486, 98046, 98084, 98583, 101751, 101755, 101816, 101834, 101878, 101896, 101908, 101922, 101958, 102111, 102181, 102200, 102342, 102352, 102372, 102401, 102447, 102592, 103027, 103055, 103087, 103215, 103225, 103254, 103263, 103269, 103317, 103344, 103377, 103381, 103391, 103596, 103612, 103702, 103722, 103857, 104115, 104184, 104488, 104563, 104573, 104580, 104583, 104601, 104660, 105070, 105125, 105142, 105148, 105424, 105461, 105510, 105524, 105559, 105720, 105739, 106042, 106161, 106228, 106364, 106383, 106490, 106550, 106608, 106659, 106669, 106774, 106840, 106969, 107048, 107101, 107205, 107266, 107379, 107464, 107498, 107591, 107837, 108008, 108022, 108034, 108092, 108134, 108463, 108634, 108660, 108663, 108816, 109006, 109061, 109403, 109456, 109482, 109546, 109670, 109735, 109852, 109951, 110004, 110367, 110386, 110749, 110895, 110896, 110908, 110919, 110924, 110938, 110969, 111052, 111321, 111350, 111397, 111430, 111844, 111956, 111972, 112179, 112277, 112437, 112581, 112701, 112711, 112725, 112734, 112741, 112761, 112764, 112774, 112840, 112914, 112927, 113011, 113126, 113200, 113235, 113256, 113294, 113512, 114096, 114304, 114476, 115385, 115464, 115594, 115614, 115696, 115983, 115998, 116482, 116896, 117294, 117604, 117632, 117651, 117799, 117846, 117952, 118139, 118652, 119246, 120144, 120433, 120671, 120895, 121095, 121454, 121537, 121571, 121602, 121790, 121792, 121807, 122005, 122015, 122158, 122199, 122207, 122810, 122887, 122913, 123065, 123140, 123204, 123445, 123645, 123844, 123890, 123901, 124241, 124429, 124460, 124473, 124574, 124742, 124923, 124932, 124946, 124994, 125027, 125060, 125078, 125090, 125262, 125379, 125556, 125600, 125673, 125771, 125847, 126015, 126105, 126224, 126306, 126344, 126688, 127369, 127448, 127474, 127483, 127543, 127553, 127843, 128179, 128253, 128262, 128269, 128298, 128335, 128347, 128460, 128470, 128530, 128572, 128630, 128768, 128816, 128828, 128868, 128881, 128976, 129173, 129186, 129330, 129412, 129596, 130525, 130609, 130863, 130874, 130979, 131007, 131023, 132154, 132725, 134243, 134250, 135461, 135562, 135888, 135899, 136054, 136069, 136092, 136102, 136111, 136515, 136519, 136570, 136587, 136645, 137004, 137198, 137284, 137310, 137362, 137396, 137574, 138054, 138836, 138862, 138892, 139025, 139097, 139126, 139226, 139260, 139291, 139331, 139406, 139412, 139437, 139467, 140563, 140938, 141689, 141839, 142019, 142026, 142052, 142098, 142147, 142200, 142298, 142307, 142733, 142737, 142769, 142932, 143131, 143226, 143275, 143367, 143488, 143512, 143629, 143716, 143754, 143799, 144178, 144461, 144716, 144778, 144869, 144897, 144984, 145006, 145102, 145226, 145782, 146234, 147498, 147629, 147719, 147735, 151079, 151645, 151748, 152027, 152073, 152232, 152248, 152292, 152296, 152333, 152369, 152373, 152381, 152425, 152474, 153288, 156273, 156283, 156414, 156464, 156478, 156487, 156643, 157048, 157956, 157989, 159430, 159622, 159756, 159924, 160564, 161404, 164924, 164950, 166394, 166406, 166417, 166431, 166721, 168332, 168893, 169002, 169283, 169316, 169777, 170060, 170171, 176167, 176390, 177409, 177531, 180001, 180176, 180183, 180189, 180388, 180538, 181296, 181724, 181730, 182320, 184007, 185186, 186682, 187399, 187462, 187617, 191563, 193688, 194981, 195491, 197005, 198790, 198830, 198970, 198989, 199336, 202706, 202838, 202867, 203616, 205959, 206214, 206571, 206638, 206649, 206663, 206746, 206913, 206924, 206938, 206968, 206982, 207662, 207714, 207736, 207814, 207850, 207940, 207971, 208002, 208148, 208325, 209293, 210625, 212084, 212308, 212701, 212929, 214199, 214696, 214724, 216480, 219348, 220613, 221147, 221288, 221393, 222288, 222539, 222585, 223798, 224769, 224793, 224811, 224828, 224883, 224936, 227338, 227493, 227814, 227929, 227983, 228017, 229117, 230064, 230370, 230420, 230625, 231226, 231463, 231519, 231953, 232046, 232067, 232099, 232303, 233054, 233243, 233247, 233248, 233252, 233256, 233289, 233572, 233582, 234321, 235067, 235426, 235440, 236888, 237087, 237152, 237162, 237210, 237227, 237422, 237616, 237637, 237826, 238045, 238256, 238263, 238294, 238302, 238310, 238399, 239022, 239063, 239471, 240902, 241156, 241181, 241192, 241442, 241506, 242226, 243134, 244897, 245119, 246658, 248106, 249537, 249581, 250509, 251026, 251422, 251428, 254522, 256656, 258110, 258664, 258737, 258750, 258765, 258850, 259018, 259027, 259040, 259066, 259079, 259569, 259607, 259723, 259771, 259793, 259920, 259957, 260215, 260387, 260558, 260589, 260886, 262839, 262924, 262959, 263359, 264052, 265309, 265346, 265685, 265769, 267339, 267727, 267946, 267982, 270123, 272369, 272794, 273575, 274046, 274306, 274577, 275004, 275018, 275214, 275228, 276801, 276841, 277301, 279087, 280676, 282512, 282517, 282570, 282730, 282989, 285200, 286031, 286109, 288473, 288533, 288568, 288677, 288865, 288869, 288875, 288891, 288909, 288918, 288934, 288949, 289071, 289325, 289346, 289625, 289637, 295992, 296848, 296926, 297184, 300401, 300407, 305689, 307000, 308987, 309757, 311081, 312886, 316366, 318285, 318621, 319007, 319070, 320198, 320447, 322406, 324249, 324826, 325209, 327399, 328366, 329562, 329772, 329844, 330437, 330556, 330593, 331101, 332998, 333876, 333910, 335174, 335228, 335311, 335354, 335378, 335408, 335441, 335454, 335858, 335895, 336074, 336666, 338307, 342134, 342501, 342616, 343557, 343674, 343738, 345694, 349116, 355137, 355396, 355590, 356674, 360497, 360511, 361518, 363255, 363481, 363848, 363861, 363872, 365498, 365751, 365769, 366108, 366176, 366276, 366312, 366506, 366805, 366809, 366840, 367217, 367792, 368439, 368637, 368703, 368835, 369024, 369058, 369437, 369465, 369542, 369926, 369933, 370009, 370597, 370637, 370779, 371163, 371194, 371221, 371242, 371365, 371544, 371757, 372387, 372528, 372582, 372797, 372939, 372957, 373511, 373671, 374236, 374242, 375585, 376606, 376788, 377235, 377548, 377566, 377608, 377956, 378280, 378288, 378467, 378471, 378472, 378476, 378498, 378537, 378773, 378783, 379509, 379734, 381240, 385353, 385489, 387124, 388575, 390099, 390182, 390384, 390591, 390603, 390612, 392748, 392998, 393112, 393130, 393185, 393264, 393272, 393277, 393284, 393311, 393459, 393844, 393995, 394045, 394212, 394376, 394462, 394466, 394488, 394755, 394807, 395071, 395189, 395798, 395802, 396029, 396202, 396316, 396846, 397165, 397234, 397490, 397935, 397952, 398346, 398508, 399058, 399074, 399288, 399323, 399373, 399717, 399907, 399958, 400087, 400117, 400123, 400182, 400221, 400533, 401009, 401209, 401327, 401609, 401787, 402033, 402119, 402327, 402329, 402374, 402387, 402406, 402486, 402652, 402713, 403148, 403501, 405333, 405663, 405694, 405911, 405945, 405977, 405984, 406134, 406843, 406864, 406939, 406945, 406991, 407129, 407223, 407283, 407324, 407337, 407488, 407494, 407914, 408350, 408463, 408739, 408847, 408880, 410520, 410672, 411464, 411630, 411830, 412467, 412575, 412603, 412628, 412637, 413137, 413177, 413206, 413555, 413604, 413674, 414278, 414482, 414767, 414835, 414970, 415915, 416059, 416070, 416193, 416290, 416478, 417508, 417618, 417949, 418032, 418062, 418077, 418145, 418245, 418451, 418927, 419169, 419239, 419246, 419260, 419322, 419644, 419675, 419719, 419814, 419861, 419881, 419906, 420096, 420149, 420215, 420227, 420270, 420292, 420305, 420353, 420533, 420566, 420634, 420701, 420723, 420749, 420773, 420777, 420789, 420955, 421257, 421291, 421353, 421607, 421700, 421722, 422279, 422457, 423759, 423808, 423947, 424044, 424162, 424206, 424270, 424298, 424371, 424424, 424597, 424683, 424900, 424971, 425017, 425043, 425564, 425618, 425623, 425639, 425908, 425911, 425986, 426004, 426024, 426139, 426178, 426589, 426673, 426848, 427122, 427129, 427163, 427174, 429781, 430120, 432930, 432969, 432980, 433069, 433459, 433553, 434039, 434352, 435293, 435360, 435826, 435946, 435957, 435974, 436000, 436025, 436363, 437057, 437118, 437155, 437162, 437168, 437203, 437497, 437538, 438192, 439135, 439145, 439369, 439704, 440505, 440561, 440843, 440868, 440871, 440953, 440983, 440991, 441103, 441388, 441618, 441676, 441739, 441804, 442006, 442011, 442378, 442659, 442700, 443200, 443336, 443375, 443726, 443816, 444028, 444536, 445224, 445319, 446167, 446525, 446794, 447569, 447835, 447869, 447904, 447978, 447982, 448115, 448145, 448277, 448413, 448425, 448438, 448448, 448485, 448492, 448762, 449093, 449444, 449496, 449554, 449711, 449923, 449958, 450004, 450050, 450099, 450229, 450281, 450285, 450303, 450828, 450838, 450843, 450874, 450892, 450941, 450973, 451430, 451720, 451777, 451814, 451843, 452367, 452388, 452574, 452650, 452681, 452742, 452851, 452924, 453059, 453075, 453451, 453485, 453673, 453681, 453781, 453892, 454029, 454076, 454118, 454177, 454281, 454291, 454346, 454373, 454839, 454845, 454873, 454902, 454933, 455180, 455233, 455306, 459311, 459323, 459404, 459554, 459569, 459749, 459925, 460098, 460230, 461075, 461104, 461117, 461189, 461251, 461600, 461658, 462055, 462239, 468467, 469019, 469254, 470412, 470612, 470701, 470936, 470955, 471236, 471289, 471323, 471782, 472003, 472070, 472381, 472708, 472718, 472739, 473888, 474194, 474552, 474927, 475065, 475239, 475424, 475442, 475870, 475951, 476025, 476133, 476280, 476337, 476701, 476753, 476790, 477116, 477505, 478168, 478180, 478305, 478433, 478485, 478977, 479835, 480000, 480026, 480039, 480144, 480153, 480162, 480242, 480313, 480414, 480634, 480707, 480919, 480927, 481718, 481805, 482075, 484012, 484035, 484042, 484057, 484174, 484308, 484887, 484934, 485989, 486261, 486711, 486900, 487097, 487200, 487416, 487450, 487822, 487840, 487941, 488654, 488902, 489144, 489198, 490101, 490201, 490334, 490578, 491144, 491590, 491803, 491819, 492373, 492770, 493050, 493063, 493225, 493251, 493456, 493837, 493931, 493950, 494099, 494405, 495866, 496684, 497035, 497061, 497652, 497656, 501031, 501467, 502359, 505091, 510605, 514797, 515598, 517493, 519928, 520042, 527396, 531535, 531959, 532125, 535201, 541325, 541584, 545914, 550760, 553050, 564031, 564047, 564077, 567047, 567110, 567204, 568265, 568274, 568292, 568334, 568448, 568753, 568905, 569001, 571722, 573363, 573390, 573394, 583664, 583786, 583806, 620422, 621884, 622245, 630949]
11,1,[16405]
12,2,[5576, 11227]
13,1,[1198]
14,1090,[762, 771, 1103, 2120, 2125, 2129, 2130, 2145, 2162, 2172, 2181, 2202, 2835, 2843, 2921, 2924, 3887, 3895, 3954, 3957, 4569, 4759, 4770, 4846, 4849, 5743, 5751, 5810, 5813, 6431, 6442, 6478, 6481, 6963, 7128, 7139, 7201, 7204, 7869, 7878, 7915, 7918, 8368, 8385, 8411, 8419, 8512, 8514, 8521, 8561, 8564, 8977, 9190, 9203, 9243, 9246, 10138, 10332, 10352, 10364, 10462, 10465, 11400, 11408, 11439, 11442, 11950, 11972, 12001, 12004, 12601, 12612, 12677, 12680, 13592, 13600, 13673, 13676, 14573, 14581, 14620, 14623, 15310, 15321, 15370, 15373, 16058, 16069, 16108, 16111, 16296, 16304, 16372, 16374, 16377, 17229, 17240, 17272, 17275, 17972, 18002, 18005, 18083, 18091, 18145, 18148, 19112, 19120, 19160, 19164, 19167, 19915, 19923, 19961, 19964, 20695, 20704, 20742, 20745, 20773, 21142, 21357, 21368, 21414, 21417, 21444, 22053, 22065, 22136, 22139, 23082, 23090, 23150, 23153, 23868, 23877, 23909, 23912, 23977, 24003, 24110, 24113, 25231, 25240, 25271, 25274, 25472, 25513, 25516, 25979, 25987, 26032, 26035, 26744, 26752, 26801, 26802, 26805, 26832, 27668, 27858, 27866, 27960, 27963, 28638, 28646, 28721, 28724, 29609, 29617, 29658, 29661, 30350, 30358, 30432, 30435, 30448, 31267, 31275, 31335, 31376, 31379, 32136, 32143, 32208, 32211, 32886, 33133, 33142, 33180, 33183, 33963, 33974, 34017, 34020, 34588, 34596, 34638, 34641, 35406, 35418, 35508, 35511, 36278, 36298, 36387, 36390, 37308, 37316, 37470, 37473, 38621, 38630, 38668, 38671, 38974, 39000, 39003, 39073, 39092, 39134, 39137, 39490, 39512, 39594, 39597, 40589, 40600, 40636, 40639, 41355, 41363, 41438, 41441, 42247, 42258, 42292, 42295, 42896, 42927, 42930, 43054, 43067, 43102, 43105, 43918, 43926, 44000, 44003, 44899, 44908, 44939, 44963, 44996, 44999, 46097, 46107, 46157, 46160, 46191, 46715, 47119, 47149, 47226, 47229, 48137, 48145, 48184, 48187, 48839, 48851, 48880, 48883, 49506, 49518, 49560, 49563, 50513, 50524, 50572, 50575, 51556, 51569, 51634, 51637, 51678, 52421, 52797, 52805, 52857, 52860, 52874, 53944, 53952, 53996, 53999, 54727, 54738, 54813, 54816, 55734, 55743, 55770, 55773, 55848, 55869, 55930, 55933, 56516, 56528, 56568, 56571, 57152, 57161, 57204, 57207, 57997, 58005, 58072, 58075, 58095, 59020, 59044, 59110, 59154, 59157, 59855, 60381, 60389, 60444, 60448, 61051, 61063, 61093, 61096, 61651, 61683, 61717, 61720, 61861, 61869, 61917, 61920, 62659, 62670, 62720, 62723, 63549, 63560, 63600, 63603, 63989, 63997, 64069, 64072, 65101, 65112, 65187, 65190, 65325, 66154, 66162, 66218, 66221, 66993, 67004, 67047, 67050, 67656, 67679, 67708, 67711, 67788, 67796, 67866, 67869, 68802, 68816, 68877, 68880, 69469, 69480, 69510, 69513, 70237, 70245, 70285, 70292, 70295, 70955, 70967, 71046, 71049, 71605, 71613, 71669, 71672, 72628, 72646, 72684, 72687, 73078, 73086, 73146, 73149, 73842, 73854, 73932, 73935, 74702, 74710, 74786, 74789, 75646, 75654, 75697, 75700, 76523, 76534, 76568, 76571, 76641, 76649, 76704, 76707, 77687, 77699, 77755, 77758, 78617, 78628, 78673, 78676, 78901, 78909, 78955, 78958, 78989, 79862, 79870, 79940, 79944, 80716, 80728, 80820, 80823, 82349, 82361, 82423, 82426, 83447, 83455, 83605, 83608, 84162, 84587, 84598, 84755, 84758, 85297, 85673, 85682, 85705, 85708, 85796, 85805, 85898, 85901, 86834, 86843, 86953, 86956, 86978, 88147, 88159, 88218, 88221, 88245, 89279, 89288, 89348, 89351, 90215, 90223, 90250, 90253, 91024, 91035, 91090, 91093, 91210, 91238, 91316, 91319, 92342, 92353, 92391, 92394, 92575, 92584, 92621, 92622, 92625, 92636, 93092, 93103, 93146, 93149, 93441, 93449, 93513, 93516, 94319, 94330, 94362, 94365, 94450, 94461, 94526, 94529, 94970, 95305, 95316, 95350, 95353, 95458, 95480, 95514, 95518, 96111, 96119, 96195, 96198, 96612, 97003, 97011, 97061, 97064, 97971, 97980, 98034, 98038, 98751, 98759, 98806, 98809, 99371, 99556, 99565, 99629, 99632, 100996, 101004, 101045, 101046, 101049, 101764, 101806, 101814, 101872, 101875, 102730, 102738, 102805, 102808, 103635, 103644, 103684, 103687, 104252, 104261, 104309, 104312, 105074, 105083, 105116, 105119, 105700, 105711, 105773, 105776, 106697, 106705, 106759, 106762, 107493, 107502, 107597, 107600, 108827, 108838, 108888, 108891, 109526, 109537, 109651, 109654, 110043, 110339, 110350, 110392, 110395, 111097, 111108, 111149, 111152, 111164, 111670, 111685, 111731, 111734, 112345, 112357, 112396, 112397, 112400, 113093, 113106, 113159, 113162, 113919, 113939, 114005, 114007, 114010, 114489, 114611, 114771, 114782, 114830, 114833, 115310, 115322, 115371, 115374, 116492, 116510, 116566, 116569, 117192, 117210, 117241, 117244, 117388, 117400, 117426, 117429, 117997, 118005, 118052, 118055, 118734, 118743, 118773, 118776, 119263, 119271, 119338, 119341, 120209, 120220, 120256, 120259, 120946, 120957, 121033, 121036, 121718, 121727, 121762, 121765, 122117, 122330, 122342, 122380, 122383, 122475, 122483, 122540, 122543, 123064, 123388, 123400, 123427, 123440, 123443, 123457, 124396, 124422, 124452, 124455, 125303, 125312, 125353, 125357, 125721, 125900, 125922, 125970, 125973, 126248, 126251, 126855, 126865, 126932, 126935, 128009, 128020, 128114, 128117, 128839, 128850, 128909, 128950, 128953, 129798, 129809, 129838, 129839, 129842, 130416, 130425, 130460, 130463, 130928, 130944, 131002, 131004, 131007, 131513, 131522, 131565, 131629, 131632, 131678, 132569, 132577, 132650, 132654, 133143, 133292, 133303, 133356, 133359, 134007, 134034, 134049, 134495, 134506, 134575, 134591, 134594, 135630, 135641, 135672, 135675, 135769, 135778, 135827, 135830, 135857, 136892, 136900, 136955, 136959, 137704, 137726, 137729, 137789, 137797, 137870, 137873, 138864, 138872, 138932, 138935, 139948, 139956, 140043, 140046, 141177, 141186, 141225, 141228, 141681, 141690, 141737, 141740, 142894, 142907, 142967, 142970, 143951, 143964, 144013, 144016, 144035, 144682, 144690, 144761, 144765, 145349, 145358, 145405, 145406, 145409, 146031, 146039, 146124, 146127, 146161, 146700, 147079, 147087, 147137, 147140, 147530, 147843, 147865, 147904, 147907, 148420, 148431, 148466, 148469, 149050, 149061, 149110, 149113, 149695, 149716, 149766, 149769, 150304, 150315, 150349, 150352, 150956, 150965, 150991, 150994, 151642, 151653, 151684, 151687, 152419, 152430, 152529, 152532, 153290, 153344, 153353, 153448, 153451, 153901, 154220, 154231, 154291, 154294, 154981, 154990, 155036, 155039, 155715, 155726, 155772, 155775, 156535, 156543, 156583, 156586, 157232, 157240, 157318, 157321, 158087, 158107, 158187, 158190, 159312, 159326, 159403, 159406, 159646, 159656, 159850, 159853, 159873, 159883, 161324, 161350, 161431, 161434, 162528, 162548, 162582, 162585, 162709, 162718, 162766, 162769, 163690, 163701, 163777, 163780, 164394, 164599, 164607, 164683, 164687, 165294, 165496, 165511, 165579, 165606, 165609, 165934, 165943, 165986, 165989, 166658, 166666, 166718, 166721, 167639, 167651, 167707, 167710, 168646, 168659, 168768, 168771, 169400, 169551, 169748, 169759, 169838, 169841, 170508, 170738, 170749, 170818, 170821, 170838, 170845, 171880, 171889, 171932, 171935, 172691, 172702, 172729, 172732, 173173, 173185, 173235, 173238, 173769, 173784, 173792, 173841, 173844, 174613, 174624, 174655, 174658, 174739, 174747, 174799, 174802, 175593, 175601, 175713, 175716, 175765, 176646, 176681, 176692, 176727, 176730, 177218, 177227, 177264, 177267, 177716, 177724, 177765, 177768, 178549, 178557, 178650, 178654, 179391, 179404, 179544, 179547, 180834, 180882, 181017, 181020, 182138, 182147, 182224, 182227, 183028, 183040, 183083, 183086, 183290, 183735, 183746, 183777, 183780, 184204, 184215, 184291, 184294, 185170, 185179, 185305, 185308, 186198, 186209, 186249, 186256, 186259, 186862, 186873, 186923, 186926, 187107, 187115, 187151, 187154, 187834, 187845, 187862, 187908, 187911, 188338, 188346, 188410, 188414, 188451, 188867, 188876, 188912, 188915, 189552, 189555, 189562, 189603, 189690, 189693, 190071, 190080, 190156, 190159, 190620, 190942, 190954, 191023, 191026, 191683, 191691, 191773, 191776, 191799, 192908, 192919, 193049, 193052, 193085, 193873, 193881, 193958, 193961, 194607, 194615, 194672, 194675, 195205, 195381, 195399, 195482, 195485, 198177, 199364, 200904, 201583]
15,80,[1046, 1449, 1829, 3515, 3642, 3717, 4016, 4325, 4935, 8995, 9292, 12896, 12930, 12938, 16613, 17291, 19596, 20920, 22037, 22111, 22146, 23766, 25270, 32556, 33838, 34259, 34300, 34330, 34342, 34471, 35414, 44496, 44619, 48509, 51082, 54965, 55838, 63100, 63698, 64691, 65807, 69182, 75551, 75776, 76143, 77333, 85010, 85249, 85477, 85493, 96149, 96604, 96939, 97048, 106544, 109829, 111509, 111563, 112514, 116602, 116889, 117133, 122534, 130680, 137004, 139711, 140617, 141930, 142390, 149119, 150432, 151118, 151127, 154556, 155476, 163280, 163608, 167386, 170288, 170632]
16,7,[1670, 2342, 9527, 12561, 12562, 18344, 30413]
17,1250,[680, 713, 779, 1613, 1839, 1843, 2117, 2121, 2128, 2413, 2423, 2585, 2634, 2642, 2654, 2740, 3436, 4072, 4135, 4179, 4455, 4614, 4826, 4845, 4983, 5122, 5197, 5218, 6783, 7071, 8465, 8523, 8545, 9072, 9411, 9446, 9487, 9553, 9617, 10051, 10060, 10077, 10768, 13976, 14351, 14439, 14633, 14653, 14676, 14846, 14916, 14933, 15289, 15303, 15307, 15384, 15455, 15509, 15605, 16181, 16469, 17043, 17060, 17066, 17077, 17105, 17127, 17342, 19106, 19271, 19847, 20816, 20849, 20867, 20895, 20897, 20904, 20913, 20924, 20959, 20970, 20990, 21012, 21028, 21044, 21067, 21080, 21094, 21111, 21122, 21199, 21522, 21676, 21924, 21959, 21976, 21990, 23201, 23205, 23493, 24181, 24381, 25393, 25495, 25825, 29907, 29911, 29921, 29924, 29926, 29937, 29948, 30127, 30142, 30147, 30210, 30218, 30834, 30847, 30858, 32534, 32791, 32810, 33155, 33220, 33317, 33352, 33557, 33856, 33860, 33891, 34261, 34838, 35487, 35692, 35751, 35882, 36089, 36139, 36530, 36559, 36636, 37292, 37300, 37736, 39478, 42548, 45438, 45440, 45834, 45923, 45962, 45998, 46231, 46271, 48192, 49015, 50031, 52104, 52107, 52514, 52881, 52938, 52965, 52978, 53067, 53158, 53196, 53265, 53534, 53574, 53751, 53764, 53780, 53802, 53847, 53851, 53940, 54166, 54227, 54374, 54386, 54425, 54940, 55110, 55164, 55178, 55520, 55611, 55626, 55685, 55939, 55982, 55992, 56030, 56068, 56098, 56830, 57178, 60682, 60703, 60726, 60772, 60801, 60829, 60842, 60846, 60926, 60930, 60934, 61061, 61072, 61098, 61342, 61386, 61430, 61460, 61472, 61931, 61961, 61971, 62050, 62112, 62142, 62147, 62150, 62156, 62176, 62260, 62413, 62669, 62672, 62776, 62793, 62802, 62812, 62850, 62885, 62899, 62904, 62916, 62923, 62986, 63003, 63015, 63035, 63106, 63113, 63119, 63295, 63339, 63375, 63411, 63479, 63486, 63535, 63567, 63746, 63779, 63870, 63987, 64001, 64045, 64067, 64494, 64499, 64513, 64525, 64536, 64552, 64606, 64658, 64684, 65368, 65426, 65552, 65640, 66115, 66654, 67236, 69406, 70310, 70564, 70577, 70793, 70804, 70946, 71026, 71062, 71110, 71213, 71221, 71444, 72073, 72092, 72119, 72266, 72324, 72511, 72632, 72682, 72728, 72797, 72820, 72837, 72843, 72851, 72866, 72870, 72877, 73095, 73497, 73577, 73587, 73636, 73688, 73792, 73799, 73800, 74146, 74151, 74164, 74272, 74281, 74292, 74410, 74453, 74537, 74543, 74574, 74598, 74614, 74627, 74634, 74653, 74674, 74731, 74735, 74739, 74798, 75414, 75428, 75471, 75600, 75625, 75648, 76027, 76137, 76183, 77222, 77327, 77362, 77696, 77700, 78285, 78516, 78596, 78706, 78946, 79167, 79208, 79600, 80016, 80138, 80147, 80148, 80171, 80183, 80357, 80380, 80470, 80517, 80583, 80594, 81307, 82162, 82439, 82737, 82741, 82746, 82767, 83115, 83583, 83860, 83901, 83940, 83951, 84084, 84922, 84930, 84982, 84990, 84995, 85066, 85076, 86514, 87823, 88548, 88572, 88630, 88649, 88668, 88683, 88696, 88714, 88758, 88866, 89129, 89277, 89300, 89317, 89879, 89950, 90019, 90070, 90270, 90758, 90810, 91543, 95102, 95160, 95337, 95364, 95737, 95761, 95770, 95815, 96202, 96579, 96957, 96972, 97082, 97270, 97294, 97302, 97338, 97399, 97491, 97553, 97583, 97600, 97630, 97784, 97918, 98001, 98062, 98133, 98143, 98172, 98351, 98369, 98405, 98410, 98423, 98646, 98693, 98866, 99105, 99110, 99113, 99128, 99176, 99194, 99215, 100206, 100266, 100276, 100287, 102024, 102670, 102681, 102702, 102716, 102774, 102780, 102789, 102797, 102840, 102870, 102907, 103068, 103077, 103092, 103096, 103547, 103558, 103663, 103704, 103714, 103724, 104128, 104166, 104294, 104297, 104302, 104326, 104403, 104408, 104436, 104514, 104521, 104533, 104537, 104668, 104803, 105559, 105568, 105593, 105625, 105675, 105683, 105693, 105743, 105769, 105778, 105790, 105825, 105833, 105857, 105878, 105889, 105893, 105903, 105906, 105910, 105921, 105964, 105975, 106080, 106171, 106189, 106267, 106421, 106432, 106454, 106460, 106535, 106687, 106692, 106698, 106704, 106831, 106846, 107509, 107532, 107964, 107974, 108080, 108319, 108327, 108331, 108567, 108792, 108901, 109241, 109244, 109336, 109636, 109789, 109802, 109812, 109877, 110015, 110150, 110172, 110201, 110260, 110269, 110273, 110282, 110298, 110321, 110332, 110438, 110461, 110480, 110512, 110522, 110528, 110532, 110535, 110552, 110556, 110564, 110618, 110712, 110718, 110895, 110902, 110914, 110923, 110956, 110999, 111016, 111108, 111113, 111131, 111799, 111903, 111915, 111924, 111982, 112067, 112449, 112505, 112511, 112544, 112894, 112911, 112931, 113014, 113843, 113857, 114084, 114093, 114106, 114362, 114375, 118548, 118570, 118623, 118698, 118710, 118762, 118772, 118905, 118912, 118918, 118978, 119001, 119010, 119148, 119927, 119949, 120008, 120452, 120905, 120996, 121140, 121581, 121604, 121620, 121711, 122277, 125341, 125358, 125362, 125705, 125717, 125948, 125973, 125979, 126079, 126109, 126121, 126138, 126149, 126258, 126336, 126646, 128251, 128527, 128530, 128561, 128607, 128611, 128767, 128774, 128794, 128951, 129162, 129288, 129360, 129377, 129382, 129389, 129397, 129400, 129477, 129601, 129825, 129906, 130061, 130148, 130171, 130179, 130263, 130346, 130372, 131016, 131274, 131523, 131698, 131707, 131811, 131890, 131908, 132108, 132123, 132506, 132533, 132822, 132913, 132944, 132952, 133030, 133452, 133683, 133811, 133850, 133854, 133896, 133900, 133917, 133975, 133979, 133996, 134002, 134007, 134122, 134199, 134257, 134446, 134450, 134472, 134478, 134512, 134583, 134598, 134671, 134680, 134705, 134742, 134760, 134777, 134883, 135121, 135203, 135255, 135269, 135430, 135512, 135631, 135674, 135975, 136156, 136204, 136209, 136283, 136514, 136614, 136736, 136747, 136779, 136851, 136872, 136921, 137015, 137023, 137125, 137879, 138040, 138058, 138205, 138312, 138374, 138460, 138626, 138794, 139011, 139016, 139232, 139235, 139293, 139295, 140605, 140638, 140652, 140851, 140947, 140974, 141360, 142285, 142462, 142467, 142667, 142785, 142830, 142846, 143273, 143292, 143308, 143614, 143633, 143651, 143671, 143832, 144371, 144384, 144482, 144579, 144593, 144718, 144796, 145004, 145045, 145062, 145132, 145137, 145150, 145356, 145385, 145452, 146202, 146361, 146522, 146795, 146924, 146943, 146996, 147041, 147125, 147252, 147514, 147536, 147579, 147611, 147618, 147633, 147775, 147835, 147864, 147880, 147891, 147909, 147998, 148289, 148454, 148457, 148523, 148542, 148573, 148826, 148962, 149114, 149140, 149150, 149257, 149399, 149403, 149428, 149431, 149447, 149523, 149576, 149607, 149622, 149672, 150445, 150471, 150655, 150668, 150675, 150709, 150720, 150758, 150790, 150840, 150861, 150901, 150914, 150929, 151058, 151469, 151656, 151663, 151667, 151696, 151717, 151722, 151742, 151756, 151794, 151797, 151832, 151852, 151890, 151908, 151939, 152159, 152221, 152301, 152319, 152340, 152521, 152560, 152571, 152773, 152871, 152993, 153004, 153009, 153023, 153083, 153121, 153263, 153923, 154331, 154338, 154464, 154493, 155605, 155664, 155674, 155695, 155705, 155782, 155786, 155790, 155797, 155816, 155822, 155893, 156527, 156540, 156883, 157011, 157015, 157027, 157063, 157089, 157212, 157222, 157655, 158653, 160491, 160748, 160815, 160846, 160932, 161129, 161320, 161378, 161399, 161443, 161468, 161890, 161899, 162785, 162817, 163314, 163337, 163350, 163389, 163449, 163639, 163932, 164095, 164111, 164220, 164849, 165108, 166533, 166536, 166570, 166574, 166687, 166743, 166860, 166870, 166914, 167031, 167409, 167413, 167621, 167788, 167856, 168083, 168215, 168223, 168275, 168304, 168611, 168639, 169040, 169154, 169470, 169530, 169536, 169540, 169545, 169549, 169558, 169562, 169581, 169593, 169603, 169618, 169757, 169763, 169918, 169970, 170640, 171354, 171357, 171549, 171563, 171837, 171841, 171858, 171886, 171911, 171929, 171964, 171999, 172000, 172059, 172145, 172164, 172377, 172491, 172526, 172539, 172554, 172560, 172565, 172742, 172745, 172770, 172793, 172829, 172926, 173123, 173274, 173846, 173891, 173929, 173980, 173992, 174000, 174177, 174245, 174259, 174336, 174507, 174809, 174946, 175255, 175271, 175306, 175510, 175936, 179574, 179628, 179875, 179878, 179884, 180134, 180479, 183721, 183924, 184148, 184207, 184215, 184220, 184296, 184634, 184784, 185200, 185214, 185360, 185409, 185534, 186685, 189116, 189268, 190286, 190357, 190485, 190645, 190739, 190859, 190905, 190931, 191023, 191129, 191772, 192016, 192101, 192105, 192111, 192260, 192284, 192388, 192415, 192433, 192455, 192490, 192667, 192675, 192705, 192741, 192763, 192868, 192877, 193041, 193083, 193100, 193234, 193501, 193512, 193522, 193684, 193698, 193871, 194088, 194120, 194140, 194152, 194299, 194314, 194854, 194964, 195134, 195555, 195728, 195736, 195916, 195952, 195966, 196002, 196016, 196423, 197178, 197214, 197232, 197258, 197637, 199494, 200081, 200087, 200103, 200234, 200417, 200553, 200585, 200623, 200625, 200664, 200696, 200741, 200748, 200775, 200974, 200984, 203051, 203472, 203593, 203702, 203708, 203721, 203730, 203765, 203822, 203855, 203868, 204206, 204274, 204303, 204329, 204338, 204492, 204590, 204601, 204818, 204867, 204910, 204953, 204996, 206013, 206019, 206235, 206353, 206386, 206430, 206546, 206561, 206626, 206764, 206776, 206814, 206836, 206901, 206932, 206952, 206981, 207241, 207253, 207435, 207448, 207501, 207510, 207707, 207738, 207845, 207853, 207856, 207878, 207886, 207892, 207903, 208078, 208253, 208386, 208415, 208427, 208462, 208490, 208878, 208939, 210239, 210242, 210248, 210301, 210363, 210385, 210400, 210435, 210438, 210911, 211019, 211044, 211176, 211197, 211233, 211375, 211487, 211588, 211678, 211685, 211714, 211755, 211803, 211820, 211827, 211952, 212472, 212544, 216231, 216850]
18,40,[5100, 9300, 18102, 18129, 18790, 19358, 19485, 22562, 22569, 22583, 25638, 25738, 26684, 26698, 33180, 33190, 33235, 35223, 43091, 48546, 50288, 51073, 51222, 51346, 54307, 54331, 54395, 54971, 55638, 56131, 61128, 61154, 64554, 75230, 99755, 107142, 115519, 134695, 140563, 143835]
19,54,[421, 426, 1797, 2421, 2554, 2879, 2991, 3131, 3138, 3166, 4856, 5722, 5837, 7680, 10775, 11378, 11651, 11753, 11796, 11851, 11855, 11977, 12386, 12391, 12529, 12942, 12946, 13179, 14302, 15962, 15967, 16077, 16809, 17975, 18864, 18895, 18985, 22965, 23242, 23833, 23972, 24369, 24472, 24828, 25107, 25405, 25569, 25835, 25942, 26305, 26791, 27034, 27249, 27292]
20,37,[1434, 1437, 2146, 3157, 4521, 8543, 10803, 11967, 14305, 14947, 15610, 20272, 20335, 20408, 20409, 35841, 35989, 36735, 37152, 39101, 42716, 42737, 42959, 53913, 58561, 59108, 62882, 62913, 62961, 62982, 63088, 63105, 63182, 63223, 63350, 63725, 64214]
21,9,[11623, 13231, 14510, 14540, 14866, 14920, 21061, 23032, 23736]
22,61,[1580, 23061, 24666, 24738, 25692, 29291, 29294, 33554, 35430, 35857, 35897, 39242, 39248, 39649, 39671, 45089, 45090, 45094, 45103, 45105, 45129, 45158, 45160, 45168, 45191, 45194, 45273, 46799, 49516, 61277, 61644, 61650, 62208, 62219, 71417, 71423, 72301, 75674, 92172, 92173, 98179, 105554, 113904, 114001, 114046, 114052, 116832, 117171, 117561, 121146, 121148, 121151, 121332, 123002, 129392, 130036, 136817, 137000, 138681, 141680, 155743]
23,14,[184, 445, 12147, 22474, 23978, 27315, 27316, 29330, 29342, 29400, 29415, 29974, 30255, 30270]
24,67,[14, 59, 150, 2190, 2231, 2920, 2980, 3146, 3212, 3230, 3235, 3679, 3922, 3929, 4010, 4073, 4192, 4203, 5458, 5858, 7100, 7329, 8995, 9021, 9074, 9114, 9191, 10017, 10050, 10108, 10215, 10233, 10254, 10415, 10495, 10549, 10600, 11294, 13013, 17382, 17428, 17572, 17584, 17620, 17753, 18391, 24726, 24731, 24742, 24775, 24799, 24838, 24993, 25012, 25260, 25281, 25910, 29837, 32881, 34589, 34760, 36004, 40442, 44702, 44788, 44797, 44832]
25,598,[944, 953, 1217, 2428, 2432, 2433, 2448, 2465, 2475, 2484, 2505, 3241, 3321, 4265, 4326, 4986, 5157, 5238, 6084, 6147, 6702, 6744, 7169, 7317, 7425, 7813, 8131, 8167, 8577, 8617, 8625, 8726, 8728, 8778, 9235, 9465, 9513, 10349, 10534, 10550, 10654, 11551, 11585, 12076, 12122, 12685, 12755, 13605, 13675, 14559, 14601, 15247, 15301, 15918, 15964, 16128, 16196, 16200, 17000, 17038, 17690, 17751, 17808, 18710, 18752, 18758, 19453, 19494, 20341, 20378, 20404, 20743, 20935, 20989, 21015, 21592, 21669, 22554, 22616, 23262, 23288, 23336, 23465, 24526, 24562, 24755, 24787, 25209, 25256, 25908, 25957, 25960, 25985, 26786, 26995, 27091, 27728, 27806, 28636, 28680, 29378, 29454, 29466, 30226, 30280, 30320, 31032, 31099, 31753, 31988, 32030, 32762, 32811, 33319, 33364, 34071, 34159, 34929, 35032, 35940, 36085, 37207, 37244, 37542, 37610, 37659, 37960, 38058, 39039, 39080, 39767, 39844, 40608, 40648, 41208, 41314, 41357, 42127, 42203, 43093, 43128, 43152, 43184, 44241, 44294, 44323, 44895, 45287, 45388, 46270, 46311, 46940, 46976, 47576, 47625, 48516, 48577, 49462, 49537, 49576, 50281, 50631, 50657, 50695, 50708, 51793, 51846, 52544, 52626, 53451, 53474, 53530, 53606, 54154, 54194, 54795, 54846, 55637, 55707, 55726, 56685, 56775, 56818, 57504, 57988, 58045, 58596, 58633, 59194, 59250, 59436, 59494, 60231, 60286, 61063, 61108, 61485, 61657, 61802, 63187, 63246, 63929, 63972, 64520, 64561, 64620, 64692, 65602, 65664, 66295, 66331, 67015, 67056, 67065, 67675, 67762, 68274, 68334, 69195, 69241, 69582, 69645, 70293, 70377, 71118, 71201, 72044, 72089, 72962, 72996, 73049, 73081, 73122, 74080, 74131, 75067, 75119, 75324, 75368, 75397, 75942, 76256, 76328, 77043, 77141, 78647, 78717, 79704, 79890, 80458, 80877, 81099, 81681, 82077, 82104, 82176, 82268, 83158, 83271, 83292, 84489, 84550, 84573, 85586, 85651, 86492, 86522, 87245, 87305, 87402, 87500, 88486, 88531, 88693, 88727, 88730, 88741, 89146, 89196, 89486, 89552, 90398, 90435, 90495, 90567, 90991, 91300, 91341, 91428, 91479, 92057, 92147, 92521, 92911, 92967, 93857, 93944, 94686, 94735, 95271, 95430, 95497, 96890, 96932, 96935, 97614, 97656, 97717, 98598, 98665, 99535, 99579, 100084, 100136, 100843, 100876, 101396, 101460, 102328, 102384, 103084, 103182, 104324, 104376, 104955, 105074, 105624, 105900, 105948, 106604, 106646, 106658, 107099, 107154, 107710, 107749, 107752, 108401, 108457, 109190, 109269, 109273, 109682, 109793, 109940, 109988, 110409, 110470, 111549, 111618, 112202, 112247, 112371, 112404, 112918, 112969, 113710, 113744, 114202, 114294, 115133, 115175, 115863, 115950, 116658, 116697, 117018, 117204, 117249, 117324, 117384, 117958, 118252, 118286, 118300, 118313, 119193, 119244, 120025, 120065, 120456, 120627, 120691, 120953, 120956, 121542, 121618, 122591, 122685, 123374, 123434, 123474, 124299, 124332, 124335, 124855, 124887, 125298, 125366, 125370, 125843, 125889, 125952, 125996, 126846, 126921, 127462, 127604, 127664, 128264, 128289, 128304, 128737, 128809, 128827, 129894, 129932, 130008, 130061, 130086, 131078, 131136, 131892, 131946, 132024, 132939, 133001, 134124, 134213, 135308, 135351, 135745, 135796, 136977, 137042, 137998, 138056, 138074, 138708, 138765, 139309, 139353, 139356, 139965, 140044, 140076, 140643, 141050, 141103, 141496, 141815, 141871, 142352, 142393, 142942, 142997, 143540, 143599, 144094, 144135, 144701, 144731, 145313, 145350, 146069, 146167, 146877, 146975, 147398, 147693, 147758, 148403, 148453, 149113, 149165, 149880, 149923, 150523, 150605, 151373, 151463, 152476, 152553, 152766, 152964, 152983, 152993, 154563, 154695, 155769, 155817, 155921, 155973, 156867, 156954, 157581, 157760, 157838, 158477, 158651, 158720, 158748, 159047, 159093, 159706, 159761, 160728, 160791, 161717, 161833, 162460, 162624, 162814, 162905, 163553, 163764, 163839, 163855, 163861, 165044, 165091, 165838, 165871, 166251, 166308, 166801, 166818, 166860, 167606, 167642, 167704, 167758, 168499, 168616, 168663, 169518, 169552, 169593, 170024, 170065, 170449, 170493, 171214, 171314, 172008, 172144, 173427, 173609, 174713, 174793, 175572, 175622, 175816, 176246, 176283, 176690, 176766, 177596, 177735, 178583, 178629, 178637, 179187, 179243, 179396, 179443, 180100, 180111, 180168, 180614, 180680, 180717, 181094, 181134, 181706, 181708, 181805, 181912, 182317, 182444, 183163, 183639, 183723, 183744, 184777, 184912, 184943, 185727, 185806, 186441, 186503, 187007, 187167, 187264, 200520, 201695, 203252, 203943]
26,39,[1807, 1810, 2535, 3638, 5035, 9078, 11366, 12554, 14902, 15463, 15496, 15574, 16253, 20998, 21061, 21135, 21136, 36741, 36890, 37646, 38068, 40043, 43657, 43683, 43907, 55059, 59755, 60363, 64225, 64255, 64305, 64329, 64444, 64463, 64543, 64584, 64715, 65103, 65608]
27,8,[22968, 48991, 53863, 60617, 62525, 87379, 87658, 87834]
28,2,[9883, 9894]
30,1718,[378, 387, 1157, 1166, 1187, 2348, 3937, 5176, 5180, 5493, 5901, 5976, 6022, 6125, 6130, 6139, 6154, 6169, 6229, 6244, 6541, 6586, 6611, 6669, 6699, 6761, 6800, 7474, 7577, 7680, 7783, 8194, 8201, 9977, 10562, 11055, 11116, 11252, 11275, 11316, 11832, 11920, 12030, 12040, 12073, 12189, 12306, 12315, 12346, 12363, 13042, 14307, 14341, 14348, 14561, 14778, 16019, 16100, 16296, 16362, 16522, 18114, 18314, 18319, 18417, 19267, 20246, 20302, 20471, 20672, 20678, 20901, 21076, 21193, 21210, 21366, 21556, 21590, 21616, 21776, 21807, 21864, 21888, 22018, 22028, 22071, 22209, 22221, 22228, 24491, 25026, 25204, 25222, 25230, 25238, 25283, 25295, 25302, 25341, 25350, 25354, 25441, 25494, 25513, 25537, 25564, 25587, 25679, 25689, 25713, 25722, 25771, 25876, 25885, 25894, 25940, 25972, 26011, 26027, 26349, 26366, 26400, 26460, 26578, 26793, 27493, 28129, 28184, 28214, 28370, 28389, 28397, 28408, 28434, 28534, 28552, 28725, 28835, 28960, 29118, 29192, 29263, 29298, 29305, 29351, 29367, 29378, 29396, 29403, 29411, 29518, 29523, 29525, 29554, 29563, 29568, 29584, 29588, 29609, 29613, 29745, 29749, 29755, 29771, 29779, 29798, 29821, 29863, 29874, 29939, 29953, 29965, 29984, 30134, 30159, 30181, 30226, 30581, 30870, 31135, 31302, 31354, 31381, 31429, 31470, 31718, 31721, 31847, 31912, 32509, 32637, 32885, 32888, 32892, 33157, 33176, 33544, 33560, 33802, 34151, 34288, 34552, 34594, 34597, 34694, 34752, 34804, 35053, 35091, 35169, 35181, 35208, 35566, 35642, 35839, 35858, 35872, 36042, 36082, 36090, 36120, 36126, 36253, 36311, 36314, 36335, 36599, 36681, 36698, 37003, 37018, 37050, 37070, 37082, 37109, 37659, 37670, 37677, 37693, 37703, 37728, 37762, 37772, 37800, 37914, 37936, 38161, 38192, 38229, 38325, 38352, 38362, 38595, 38606, 38656, 38769, 38831, 38968, 39060, 39171, 39353, 39367, 39484, 39535, 39615, 39637, 39767, 39884, 39951, 39996, 40124, 40598, 40809, 41254, 41500, 41532, 41638, 42242, 42288, 42301, 42748, 43325, 43338, 43932, 44133, 45437, 45757, 45766, 45977, 46144, 46209, 46236, 46265, 46292, 50855, 52049, 52126, 52187, 52228, 52292, 52365, 52604, 52917, 52921, 52961, 53770, 53815, 54015, 54054, 65480, 67972, 67986, 69837, 70636, 70647, 71023, 71033, 71072, 71080, 71084, 71280, 71604, 71722, 71727, 71782, 71811, 71843, 71894, 71933, 72371, 72412, 72419, 73490, 73621, 73776, 74104, 74452, 74557, 74888, 75031, 75038, 75073, 75112, 75117, 75156, 75216, 75229, 75406, 75410, 75483, 75491, 75502, 75510, 75811, 75816, 75892, 75959, 76202, 76227, 76260, 76301, 76308, 76326, 76333, 76434, 76587, 76598, 76837, 76864, 76874, 76884, 76889, 76978, 77049, 77087, 77089, 77133, 77173, 77711, 77820, 77825, 77940, 79914, 85239, 85486, 85792, 86185, 86619, 87005, 87967, 88112, 88128, 88146, 88163, 88184, 88201, 88216, 88310, 88351, 88361, 88383, 88403, 88470, 88481, 88487, 88564, 88580, 88644, 88660, 88667, 88676, 88679, 88697, 88814, 88886, 89020, 89051, 89160, 89194, 89235, 89289, 89304, 89316, 89341, 89506, 89804, 89816, 90084, 90309, 90605, 90628, 92112, 92307, 93446, 93688, 93703, 93911, 94252, 94324, 94384, 94476, 94544, 94580, 94675, 94730, 94884, 97135, 97379, 97939, 97977, 98476, 101644, 101648, 101709, 101727, 101771, 101789, 101801, 101815, 101851, 102004, 102074, 102093, 102235, 102245, 102265, 102294, 102340, 102485, 102920, 102948, 102980, 103108, 103118, 103147, 103156, 103162, 103210, 103237, 103270, 103274, 103284, 103489, 103505, 103595, 103615, 103750, 104008, 104077, 104381, 104456, 104466, 104473, 104476, 104494, 104553, 104959, 105014, 105031, 105037, 105313, 105350, 105399, 105413, 105448, 105609, 105628, 105931, 106050, 106117, 106253, 106272, 106379, 106439, 106497, 106548, 106558, 106663, 106729, 106858, 106937, 106990, 107094, 107155, 107268, 107353, 107387, 107480, 107726, 107897, 107911, 107923, 107981, 108023, 108352, 108523, 108549, 108552, 108705, 108895, 108950, 109292, 109345, 109371, 109435, 109559, 109624, 109741, 109840, 109893, 110256, 110275, 110638, 110784, 110785, 110797, 110808, 110813, 110827, 110858, 110941, 111210, 111239, 111286, 111319, 111733, 111845, 111861, 112068, 112166, 112326, 112470, 112590, 112600, 112614, 112623, 112630, 112650, 112653, 112663, 112729, 112803, 112816, 112900, 113015, 113089, 113124, 113145, 113183, 113401, 113985, 114193, 114365, 115274, 115353, 115483, 115503, 115585, 115872, 115887, 116371, 116785, 117183, 117493, 117521, 117540, 117688, 117735, 117841, 118028, 118541, 119135, 120033, 120322, 120560, 120784, 120984, 121343, 121426, 121460, 121491, 121679, 121681, 121696, 121894, 121904, 122047, 122088, 122096, 122699, 122776, 122802, 122954, 123029, 123093, 123334, 123534, 123733, 123779, 123790, 124130, 124318, 124349, 124362, 124463, 124631, 124812, 124821, 124835, 124883, 124916, 124949, 124967, 124979, 125151, 125268, 125445, 125489, 125562, 125660, 125736, 125904, 125994, 126113, 126195, 126233, 126577, 127258, 127337, 127363, 127372, 127432, 127442, 127732, 128068, 128142, 128151, 128158, 128187, 128224, 128236, 128349, 128359, 128418, 128460, 128518, 128656, 128704, 128716, 128756, 128769, 128864, 129061, 129074, 129218, 129300, 129484, 130413, 130497, 130751, 130762, 130867, 130895, 130911, 132042, 132613, 134131, 134138, 135349, 135450, 135776, 135787, 135942, 135957, 135980, 135990, 135999, 136403, 136407, 136458, 136475, 136533, 136892, 137086, 137172, 137198, 137250, 137284, 137462, 137942, 138724, 138750, 138780, 138913, 138985, 139014, 139114, 139148, 139179, 139219, 139294, 139300, 139325, 139355, 140451, 140826, 141577, 141727, 141907, 141914, 141940, 141986, 142035, 142088, 142186, 142195, 142621, 142625, 142657, 142820, 143019, 143114, 143163, 143255, 143376, 143400, 143517, 143604, 143642, 143687, 144065, 144348, 144603, 144665, 144756, 144784, 144871, 144893, 144989, 145113, 145669, 146121, 147385, 147516, 147606, 147622, 150966, 151532, 151635, 151914, 151960, 152119, 152135, 152179, 152183, 152220, 152256, 152260, 152268, 152312, 152361, 153175, 156160, 156170, 156301, 156351, 156365, 156374, 156530, 156935, 157843, 157876, 159317, 159509, 159642, 159810, 160450, 161290, 164801, 164827, 166271, 166283, 166294, 166308, 166598, 168209, 168770, 168879, 169160, 169193, 169654, 169937, 170048, 176044, 176267, 177286, 177408, 179878, 180053, 180060, 180066, 180265, 180415, 181173, 181601, 181607, 182197, 183875, 185054, 186550, 187267, 187330, 187485, 191431, 193556, 194849, 195359, 196873, 198658, 198698, 198838, 198857, 199204, 202564, 202696, 202725, 203474, 205817, 206072, 206429, 206496, 206507, 206521, 206604, 206771, 206782, 206796, 206826, 206840, 207520, 207572, 207594, 207672, 207708, 207798, 207829, 207860, 208006, 208183, 209151, 210483, 211942, 212166, 212559, 212787, 214057, 214554, 214582, 216338, 219208, 220463, 220997, 221138, 221243, 222138, 222389, 222435, 223648, 224619, 224643, 224661, 224678, 224733, 224786, 227188, 227343, 227664, 227779, 227833, 227867, 228967, 229914, 230220, 230270, 230475, 231076, 231313, 231369, 231803, 231896, 231917, 231949, 232153, 232904, 233093, 233097, 233098, 233102, 233106, 233139, 233422, 233432, 234171, 234917, 235276, 235290, 236738, 236937, 237002, 237012, 237060, 237077, 237272, 237466, 237487, 237676, 237895, 238106, 238113, 238144, 238152, 238160, 238249, 238869, 238910, 239318, 240749, 241003, 241028, 241039, 241289, 241353, 242073, 242981, 244744, 244966, 246505, 247953, 249384, 249428, 250356, 250873, 251269, 251275, 254369, 256500, 257954, 258508, 258581, 258594, 258609, 258694, 258862, 258871, 258884, 258910, 258923, 259413, 259451, 259567, 259615, 259637, 259764, 259801, 260059, 260231, 260402, 260433, 260730, 262683, 262768, 262803, 263203, 263896, 265153, 265190, 265529, 265613, 267183, 267571, 267790, 267826, 269967, 272213, 272638, 273419, 273890, 274150, 274421, 274848, 274862, 275058, 275072, 276645, 276685, 277145, 278932, 280521, 282357, 282362, 282415, 282575, 282834, 285044, 285875, 285953, 288317, 288377, 288412, 288521, 288709, 288713, 288719, 288735, 288753, 288762, 288778, 288793, 288915, 289169, 289190, 289469, 289481, 295835, 296691, 296768, 297026, 300243, 300249, 305531, 306842, 308829, 309599, 310923, 312727, 316207, 318126, 318462, 318848, 318911, 320039, 320288, 322247, 324090, 324667, 325050, 327240, 328207, 329403, 329613, 329685, 330278, 330397, 330434, 330942, 332839, 333717, 333751, 335015, 335069, 335152, 335195, 335219, 335249, 335282, 335295, 335699, 335736, 335915, 336507, 338148, 341975, 342342, 342457, 343398, 343515, 343579, 345535, 348957, 354978, 355237, 355431, 356515, 360337, 360351, 361358, 363092, 363318, 363685, 363698, 363709, 365335, 365588, 365606, 365945, 366013, 366113, 366149, 366343, 366642, 366646, 366677, 367054, 367629, 368276, 368474, 368540, 368672, 368861, 368895, 369274, 369302, 369379, 369763, 369770, 369846, 370434, 370474, 370616, 371000, 371031, 371058, 371079, 371202, 371381, 371594, 372224, 372365, 372419, 372634, 372776, 372794, 373348, 373508, 374073, 374079, 375422, 376443, 376625, 377072, 377385, 377403, 377445, 377793, 378117, 378125, 378304, 378308, 378309, 378313, 378335, 378374, 378610, 378620, 379346, 379571, 381077, 385190, 385326, 386961, 388412, 389936, 390019, 390221, 390428, 390440, 390449, 392582, 392832, 392946, 392964, 393019, 393098, 393106, 393111, 393118, 393145, 393293, 393678, 393829, 393879, 394046, 394210, 394296, 394300, 394322, 394589, 394641, 394905, 395023, 395632, 395636, 395863, 396036, 396150, 396680, 396999, 397068, 397324, 397769, 397786, 398180, 398342, 398892, 398908, 399122, 399157, 399207, 399551, 399741, 399792, 399921, 399951, 399957, 400016, 400055, 400367, 400843, 401043, 401161, 401443, 401621, 401867, 401953, 402161, 402163, 402208, 402221, 402240, 402320, 402486, 402547, 402982, 403335, 405167, 405497, 405528, 405745, 405779, 405811, 405818, 405968, 406677, 406698, 406773, 406779, 406825, 406963, 407057, 407117, 407158, 407171, 407322, 407328, 407748, 408184, 408297, 408573, 408681, 408714, 410354, 410506, 411298, 411464, 411664, 412301, 412409, 412437, 412462, 412471, 412971, 413011, 413040, 413389, 413438, 413508, 414112, 414316, 414601, 414669, 414804, 415749, 415893, 415904, 416027, 416124, 416312, 417342, 417452, 417783, 417866, 417896, 417911, 417979, 418079, 418285, 418761, 419003, 419073, 419080, 419094, 419156, 419478, 419509, 419553, 419648, 419695, 419715, 419740, 419930, 419983, 420049, 420061, 420104, 420126, 420139, 420187, 420367, 420400, 420468, 420535, 420557, 420583, 420607, 420611, 420623, 420789, 421091, 421125, 421187, 421441, 421534, 421556, 422113, 422291, 423593, 423642, 423781, 423878, 423996, 424040, 424104, 424132, 424205, 424258, 424431, 424517, 424734, 424805, 424851, 424877, 425398, 425452, 425457, 425473, 425742, 425745, 425820, 425838, 425858, 425973, 426012, 426423, 426507, 426682, 426956, 426963, 426997, 427008, 429614, 429950, 432760, 432799, 432810, 432899, 433289, 433383, 433869, 434182, 435123, 435190, 435656, 435776, 435787, 435804, 435830, 435855, 436193, 436887, 436948, 436985, 436992, 436998, 437033, 437327, 437368, 438022, 438965, 438975, 439199, 439534, 440335, 440391, 440673, 440698, 440701, 440783, 440813, 440821, 440933, 441218, 441448, 441506, 441569, 441634, 441836, 441841, 442208, 442489, 442530, 443030, 443166, 443205, 443556, 443646, 443858, 444366, 445054, 445149, 445997, 446355, 446624, 447399, 447665, 447699, 447734, 447808, 447812, 447945, 447975, 448107, 448243, 448255, 448268, 448278, 448315, 448322, 448592, 448923, 449274, 449326, 449384, 449541, 449753, 449788, 449834, 449880, 449929, 450059, 450111, 450115, 450133, 450658, 450668, 450673, 450704, 450722, 450771, 450803, 451260, 451550, 451607, 451644, 451673, 452197, 452218, 452404, 452480, 452511, 452572, 452681, 452754, 452889, 452905, 453281, 453315, 453503, 453511, 453611, 453722, 453859, 453906, 453948, 454007, 454111, 454121, 454176, 454203, 454669, 454675, 454703, 454732, 454763, 455010, 455063, 455136, 459141, 459153, 459234, 459384, 459399, 459579, 459755, 459928, 460060, 460905, 460934, 460947, 461019, 461081, 461430, 461488, 461885, 462068, 468296, 468848, 469083, 470241, 470441, 470530, 470765, 470784, 471065, 471118, 471152, 471612, 471833, 471900, 472211, 472538, 472548, 472569, 473718, 474024, 474382, 474757, 474895, 475069, 475254, 475272, 475701, 475782, 475856, 475964, 476111, 476168, 476532, 476584, 476621, 476947, 477336, 478000, 478012, 478137, 478265, 478317, 478809, 479667, 479832, 479858, 479871, 479976, 479985, 479994, 480074, 480145, 480246, 480466, 480539, 480751, 480759, 481552, 481639, 481909, 483847, 483870, 483877, 483892, 484009, 484143, 484722, 484769, 485825, 486098, 486548, 486737, 486934, 487037, 487254, 487288, 487660, 487678, 487779, 488492, 488741, 488983, 489037, 489941, 490041, 490174, 490418, 490984, 491430, 491643, 491659, 492213, 492610, 492890, 492903, 493065, 493091, 493296, 493677, 493771, 493790, 493939, 494245, 495707, 496515, 496866, 496892, 497483, 497487, 500862, 501298, 502190, 504922, 510436, 514628, 515426, 517321, 519756, 519870, 527224, 531360, 531784, 531950, 535026, 541150, 541409, 545739, 550582, 552872, 563853, 563869, 563899, 566867, 566930, 567024, 568085, 568094, 568112, 568154, 568268, 568573, 568725, 568821, 571542, 573183, 573210, 573214, 583484, 583606, 583626, 620170, 621632, 621993, 630678]
